05:36:14.361    (INFO)     Trx.Start: [18]**** ConnSH638681097741602089System.Random
05:36:14.361    (INFO)     Trx.Commit: [18]**C** ConnSH638681097741602089System.Random
05:36:14.361    (INFO)     MChangeLog.FillChangeLog: [18]#9
05:36:14.361    (INFO)     CacheReset.DoIt: [18]
05:36:14.361    (INFO)     Env.Reset: [18]finalCall=False
05:36:14.361    (INFO)     CacheMgt.Reset: [18]#20 (4617)
05:36:14.361    (INFO)     MChangeLog.FillChangeLog: [18]#9
05:36:15.361    (INFO)     CacheMgt.Reset: [18]AD_Process: #1 (1)
05:36:23.362    (INFO)     Msg.InitMsg: [7]Records=4305 - en_US
05:36:25.362    (INFO)     Trx.Start: [18]**** ConnSH638681097850961274System.Random
05:36:25.362    (INFO)     Trx.Commit: [18]**C** ConnSH638681097850961274System.Random
05:36:25.362    (INFO)     Trx.Start: [18]**** SvrProcess
----------->     (WARNING)  PostgreHelper.ExecuteNonQuery: [18]DBExecuteError - 42P01: sequence "ad_sequence_seq" does not exist
05:36:25.362    (INFO)     NativeSequence.AddLog: [18]0 - 1/1/0001 12:00:00 AM -  - Created Native Sequence for : AD_Sequence
----------->     (WARNING)  PostgreHelper.ExecuteNonQuery: [18]DBExecuteError - 42P01: sequence "ad_issue_seq" does not exist
05:36:25.362    (INFO)     NativeSequence.AddLog: [18]0 - 1/1/0001 12:00:00 AM -  - Created Native Sequence for : AD_Issue
----------->     (WARNING)  PostgreHelper.ExecuteNonQuery: [18]DBExecuteError - 42P01: sequence "ad_changelog_seq" does not exist
05:36:25.362    (INFO)     NativeSequence.AddLog: [18]0 - 1/1/0001 12:00:00 AM -  - Created Native Sequence for : AD_ChangeLog
----------->     (WARNING)  PostgreHelper.ExecuteNonQuery: [18]DBExecuteError - 42P01: sequence "a_asset_seq" does not exist
05:36:25.362    (INFO)     NativeSequence.AddLog: [18]0 - 1/1/0001 12:00:00 AM -  - Created Native Sequence for : A_Asset
----------->     (WARNING)  PostgreHelper.ExecuteNonQuery: [18]DBExecuteError - 42P01: sequence "a_asset_delivery_seq" does not exist
05:36:25.362    (INFO)     NativeSequence.AddLog: [18]0 - 1/1/0001 12:00:00 AM -  - Created Native Sequence for : A_Asset_Delivery
----------->     (WARNING)  PostgreHelper.ExecuteNonQuery: [18]DBExecuteError - 42P01: sequence "a_asset_group_seq" does not exist
05:36:26.362    (INFO)     NativeSequence.AddLog: [18]0 - 1/1/0001 12:00:00 AM -  - Created Native Sequence for : A_Asset_Group
----------->     (WARNING)  PostgreHelper.ExecuteNonQuery: [18]DBExecuteError - 42P01: sequence "a_asset_retirement_seq" does not exist
05:36:26.362    (INFO)     NativeSequence.AddLog: [18]0 - 1/1/0001 12:00:00 AM -  - Created Native Sequence for : A_Asset_Retirement
----------->     (WARNING)  PostgreHelper.ExecuteNonQuery: [18]DBExecuteError - 42P01: sequence "a_registration_seq" does not exist
05:36:26.362    (INFO)     NativeSequence.AddLog: [18]0 - 1/1/0001 12:00:00 AM -  - Created Native Sequence for : A_Registration
----------->     (WARNING)  PostgreHelper.ExecuteNonQuery: [18]DBExecuteError - 42P01: sequence "a_registrationattribute_seq" does not exist
05:36:26.362    (INFO)     NativeSequence.AddLog: [18]0 - 1/1/0001 12:00:00 AM -  - Created Native Sequence for : A_RegistrationAttribute
05:36:26.362    (INFO)     NativeSequence.AddLog: [18]0 - 1/1/0001 12:00:00 AM -  - Created Native Sequence for : A_RegistrationProduct
05:36:26.362    (INFO)     NativeSequence.AddLog: [18]0 - 1/1/0001 12:00:00 AM -  - Created Native Sequence for : A_RegistrationValue
----------->     (WARNING)  PostgreHelper.ExecuteNonQuery: [18]DBExecuteError - 42P01: sequence "ad_accesslog_seq" does not exist
05:36:26.362    (INFO)     NativeSequence.AddLog: [18]0 - 1/1/0001 12:00:00 AM -  - Created Native Sequence for : AD_AccessLog
----------->     (WARNING)  PostgreHelper.ExecuteNonQuery: [18]DBExecuteError - 42P01: sequence "ad_actionlog_seq" does not exist
05:36:26.362    (INFO)     NativeSequence.AddLog: [18]0 - 1/1/0001 12:00:00 AM -  - Created Native Sequence for : AD_ActionLog
----------->     (WARNING)  PostgreHelper.ExecuteNonQuery: [18]DBExecuteError - 42P01: sequence "ad_alert_seq" does not exist
05:36:26.362    (INFO)     NativeSequence.AddLog: [18]0 - 1/1/0001 12:00:00 AM -  - Created Native Sequence for : AD_Alert
----------->     (WARNING)  PostgreHelper.ExecuteNonQuery: [18]DBExecuteError - 42P01: sequence "ad_alertprocessor_seq" does not exist
05:36:26.362    (INFO)     NativeSequence.AddLog: [18]0 - 1/1/0001 12:00:00 AM -  - Created Native Sequence for : AD_AlertProcessor
----------->     (WARNING)  PostgreHelper.ExecuteNonQuery: [18]DBExecuteError - 42P01: sequence "ad_alertprocessorlog_seq" does not exist
05:36:26.362    (INFO)     NativeSequence.AddLog: [18]0 - 1/1/0001 12:00:00 AM -  - Created Native Sequence for : AD_AlertProcessorLog
----------->     (WARNING)  PostgreHelper.ExecuteNonQuery: [18]DBExecuteError - 42P01: sequence "ad_alertrecipient_seq" does not exist
05:36:26.362    (INFO)     NativeSequence.AddLog: [18]0 - 1/1/0001 12:00:00 AM -  - Created Native Sequence for : AD_AlertRecipient
----------->     (WARNING)  PostgreHelper.ExecuteNonQuery: [18]DBExecuteError - 42P01: sequence "ad_alertrule_seq" does not exist
05:36:26.362    (INFO)     NativeSequence.AddLog: [18]0 - 1/1/0001 12:00:00 AM -  - Created Native Sequence for : AD_AlertRule
----------->     (WARNING)  PostgreHelper.ExecuteNonQuery: [18]DBExecuteError - 42P01: sequence "ad_alertrulecondition_seq" does not exist
05:36:26.362    (INFO)     NativeSequence.AddLog: [18]0 - 1/1/0001 12:00:00 AM -  - Created Native Sequence for : AD_AlertRuleCondition
----------->     (WARNING)  PostgreHelper.ExecuteNonQuery: [18]DBExecuteError - 42P01: sequence "ad_archive_seq" does not exist
05:36:26.362    (INFO)     NativeSequence.AddLog: [18]0 - 1/1/0001 12:00:00 AM -  - Created Native Sequence for : AD_Archive
----------->     (WARNING)  PostgreHelper.ExecuteNonQuery: [18]DBExecuteError - 42P01: sequence "ad_assigncriteria_seq" does not exist
05:36:26.362    (INFO)     NativeSequence.AddLog: [18]0 - 1/1/0001 12:00:00 AM -  - Created Native Sequence for : AD_AssignCriteria
----------->     (WARNING)  PostgreHelper.ExecuteNonQuery: [18]DBExecuteError - 42P01: sequence "ad_assignlog_seq" does not exist
05:36:26.362    (INFO)     NativeSequence.AddLog: [18]0 - 1/1/0001 12:00:00 AM -  - Created Native Sequence for : AD_AssignLog
----------->     (WARNING)  PostgreHelper.ExecuteNonQuery: [18]DBExecuteError - 42P01: sequence "ad_assignset_seq" does not exist
05:36:26.362    (INFO)     NativeSequence.AddLog: [18]0 - 1/1/0001 12:00:00 AM -  - Created Native Sequence for : AD_AssignSet
----------->     (WARNING)  PostgreHelper.ExecuteNonQuery: [18]DBExecuteError - 42P01: sequence "ad_assigntarget_seq" does not exist
05:36:26.362    (INFO)     NativeSequence.AddLog: [18]0 - 1/1/0001 12:00:00 AM -  - Created Native Sequence for : AD_AssignTarget
----------->     (WARNING)  PostgreHelper.ExecuteNonQuery: [18]DBExecuteError - 42P01: sequence "ad_attachment_seq" does not exist
05:36:26.362    (INFO)     NativeSequence.AddLog: [18]0 - 1/1/0001 12:00:00 AM -  - Created Native Sequence for : AD_Attachment
----------->     (WARNING)  PostgreHelper.ExecuteNonQuery: [18]DBExecuteError - 42P01: sequence "ad_attachmentline_seq" does not exist
05:36:26.362    (INFO)     NativeSequence.AddLog: [18]0 - 1/1/0001 12:00:00 AM -  - Created Native Sequence for : AD_AttachmentLine
----------->     (WARNING)  PostgreHelper.ExecuteNonQuery: [18]DBExecuteError - 42P01: sequence "ad_attachmentlocalpath_seq" does not exist
05:36:26.362    (INFO)     NativeSequence.AddLog: [18]0 - 1/1/0001 12:00:00 AM -  - Created Native Sequence for : AD_AttachmentLocalPath
----------->     (WARNING)  PostgreHelper.ExecuteNonQuery: [18]DBExecuteError - 42P01: sequence "ad_attachmentnote_seq" does not exist
05:36:26.362    (INFO)     NativeSequence.AddLog: [18]0 - 1/1/0001 12:00:00 AM -  - Created Native Sequence for : AD_AttachmentNote
----------->     (WARNING)  PostgreHelper.ExecuteNonQuery: [18]DBExecuteError - 42P01: sequence "ad_attachmentreference_seq" does not exist
05:36:26.362    (INFO)     NativeSequence.AddLog: [18]0 - 1/1/0001 12:00:00 AM -  - Created Native Sequence for : AD_AttachmentReference
----------->     (WARNING)  PostgreHelper.ExecuteNonQuery: [18]DBExecuteError - 42P01: sequence "ad_attribute_seq" does not exist
05:36:26.362    (INFO)     NativeSequence.AddLog: [18]0 - 1/1/0001 12:00:00 AM -  - Created Native Sequence for : AD_Attribute
05:36:26.362    (INFO)     NativeSequence.AddLog: [18]0 - 1/1/0001 12:00:00 AM -  - Created Native Sequence for : AD_Attribute_Value
----------->     (WARNING)  PostgreHelper.ExecuteNonQuery: [18]DBExecuteError - 42P01: sequence "ad_cardview_seq" does not exist
05:36:26.362    (INFO)     NativeSequence.AddLog: [18]0 - 1/1/0001 12:00:00 AM -  - Created Native Sequence for : AD_CardView
----------->     (WARNING)  PostgreHelper.ExecuteNonQuery: [18]DBExecuteError - 42P01: sequence "ad_cardview_column_seq" does not exist
05:36:26.362    (INFO)     NativeSequence.AddLog: [18]0 - 1/1/0001 12:00:00 AM -  - Created Native Sequence for : AD_CardView_Column
----------->     (WARNING)  PostgreHelper.ExecuteNonQuery: [18]DBExecuteError - 42P01: sequence "ad_cardview_condition_seq" does not exist
05:36:26.362    (INFO)     NativeSequence.AddLog: [18]0 - 1/1/0001 12:00:00 AM -  - Created Native Sequence for : AD_CardView_Condition
----------->     (WARNING)  PostgreHelper.ExecuteNonQuery: [18]DBExecuteError - 42P01: sequence "ad_cardview_role_seq" does not exist
05:36:26.362    (INFO)     NativeSequence.AddLog: [18]0 - 1/1/0001 12:00:00 AM -  - Created Native Sequence for : AD_CardView_Role
----------->     (WARNING)  PostgreHelper.ExecuteNonQuery: [18]DBExecuteError - 42P01: sequence "ad_client_seq" does not exist
05:36:26.362    (INFO)     NativeSequence.AddLog: [18]0 - 1/1/0001 12:00:00 AM -  - Created Native Sequence for : AD_Client
05:36:26.362    (INFO)     NativeSequence.AddLog: [18]0 - 1/1/0001 12:00:00 AM -  - Created Native Sequence for : AD_ClientInfo
----------->     (WARNING)  PostgreHelper.ExecuteNonQuery: [18]DBExecuteError - 42P01: sequence "ad_clientshare_seq" does not exist
05:36:26.362    (INFO)     NativeSequence.AddLog: [18]0 - 1/1/0001 12:00:00 AM -  - Created Native Sequence for : AD_ClientShare
----------->     (WARNING)  PostgreHelper.ExecuteNonQuery: [18]DBExecuteError - 42P01: sequence "ad_color_seq" does not exist
05:36:26.362    (INFO)     NativeSequence.AddLog: [18]0 - 1/1/0001 12:00:00 AM -  - Created Native Sequence for : AD_Color
05:36:26.362    (INFO)     NativeSequence.AddLog: [18]0 - 1/1/0001 12:00:00 AM -  - Created Native Sequence for : AD_Column
05:36:26.362    (INFO)     NativeSequence.AddLog: [18]0 - 1/1/0001 12:00:00 AM -  - Created Native Sequence for : AD_Column_Access
===========>     (SEVERE)   PostgreHelper.ExecuteReader: [18]42703: column "ad_column_trl_id" does not exist

POSITION: 13 [Query DR] SELECT MAX( AD_Column_Trl_ID) FROM AD_Column_Trl
===========>     (SEVERE)   DB.GetSQLValue: [18]SELECT MAX( AD_Column_Trl_ID) FROM AD_Column_Trl => 42703: column "ad_column_trl_id" does not exist

POSITION: 13
----------->     (WARNING)  PostgreHelper.ExecuteNonQuery: [18]DBExecuteError - 42P01: sequence "ad_column_trl_seq" does not exist
05:36:26.362    (INFO)     NativeSequence.AddLog: [18]0 - 1/1/0001 12:00:00 AM -  - Created Native Sequence for : AD_Column_Trl
----------->     (WARNING)  PostgreHelper.ExecuteNonQuery: [18]DBExecuteError - 42P01: sequence "ad_createnativepk_seq" does not exist
05:36:26.362    (INFO)     NativeSequence.AddLog: [18]0 - 1/1/0001 12:00:00 AM -  - Created Native Sequence for : AD_CreateNativePK
----------->     (WARNING)  PostgreHelper.ExecuteNonQuery: [18]DBExecuteError - 42P01: sequence "ad_crystalinstance_seq" does not exist
05:36:26.362    (INFO)     NativeSequence.AddLog: [18]0 - 1/1/0001 12:00:00 AM -  - Created Native Sequence for : AD_CrystalInstance
----------->     (WARNING)  PostgreHelper.ExecuteNonQuery: [18]DBExecuteError - 42P01: sequence "ad_crystalinstance_para_seq" does not exist
05:36:26.362    (INFO)     NativeSequence.AddLog: [18]0 - 1/1/0001 12:00:00 AM -  - Created Native Sequence for : AD_CrystalInstance_Para
----------->     (WARNING)  PostgreHelper.ExecuteNonQuery: [18]DBExecuteError - 42P01: sequence "ad_crystalreport_bind_seq" does not exist
05:36:26.362    (INFO)     NativeSequence.AddLog: [18]0 - 1/1/0001 12:00:00 AM -  - Created Native Sequence for : AD_CrystalReport_Bind
----------->     (WARNING)  PostgreHelper.ExecuteNonQuery: [18]DBExecuteError - 42P01: sequence "ad_crystalreport_para_seq" does not exist
05:36:26.362    (INFO)     NativeSequence.AddLog: [18]0 - 1/1/0001 12:00:00 AM -  - Created Native Sequence for : AD_CrystalReport_Para
----------->     (WARNING)  PostgreHelper.ExecuteNonQuery: [18]DBExecuteError - 42P01: sequence "ad_ctxarea_seq" does not exist
05:36:26.362    (INFO)     NativeSequence.AddLog: [18]0 - 1/1/0001 12:00:00 AM -  - Created Native Sequence for : AD_CtxArea
----------->     (WARNING)  PostgreHelper.ExecuteNonQuery: [18]DBExecuteError - 42P01: sequence "ad_defaultcardview_seq" does not exist
05:36:26.362    (INFO)     NativeSequence.AddLog: [18]0 - 1/1/0001 12:00:00 AM -  - Created Native Sequence for : AD_DefaultCardView
----------->     (WARNING)  PostgreHelper.ExecuteNonQuery: [18]DBExecuteError - 42P01: sequence "ad_defaultuserquery_seq" does not exist
05:36:26.362    (INFO)     NativeSequence.AddLog: [18]0 - 1/1/0001 12:00:00 AM -  - Created Native Sequence for : AD_DefaultUserQuery
----------->     (WARNING)  PostgreHelper.ExecuteNonQuery: [18]DBExecuteError - 42P01: sequence "ad_desktop_seq" does not exist
05:36:26.362    (INFO)     NativeSequence.AddLog: [18]0 - 1/1/0001 12:00:00 AM -  - Created Native Sequence for : AD_Desktop
===========>     (SEVERE)   PostgreHelper.ExecuteReader: [18]42703: column "ad_desktop_trl_id" does not exist

POSITION: 13 [Query DR] SELECT MAX( AD_Desktop_Trl_ID) FROM AD_Desktop_Trl
===========>     (SEVERE)   DB.GetSQLValue: [18]SELECT MAX( AD_Desktop_Trl_ID) FROM AD_Desktop_Trl => 42703: column "ad_desktop_trl_id" does not exist

POSITION: 13
----------->     (WARNING)  PostgreHelper.ExecuteNonQuery: [18]DBExecuteError - 42P01: sequence "ad_desktop_trl_seq" does not exist
05:36:26.362    (INFO)     NativeSequence.AddLog: [18]0 - 1/1/0001 12:00:00 AM -  - Created Native Sequence for : AD_Desktop_Trl
----------->     (WARNING)  PostgreHelper.ExecuteNonQuery: [18]DBExecuteError - 42P01: sequence "ad_desktopworkbench_seq" does not exist
05:36:26.362    (INFO)     NativeSequence.AddLog: [18]0 - 1/1/0001 12:00:00 AM -  - Created Native Sequence for : AD_DesktopWorkbench
----------->     (WARNING)  PostgreHelper.ExecuteNonQuery: [18]DBExecuteError - 42P01: sequence "ad_directquerylog_seq" does not exist
05:36:26.362    (INFO)     NativeSequence.AddLog: [18]0 - 1/1/0001 12:00:00 AM -  - Created Native Sequence for : AD_DirectQueryLog
05:36:26.362    (INFO)     NativeSequence.AddLog: [18]0 - 1/1/0001 12:00:00 AM -  - Created Native Sequence for : AD_Document_Action_Access
05:36:26.362    (INFO)     NativeSequence.AddLog: [18]0 - 1/1/0001 12:00:00 AM -  - Created Native Sequence for : AD_Element
===========>     (SEVERE)   PostgreHelper.ExecuteReader: [18]42703: column "ad_element_trl_id" does not exist

POSITION: 13 [Query DR] SELECT MAX( AD_Element_Trl_ID) FROM AD_Element_Trl
===========>     (SEVERE)   DB.GetSQLValue: [18]SELECT MAX( AD_Element_Trl_ID) FROM AD_Element_Trl => 42703: column "ad_element_trl_id" does not exist

POSITION: 13
----------->     (WARNING)  PostgreHelper.ExecuteNonQuery: [18]DBExecuteError - 42P01: sequence "ad_element_trl_seq" does not exist
05:36:27.362    (INFO)     NativeSequence.AddLog: [18]0 - 1/1/0001 12:00:00 AM -  - Created Native Sequence for : AD_Element_Trl
----------->     (WARNING)  PostgreHelper.ExecuteNonQuery: [18]DBExecuteError - 42P01: sequence "ad_elementctx_seq" does not exist
05:36:27.362    (INFO)     NativeSequence.AddLog: [18]0 - 1/1/0001 12:00:00 AM -  - Created Native Sequence for : AD_ElementCtx
===========>     (SEVERE)   PostgreHelper.ExecuteReader: [18]42703: column "ad_elementctx_trl_id" does not exist

POSITION: 13 [Query DR] SELECT MAX( AD_ElementCtx_Trl_ID) FROM AD_ElementCtx_Trl
===========>     (SEVERE)   DB.GetSQLValue: [18]SELECT MAX( AD_ElementCtx_Trl_ID) FROM AD_ElementCtx_Trl => 42703: column "ad_elementctx_trl_id" does not exist

POSITION: 13
----------->     (WARNING)  PostgreHelper.ExecuteNonQuery: [18]DBExecuteError - 42P01: sequence "ad_elementctx_trl_seq" does not exist
05:36:27.362    (INFO)     NativeSequence.AddLog: [18]0 - 1/1/0001 12:00:00 AM -  - Created Native Sequence for : AD_ElementCtx_Trl
----------->     (WARNING)  PostgreHelper.ExecuteNonQuery: [18]DBExecuteError - 42P01: sequence "ad_entitytype_seq" does not exist
05:36:27.362    (INFO)     NativeSequence.AddLog: [18]0 - 1/1/0001 12:00:00 AM -  - Created Native Sequence for : AD_EntityType
05:36:27.362    (INFO)     NativeSequence.AddLog: [18]0 - 1/1/0001 12:00:00 AM -  - Created Native Sequence for : AD_Error
----------->     (WARNING)  PostgreHelper.ExecuteNonQuery: [18]DBExecuteError - 42P01: sequence "ad_excelimport_seq" does not exist
05:36:27.362    (INFO)     NativeSequence.AddLog: [18]0 - 1/1/0001 12:00:00 AM -  - Created Native Sequence for : AD_ExcelImport
----------->     (WARNING)  PostgreHelper.ExecuteNonQuery: [18]DBExecuteError - 42P01: sequence "ad_excelimportmapping_seq" does not exist
05:36:27.362    (INFO)     NativeSequence.AddLog: [18]0 - 1/1/0001 12:00:00 AM -  - Created Native Sequence for : AD_ExcelImportMapping
----------->     (WARNING)  PostgreHelper.ExecuteNonQuery: [18]DBExecuteError - 42P01: sequence "ad_exportclientinfo_seq" does not exist
05:36:27.362    (INFO)     NativeSequence.AddLog: [18]0 - 1/1/0001 12:00:00 AM -  - Created Native Sequence for : AD_ExportClientInfo
----------->     (WARNING)  PostgreHelper.ExecuteNonQuery: [18]DBExecuteError - 42P01: sequence "ad_exportdata_seq" does not exist
05:36:27.362    (INFO)     NativeSequence.AddLog: [18]0 - 1/1/0001 12:00:00 AM -  - Created Native Sequence for : AD_ExportData
----------->     (WARNING)  PostgreHelper.ExecuteNonQuery: [18]DBExecuteError - 42P01: sequence "ad_exportindustry_seq" does not exist
05:36:27.362    (INFO)     NativeSequence.AddLog: [18]0 - 1/1/0001 12:00:00 AM -  - Created Native Sequence for : AD_ExportIndustry
05:36:27.362    (INFO)     NativeSequence.AddLog: [18]0 - 1/1/0001 12:00:00 AM -  - Created Native Sequence for : AD_Field
===========>     (SEVERE)   PostgreHelper.ExecuteReader: [18]42703: column "ad_field_trl_id" does not exist

POSITION: 13 [Query DR] SELECT MAX( AD_Field_Trl_ID) FROM AD_Field_Trl
===========>     (SEVERE)   DB.GetSQLValue: [18]SELECT MAX( AD_Field_Trl_ID) FROM AD_Field_Trl => 42703: column "ad_field_trl_id" does not exist

POSITION: 13
----------->     (WARNING)  PostgreHelper.ExecuteNonQuery: [18]DBExecuteError - 42P01: sequence "ad_field_trl_seq" does not exist
05:36:27.362    (INFO)     NativeSequence.AddLog: [18]0 - 1/1/0001 12:00:00 AM -  - Created Native Sequence for : AD_Field_Trl
----------->     (WARNING)  PostgreHelper.ExecuteNonQuery: [18]DBExecuteError - 42P01: sequence "ad_fieldgroup_seq" does not exist
05:36:27.362    (INFO)     NativeSequence.AddLog: [18]0 - 1/1/0001 12:00:00 AM -  - Created Native Sequence for : AD_FieldGroup
===========>     (SEVERE)   PostgreHelper.ExecuteReader: [18]42703: column "ad_fieldgroup_trl_id" does not exist

POSITION: 13 [Query DR] SELECT MAX( AD_FieldGroup_Trl_ID) FROM AD_FieldGroup_Trl
===========>     (SEVERE)   DB.GetSQLValue: [18]SELECT MAX( AD_FieldGroup_Trl_ID) FROM AD_FieldGroup_Trl => 42703: column "ad_fieldgroup_trl_id" does not exist

POSITION: 13
----------->     (WARNING)  PostgreHelper.ExecuteNonQuery: [18]DBExecuteError - 42P01: sequence "ad_fieldgroup_trl_seq" does not exist
05:36:27.362    (INFO)     NativeSequence.AddLog: [18]0 - 1/1/0001 12:00:00 AM -  - Created Native Sequence for : AD_FieldGroup_Trl
----------->     (WARNING)  PostgreHelper.ExecuteNonQuery: [18]DBExecuteError - 42P01: sequence "ad_find_seq" does not exist
05:36:27.362    (INFO)     NativeSequence.AddLog: [18]0 - 1/1/0001 12:00:00 AM -  - Created Native Sequence for : AD_Find
----------->     (WARNING)  PostgreHelper.ExecuteNonQuery: [18]DBExecuteError - 42P01: sequence "ad_form_seq" does not exist
05:36:27.362    (INFO)     NativeSequence.AddLog: [18]0 - 1/1/0001 12:00:00 AM -  - Created Native Sequence for : AD_Form
05:36:27.362    (INFO)     NativeSequence.AddLog: [18]0 - 1/1/0001 12:00:00 AM -  - Created Native Sequence for : AD_Form_Access
===========>     (SEVERE)   PostgreHelper.ExecuteReader: [18]42703: column "ad_form_trl_id" does not exist

POSITION: 13 [Query DR] SELECT MAX( AD_Form_Trl_ID) FROM AD_Form_Trl
===========>     (SEVERE)   DB.GetSQLValue: [18]SELECT MAX( AD_Form_Trl_ID) FROM AD_Form_Trl => 42703: column "ad_form_trl_id" does not exist

POSITION: 13
----------->     (WARNING)  PostgreHelper.ExecuteNonQuery: [18]DBExecuteError - 42P01: sequence "ad_form_trl_seq" does not exist
05:36:27.362    (INFO)     NativeSequence.AddLog: [18]0 - 1/1/0001 12:00:00 AM -  - Created Native Sequence for : AD_Form_Trl
----------->     (WARNING)  PostgreHelper.ExecuteNonQuery: [18]DBExecuteError - 42P01: sequence "ad_formshortcut_seq" does not exist
05:36:27.362    (INFO)     NativeSequence.AddLog: [18]0 - 1/1/0001 12:00:00 AM -  - Created Native Sequence for : AD_FormShortcut
----------->     (WARNING)  PostgreHelper.ExecuteNonQuery: [18]DBExecuteError - 42P01: sequence "ad_gridlayout_seq" does not exist
05:36:27.362    (INFO)     NativeSequence.AddLog: [18]0 - 1/1/0001 12:00:00 AM -  - Created Native Sequence for : AD_GridLayout
----------->     (WARNING)  PostgreHelper.ExecuteNonQuery: [18]DBExecuteError - 42P01: sequence "ad_gridlayoutitems_seq" does not exist
05:36:27.362    (INFO)     NativeSequence.AddLog: [18]0 - 1/1/0001 12:00:00 AM -  - Created Native Sequence for : AD_GridLayoutItems
----------->     (WARNING)  PostgreHelper.ExecuteNonQuery: [18]DBExecuteError - 42P01: sequence "ad_group_form_seq" does not exist
05:36:27.362    (INFO)     NativeSequence.AddLog: [18]0 - 1/1/0001 12:00:00 AM -  - Created Native Sequence for : AD_Group_Form
----------->     (WARNING)  PostgreHelper.ExecuteNonQuery: [18]DBExecuteError - 42P01: sequence "ad_group_process_seq" does not exist
05:36:27.362    (INFO)     NativeSequence.AddLog: [18]0 - 1/1/0001 12:00:00 AM -  - Created Native Sequence for : AD_Group_Process
----------->     (WARNING)  PostgreHelper.ExecuteNonQuery: [18]DBExecuteError - 42P01: sequence "ad_group_window_seq" does not exist
05:36:27.362    (INFO)     NativeSequence.AddLog: [18]0 - 1/1/0001 12:00:00 AM -  - Created Native Sequence for : AD_Group_Window
----------->     (WARNING)  PostgreHelper.ExecuteNonQuery: [18]DBExecuteError - 42P01: sequence "ad_group_workflow_seq" does not exist
05:36:27.362    (INFO)     NativeSequence.AddLog: [18]0 - 1/1/0001 12:00:00 AM -  - Created Native Sequence for : AD_Group_Workflow
----------->     (WARNING)  PostgreHelper.ExecuteNonQuery: [18]DBExecuteError - 42P01: sequence "ad_groupinfo_seq" does not exist
05:36:27.362    (INFO)     NativeSequence.AddLog: [18]0 - 1/1/0001 12:00:00 AM -  - Created Native Sequence for : AD_GroupInfo
----------->     (WARNING)  PostgreHelper.ExecuteNonQuery: [18]DBExecuteError - 42P01: sequence "ad_headerlayout_seq" does not exist
05:36:27.362    (INFO)     NativeSequence.AddLog: [18]0 - 1/1/0001 12:00:00 AM -  - Created Native Sequence for : AD_HeaderLayout
----------->     (WARNING)  PostgreHelper.ExecuteNonQuery: [18]DBExecuteError - 42P01: sequence "ad_image_seq" does not exist
05:36:27.362    (INFO)     NativeSequence.AddLog: [18]0 - 1/1/0001 12:00:00 AM -  - Created Native Sequence for : AD_Image
----------->     (WARNING)  PostgreHelper.ExecuteNonQuery: [18]DBExecuteError - 42P01: sequence "ad_impformat_seq" does not exist
05:36:27.362    (INFO)     NativeSequence.AddLog: [18]0 - 1/1/0001 12:00:00 AM -  - Created Native Sequence for : AD_ImpFormat
----------->     (WARNING)  PostgreHelper.ExecuteNonQuery: [18]DBExecuteError - 42P01: sequence "ad_impformat_row_seq" does not exist
05:36:27.362    (INFO)     NativeSequence.AddLog: [18]0 - 1/1/0001 12:00:00 AM -  - Created Native Sequence for : AD_ImpFormat_Row
----------->     (WARNING)  PostgreHelper.ExecuteNonQuery: [18]DBExecuteError - 42P01: sequence "ad_importeddata_seq" does not exist
05:36:27.362    (INFO)     NativeSequence.AddLog: [18]0 - 1/1/0001 12:00:00 AM -  - Created Native Sequence for : AD_ImportedData
----------->     (WARNING)  PostgreHelper.ExecuteNonQuery: [18]DBExecuteError - 42P01: sequence "ad_importidentifier_seq" does not exist
05:36:27.362    (INFO)     NativeSequence.AddLog: [18]0 - 1/1/0001 12:00:00 AM -  - Created Native Sequence for : AD_ImportIdentifier
----------->     (WARNING)  PostgreHelper.ExecuteNonQuery: [18]DBExecuteError - 42P01: sequence "ad_importmap_seq" does not exist
05:36:27.362    (INFO)     NativeSequence.AddLog: [18]0 - 1/1/0001 12:00:00 AM -  - Created Native Sequence for : AD_ImportMap
----------->     (WARNING)  PostgreHelper.ExecuteNonQuery: [18]DBExecuteError - 42P01: sequence "ad_indexcolumn_seq" does not exist
05:36:27.362    (INFO)     NativeSequence.AddLog: [18]0 - 1/1/0001 12:00:00 AM -  - Created Native Sequence for : AD_IndexColumn
----------->     (WARNING)  PostgreHelper.ExecuteNonQuery: [18]DBExecuteError - 42P01: sequence "ad_infocolumn_seq" does not exist
05:36:27.362    (INFO)     NativeSequence.AddLog: [18]0 - 1/1/0001 12:00:00 AM -  - Created Native Sequence for : AD_InfoColumn
===========>     (SEVERE)   PostgreHelper.ExecuteReader: [18]42703: column "ad_infocolumn_trl_id" does not exist

POSITION: 13 [Query DR] SELECT MAX( AD_InfoColumn_Trl_ID) FROM AD_InfoColumn_Trl
===========>     (SEVERE)   DB.GetSQLValue: [18]SELECT MAX( AD_InfoColumn_Trl_ID) FROM AD_InfoColumn_Trl => 42703: column "ad_infocolumn_trl_id" does not exist

POSITION: 13
----------->     (WARNING)  PostgreHelper.ExecuteNonQuery: [18]DBExecuteError - 42P01: sequence "ad_infocolumn_trl_seq" does not exist
05:36:27.362    (INFO)     NativeSequence.AddLog: [18]0 - 1/1/0001 12:00:00 AM -  - Created Native Sequence for : AD_InfoColumn_Trl
----------->     (WARNING)  PostgreHelper.ExecuteNonQuery: [18]DBExecuteError - 42P01: sequence "ad_infowindow_seq" does not exist
05:36:27.362    (INFO)     NativeSequence.AddLog: [18]0 - 1/1/0001 12:00:00 AM -  - Created Native Sequence for : AD_InfoWindow
===========>     (SEVERE)   PostgreHelper.ExecuteReader: [18]42703: column "ad_infowindow_trl_id" does not exist

POSITION: 13 [Query DR] SELECT MAX( AD_InfoWindow_Trl_ID) FROM AD_InfoWindow_Trl
===========>     (SEVERE)   DB.GetSQLValue: [18]SELECT MAX( AD_InfoWindow_Trl_ID) FROM AD_InfoWindow_Trl => 42703: column "ad_infowindow_trl_id" does not exist

POSITION: 13
----------->     (WARNING)  PostgreHelper.ExecuteNonQuery: [18]DBExecuteError - 42P01: sequence "ad_infowindow_trl_seq" does not exist
05:36:27.362    (INFO)     NativeSequence.AddLog: [18]0 - 1/1/0001 12:00:00 AM -  - Created Native Sequence for : AD_InfoWindow_Trl
----------->     (WARNING)  PostgreHelper.ExecuteNonQuery: [18]DBExecuteError - 42P01: sequence "ad_inviteuser_seq" does not exist
05:36:27.362    (INFO)     NativeSequence.AddLog: [18]0 - 1/1/0001 12:00:00 AM -  - Created Native Sequence for : AD_InviteUser
----------->     (WARNING)  PostgreHelper.ExecuteNonQuery: [18]DBExecuteError - 42P01: sequence "ad_inviteuser_role_seq" does not exist
05:36:27.362    (INFO)     NativeSequence.AddLog: [18]0 - 1/1/0001 12:00:00 AM -  - Created Native Sequence for : AD_InviteUser_Role
----------->     (WARNING)  PostgreHelper.ExecuteNonQuery: [18]DBExecuteError - 42P01: sequence "ad_labelprinter_seq" does not exist
05:36:27.362    (INFO)     NativeSequence.AddLog: [18]0 - 1/1/0001 12:00:00 AM -  - Created Native Sequence for : AD_LabelPrinter
----------->     (WARNING)  PostgreHelper.ExecuteNonQuery: [18]DBExecuteError - 42P01: sequence "ad_labelprinterfunction_seq" does not exist
05:36:27.362    (INFO)     NativeSequence.AddLog: [18]0 - 1/1/0001 12:00:00 AM -  - Created Native Sequence for : AD_LabelPrinterFunction
----------->     (WARNING)  PostgreHelper.ExecuteNonQuery: [18]DBExecuteError - 42P01: sequence "ad_language_seq" does not exist
05:36:27.362    (INFO)     NativeSequence.AddLog: [18]0 - 1/1/0001 12:00:00 AM -  - Created Native Sequence for : AD_Language
----------->     (WARNING)  PostgreHelper.ExecuteNonQuery: [18]DBExecuteError - 42P01: sequence "ad_ldapaccess_seq" does not exist
05:36:27.362    (INFO)     NativeSequence.AddLog: [18]0 - 1/1/0001 12:00:00 AM -  - Created Native Sequence for : AD_LdapAccess
----------->     (WARNING)  PostgreHelper.ExecuteNonQuery: [18]DBExecuteError - 42P01: sequence "ad_ldapprocessor_seq" does not exist
05:36:27.362    (INFO)     NativeSequence.AddLog: [18]0 - 1/1/0001 12:00:00 AM -  - Created Native Sequence for : AD_LdapProcessor
----------->     (WARNING)  PostgreHelper.ExecuteNonQuery: [18]DBExecuteError - 42P01: sequence "ad_ldapprocessorlog_seq" does not exist
05:36:27.362    (INFO)     NativeSequence.AddLog: [18]0 - 1/1/0001 12:00:00 AM -  - Created Native Sequence for : AD_LdapProcessorLog
----------->     (WARNING)  PostgreHelper.ExecuteNonQuery: [18]DBExecuteError - 42P01: sequence "ad_login_seq" does not exist
05:36:27.362    (INFO)     NativeSequence.AddLog: [18]0 - 1/1/0001 12:00:00 AM -  - Created Native Sequence for : AD_Login
===========>     (SEVERE)   PostgreHelper.ExecuteReader: [18]42703: column "ad_login_trl_id" does not exist

POSITION: 13 [Query DR] SELECT MAX( AD_Login_Trl_ID) FROM AD_Login_Trl
===========>     (SEVERE)   DB.GetSQLValue: [18]SELECT MAX( AD_Login_Trl_ID) FROM AD_Login_Trl => 42703: column "ad_login_trl_id" does not exist

POSITION: 13
----------->     (WARNING)  PostgreHelper.ExecuteNonQuery: [18]DBExecuteError - 42P01: sequence "ad_login_trl_seq" does not exist
05:36:27.362    (INFO)     NativeSequence.AddLog: [18]0 - 1/1/0001 12:00:00 AM -  - Created Native Sequence for : AD_Login_Trl
----------->     (WARNING)  PostgreHelper.ExecuteNonQuery: [18]DBExecuteError - 42P01: sequence "ad_loginsetting_seq" does not exist
05:36:27.362    (INFO)     NativeSequence.AddLog: [18]0 - 1/1/0001 12:00:00 AM -  - Created Native Sequence for : AD_LoginSetting
----------->     (WARNING)  PostgreHelper.ExecuteNonQuery: [18]DBExecuteError - 42P01: sequence "ad_mailqueue_seq" does not exist
05:36:27.362    (INFO)     NativeSequence.AddLog: [18]0 - 1/1/0001 12:00:00 AM -  - Created Native Sequence for : AD_MailQueue
----------->     (WARNING)  PostgreHelper.ExecuteNonQuery: [18]DBExecuteError - 42P01: sequence "ad_mailtemplatesetting_seq" does not exist
05:36:28.362    (INFO)     NativeSequence.AddLog: [18]0 - 1/1/0001 12:00:00 AM -  - Created Native Sequence for : AD_MailTemplateSetting
----------->     (WARNING)  PostgreHelper.ExecuteNonQuery: [18]DBExecuteError - 42P01: sequence "ad_menu_seq" does not exist
05:36:28.362    (INFO)     NativeSequence.AddLog: [18]0 - 1/1/0001 12:00:00 AM -  - Created Native Sequence for : AD_Menu
===========>     (SEVERE)   PostgreHelper.ExecuteReader: [18]42703: column "ad_menu_trl_id" does not exist

POSITION: 13 [Query DR] SELECT MAX( AD_Menu_Trl_ID) FROM AD_Menu_Trl
===========>     (SEVERE)   DB.GetSQLValue: [18]SELECT MAX( AD_Menu_Trl_ID) FROM AD_Menu_Trl => 42703: column "ad_menu_trl_id" does not exist

POSITION: 13
----------->     (WARNING)  PostgreHelper.ExecuteNonQuery: [18]DBExecuteError - 42P01: sequence "ad_menu_trl_seq" does not exist
05:36:28.362    (INFO)     NativeSequence.AddLog: [18]0 - 1/1/0001 12:00:00 AM -  - Created Native Sequence for : AD_Menu_Trl
----------->     (WARNING)  PostgreHelper.ExecuteNonQuery: [18]DBExecuteError - 42P01: sequence "ad_message_seq" does not exist
05:36:28.362    (INFO)     NativeSequence.AddLog: [18]0 - 1/1/0001 12:00:00 AM -  - Created Native Sequence for : AD_Message
===========>     (SEVERE)   PostgreHelper.ExecuteReader: [18]42703: column "ad_message_trl_id" does not exist

POSITION: 13 [Query DR] SELECT MAX( AD_Message_Trl_ID) FROM AD_Message_Trl
===========>     (SEVERE)   DB.GetSQLValue: [18]SELECT MAX( AD_Message_Trl_ID) FROM AD_Message_Trl => 42703: column "ad_message_trl_id" does not exist

POSITION: 13
----------->     (WARNING)  PostgreHelper.ExecuteNonQuery: [18]DBExecuteError - 42P01: sequence "ad_message_trl_seq" does not exist
05:36:28.362    (INFO)     NativeSequence.AddLog: [18]0 - 1/1/0001 12:00:00 AM -  - Created Native Sequence for : AD_Message_Trl
----------->     (WARNING)  PostgreHelper.ExecuteNonQuery: [18]DBExecuteError - 42P01: sequence "ad_migrationstep_seq" does not exist
05:36:28.362    (INFO)     NativeSequence.AddLog: [18]0 - 1/1/0001 12:00:00 AM -  - Created Native Sequence for : AD_MigrationStep
----------->     (WARNING)  PostgreHelper.ExecuteNonQuery: [18]DBExecuteError - 42P01: sequence "ad_modification_seq" does not exist
05:36:28.362    (INFO)     NativeSequence.AddLog: [18]0 - 1/1/0001 12:00:00 AM -  - Created Native Sequence for : AD_Modification
----------->     (WARNING)  PostgreHelper.ExecuteNonQuery: [18]DBExecuteError - 42P01: sequence "ad_module_seq" does not exist
05:36:28.362    (INFO)     NativeSequence.AddLog: [18]0 - 1/1/0001 12:00:00 AM -  - Created Native Sequence for : AD_Module
----------->     (WARNING)  PostgreHelper.ExecuteNonQuery: [18]DBExecuteError - 42P01: sequence "ad_module_db_schema_seq" does not exist
05:36:28.362    (INFO)     NativeSequence.AddLog: [18]0 - 1/1/0001 12:00:00 AM -  - Created Native Sequence for : AD_Module_DB_Schema
----------->     (WARNING)  PostgreHelper.ExecuteNonQuery: [18]DBExecuteError - 42P01: sequence "ad_module_dbscript_seq" does not exist
05:36:28.362    (INFO)     NativeSequence.AddLog: [18]0 - 1/1/0001 12:00:00 AM -  - Created Native Sequence for : AD_Module_DBScript
----------->     (WARNING)  PostgreHelper.ExecuteNonQuery: [18]DBExecuteError - 42P01: sequence "ad_modulecategory_seq" does not exist
05:36:28.362    (INFO)     NativeSequence.AddLog: [18]0 - 1/1/0001 12:00:00 AM -  - Created Native Sequence for : AD_ModuleCategory
----------->     (WARNING)  PostgreHelper.ExecuteNonQuery: [18]DBExecuteError - 42P01: sequence "ad_moduledependencyinfo_seq" does not exist
05:36:28.362    (INFO)     NativeSequence.AddLog: [18]0 - 1/1/0001 12:00:00 AM -  - Created Native Sequence for : AD_ModuleDependencyInfo
----------->     (WARNING)  PostgreHelper.ExecuteNonQuery: [18]DBExecuteError - 42P01: sequence "ad_modulefavourite_seq" does not exist
05:36:28.362    (INFO)     NativeSequence.AddLog: [18]0 - 1/1/0001 12:00:00 AM -  - Created Native Sequence for : AD_ModuleFavourite
----------->     (WARNING)  PostgreHelper.ExecuteNonQuery: [18]DBExecuteError - 42P01: sequence "ad_modulefield_seq" does not exist
05:36:28.362    (INFO)     NativeSequence.AddLog: [18]0 - 1/1/0001 12:00:00 AM -  - Created Native Sequence for : AD_ModuleField
----------->     (WARNING)  PostgreHelper.ExecuteNonQuery: [18]DBExecuteError - 42P01: sequence "ad_moduleform_seq" does not exist
05:36:28.362    (INFO)     NativeSequence.AddLog: [18]0 - 1/1/0001 12:00:00 AM -  - Created Native Sequence for : AD_ModuleForm
----------->     (WARNING)  PostgreHelper.ExecuteNonQuery: [18]DBExecuteError - 42P01: sequence "ad_moduleinfo_seq" does not exist
05:36:28.362    (INFO)     NativeSequence.AddLog: [18]0 - 1/1/0001 12:00:00 AM -  - Created Native Sequence for : AD_ModuleInfo
----------->     (WARNING)  PostgreHelper.ExecuteNonQuery: [18]DBExecuteError - 42P01: sequence "ad_modulemenufolder_seq" does not exist
05:36:28.362    (INFO)     NativeSequence.AddLog: [18]0 - 1/1/0001 12:00:00 AM -  - Created Native Sequence for : AD_ModuleMenuFolder
----------->     (WARNING)  PostgreHelper.ExecuteNonQuery: [18]DBExecuteError - 42P01: sequence "ad_moduleprocess_seq" does not exist
05:36:28.362    (INFO)     NativeSequence.AddLog: [18]0 - 1/1/0001 12:00:00 AM -  - Created Native Sequence for : AD_ModuleProcess
----------->     (WARNING)  PostgreHelper.ExecuteNonQuery: [18]DBExecuteError - 42P01: sequence "ad_modulerelatedinfo_seq" does not exist
05:36:28.362    (INFO)     NativeSequence.AddLog: [18]0 - 1/1/0001 12:00:00 AM -  - Created Native Sequence for : AD_ModuleRelatedInfo
----------->     (WARNING)  PostgreHelper.ExecuteNonQuery: [18]DBExecuteError - 42P01: sequence "ad_modulerole_seq" does not exist
05:36:28.362    (INFO)     NativeSequence.AddLog: [18]0 - 1/1/0001 12:00:00 AM -  - Created Native Sequence for : AD_ModuleRole
----------->     (WARNING)  PostgreHelper.ExecuteNonQuery: [18]DBExecuteError - 42P01: sequence "ad_moduletab_seq" does not exist
05:36:28.362    (INFO)     NativeSequence.AddLog: [18]0 - 1/1/0001 12:00:00 AM -  - Created Native Sequence for : AD_ModuleTab
----------->     (WARNING)  PostgreHelper.ExecuteNonQuery: [18]DBExecuteError - 42P01: sequence "ad_moduletable_seq" does not exist
05:36:28.362    (INFO)     NativeSequence.AddLog: [18]0 - 1/1/0001 12:00:00 AM -  - Created Native Sequence for : AD_ModuleTable
----------->     (WARNING)  PostgreHelper.ExecuteNonQuery: [18]DBExecuteError - 42P01: sequence "ad_modulewindow_seq" does not exist
05:36:28.362    (INFO)     NativeSequence.AddLog: [18]0 - 1/1/0001 12:00:00 AM -  - Created Native Sequence for : AD_ModuleWindow
----------->     (WARNING)  PostgreHelper.ExecuteNonQuery: [18]DBExecuteError - 42P01: sequence "ad_note_seq" does not exist
05:36:28.362    (INFO)     NativeSequence.AddLog: [18]0 - 1/1/0001 12:00:00 AM -  - Created Native Sequence for : AD_Note
----------->     (WARNING)  PostgreHelper.ExecuteNonQuery: [18]DBExecuteError - 42P01: sequence "ad_org_seq" does not exist
05:36:28.362    (INFO)     NativeSequence.AddLog: [18]0 - 1/1/0001 12:00:00 AM -  - Created Native Sequence for : AD_Org
===========>     (SEVERE)   PostgreHelper.ExecuteReader: [18]42703: column "ad_org_trl_id" does not exist

POSITION: 13 [Query DR] SELECT MAX( AD_Org_Trl_ID) FROM AD_Org_Trl
===========>     (SEVERE)   DB.GetSQLValue: [18]SELECT MAX( AD_Org_Trl_ID) FROM AD_Org_Trl => 42703: column "ad_org_trl_id" does not exist

POSITION: 13
----------->     (WARNING)  PostgreHelper.ExecuteNonQuery: [18]DBExecuteError - 42P01: sequence "ad_org_trl_seq" does not exist
05:36:28.362    (INFO)     NativeSequence.AddLog: [18]0 - 1/1/0001 12:00:00 AM -  - Created Native Sequence for : AD_Org_Trl
05:36:28.362    (INFO)     NativeSequence.AddLog: [18]0 - 1/1/0001 12:00:00 AM -  - Created Native Sequence for : AD_OrgInfo
----------->     (WARNING)  PostgreHelper.ExecuteNonQuery: [18]DBExecuteError - 42P01: sequence "ad_orgtype_seq" does not exist
05:36:28.362    (INFO)     NativeSequence.AddLog: [18]0 - 1/1/0001 12:00:00 AM -  - Created Native Sequence for : AD_OrgType
05:36:28.362    (INFO)     NativeSequence.AddLog: [18]0 - 1/1/0001 12:00:00 AM -  - Created Native Sequence for : AD_PInstance
===========>     (SEVERE)   PostgreHelper.ExecuteReader: [18]42703: column "ad_pinstance_log_id" does not exist

POSITION: 13 [Query DR] SELECT MAX( AD_PInstance_Log_ID) FROM AD_PInstance_Log
===========>     (SEVERE)   DB.GetSQLValue: [18]SELECT MAX( AD_PInstance_Log_ID) FROM AD_PInstance_Log => 42703: column "ad_pinstance_log_id" does not exist

POSITION: 13
----------->     (WARNING)  PostgreHelper.ExecuteNonQuery: [18]DBExecuteError - 42P01: sequence "ad_pinstance_log_seq" does not exist
05:36:28.362    (INFO)     NativeSequence.AddLog: [18]0 - 1/1/0001 12:00:00 AM -  - Created Native Sequence for : AD_PInstance_Log
05:36:28.362    (INFO)     NativeSequence.AddLog: [18]0 - 1/1/0001 12:00:00 AM -  - Created Native Sequence for : AD_PInstance_Para
----------->     (WARNING)  PostgreHelper.ExecuteNonQuery: [18]DBExecuteError - 42P01: sequence "ad_pinstance_result_seq" does not exist
05:36:28.362    (INFO)     NativeSequence.AddLog: [18]0 - 1/1/0001 12:00:00 AM -  - Created Native Sequence for : AD_PInstance_Result
----------->     (WARNING)  PostgreHelper.ExecuteNonQuery: [18]DBExecuteError - 42P01: sequence "ad_preference_seq" does not exist
05:36:28.362    (INFO)     NativeSequence.AddLog: [18]0 - 1/1/0001 12:00:00 AM -  - Created Native Sequence for : AD_Preference
----------->     (WARNING)  PostgreHelper.ExecuteNonQuery: [18]DBExecuteError - 42P01: sequence "ad_printcolor_seq" does not exist
05:36:28.362    (INFO)     NativeSequence.AddLog: [18]0 - 1/1/0001 12:00:00 AM -  - Created Native Sequence for : AD_PrintColor
----------->     (WARNING)  PostgreHelper.ExecuteNonQuery: [18]DBExecuteError - 42P01: sequence "ad_printfont_seq" does not exist
05:36:28.362    (INFO)     NativeSequence.AddLog: [18]0 - 1/1/0001 12:00:00 AM -  - Created Native Sequence for : AD_PrintFont
----------->     (WARNING)  PostgreHelper.ExecuteNonQuery: [18]DBExecuteError - 42P01: sequence "ad_printform_seq" does not exist
05:36:28.362    (INFO)     NativeSequence.AddLog: [18]0 - 1/1/0001 12:00:00 AM -  - Created Native Sequence for : AD_PrintForm
----------->     (WARNING)  PostgreHelper.ExecuteNonQuery: [18]DBExecuteError - 42P01: sequence "ad_printformat_seq" does not exist
05:36:28.362    (INFO)     NativeSequence.AddLog: [18]0 - 1/1/0001 12:00:00 AM -  - Created Native Sequence for : AD_PrintFormat
----------->     (WARNING)  PostgreHelper.ExecuteNonQuery: [18]DBExecuteError - 42P01: sequence "ad_printformatitem_seq" does not exist
05:36:28.362    (INFO)     NativeSequence.AddLog: [18]0 - 1/1/0001 12:00:00 AM -  - Created Native Sequence for : AD_PrintFormatItem
===========>     (SEVERE)   PostgreHelper.ExecuteReader: [18]42703: column "ad_printformatitem_trl_id" does not exist

POSITION: 13 [Query DR] SELECT MAX( AD_PrintFormatItem_Trl_ID) FROM AD_PrintFormatItem_Trl
===========>     (SEVERE)   DB.GetSQLValue: [18]SELECT MAX( AD_PrintFormatItem_Trl_ID) FROM AD_PrintFormatItem_Trl => 42703: column "ad_printformatitem_trl_id" does not exist

POSITION: 13
----------->     (WARNING)  PostgreHelper.ExecuteNonQuery: [18]DBExecuteError - 42P01: sequence "ad_printformatitem_trl_seq" does not exist
05:36:28.362    (INFO)     NativeSequence.AddLog: [18]0 - 1/1/0001 12:00:00 AM -  - Created Native Sequence for : AD_PrintFormatItem_Trl
----------->     (WARNING)  PostgreHelper.ExecuteNonQuery: [18]DBExecuteError - 42P01: sequence "ad_printgraph_seq" does not exist
05:36:28.362    (INFO)     NativeSequence.AddLog: [18]0 - 1/1/0001 12:00:00 AM -  - Created Native Sequence for : AD_PrintGraph
----------->     (WARNING)  PostgreHelper.ExecuteNonQuery: [18]DBExecuteError - 42P01: sequence "ad_printlabel_seq" does not exist
05:36:28.362    (INFO)     NativeSequence.AddLog: [18]0 - 1/1/0001 12:00:00 AM -  - Created Native Sequence for : AD_PrintLabel
----------->     (WARNING)  PostgreHelper.ExecuteNonQuery: [18]DBExecuteError - 42P01: sequence "ad_printlabelline_seq" does not exist
05:36:28.362    (INFO)     NativeSequence.AddLog: [18]0 - 1/1/0001 12:00:00 AM -  - Created Native Sequence for : AD_PrintLabelLine
===========>     (SEVERE)   PostgreHelper.ExecuteReader: [18]42703: column "ad_printlabelline_trl_id" does not exist

POSITION: 13 [Query DR] SELECT MAX( AD_PrintLabelLine_Trl_ID) FROM AD_PrintLabelLine_Trl
===========>     (SEVERE)   DB.GetSQLValue: [18]SELECT MAX( AD_PrintLabelLine_Trl_ID) FROM AD_PrintLabelLine_Trl => 42703: column "ad_printlabelline_trl_id" does not exist

POSITION: 13
----------->     (WARNING)  PostgreHelper.ExecuteNonQuery: [18]DBExecuteError - 42P01: sequence "ad_printlabelline_trl_seq" does not exist
05:36:28.362    (INFO)     NativeSequence.AddLog: [18]0 - 1/1/0001 12:00:00 AM -  - Created Native Sequence for : AD_PrintLabelLine_Trl
----------->     (WARNING)  PostgreHelper.ExecuteNonQuery: [18]DBExecuteError - 42P01: sequence "ad_printpaper_seq" does not exist
05:36:28.362    (INFO)     NativeSequence.AddLog: [18]0 - 1/1/0001 12:00:00 AM -  - Created Native Sequence for : AD_PrintPaper
----------->     (WARNING)  PostgreHelper.ExecuteNonQuery: [18]DBExecuteError - 42P01: sequence "ad_printtableformat_seq" does not exist
05:36:28.362    (INFO)     NativeSequence.AddLog: [18]0 - 1/1/0001 12:00:00 AM -  - Created Native Sequence for : AD_PrintTableFormat
05:36:28.362    (INFO)     NativeSequence.AddLog: [18]0 - 1/1/0001 12:00:00 AM -  - Created Native Sequence for : AD_Private_Access
----------->     (WARNING)  PostgreHelper.ExecuteNonQuery: [18]DBExecuteError - 42P01: sequence "ad_process_seq" does not exist
05:36:28.362    (INFO)     NativeSequence.AddLog: [18]0 - 1/1/0001 12:00:00 AM -  - Created Native Sequence for : AD_Process
05:36:28.362    (INFO)     NativeSequence.AddLog: [18]0 - 1/1/0001 12:00:00 AM -  - Created Native Sequence for : AD_Process_Access
----------->     (WARNING)  PostgreHelper.ExecuteNonQuery: [18]DBExecuteError - 42P01: sequence "ad_process_para_seq" does not exist
05:36:28.362    (INFO)     NativeSequence.AddLog: [18]0 - 1/1/0001 12:00:00 AM -  - Created Native Sequence for : AD_Process_Para
===========>     (SEVERE)   PostgreHelper.ExecuteReader: [18]42703: column "ad_process_para_trl_id" does not exist

POSITION: 13 [Query DR] SELECT MAX( AD_Process_Para_Trl_ID) FROM AD_Process_Para_Trl
===========>     (SEVERE)   DB.GetSQLValue: [18]SELECT MAX( AD_Process_Para_Trl_ID) FROM AD_Process_Para_Trl => 42703: column "ad_process_para_trl_id" does not exist

POSITION: 13
----------->     (WARNING)  PostgreHelper.ExecuteNonQuery: [18]DBExecuteError - 42P01: sequence "ad_process_para_trl_seq" does not exist
05:36:28.362    (INFO)     NativeSequence.AddLog: [18]0 - 1/1/0001 12:00:00 AM -  - Created Native Sequence for : AD_Process_Para_Trl
===========>     (SEVERE)   PostgreHelper.ExecuteReader: [18]42703: column "ad_process_trl_id" does not exist

POSITION: 13 [Query DR] SELECT MAX( AD_Process_Trl_ID) FROM AD_Process_Trl
===========>     (SEVERE)   DB.GetSQLValue: [18]SELECT MAX( AD_Process_Trl_ID) FROM AD_Process_Trl => 42703: column "ad_process_trl_id" does not exist

POSITION: 13
----------->     (WARNING)  PostgreHelper.ExecuteNonQuery: [18]DBExecuteError - 42P01: sequence "ad_process_trl_seq" does not exist
05:36:28.362    (INFO)     NativeSequence.AddLog: [18]0 - 1/1/0001 12:00:00 AM -  - Created Native Sequence for : AD_Process_Trl
----------->     (WARNING)  PostgreHelper.ExecuteNonQuery: [18]DBExecuteError - 42P01: sequence "ad_querylog_seq" does not exist
05:36:28.362    (INFO)     NativeSequence.AddLog: [18]0 - 1/1/0001 12:00:00 AM -  - Created Native Sequence for : AD_QueryLog
05:36:28.362    (INFO)     NativeSequence.AddLog: [18]0 - 1/1/0001 12:00:00 AM -  - Created Native Sequence for : AD_RecentItem
05:36:28.362    (INFO)     NativeSequence.AddLog: [18]0 - 1/1/0001 12:00:00 AM -  - Created Native Sequence for : AD_Record_Access
----------->     (WARNING)  PostgreHelper.ExecuteNonQuery: [18]DBExecuteError - 42P01: sequence "ad_ref_list_seq" does not exist
05:36:28.362    (INFO)     NativeSequence.AddLog: [18]0 - 1/1/0001 12:00:00 AM -  - Created Native Sequence for : AD_Ref_List
===========>     (SEVERE)   PostgreHelper.ExecuteReader: [18]42703: column "ad_ref_list_trl_id" does not exist

POSITION: 13 [Query DR] SELECT MAX( AD_Ref_List_Trl_ID) FROM AD_Ref_List_Trl
===========>     (SEVERE)   DB.GetSQLValue: [18]SELECT MAX( AD_Ref_List_Trl_ID) FROM AD_Ref_List_Trl => 42703: column "ad_ref_list_trl_id" does not exist

POSITION: 13
----------->     (WARNING)  PostgreHelper.ExecuteNonQuery: [18]DBExecuteError - 42P01: sequence "ad_ref_list_trl_seq" does not exist
05:36:28.362    (INFO)     NativeSequence.AddLog: [18]0 - 1/1/0001 12:00:00 AM -  - Created Native Sequence for : AD_Ref_List_Trl
05:36:28.362    (INFO)     NativeSequence.AddLog: [18]0 - 1/1/0001 12:00:00 AM -  - Created Native Sequence for : AD_Ref_Table
----------->     (WARNING)  PostgreHelper.ExecuteNonQuery: [18]DBExecuteError - 42P01: sequence "ad_reference_seq" does not exist
05:36:28.362    (INFO)     NativeSequence.AddLog: [18]0 - 1/1/0001 12:00:00 AM -  - Created Native Sequence for : AD_Reference
===========>     (SEVERE)   PostgreHelper.ExecuteReader: [18]42703: column "ad_reference_trl_id" does not exist

POSITION: 13 [Query DR] SELECT MAX( AD_Reference_Trl_ID) FROM AD_Reference_Trl
===========>     (SEVERE)   DB.GetSQLValue: [18]SELECT MAX( AD_Reference_Trl_ID) FROM AD_Reference_Trl => 42703: column "ad_reference_trl_id" does not exist

POSITION: 13
----------->     (WARNING)  PostgreHelper.ExecuteNonQuery: [18]DBExecuteError - 42P01: sequence "ad_reference_trl_seq" does not exist
05:36:28.362    (INFO)     NativeSequence.AddLog: [18]0 - 1/1/0001 12:00:00 AM -  - Created Native Sequence for : AD_Reference_Trl
----------->     (WARNING)  PostgreHelper.ExecuteNonQuery: [18]DBExecuteError - 42P01: sequence "ad_registration_seq" does not exist
05:36:28.362    (INFO)     NativeSequence.AddLog: [18]0 - 1/1/0001 12:00:00 AM -  - Created Native Sequence for : AD_Registration
----------->     (WARNING)  PostgreHelper.ExecuteNonQuery: [18]DBExecuteError - 42P01: sequence "ad_replication_seq" does not exist
05:36:28.362    (INFO)     NativeSequence.AddLog: [18]0 - 1/1/0001 12:00:00 AM -  - Created Native Sequence for : AD_Replication
----------->     (WARNING)  PostgreHelper.ExecuteNonQuery: [18]DBExecuteError - 42P01: sequence "ad_replication_log_seq" does not exist
05:36:28.362    (INFO)     NativeSequence.AddLog: [18]0 - 1/1/0001 12:00:00 AM -  - Created Native Sequence for : AD_Replication_Log
----------->     (WARNING)  PostgreHelper.ExecuteNonQuery: [18]DBExecuteError - 42P01: sequence "ad_replication_run_seq" does not exist
05:36:28.362    (INFO)     NativeSequence.AddLog: [18]0 - 1/1/0001 12:00:00 AM -  - Created Native Sequence for : AD_Replication_Run
----------->     (WARNING)  PostgreHelper.ExecuteNonQuery: [18]DBExecuteError - 42P01: sequence "ad_replicationstrategy_seq" does not exist
05:36:28.362    (INFO)     NativeSequence.AddLog: [18]0 - 1/1/0001 12:00:00 AM -  - Created Native Sequence for : AD_ReplicationStrategy
----------->     (WARNING)  PostgreHelper.ExecuteNonQuery: [18]DBExecuteError - 42P01: sequence "ad_replicationtable_seq" does not exist
05:36:28.362    (INFO)     NativeSequence.AddLog: [18]0 - 1/1/0001 12:00:00 AM -  - Created Native Sequence for : AD_ReplicationTable
----------->     (WARNING)  PostgreHelper.ExecuteNonQuery: [18]DBExecuteError - 42P01: sequence "ad_reportformat_seq" does not exist
05:36:28.362    (INFO)     NativeSequence.AddLog: [18]0 - 1/1/0001 12:00:00 AM -  - Created Native Sequence for : AD_ReportFormat
----------->     (WARNING)  PostgreHelper.ExecuteNonQuery: [18]DBExecuteError - 42P01: sequence "ad_reportitem_seq" does not exist
05:36:28.362    (INFO)     NativeSequence.AddLog: [18]0 - 1/1/0001 12:00:00 AM -  - Created Native Sequence for : AD_ReportItem
===========>     (SEVERE)   PostgreHelper.ExecuteReader: [18]42703: column "ad_reportitem_trl_id" does not exist

POSITION: 13 [Query DR] SELECT MAX( AD_ReportItem_Trl_ID) FROM AD_ReportItem_Trl
===========>     (SEVERE)   DB.GetSQLValue: [18]SELECT MAX( AD_ReportItem_Trl_ID) FROM AD_ReportItem_Trl => 42703: column "ad_reportitem_trl_id" does not exist

POSITION: 13
----------->     (WARNING)  PostgreHelper.ExecuteNonQuery: [18]DBExecuteError - 42P01: sequence "ad_reportitem_trl_seq" does not exist
05:36:28.362    (INFO)     NativeSequence.AddLog: [18]0 - 1/1/0001 12:00:00 AM -  - Created Native Sequence for : AD_ReportItem_Trl
----------->     (WARNING)  PostgreHelper.ExecuteNonQuery: [18]DBExecuteError - 42P01: sequence "ad_reportmaster_seq" does not exist
05:36:28.362    (INFO)     NativeSequence.AddLog: [18]0 - 1/1/0001 12:00:00 AM -  - Created Native Sequence for : AD_ReportMaster
----------->     (WARNING)  PostgreHelper.ExecuteNonQuery: [18]DBExecuteError - 42P01: sequence "ad_reporttable_seq" does not exist
05:36:28.362    (INFO)     NativeSequence.AddLog: [18]0 - 1/1/0001 12:00:00 AM -  - Created Native Sequence for : AD_ReportTable
----------->     (WARNING)  PostgreHelper.ExecuteNonQuery: [18]DBExecuteError - 42P01: sequence "ad_reportview_seq" does not exist
05:36:28.362    (INFO)     NativeSequence.AddLog: [18]0 - 1/1/0001 12:00:00 AM -  - Created Native Sequence for : AD_ReportView
----------->     (WARNING)  PostgreHelper.ExecuteNonQuery: [18]DBExecuteError - 42P01: sequence "ad_reportview_col_seq" does not exist
05:36:28.362    (INFO)     NativeSequence.AddLog: [18]0 - 1/1/0001 12:00:00 AM -  - Created Native Sequence for : AD_ReportView_Col
----------->     (WARNING)  PostgreHelper.ExecuteNonQuery: [18]DBExecuteError - 42P01: sequence "ad_responseaccess_seq" does not exist
05:36:28.362    (INFO)     NativeSequence.AddLog: [18]0 - 1/1/0001 12:00:00 AM -  - Created Native Sequence for : AD_ResponseAccess
----------->     (WARNING)  PostgreHelper.ExecuteNonQuery: [18]DBExecuteError - 42P01: sequence "ad_responsesetting_seq" does not exist
05:36:28.362    (INFO)     NativeSequence.AddLog: [18]0 - 1/1/0001 12:00:00 AM -  - Created Native Sequence for : AD_ResponseSetting
----------->     (WARNING)  PostgreHelper.ExecuteNonQuery: [18]DBExecuteError - 42P01: sequence "ad_role_seq" does not exist
05:36:29.362    (INFO)     NativeSequence.AddLog: [18]0 - 1/1/0001 12:00:00 AM -  - Created Native Sequence for : AD_Role
05:36:29.362    (INFO)     NativeSequence.AddLog: [18]0 - 1/1/0001 12:00:00 AM -  - Created Native Sequence for : AD_Role_Group
05:36:29.362    (INFO)     NativeSequence.AddLog: [18]0 - 1/1/0001 12:00:00 AM -  - Created Native Sequence for : AD_Role_OrgAccess
----------->     (WARNING)  PostgreHelper.ExecuteNonQuery: [18]DBExecuteError - 42P01: sequence "ad_schedule_seq" does not exist
05:36:29.362    (INFO)     NativeSequence.AddLog: [18]0 - 1/1/0001 12:00:00 AM -  - Created Native Sequence for : AD_Schedule
----------->     (WARNING)  PostgreHelper.ExecuteNonQuery: [18]DBExecuteError - 42P01: sequence "ad_scheduler_seq" does not exist
05:36:29.362    (INFO)     NativeSequence.AddLog: [18]0 - 1/1/0001 12:00:00 AM -  - Created Native Sequence for : AD_Scheduler
05:36:29.362    (INFO)     NativeSequence.AddLog: [18]0 - 1/1/0001 12:00:00 AM -  - Created Native Sequence for : AD_Scheduler_Para
----------->     (WARNING)  PostgreHelper.ExecuteNonQuery: [18]DBExecuteError - 42P01: sequence "ad_schedulerlog_seq" does not exist
05:36:29.362    (INFO)     NativeSequence.AddLog: [18]0 - 1/1/0001 12:00:00 AM -  - Created Native Sequence for : AD_SchedulerLog
----------->     (WARNING)  PostgreHelper.ExecuteNonQuery: [18]DBExecuteError - 42P01: sequence "ad_schedulerrecipient_seq" does not exist
05:36:29.362    (INFO)     NativeSequence.AddLog: [18]0 - 1/1/0001 12:00:00 AM -  - Created Native Sequence for : AD_SchedulerRecipient
05:36:29.362    (INFO)     NativeSequence.AddLog: [18]0 - 1/1/0001 12:00:00 AM -  - Created Native Sequence for : AD_Sequence_Audit
05:36:29.362    (INFO)     NativeSequence.AddLog: [18]0 - 1/1/0001 12:00:00 AM -  - Created Native Sequence for : AD_Sequence_No
----------->     (WARNING)  PostgreHelper.ExecuteNonQuery: [18]DBExecuteError - 42P01: sequence "ad_session_seq" does not exist
05:36:29.362    (INFO)     NativeSequence.AddLog: [18]0 - 1/1/0001 12:00:00 AM -  - Created Native Sequence for : AD_Session
----------->     (WARNING)  PostgreHelper.ExecuteNonQuery: [18]DBExecuteError - 42P01: sequence "ad_sharerecordorg_seq" does not exist
05:36:29.362    (INFO)     NativeSequence.AddLog: [18]0 - 1/1/0001 12:00:00 AM -  - Created Native Sequence for : AD_ShareRecordOrg
----------->     (WARNING)  PostgreHelper.ExecuteNonQuery: [18]DBExecuteError - 42P01: sequence "ad_shortcut_seq" does not exist
05:36:29.362    (INFO)     NativeSequence.AddLog: [18]0 - 1/1/0001 12:00:00 AM -  - Created Native Sequence for : AD_Shortcut
===========>     (SEVERE)   PostgreHelper.ExecuteReader: [18]42703: column "ad_shortcut_trl_id" does not exist

POSITION: 13 [Query DR] SELECT MAX( AD_Shortcut_Trl_ID) FROM AD_Shortcut_Trl
===========>     (SEVERE)   DB.GetSQLValue: [18]SELECT MAX( AD_Shortcut_Trl_ID) FROM AD_Shortcut_Trl => 42703: column "ad_shortcut_trl_id" does not exist

POSITION: 13
----------->     (WARNING)  PostgreHelper.ExecuteNonQuery: [18]DBExecuteError - 42P01: sequence "ad_shortcut_trl_seq" does not exist
05:36:29.362    (INFO)     NativeSequence.AddLog: [18]0 - 1/1/0001 12:00:00 AM -  - Created Native Sequence for : AD_Shortcut_Trl
----------->     (WARNING)  PostgreHelper.ExecuteNonQuery: [18]DBExecuteError - 42P01: sequence "ad_shortcutparameter_seq" does not exist
05:36:29.362    (INFO)     NativeSequence.AddLog: [18]0 - 1/1/0001 12:00:00 AM -  - Created Native Sequence for : AD_ShortCutParameter
----------->     (WARNING)  PostgreHelper.ExecuteNonQuery: [18]DBExecuteError - 42P01: sequence "ad_smsconfiguration_seq" does not exist
05:36:29.362    (INFO)     NativeSequence.AddLog: [18]0 - 1/1/0001 12:00:00 AM -  - Created Native Sequence for : AD_SmsConfiguration
----------->     (WARNING)  PostgreHelper.ExecuteNonQuery: [18]DBExecuteError - 42P01: sequence "ad_survey_seq" does not exist
05:36:29.362    (INFO)     NativeSequence.AddLog: [18]0 - 1/1/0001 12:00:00 AM -  - Created Native Sequence for : AD_Survey
----------->     (WARNING)  PostgreHelper.ExecuteNonQuery: [18]DBExecuteError - 42P01: sequence "ad_surveyassignment_seq" does not exist
05:36:29.362    (INFO)     NativeSequence.AddLog: [18]0 - 1/1/0001 12:00:00 AM -  - Created Native Sequence for : AD_SurveyAssignment
----------->     (WARNING)  PostgreHelper.ExecuteNonQuery: [18]DBExecuteError - 42P01: sequence "ad_surveyitem_seq" does not exist
05:36:29.362    (INFO)     NativeSequence.AddLog: [18]0 - 1/1/0001 12:00:00 AM -  - Created Native Sequence for : AD_SurveyItem
----------->     (WARNING)  PostgreHelper.ExecuteNonQuery: [18]DBExecuteError - 42P01: sequence "ad_surveyresponse_seq" does not exist
05:36:29.362    (INFO)     NativeSequence.AddLog: [18]0 - 1/1/0001 12:00:00 AM -  - Created Native Sequence for : AD_SurveyResponse
----------->     (WARNING)  PostgreHelper.ExecuteNonQuery: [18]DBExecuteError - 42P01: sequence "ad_surveyresponseline_seq" does not exist
05:36:29.362    (INFO)     NativeSequence.AddLog: [18]0 - 1/1/0001 12:00:00 AM -  - Created Native Sequence for : AD_SurveyResponseLine
----------->     (WARNING)  PostgreHelper.ExecuteNonQuery: [18]DBExecuteError - 42P01: sequence "ad_surveyshowcondition_seq" does not exist
05:36:29.362    (INFO)     NativeSequence.AddLog: [18]0 - 1/1/0001 12:00:00 AM -  - Created Native Sequence for : AD_SurveyShowCondition
----------->     (WARNING)  PostgreHelper.ExecuteNonQuery: [18]DBExecuteError - 42P01: sequence "ad_surveyvalue_seq" does not exist
05:36:29.362    (INFO)     NativeSequence.AddLog: [18]0 - 1/1/0001 12:00:00 AM -  - Created Native Sequence for : AD_SurveyValue
----------->     (WARNING)  PostgreHelper.ExecuteNonQuery: [18]DBExecuteError - 42P01: sequence "ad_sysconfig_seq" does not exist
05:36:29.362    (INFO)     NativeSequence.AddLog: [18]0 - 1/1/0001 12:00:00 AM -  - Created Native Sequence for : AD_SysConfig
----------->     (WARNING)  PostgreHelper.ExecuteNonQuery: [18]DBExecuteError - 42P01: sequence "ad_system_seq" does not exist
05:36:29.362    (INFO)     NativeSequence.AddLog: [18]0 - 1/1/0001 12:00:00 AM -  - Created Native Sequence for : AD_System
----------->     (WARNING)  PostgreHelper.ExecuteNonQuery: [18]DBExecuteError - 42P01: sequence "ad_tab_seq" does not exist
05:36:29.362    (INFO)     NativeSequence.AddLog: [18]0 - 1/1/0001 12:00:00 AM -  - Created Native Sequence for : AD_Tab
===========>     (SEVERE)   PostgreHelper.ExecuteReader: [18]42703: column "ad_tab_trl_id" does not exist

POSITION: 13 [Query DR] SELECT MAX( AD_Tab_Trl_ID) FROM AD_Tab_Trl
===========>     (SEVERE)   DB.GetSQLValue: [18]SELECT MAX( AD_Tab_Trl_ID) FROM AD_Tab_Trl => 42703: column "ad_tab_trl_id" does not exist

POSITION: 13
----------->     (WARNING)  PostgreHelper.ExecuteNonQuery: [18]DBExecuteError - 42P01: sequence "ad_tab_trl_seq" does not exist
05:36:29.362    (INFO)     NativeSequence.AddLog: [18]0 - 1/1/0001 12:00:00 AM -  - Created Native Sequence for : AD_Tab_Trl
----------->     (WARNING)  PostgreHelper.ExecuteNonQuery: [18]DBExecuteError - 42P01: sequence "ad_table_seq" does not exist
05:36:29.362    (INFO)     NativeSequence.AddLog: [18]0 - 1/1/0001 12:00:00 AM -  - Created Native Sequence for : AD_Table
05:36:29.362    (INFO)     NativeSequence.AddLog: [18]0 - 1/1/0001 12:00:00 AM -  - Created Native Sequence for : AD_Table_Access
===========>     (SEVERE)   PostgreHelper.ExecuteReader: [18]42703: column "ad_table_trl_id" does not exist

POSITION: 13 [Query DR] SELECT MAX( AD_Table_Trl_ID) FROM AD_Table_Trl
===========>     (SEVERE)   DB.GetSQLValue: [18]SELECT MAX( AD_Table_Trl_ID) FROM AD_Table_Trl => 42703: column "ad_table_trl_id" does not exist

POSITION: 13
----------->     (WARNING)  PostgreHelper.ExecuteNonQuery: [18]DBExecuteError - 42P01: sequence "ad_table_trl_seq" does not exist
05:36:29.362    (INFO)     NativeSequence.AddLog: [18]0 - 1/1/0001 12:00:00 AM -  - Created Native Sequence for : AD_Table_Trl
----------->     (WARNING)  PostgreHelper.ExecuteNonQuery: [18]DBExecuteError - 42P01: sequence "ad_tableindex_seq" does not exist
05:36:29.362    (INFO)     NativeSequence.AddLog: [18]0 - 1/1/0001 12:00:00 AM -  - Created Native Sequence for : AD_TableIndex
----------->     (WARNING)  PostgreHelper.ExecuteNonQuery: [18]DBExecuteError - 42P01: sequence "ad_tabpanel_seq" does not exist
05:36:29.362    (INFO)     NativeSequence.AddLog: [18]0 - 1/1/0001 12:00:00 AM -  - Created Native Sequence for : AD_TabPanel
===========>     (SEVERE)   PostgreHelper.ExecuteReader: [18]42703: column "ad_tabpanel_trl_id" does not exist

POSITION: 13 [Query DR] SELECT MAX( AD_TabPanel_Trl_ID) FROM AD_TabPanel_Trl
===========>     (SEVERE)   DB.GetSQLValue: [18]SELECT MAX( AD_TabPanel_Trl_ID) FROM AD_TabPanel_Trl => 42703: column "ad_tabpanel_trl_id" does not exist

POSITION: 13
----------->     (WARNING)  PostgreHelper.ExecuteNonQuery: [18]DBExecuteError - 42P01: sequence "ad_tabpanel_trl_seq" does not exist
05:36:29.362    (INFO)     NativeSequence.AddLog: [18]0 - 1/1/0001 12:00:00 AM -  - Created Native Sequence for : AD_TabPanel_Trl
----------->     (WARNING)  PostgreHelper.ExecuteNonQuery: [18]DBExecuteError - 42P01: sequence "ad_task_seq" does not exist
05:36:29.362    (INFO)     NativeSequence.AddLog: [18]0 - 1/1/0001 12:00:00 AM -  - Created Native Sequence for : AD_Task
05:36:29.362    (INFO)     NativeSequence.AddLog: [18]0 - 1/1/0001 12:00:00 AM -  - Created Native Sequence for : AD_Task_Access
===========>     (SEVERE)   PostgreHelper.ExecuteReader: [18]42703: column "ad_task_trl_id" does not exist

POSITION: 13 [Query DR] SELECT MAX( AD_Task_Trl_ID) FROM AD_Task_Trl
===========>     (SEVERE)   DB.GetSQLValue: [18]SELECT MAX( AD_Task_Trl_ID) FROM AD_Task_Trl => 42703: column "ad_task_trl_id" does not exist

POSITION: 13
----------->     (WARNING)  PostgreHelper.ExecuteNonQuery: [18]DBExecuteError - 42P01: sequence "ad_task_trl_seq" does not exist
05:36:29.362    (INFO)     NativeSequence.AddLog: [18]0 - 1/1/0001 12:00:00 AM -  - Created Native Sequence for : AD_Task_Trl
----------->     (WARNING)  PostgreHelper.ExecuteNonQuery: [18]DBExecuteError - 42P01: sequence "ad_taskinstance_seq" does not exist
05:36:29.362    (INFO)     NativeSequence.AddLog: [18]0 - 1/1/0001 12:00:00 AM -  - Created Native Sequence for : AD_TaskInstance
----------->     (WARNING)  PostgreHelper.ExecuteNonQuery: [18]DBExecuteError - 42P01: sequence "ad_templatecategory_seq" does not exist
05:36:29.362    (INFO)     NativeSequence.AddLog: [18]0 - 1/1/0001 12:00:00 AM -  - Created Native Sequence for : AD_TemplateCategory
----------->     (WARNING)  PostgreHelper.ExecuteNonQuery: [18]DBExecuteError - 42P01: sequence "ad_texttemplate_seq" does not exist
05:36:29.362    (INFO)     NativeSequence.AddLog: [18]0 - 1/1/0001 12:00:00 AM -  - Created Native Sequence for : AD_TextTemplate
----------->     (WARNING)  PostgreHelper.ExecuteNonQuery: [18]DBExecuteError - 42P01: sequence "ad_theme_seq" does not exist
05:36:29.362    (INFO)     NativeSequence.AddLog: [18]0 - 1/1/0001 12:00:00 AM -  - Created Native Sequence for : AD_Theme
----------->     (WARNING)  PostgreHelper.ExecuteNonQuery: [18]DBExecuteError - 42P01: sequence "ad_tree_seq" does not exist
05:36:29.362    (INFO)     NativeSequence.AddLog: [18]0 - 1/1/0001 12:00:00 AM -  - Created Native Sequence for : AD_Tree
05:36:29.362    (INFO)     NativeSequence.AddLog: [18]0 - 1/1/0001 12:00:00 AM -  - Created Native Sequence for : AD_TreeBar
05:36:29.362    (INFO)     NativeSequence.AddLog: [18]0 - 1/1/0001 12:00:00 AM -  - Created Native Sequence for : AD_TreeNode
05:36:29.362    (INFO)     NativeSequence.AddLog: [18]0 - 1/1/0001 12:00:00 AM -  - Created Native Sequence for : AD_TreeNodeBP
05:36:29.362    (INFO)     NativeSequence.AddLog: [18]0 - 1/1/0001 12:00:00 AM -  - Created Native Sequence for : AD_TreeNodeCMC
05:36:29.362    (INFO)     NativeSequence.AddLog: [18]0 - 1/1/0001 12:00:00 AM -  - Created Native Sequence for : AD_TreeNodeCMM
05:36:29.362    (INFO)     NativeSequence.AddLog: [18]0 - 1/1/0001 12:00:00 AM -  - Created Native Sequence for : AD_TreeNodeCMS
05:36:29.362    (INFO)     NativeSequence.AddLog: [18]0 - 1/1/0001 12:00:00 AM -  - Created Native Sequence for : AD_TreeNodeCMT
05:36:29.362    (INFO)     NativeSequence.AddLog: [18]0 - 1/1/0001 12:00:00 AM -  - Created Native Sequence for : AD_TreeNodeMM
05:36:29.362    (INFO)     NativeSequence.AddLog: [18]0 - 1/1/0001 12:00:00 AM -  - Created Native Sequence for : AD_TreeNodePR
05:36:29.362    (INFO)     NativeSequence.AddLog: [18]0 - 1/1/0001 12:00:00 AM -  - Created Native Sequence for : AD_TreeNodeU1
05:36:29.362    (INFO)     NativeSequence.AddLog: [18]0 - 1/1/0001 12:00:00 AM -  - Created Native Sequence for : AD_TreeNodeU2
05:36:29.362    (INFO)     NativeSequence.AddLog: [18]0 - 1/1/0001 12:00:00 AM -  - Created Native Sequence for : AD_TreeNodeU3
05:36:29.362    (INFO)     NativeSequence.AddLog: [18]0 - 1/1/0001 12:00:00 AM -  - Created Native Sequence for : AD_TreeNodeU4
----------->     (WARNING)  PostgreHelper.ExecuteNonQuery: [18]DBExecuteError - 42P01: sequence "ad_user_seq" does not exist
05:36:29.362    (INFO)     NativeSequence.AddLog: [18]0 - 1/1/0001 12:00:00 AM -  - Created Native Sequence for : AD_User
05:36:29.362    (INFO)     NativeSequence.AddLog: [18]0 - 1/1/0001 12:00:00 AM -  - Created Native Sequence for : AD_User_OrgAccess
05:36:29.362    (INFO)     NativeSequence.AddLog: [18]0 - 1/1/0001 12:00:00 AM -  - Created Native Sequence for : AD_User_Roles
----------->     (WARNING)  PostgreHelper.ExecuteNonQuery: [18]DBExecuteError - 42P01: sequence "ad_user_substitute_seq" does not exist
05:36:29.362    (INFO)     NativeSequence.AddLog: [18]0 - 1/1/0001 12:00:00 AM -  - Created Native Sequence for : AD_User_Substitute
----------->     (WARNING)  PostgreHelper.ExecuteNonQuery: [18]DBExecuteError - 42P01: sequence "ad_userbpaccess_seq" does not exist
05:36:29.362    (INFO)     NativeSequence.AddLog: [18]0 - 1/1/0001 12:00:00 AM -  - Created Native Sequence for : AD_UserBPAccess
----------->     (WARNING)  PostgreHelper.ExecuteNonQuery: [18]DBExecuteError - 42P01: sequence "ad_userdef_field_seq" does not exist
05:36:29.362    (INFO)     NativeSequence.AddLog: [18]0 - 1/1/0001 12:00:00 AM -  - Created Native Sequence for : AD_UserDef_Field
----------->     (WARNING)  PostgreHelper.ExecuteNonQuery: [18]DBExecuteError - 42P01: sequence "ad_userdef_tab_seq" does not exist
05:36:29.362    (INFO)     NativeSequence.AddLog: [18]0 - 1/1/0001 12:00:00 AM -  - Created Native Sequence for : AD_UserDef_Tab
----------->     (WARNING)  PostgreHelper.ExecuteNonQuery: [18]DBExecuteError - 42P01: sequence "ad_userdef_win_seq" does not exist
05:36:29.362    (INFO)     NativeSequence.AddLog: [18]0 - 1/1/0001 12:00:00 AM -  - Created Native Sequence for : AD_UserDef_Win
----------->     (WARNING)  PostgreHelper.ExecuteNonQuery: [18]DBExecuteError - 42P01: sequence "ad_userhomepagesetting_seq" does not exist
05:36:29.362    (INFO)     NativeSequence.AddLog: [18]0 - 1/1/0001 12:00:00 AM -  - Created Native Sequence for : AD_UserHomePageSetting
----------->     (WARNING)  PostgreHelper.ExecuteNonQuery: [18]DBExecuteError - 42P01: sequence "ad_usermail_seq" does not exist
05:36:29.362    (INFO)     NativeSequence.AddLog: [18]0 - 1/1/0001 12:00:00 AM -  - Created Native Sequence for : AD_UserMail
----------->     (WARNING)  PostgreHelper.ExecuteNonQuery: [18]DBExecuteError - 42P01: sequence "ad_usermailconfigration_seq" does not exist
05:36:29.362    (INFO)     NativeSequence.AddLog: [18]0 - 1/1/0001 12:00:00 AM -  - Created Native Sequence for : AD_UserMailConfigration
----------->     (WARNING)  PostgreHelper.ExecuteNonQuery: [18]DBExecuteError - 42P01: sequence "ad_userpreference_seq" does not exist
05:36:29.362    (INFO)     NativeSequence.AddLog: [18]0 - 1/1/0001 12:00:00 AM -  - Created Native Sequence for : AD_UserPreference
----------->     (WARNING)  PostgreHelper.ExecuteNonQuery: [18]DBExecuteError - 42P01: sequence "ad_userquery_seq" does not exist
05:36:29.362    (INFO)     NativeSequence.AddLog: [18]0 - 1/1/0001 12:00:00 AM -  - Created Native Sequence for : AD_UserQuery
----------->     (WARNING)  PostgreHelper.ExecuteNonQuery: [18]DBExecuteError - 42P01: sequence "ad_userqueryline_seq" does not exist
05:36:29.362    (INFO)     NativeSequence.AddLog: [18]0 - 1/1/0001 12:00:00 AM -  - Created Native Sequence for : AD_UserQueryLine
----------->     (WARNING)  PostgreHelper.ExecuteNonQuery: [18]DBExecuteError - 42P01: sequence "ad_val_rule_seq" does not exist
05:36:29.362    (INFO)     NativeSequence.AddLog: [18]0 - 1/1/0001 12:00:00 AM -  - Created Native Sequence for : AD_Val_Rule
----------->     (WARNING)  PostgreHelper.ExecuteNonQuery: [18]DBExecuteError - 42P01: sequence "ad_version_seq" does not exist
05:36:29.362    (INFO)     NativeSequence.AddLog: [18]0 - 1/1/0001 12:00:00 AM -  - Created Native Sequence for : AD_Version
----------->     (WARNING)  PostgreHelper.ExecuteNonQuery: [18]DBExecuteError - 42P01: sequence "ad_viewcolumn_seq" does not exist
05:36:29.362    (INFO)     NativeSequence.AddLog: [18]0 - 1/1/0001 12:00:00 AM -  - Created Native Sequence for : AD_ViewColumn
----------->     (WARNING)  PostgreHelper.ExecuteNonQuery: [18]DBExecuteError - 42P01: sequence "ad_viewcomponent_seq" does not exist
05:36:29.362    (INFO)     NativeSequence.AddLog: [18]0 - 1/1/0001 12:00:00 AM -  - Created Native Sequence for : AD_ViewComponent
----------->     (WARNING)  PostgreHelper.ExecuteNonQuery: [18]DBExecuteError - 42P01: sequence "ad_weatherinfo_seq" does not exist
05:36:30.363    (INFO)     NativeSequence.AddLog: [18]0 - 1/1/0001 12:00:00 AM -  - Created Native Sequence for : AD_WeatherInfo
----------->     (WARNING)  PostgreHelper.ExecuteNonQuery: [18]DBExecuteError - 42P01: sequence "ad_wf_activity_seq" does not exist
05:36:30.363    (INFO)     NativeSequence.AddLog: [18]0 - 1/1/0001 12:00:00 AM -  - Created Native Sequence for : AD_WF_Activity
----------->     (WARNING)  PostgreHelper.ExecuteNonQuery: [18]DBExecuteError - 42P01: sequence "ad_wf_activityresult_seq" does not exist
05:36:30.363    (INFO)     NativeSequence.AddLog: [18]0 - 1/1/0001 12:00:00 AM -  - Created Native Sequence for : AD_WF_ActivityResult
----------->     (WARNING)  PostgreHelper.ExecuteNonQuery: [18]DBExecuteError - 42P01: sequence "ad_wf_block_seq" does not exist
05:36:30.363    (INFO)     NativeSequence.AddLog: [18]0 - 1/1/0001 12:00:00 AM -  - Created Native Sequence for : AD_WF_Block
----------->     (WARNING)  PostgreHelper.ExecuteNonQuery: [18]DBExecuteError - 42P01: sequence "ad_wf_eventaudit_seq" does not exist
05:36:30.363    (INFO)     NativeSequence.AddLog: [18]0 - 1/1/0001 12:00:00 AM -  - Created Native Sequence for : AD_WF_EventAudit
----------->     (WARNING)  PostgreHelper.ExecuteNonQuery: [18]DBExecuteError - 42P01: sequence "ad_wf_nextcondition_seq" does not exist
05:36:30.363    (INFO)     NativeSequence.AddLog: [18]0 - 1/1/0001 12:00:00 AM -  - Created Native Sequence for : AD_WF_NextCondition
----------->     (WARNING)  PostgreHelper.ExecuteNonQuery: [18]DBExecuteError - 42P01: sequence "ad_wf_node_seq" does not exist
05:36:30.363    (INFO)     NativeSequence.AddLog: [18]0 - 1/1/0001 12:00:00 AM -  - Created Native Sequence for : AD_WF_Node
----------->     (WARNING)  PostgreHelper.ExecuteNonQuery: [18]DBExecuteError - 42P01: sequence "ad_wf_node_para_seq" does not exist
05:36:30.363    (INFO)     NativeSequence.AddLog: [18]0 - 1/1/0001 12:00:00 AM -  - Created Native Sequence for : AD_WF_Node_Para
===========>     (SEVERE)   PostgreHelper.ExecuteReader: [18]42703: column "ad_wf_node_trl_id" does not exist

POSITION: 13 [Query DR] SELECT MAX( AD_WF_Node_Trl_ID) FROM AD_WF_Node_Trl
===========>     (SEVERE)   DB.GetSQLValue: [18]SELECT MAX( AD_WF_Node_Trl_ID) FROM AD_WF_Node_Trl => 42703: column "ad_wf_node_trl_id" does not exist

POSITION: 13
----------->     (WARNING)  PostgreHelper.ExecuteNonQuery: [18]DBExecuteError - 42P01: sequence "ad_wf_node_trl_seq" does not exist
05:36:30.363    (INFO)     NativeSequence.AddLog: [18]0 - 1/1/0001 12:00:00 AM -  - Created Native Sequence for : AD_WF_Node_Trl
----------->     (WARNING)  PostgreHelper.ExecuteNonQuery: [18]DBExecuteError - 42P01: sequence "ad_wf_nodenext_seq" does not exist
05:36:30.363    (INFO)     NativeSequence.AddLog: [18]0 - 1/1/0001 12:00:00 AM -  - Created Native Sequence for : AD_WF_NodeNext
----------->     (WARNING)  PostgreHelper.ExecuteNonQuery: [18]DBExecuteError - 42P01: sequence "ad_wf_process_seq" does not exist
05:36:30.363    (INFO)     NativeSequence.AddLog: [18]0 - 1/1/0001 12:00:00 AM -  - Created Native Sequence for : AD_WF_Process
----------->     (WARNING)  PostgreHelper.ExecuteNonQuery: [18]DBExecuteError - 42P01: sequence "ad_wf_processdata_seq" does not exist
05:36:30.363    (INFO)     NativeSequence.AddLog: [18]0 - 1/1/0001 12:00:00 AM -  - Created Native Sequence for : AD_WF_ProcessData
----------->     (WARNING)  PostgreHelper.ExecuteNonQuery: [18]DBExecuteError - 42P01: sequence "ad_wf_recipient_seq" does not exist
05:36:30.363    (INFO)     NativeSequence.AddLog: [18]0 - 1/1/0001 12:00:00 AM -  - Created Native Sequence for : AD_WF_Recipient
----------->     (WARNING)  PostgreHelper.ExecuteNonQuery: [18]DBExecuteError - 42P01: sequence "ad_wf_responsible_seq" does not exist
05:36:30.363    (INFO)     NativeSequence.AddLog: [18]0 - 1/1/0001 12:00:00 AM -  - Created Native Sequence for : AD_WF_Responsible
----------->     (WARNING)  PostgreHelper.ExecuteNonQuery: [18]DBExecuteError - 42P01: sequence "ad_window_seq" does not exist
05:36:30.363    (INFO)     NativeSequence.AddLog: [18]0 - 1/1/0001 12:00:00 AM -  - Created Native Sequence for : AD_Window
05:36:30.363    (INFO)     NativeSequence.AddLog: [18]0 - 1/1/0001 12:00:00 AM -  - Created Native Sequence for : AD_Window_Access
===========>     (SEVERE)   PostgreHelper.ExecuteReader: [18]42703: column "ad_window_trl_id" does not exist

POSITION: 13 [Query DR] SELECT MAX( AD_Window_Trl_ID) FROM AD_Window_Trl
===========>     (SEVERE)   DB.GetSQLValue: [18]SELECT MAX( AD_Window_Trl_ID) FROM AD_Window_Trl => 42703: column "ad_window_trl_id" does not exist

POSITION: 13
----------->     (WARNING)  PostgreHelper.ExecuteNonQuery: [18]DBExecuteError - 42P01: sequence "ad_window_trl_seq" does not exist
05:36:30.363    (INFO)     NativeSequence.AddLog: [18]0 - 1/1/0001 12:00:00 AM -  - Created Native Sequence for : AD_Window_Trl
----------->     (WARNING)  PostgreHelper.ExecuteNonQuery: [18]DBExecuteError - 42P01: sequence "ad_windowaction_seq" does not exist
05:36:30.363    (INFO)     NativeSequence.AddLog: [18]0 - 1/1/0001 12:00:00 AM -  - Created Native Sequence for : AD_WindowAction
----------->     (WARNING)  PostgreHelper.ExecuteNonQuery: [18]DBExecuteError - 42P01: sequence "ad_windowlog_seq" does not exist
05:36:30.363    (INFO)     NativeSequence.AddLog: [18]0 - 1/1/0001 12:00:00 AM -  - Created Native Sequence for : AD_WindowLog
----------->     (WARNING)  PostgreHelper.ExecuteNonQuery: [18]DBExecuteError - 42P01: sequence "ad_workbench_seq" does not exist
05:36:30.363    (INFO)     NativeSequence.AddLog: [18]0 - 1/1/0001 12:00:00 AM -  - Created Native Sequence for : AD_Workbench
===========>     (SEVERE)   PostgreHelper.ExecuteReader: [18]42703: column "ad_workbench_trl_id" does not exist

POSITION: 13 [Query DR] SELECT MAX( AD_Workbench_Trl_ID) FROM AD_Workbench_Trl
===========>     (SEVERE)   DB.GetSQLValue: [18]SELECT MAX( AD_Workbench_Trl_ID) FROM AD_Workbench_Trl => 42703: column "ad_workbench_trl_id" does not exist

POSITION: 13
----------->     (WARNING)  PostgreHelper.ExecuteNonQuery: [18]DBExecuteError - 42P01: sequence "ad_workbench_trl_seq" does not exist
05:36:30.363    (INFO)     NativeSequence.AddLog: [18]0 - 1/1/0001 12:00:00 AM -  - Created Native Sequence for : AD_Workbench_Trl
----------->     (WARNING)  PostgreHelper.ExecuteNonQuery: [18]DBExecuteError - 42P01: sequence "ad_workbenchwindow_seq" does not exist
05:36:30.363    (INFO)     NativeSequence.AddLog: [18]0 - 1/1/0001 12:00:00 AM -  - Created Native Sequence for : AD_WorkbenchWindow
----------->     (WARNING)  PostgreHelper.ExecuteNonQuery: [18]DBExecuteError - 42P01: sequence "ad_workflow_seq" does not exist
05:36:30.363    (INFO)     NativeSequence.AddLog: [18]0 - 1/1/0001 12:00:00 AM -  - Created Native Sequence for : AD_Workflow
05:36:30.363    (INFO)     NativeSequence.AddLog: [18]0 - 1/1/0001 12:00:00 AM -  - Created Native Sequence for : AD_Workflow_Access
===========>     (SEVERE)   PostgreHelper.ExecuteReader: [18]42703: column "ad_workflow_trl_id" does not exist

POSITION: 13 [Query DR] SELECT MAX( AD_Workflow_Trl_ID) FROM AD_Workflow_Trl
===========>     (SEVERE)   DB.GetSQLValue: [18]SELECT MAX( AD_Workflow_Trl_ID) FROM AD_Workflow_Trl => 42703: column "ad_workflow_trl_id" does not exist

POSITION: 13
----------->     (WARNING)  PostgreHelper.ExecuteNonQuery: [18]DBExecuteError - 42P01: sequence "ad_workflow_trl_seq" does not exist
05:36:30.363    (INFO)     NativeSequence.AddLog: [18]0 - 1/1/0001 12:00:00 AM -  - Created Native Sequence for : AD_Workflow_Trl
----------->     (WARNING)  PostgreHelper.ExecuteNonQuery: [18]DBExecuteError - 42P01: sequence "ad_workflowprocessor_seq" does not exist
05:36:30.363    (INFO)     NativeSequence.AddLog: [18]0 - 1/1/0001 12:00:00 AM -  - Created Native Sequence for : AD_WorkflowProcessor
----------->     (WARNING)  PostgreHelper.ExecuteNonQuery: [18]DBExecuteError - 42P01: sequence "ad_workflowprocessorlog_seq" does not exist
05:36:30.363    (INFO)     NativeSequence.AddLog: [18]0 - 1/1/0001 12:00:00 AM -  - Created Native Sequence for : AD_WorkflowProcessorLog
----------->     (WARNING)  PostgreHelper.ExecuteNonQuery: [18]DBExecuteError - 42P01: sequence "appointmentcategory_seq" does not exist
05:36:30.363    (INFO)     NativeSequence.AddLog: [18]0 - 1/1/0001 12:00:00 AM -  - Created Native Sequence for : AppointmentCategory
----------->     (WARNING)  PostgreHelper.ExecuteNonQuery: [18]DBExecuteError - 42P01: sequence "appointmentsinfo_seq" does not exist
05:36:30.363    (INFO)     NativeSequence.AddLog: [18]0 - 1/1/0001 12:00:00 AM -  - Created Native Sequence for : AppointmentsInfo
----------->     (WARNING)  PostgreHelper.ExecuteNonQuery: [18]DBExecuteError - 42P01: sequence "b_bid_seq" does not exist
05:36:30.363    (INFO)     NativeSequence.AddLog: [18]0 - 1/1/0001 12:00:00 AM -  - Created Native Sequence for : B_Bid
----------->     (WARNING)  PostgreHelper.ExecuteNonQuery: [18]DBExecuteError - 42P01: sequence "b_bidcomment_seq" does not exist
05:36:30.363    (INFO)     NativeSequence.AddLog: [18]0 - 1/1/0001 12:00:00 AM -  - Created Native Sequence for : B_BidComment
05:36:30.363    (INFO)     NativeSequence.AddLog: [18]0 - 1/1/0001 12:00:00 AM -  - Created Native Sequence for : B_Buyer
----------->     (WARNING)  PostgreHelper.ExecuteNonQuery: [18]DBExecuteError - 42P01: sequence "b_buyerfunds_seq" does not exist
05:36:30.363    (INFO)     NativeSequence.AddLog: [18]0 - 1/1/0001 12:00:00 AM -  - Created Native Sequence for : B_BuyerFunds
----------->     (WARNING)  PostgreHelper.ExecuteNonQuery: [18]DBExecuteError - 42P01: sequence "b_offer_seq" does not exist
05:36:30.363    (INFO)     NativeSequence.AddLog: [18]0 - 1/1/0001 12:00:00 AM -  - Created Native Sequence for : B_Offer
05:36:30.363    (INFO)     NativeSequence.AddLog: [18]0 - 1/1/0001 12:00:00 AM -  - Created Native Sequence for : B_Seller
----------->     (WARNING)  PostgreHelper.ExecuteNonQuery: [18]DBExecuteError - 42P01: sequence "b_sellerfunds_seq" does not exist
05:36:30.363    (INFO)     NativeSequence.AddLog: [18]0 - 1/1/0001 12:00:00 AM -  - Created Native Sequence for : B_SellerFunds
----------->     (WARNING)  PostgreHelper.ExecuteNonQuery: [18]DBExecuteError - 42P01: sequence "b_topic_seq" does not exist
05:36:30.363    (INFO)     NativeSequence.AddLog: [18]0 - 1/1/0001 12:00:00 AM -  - Created Native Sequence for : B_Topic
----------->     (WARNING)  PostgreHelper.ExecuteNonQuery: [18]DBExecuteError - 42P01: sequence "b_topiccategory_seq" does not exist
05:36:30.363    (INFO)     NativeSequence.AddLog: [18]0 - 1/1/0001 12:00:00 AM -  - Created Native Sequence for : B_TopicCategory
----------->     (WARNING)  PostgreHelper.ExecuteNonQuery: [18]DBExecuteError - 42P01: sequence "b_topictype_seq" does not exist
05:36:30.363    (INFO)     NativeSequence.AddLog: [18]0 - 1/1/0001 12:00:00 AM -  - Created Native Sequence for : B_TopicType
----------->     (WARNING)  PostgreHelper.ExecuteNonQuery: [18]DBExecuteError - 42P01: sequence "c_accountgroup_seq" does not exist
05:36:30.363    (INFO)     NativeSequence.AddLog: [18]0 - 1/1/0001 12:00:00 AM -  - Created Native Sequence for : C_AccountGroup
----------->     (WARNING)  PostgreHelper.ExecuteNonQuery: [18]DBExecuteError - 42P01: sequence "c_accountgroup_trl_seq" does not exist
05:36:30.363    (INFO)     NativeSequence.AddLog: [18]0 - 1/1/0001 12:00:00 AM -  - Created Native Sequence for : C_AccountGroup_Trl
----------->     (WARNING)  PostgreHelper.ExecuteNonQuery: [18]DBExecuteError - 42P01: sequence "c_accountgroupbatch_seq" does not exist
05:36:30.363    (INFO)     NativeSequence.AddLog: [18]0 - 1/1/0001 12:00:00 AM -  - Created Native Sequence for : C_AccountGroupBatch
----------->     (WARNING)  PostgreHelper.ExecuteNonQuery: [18]DBExecuteError - 42P01: sequence "c_accountsubgroup_seq" does not exist
05:36:30.363    (INFO)     NativeSequence.AddLog: [18]0 - 1/1/0001 12:00:00 AM -  - Created Native Sequence for : C_AccountSubGroup
----------->     (WARNING)  PostgreHelper.ExecuteNonQuery: [18]DBExecuteError - 42P01: sequence "c_accountsubgroup_trl_seq" does not exist
05:36:30.363    (INFO)     NativeSequence.AddLog: [18]0 - 1/1/0001 12:00:00 AM -  - Created Native Sequence for : C_AccountSubGroup_Trl
----------->     (WARNING)  PostgreHelper.ExecuteNonQuery: [18]DBExecuteError - 42P01: sequence "c_acctprocessor_seq" does not exist
05:36:30.363    (INFO)     NativeSequence.AddLog: [18]0 - 1/1/0001 12:00:00 AM -  - Created Native Sequence for : C_AcctProcessor
----------->     (WARNING)  PostgreHelper.ExecuteNonQuery: [18]DBExecuteError - 42P01: sequence "c_acctprocessorlog_seq" does not exist
05:36:30.363    (INFO)     NativeSequence.AddLog: [18]0 - 1/1/0001 12:00:00 AM -  - Created Native Sequence for : C_AcctProcessorLog
----------->     (WARNING)  PostgreHelper.ExecuteNonQuery: [18]DBExecuteError - 42P01: sequence "c_acctschema_seq" does not exist
05:36:30.363    (INFO)     NativeSequence.AddLog: [18]0 - 1/1/0001 12:00:00 AM -  - Created Native Sequence for : C_AcctSchema
05:36:30.363    (INFO)     NativeSequence.AddLog: [18]0 - 1/1/0001 12:00:00 AM -  - Created Native Sequence for : C_AcctSchema_Default
----------->     (WARNING)  PostgreHelper.ExecuteNonQuery: [18]DBExecuteError - 42P01: sequence "c_acctschema_element_seq" does not exist
05:36:30.363    (INFO)     NativeSequence.AddLog: [18]0 - 1/1/0001 12:00:00 AM -  - Created Native Sequence for : C_AcctSchema_Element
05:36:30.363    (INFO)     NativeSequence.AddLog: [18]0 - 1/1/0001 12:00:00 AM -  - Created Native Sequence for : C_AcctSchema_GL
----------->     (WARNING)  PostgreHelper.ExecuteNonQuery: [18]DBExecuteError - 42P01: sequence "c_activity_seq" does not exist
05:36:30.363    (INFO)     NativeSequence.AddLog: [18]0 - 1/1/0001 12:00:00 AM -  - Created Native Sequence for : C_Activity
----------->     (WARNING)  PostgreHelper.ExecuteNonQuery: [18]DBExecuteError - 42P01: sequence "c_allocationhdr_seq" does not exist
05:36:30.363    (INFO)     NativeSequence.AddLog: [18]0 - 1/1/0001 12:00:00 AM -  - Created Native Sequence for : C_AllocationHdr
----------->     (WARNING)  PostgreHelper.ExecuteNonQuery: [18]DBExecuteError - 42P01: sequence "c_allocationline_seq" does not exist
05:36:30.363    (INFO)     NativeSequence.AddLog: [18]0 - 1/1/0001 12:00:00 AM -  - Created Native Sequence for : C_AllocationLine
----------->     (WARNING)  PostgreHelper.ExecuteNonQuery: [18]DBExecuteError - 42P01: sequence "c_area_seq" does not exist
05:36:30.363    (INFO)     NativeSequence.AddLog: [18]0 - 1/1/0001 12:00:00 AM -  - Created Native Sequence for : C_Area
----------->     (WARNING)  PostgreHelper.ExecuteNonQuery: [18]DBExecuteError - 42P01: sequence "c_bank_seq" does not exist
05:36:30.363    (INFO)     NativeSequence.AddLog: [18]0 - 1/1/0001 12:00:00 AM -  - Created Native Sequence for : C_Bank
----------->     (WARNING)  PostgreHelper.ExecuteNonQuery: [18]DBExecuteError - 42P01: sequence "c_bankaccount_seq" does not exist
05:36:30.363    (INFO)     NativeSequence.AddLog: [18]0 - 1/1/0001 12:00:00 AM -  - Created Native Sequence for : C_BankAccount
05:36:30.363    (INFO)     NativeSequence.AddLog: [18]0 - 1/1/0001 12:00:00 AM -  - Created Native Sequence for : C_BankAccount_Acct
----------->     (WARNING)  PostgreHelper.ExecuteNonQuery: [18]DBExecuteError - 42P01: sequence "c_bankaccountdoc_seq" does not exist
05:36:30.363    (INFO)     NativeSequence.AddLog: [18]0 - 1/1/0001 12:00:00 AM -  - Created Native Sequence for : C_BankAccountDoc
----------->     (WARNING)  PostgreHelper.ExecuteNonQuery: [18]DBExecuteError - 42P01: sequence "c_bankaccountline_seq" does not exist
05:36:30.363    (INFO)     NativeSequence.AddLog: [18]0 - 1/1/0001 12:00:00 AM -  - Created Native Sequence for : C_BankAccountLine
----------->     (WARNING)  PostgreHelper.ExecuteNonQuery: [18]DBExecuteError - 42P01: sequence "c_bankstatement_seq" does not exist
05:36:30.363    (INFO)     NativeSequence.AddLog: [18]0 - 1/1/0001 12:00:00 AM -  - Created Native Sequence for : C_BankStatement
----------->     (WARNING)  PostgreHelper.ExecuteNonQuery: [18]DBExecuteError - 42P01: sequence "c_bankstatementline_seq" does not exist
05:36:30.363    (INFO)     NativeSequence.AddLog: [18]0 - 1/1/0001 12:00:00 AM -  - Created Native Sequence for : C_BankStatementLine
----------->     (WARNING)  PostgreHelper.ExecuteNonQuery: [18]DBExecuteError - 42P01: sequence "c_bankstatementloader_seq" does not exist
05:36:30.363    (INFO)     NativeSequence.AddLog: [18]0 - 1/1/0001 12:00:00 AM -  - Created Native Sequence for : C_BankStatementLoader
----------->     (WARNING)  PostgreHelper.ExecuteNonQuery: [18]DBExecuteError - 42P01: sequence "c_bankstatementmatcher_seq" does not exist
05:36:30.363    (INFO)     NativeSequence.AddLog: [18]0 - 1/1/0001 12:00:00 AM -  - Created Native Sequence for : C_BankStatementMatcher
----------->     (WARNING)  PostgreHelper.ExecuteNonQuery: [18]DBExecuteError - 42P01: sequence "c_bp_bankaccount_seq" does not exist
05:36:30.363    (INFO)     NativeSequence.AddLog: [18]0 - 1/1/0001 12:00:00 AM -  - Created Native Sequence for : C_BP_BankAccount
05:36:30.363    (INFO)     NativeSequence.AddLog: [18]0 - 1/1/0001 12:00:00 AM -  - Created Native Sequence for : C_BP_Customer_Acct
----------->     (WARNING)  PostgreHelper.ExecuteNonQuery: [18]DBExecuteError - 42P01: sequence "c_bp_edi_seq" does not exist
05:36:30.363    (INFO)     NativeSequence.AddLog: [18]0 - 1/1/0001 12:00:00 AM -  - Created Native Sequence for : C_BP_EDI
05:36:30.363    (INFO)     NativeSequence.AddLog: [18]0 - 1/1/0001 12:00:00 AM -  - Created Native Sequence for : C_BP_Employee_Acct
----------->     (WARNING)  PostgreHelper.ExecuteNonQuery: [18]DBExecuteError - 42P01: sequence "c_bp_group_seq" does not exist
05:36:30.363    (INFO)     NativeSequence.AddLog: [18]0 - 1/1/0001 12:00:00 AM -  - Created Native Sequence for : C_BP_Group
05:36:31.363    (INFO)     NativeSequence.AddLog: [18]0 - 1/1/0001 12:00:00 AM -  - Created Native Sequence for : C_BP_Group_Acct
----------->     (WARNING)  PostgreHelper.ExecuteNonQuery: [18]DBExecuteError - 42P01: sequence "c_bp_relation_seq" does not exist
05:36:31.363    (INFO)     NativeSequence.AddLog: [18]0 - 1/1/0001 12:00:00 AM -  - Created Native Sequence for : C_BP_Relation
----------->     (WARNING)  PostgreHelper.ExecuteNonQuery: [18]DBExecuteError - 42P01: sequence "c_bp_size_seq" does not exist
05:36:31.363    (INFO)     NativeSequence.AddLog: [18]0 - 1/1/0001 12:00:00 AM -  - Created Native Sequence for : C_BP_Size
----------->     (WARNING)  PostgreHelper.ExecuteNonQuery: [18]DBExecuteError - 42P01: sequence "c_bp_status_seq" does not exist
05:36:31.363    (INFO)     NativeSequence.AddLog: [18]0 - 1/1/0001 12:00:00 AM -  - Created Native Sequence for : C_BP_Status
05:36:31.363    (INFO)     NativeSequence.AddLog: [18]0 - 1/1/0001 12:00:00 AM -  - Created Native Sequence for : C_BP_Vendor_Acct
05:36:31.363    (INFO)     NativeSequence.AddLog: [18]0 - 1/1/0001 12:00:00 AM -  - Created Native Sequence for : C_BP_Withholding
----------->     (WARNING)  PostgreHelper.ExecuteNonQuery: [18]DBExecuteError - 42P01: sequence "c_bpartner_seq" does not exist
05:36:31.363    (INFO)     NativeSequence.AddLog: [18]0 - 1/1/0001 12:00:00 AM -  - Created Native Sequence for : C_BPartner
----------->     (WARNING)  PostgreHelper.ExecuteNonQuery: [18]DBExecuteError - 42P01: sequence "c_bpartner_location_seq" does not exist
05:36:31.363    (INFO)     NativeSequence.AddLog: [18]0 - 1/1/0001 12:00:00 AM -  - Created Native Sequence for : C_BPartner_Location
05:36:31.363    (INFO)     NativeSequence.AddLog: [18]0 - 1/1/0001 12:00:00 AM -  - Created Native Sequence for : C_BPartner_Product
----------->     (WARNING)  PostgreHelper.ExecuteNonQuery: [18]DBExecuteError - 42P01: sequence "c_calendar_seq" does not exist
05:36:31.363    (INFO)     NativeSequence.AddLog: [18]0 - 1/1/0001 12:00:00 AM -  - Created Native Sequence for : C_Calendar
----------->     (WARNING)  PostgreHelper.ExecuteNonQuery: [18]DBExecuteError - 42P01: sequence "c_campaign_seq" does not exist
05:36:31.363    (INFO)     NativeSequence.AddLog: [18]0 - 1/1/0001 12:00:00 AM -  - Created Native Sequence for : C_Campaign
----------->     (WARNING)  PostgreHelper.ExecuteNonQuery: [18]DBExecuteError - 42P01: sequence "c_campaignphase_seq" does not exist
05:36:31.363    (INFO)     NativeSequence.AddLog: [18]0 - 1/1/0001 12:00:00 AM -  - Created Native Sequence for : C_CampaignPhase
----------->     (WARNING)  PostgreHelper.ExecuteNonQuery: [18]DBExecuteError - 42P01: sequence "c_campaigntargetlist_seq" does not exist
05:36:31.363    (INFO)     NativeSequence.AddLog: [18]0 - 1/1/0001 12:00:00 AM -  - Created Native Sequence for : C_CampaignTargetList
----------->     (WARNING)  PostgreHelper.ExecuteNonQuery: [18]DBExecuteError - 42P01: sequence "c_campaigntask_seq" does not exist
05:36:31.363    (INFO)     NativeSequence.AddLog: [18]0 - 1/1/0001 12:00:00 AM -  - Created Native Sequence for : C_CampaignTask
----------->     (WARNING)  PostgreHelper.ExecuteNonQuery: [18]DBExecuteError - 42P01: sequence "c_campaigntemplate_seq" does not exist
05:36:31.363    (INFO)     NativeSequence.AddLog: [18]0 - 1/1/0001 12:00:00 AM -  - Created Native Sequence for : C_CampaignTemplate
----------->     (WARNING)  PostgreHelper.ExecuteNonQuery: [18]DBExecuteError - 42P01: sequence "c_campaigntype_seq" does not exist
05:36:31.363    (INFO)     NativeSequence.AddLog: [18]0 - 1/1/0001 12:00:00 AM -  - Created Native Sequence for : C_CampaignType
----------->     (WARNING)  PostgreHelper.ExecuteNonQuery: [18]DBExecuteError - 42P01: sequence "c_cash_seq" does not exist
05:36:31.363    (INFO)     NativeSequence.AddLog: [18]0 - 1/1/0001 12:00:00 AM -  - Created Native Sequence for : C_Cash
05:36:31.363    (INFO)     NativeSequence.AddLog: [18]0 - 1/1/0001 12:00:00 AM -  - Created Native Sequence for : C_Cash_ExpenseReceipt_Acct
----------->     (WARNING)  PostgreHelper.ExecuteNonQuery: [18]DBExecuteError - 42P01: sequence "c_cash_expensereceipttype_seq" does not exist
05:36:31.363    (INFO)     NativeSequence.AddLog: [18]0 - 1/1/0001 12:00:00 AM -  - Created Native Sequence for : C_Cash_ExpenseReceiptType
----------->     (WARNING)  PostgreHelper.ExecuteNonQuery: [18]DBExecuteError - 42P01: sequence "c_cashbook_seq" does not exist
05:36:31.363    (INFO)     NativeSequence.AddLog: [18]0 - 1/1/0001 12:00:00 AM -  - Created Native Sequence for : C_CashBook
05:36:31.363    (INFO)     NativeSequence.AddLog: [18]0 - 1/1/0001 12:00:00 AM -  - Created Native Sequence for : C_CashBook_Acct
----------->     (WARNING)  PostgreHelper.ExecuteNonQuery: [18]DBExecuteError - 42P01: sequence "c_cashbookline_seq" does not exist
05:36:31.363    (INFO)     NativeSequence.AddLog: [18]0 - 1/1/0001 12:00:00 AM -  - Created Native Sequence for : C_CashbookLine
----------->     (WARNING)  PostgreHelper.ExecuteNonQuery: [18]DBExecuteError - 42P01: sequence "c_cashline_seq" does not exist
05:36:31.363    (INFO)     NativeSequence.AddLog: [18]0 - 1/1/0001 12:00:00 AM -  - Created Native Sequence for : C_CashLine
----------->     (WARNING)  PostgreHelper.ExecuteNonQuery: [18]DBExecuteError - 42P01: sequence "c_channel_seq" does not exist
05:36:31.363    (INFO)     NativeSequence.AddLog: [18]0 - 1/1/0001 12:00:00 AM -  - Created Native Sequence for : C_Channel
----------->     (WARNING)  PostgreHelper.ExecuteNonQuery: [18]DBExecuteError - 42P01: sequence "c_charge_seq" does not exist
05:36:31.363    (INFO)     NativeSequence.AddLog: [18]0 - 1/1/0001 12:00:00 AM -  - Created Native Sequence for : C_Charge
05:36:31.363    (INFO)     NativeSequence.AddLog: [18]0 - 1/1/0001 12:00:00 AM -  - Created Native Sequence for : C_Charge_Acct
----------->     (WARNING)  PostgreHelper.ExecuteNonQuery: [18]DBExecuteError - 42P01: sequence "c_city_seq" does not exist
05:36:31.363    (INFO)     NativeSequence.AddLog: [18]0 - 1/1/0001 12:00:00 AM -  - Created Native Sequence for : C_City
----------->     (WARNING)  PostgreHelper.ExecuteNonQuery: [18]DBExecuteError - 42P01: sequence "c_commission_seq" does not exist
05:36:31.363    (INFO)     NativeSequence.AddLog: [18]0 - 1/1/0001 12:00:00 AM -  - Created Native Sequence for : C_Commission
----------->     (WARNING)  PostgreHelper.ExecuteNonQuery: [18]DBExecuteError - 42P01: sequence "c_commissionamt_seq" does not exist
05:36:31.363    (INFO)     NativeSequence.AddLog: [18]0 - 1/1/0001 12:00:00 AM -  - Created Native Sequence for : C_CommissionAmt
----------->     (WARNING)  PostgreHelper.ExecuteNonQuery: [18]DBExecuteError - 42P01: sequence "c_commissiondetail_seq" does not exist
05:36:31.363    (INFO)     NativeSequence.AddLog: [18]0 - 1/1/0001 12:00:00 AM -  - Created Native Sequence for : C_CommissionDetail
----------->     (WARNING)  PostgreHelper.ExecuteNonQuery: [18]DBExecuteError - 42P01: sequence "c_commissionline_seq" does not exist
05:36:31.363    (INFO)     NativeSequence.AddLog: [18]0 - 1/1/0001 12:00:00 AM -  - Created Native Sequence for : C_CommissionLine
----------->     (WARNING)  PostgreHelper.ExecuteNonQuery: [18]DBExecuteError - 42P01: sequence "c_commissionrun_seq" does not exist
05:36:31.363    (INFO)     NativeSequence.AddLog: [18]0 - 1/1/0001 12:00:00 AM -  - Created Native Sequence for : C_CommissionRun
----------->     (WARNING)  PostgreHelper.ExecuteNonQuery: [18]DBExecuteError - 42P01: sequence "c_consolidationreference_seq" does not exist
05:36:31.363    (INFO)     NativeSequence.AddLog: [18]0 - 1/1/0001 12:00:00 AM -  - Created Native Sequence for : C_ConsolidationReference
----------->     (WARNING)  PostgreHelper.ExecuteNonQuery: [18]DBExecuteError - 42P01: sequence "c_contract_seq" does not exist
05:36:31.363    (INFO)     NativeSequence.AddLog: [18]0 - 1/1/0001 12:00:00 AM -  - Created Native Sequence for : C_Contract
----------->     (WARNING)  PostgreHelper.ExecuteNonQuery: [18]DBExecuteError - 42P01: sequence "c_contractschedule_seq" does not exist
05:36:31.363    (INFO)     NativeSequence.AddLog: [18]0 - 1/1/0001 12:00:00 AM -  - Created Native Sequence for : C_ContractSchedule
----------->     (WARNING)  PostgreHelper.ExecuteNonQuery: [18]DBExecuteError - 42P01: sequence "c_conversion_rate_seq" does not exist
05:36:31.363    (INFO)     NativeSequence.AddLog: [18]0 - 1/1/0001 12:00:00 AM -  - Created Native Sequence for : C_Conversion_Rate
----------->     (WARNING)  PostgreHelper.ExecuteNonQuery: [18]DBExecuteError - 42P01: sequence "c_conversiontype_seq" does not exist
05:36:31.363    (INFO)     NativeSequence.AddLog: [18]0 - 1/1/0001 12:00:00 AM -  - Created Native Sequence for : C_ConversionType
----------->     (WARNING)  PostgreHelper.ExecuteNonQuery: [18]DBExecuteError - 42P01: sequence "c_country_seq" does not exist
05:36:31.363    (INFO)     NativeSequence.AddLog: [18]0 - 1/1/0001 12:00:00 AM -  - Created Native Sequence for : C_Country
===========>     (SEVERE)   PostgreHelper.ExecuteReader: [18]42703: column "c_country_trl_id" does not exist

POSITION: 13 [Query DR] SELECT MAX( C_Country_Trl_ID) FROM C_Country_Trl
===========>     (SEVERE)   DB.GetSQLValue: [18]SELECT MAX( C_Country_Trl_ID) FROM C_Country_Trl => 42703: column "c_country_trl_id" does not exist

POSITION: 13
----------->     (WARNING)  PostgreHelper.ExecuteNonQuery: [18]DBExecuteError - 42P01: sequence "c_country_trl_seq" does not exist
05:36:31.363    (INFO)     NativeSequence.AddLog: [18]0 - 1/1/0001 12:00:00 AM -  - Created Native Sequence for : C_Country_Trl
----------->     (WARNING)  PostgreHelper.ExecuteNonQuery: [18]DBExecuteError - 42P01: sequence "c_currcrossrate_seq" does not exist
05:36:31.363    (INFO)     NativeSequence.AddLog: [18]0 - 1/1/0001 12:00:00 AM -  - Created Native Sequence for : C_CurrCrossRate
----------->     (WARNING)  PostgreHelper.ExecuteNonQuery: [18]DBExecuteError - 42P01: sequence "c_currency_seq" does not exist
05:36:31.363    (INFO)     NativeSequence.AddLog: [18]0 - 1/1/0001 12:00:00 AM -  - Created Native Sequence for : C_Currency
05:36:31.363    (INFO)     NativeSequence.AddLog: [18]0 - 1/1/0001 12:00:00 AM -  - Created Native Sequence for : C_Currency_Acct
===========>     (SEVERE)   PostgreHelper.ExecuteReader: [18]42703: column "c_currency_trl_id" does not exist

POSITION: 13 [Query DR] SELECT MAX( C_Currency_Trl_ID) FROM C_Currency_Trl
===========>     (SEVERE)   DB.GetSQLValue: [18]SELECT MAX( C_Currency_Trl_ID) FROM C_Currency_Trl => 42703: column "c_currency_trl_id" does not exist

POSITION: 13
----------->     (WARNING)  PostgreHelper.ExecuteNonQuery: [18]DBExecuteError - 42P01: sequence "c_currency_trl_seq" does not exist
05:36:31.363    (INFO)     NativeSequence.AddLog: [18]0 - 1/1/0001 12:00:00 AM -  - Created Native Sequence for : C_Currency_Trl
----------->     (WARNING)  PostgreHelper.ExecuteNonQuery: [18]DBExecuteError - 42P01: sequence "c_currencyrounding_seq" does not exist
05:36:31.363    (INFO)     NativeSequence.AddLog: [18]0 - 1/1/0001 12:00:00 AM -  - Created Native Sequence for : C_CurrencyRounding
----------->     (WARNING)  PostgreHelper.ExecuteNonQuery: [18]DBExecuteError - 42P01: sequence "c_currencysource_seq" does not exist
05:36:31.363    (INFO)     NativeSequence.AddLog: [18]0 - 1/1/0001 12:00:00 AM -  - Created Native Sequence for : C_CurrencySource
----------->     (WARNING)  PostgreHelper.ExecuteNonQuery: [18]DBExecuteError - 42P01: sequence "c_cycle_seq" does not exist
05:36:31.363    (INFO)     NativeSequence.AddLog: [18]0 - 1/1/0001 12:00:00 AM -  - Created Native Sequence for : C_Cycle
05:36:31.363    (INFO)     NativeSequence.AddLog: [18]0 - 1/1/0001 12:00:00 AM -  - Created Native Sequence for : C_CyclePhase
----------->     (WARNING)  PostgreHelper.ExecuteNonQuery: [18]DBExecuteError - 42P01: sequence "c_cyclestep_seq" does not exist
05:36:31.363    (INFO)     NativeSequence.AddLog: [18]0 - 1/1/0001 12:00:00 AM -  - Created Native Sequence for : C_CycleStep
----------->     (WARNING)  PostgreHelper.ExecuteNonQuery: [18]DBExecuteError - 42P01: sequence "c_dimamt_seq" does not exist
05:36:31.363    (INFO)     NativeSequence.AddLog: [18]0 - 1/1/0001 12:00:00 AM -  - Created Native Sequence for : C_DimAmt
----------->     (WARNING)  PostgreHelper.ExecuteNonQuery: [18]DBExecuteError - 42P01: sequence "c_dimamtaccttype_seq" does not exist
05:36:31.363    (INFO)     NativeSequence.AddLog: [18]0 - 1/1/0001 12:00:00 AM -  - Created Native Sequence for : C_DimAmtAcctType
----------->     (WARNING)  PostgreHelper.ExecuteNonQuery: [18]DBExecuteError - 42P01: sequence "c_dimamtline_seq" does not exist
05:36:31.363    (INFO)     NativeSequence.AddLog: [18]0 - 1/1/0001 12:00:00 AM -  - Created Native Sequence for : C_DimAmtLine
----------->     (WARNING)  PostgreHelper.ExecuteNonQuery: [18]DBExecuteError - 42P01: sequence "c_docbasetype_seq" does not exist
05:36:31.363    (INFO)     NativeSequence.AddLog: [18]0 - 1/1/0001 12:00:00 AM -  - Created Native Sequence for : C_DocBaseType
----------->     (WARNING)  PostgreHelper.ExecuteNonQuery: [18]DBExecuteError - 42P01: sequence "c_doctype_seq" does not exist
05:36:31.363    (INFO)     NativeSequence.AddLog: [18]0 - 1/1/0001 12:00:00 AM -  - Created Native Sequence for : C_DocType
===========>     (SEVERE)   PostgreHelper.ExecuteReader: [18]42703: column "c_doctype_trl_id" does not exist

POSITION: 13 [Query DR] SELECT MAX( C_DocType_Trl_ID) FROM C_DocType_Trl
===========>     (SEVERE)   DB.GetSQLValue: [18]SELECT MAX( C_DocType_Trl_ID) FROM C_DocType_Trl => 42703: column "c_doctype_trl_id" does not exist

POSITION: 13
----------->     (WARNING)  PostgreHelper.ExecuteNonQuery: [18]DBExecuteError - 42P01: sequence "c_doctype_trl_seq" does not exist
05:36:31.363    (INFO)     NativeSequence.AddLog: [18]0 - 1/1/0001 12:00:00 AM -  - Created Native Sequence for : C_DocType_Trl
----------->     (WARNING)  PostgreHelper.ExecuteNonQuery: [18]DBExecuteError - 42P01: sequence "c_doctypecounter_seq" does not exist
05:36:31.363    (INFO)     NativeSequence.AddLog: [18]0 - 1/1/0001 12:00:00 AM -  - Created Native Sequence for : C_DocTypeCounter
----------->     (WARNING)  PostgreHelper.ExecuteNonQuery: [18]DBExecuteError - 42P01: sequence "c_dunning_seq" does not exist
05:36:31.363    (INFO)     NativeSequence.AddLog: [18]0 - 1/1/0001 12:00:00 AM -  - Created Native Sequence for : C_Dunning
----------->     (WARNING)  PostgreHelper.ExecuteNonQuery: [18]DBExecuteError - 42P01: sequence "c_dunninglevel_seq" does not exist
05:36:31.363    (INFO)     NativeSequence.AddLog: [18]0 - 1/1/0001 12:00:00 AM -  - Created Native Sequence for : C_DunningLevel
===========>     (SEVERE)   PostgreHelper.ExecuteReader: [18]42703: column "c_dunninglevel_trl_id" does not exist

POSITION: 13 [Query DR] SELECT MAX( C_DunningLevel_Trl_ID) FROM C_DunningLevel_Trl
===========>     (SEVERE)   DB.GetSQLValue: [18]SELECT MAX( C_DunningLevel_Trl_ID) FROM C_DunningLevel_Trl => 42703: column "c_dunninglevel_trl_id" does not exist

POSITION: 13
----------->     (WARNING)  PostgreHelper.ExecuteNonQuery: [18]DBExecuteError - 42P01: sequence "c_dunninglevel_trl_seq" does not exist
05:36:31.363    (INFO)     NativeSequence.AddLog: [18]0 - 1/1/0001 12:00:00 AM -  - Created Native Sequence for : C_DunningLevel_Trl
----------->     (WARNING)  PostgreHelper.ExecuteNonQuery: [18]DBExecuteError - 42P01: sequence "c_dunningrun_seq" does not exist
05:36:31.363    (INFO)     NativeSequence.AddLog: [18]0 - 1/1/0001 12:00:00 AM -  - Created Native Sequence for : C_DunningRun
----------->     (WARNING)  PostgreHelper.ExecuteNonQuery: [18]DBExecuteError - 42P01: sequence "c_dunningrunentry_seq" does not exist
05:36:31.363    (INFO)     NativeSequence.AddLog: [18]0 - 1/1/0001 12:00:00 AM -  - Created Native Sequence for : C_DunningRunEntry
----------->     (WARNING)  PostgreHelper.ExecuteNonQuery: [18]DBExecuteError - 42P01: sequence "c_dunningrunline_seq" does not exist
05:36:31.363    (INFO)     NativeSequence.AddLog: [18]0 - 1/1/0001 12:00:00 AM -  - Created Native Sequence for : C_DunningRunLine
----------->     (WARNING)  PostgreHelper.ExecuteNonQuery: [18]DBExecuteError - 42P01: sequence "c_element_seq" does not exist
05:36:31.363    (INFO)     NativeSequence.AddLog: [18]0 - 1/1/0001 12:00:00 AM -  - Created Native Sequence for : C_Element
----------->     (WARNING)  PostgreHelper.ExecuteNonQuery: [18]DBExecuteError - 42P01: sequence "c_elementvalue_seq" does not exist
05:36:31.363    (INFO)     NativeSequence.AddLog: [18]0 - 1/1/0001 12:00:00 AM -  - Created Native Sequence for : C_ElementValue
===========>     (SEVERE)   PostgreHelper.ExecuteReader: [18]42703: column "c_elementvalue_trl_id" does not exist

POSITION: 13 [Query DR] SELECT MAX( C_ElementValue_Trl_ID) FROM C_ElementValue_Trl
===========>     (SEVERE)   DB.GetSQLValue: [18]SELECT MAX( C_ElementValue_Trl_ID) FROM C_ElementValue_Trl => 42703: column "c_elementvalue_trl_id" does not exist

POSITION: 13
----------->     (WARNING)  PostgreHelper.ExecuteNonQuery: [18]DBExecuteError - 42P01: sequence "c_elementvalue_trl_seq" does not exist
05:36:31.363    (INFO)     NativeSequence.AddLog: [18]0 - 1/1/0001 12:00:00 AM -  - Created Native Sequence for : C_ElementValue_Trl
----------->     (WARNING)  PostgreHelper.ExecuteNonQuery: [18]DBExecuteError - 42P01: sequence "c_elementvaluetemp_seq" does not exist
05:36:31.363    (INFO)     NativeSequence.AddLog: [18]0 - 1/1/0001 12:00:00 AM -  - Created Native Sequence for : C_ElementValueTemp
----------->     (WARNING)  PostgreHelper.ExecuteNonQuery: [18]DBExecuteError - 42P01: sequence "c_expectedcost_seq" does not exist
05:36:31.363    (INFO)     NativeSequence.AddLog: [18]0 - 1/1/0001 12:00:00 AM -  - Created Native Sequence for : C_ExpectedCost
----------->     (WARNING)  PostgreHelper.ExecuteNonQuery: [18]DBExecuteError - 42P01: sequence "c_expectedcostdistribution_seq" does not exist
05:36:31.363    (INFO)     NativeSequence.AddLog: [18]0 - 1/1/0001 12:00:00 AM -  - Created Native Sequence for : C_ExpectedCostDistribution
----------->     (WARNING)  PostgreHelper.ExecuteNonQuery: [18]DBExecuteError - 42P01: sequence "c_finrptacctgroup_seq" does not exist
05:36:31.363    (INFO)     NativeSequence.AddLog: [18]0 - 1/1/0001 12:00:00 AM -  - Created Native Sequence for : C_FinRptAcctGroup
----------->     (WARNING)  PostgreHelper.ExecuteNonQuery: [18]DBExecuteError - 42P01: sequence "c_finrptacctsubgroup_seq" does not exist
05:36:31.363    (INFO)     NativeSequence.AddLog: [18]0 - 1/1/0001 12:00:00 AM -  - Created Native Sequence for : C_FinRptAcctSubGroup
----------->     (WARNING)  PostgreHelper.ExecuteNonQuery: [18]DBExecuteError - 42P01: sequence "c_finrptconfig_seq" does not exist
05:36:31.363    (INFO)     NativeSequence.AddLog: [18]0 - 1/1/0001 12:00:00 AM -  - Created Native Sequence for : C_FinRptConfig
----------->     (WARNING)  PostgreHelper.ExecuteNonQuery: [18]DBExecuteError - 42P01: sequence "c_forecast_seq" does not exist
05:36:31.363    (INFO)     NativeSequence.AddLog: [18]0 - 1/1/0001 12:00:00 AM -  - Created Native Sequence for : C_Forecast
----------->     (WARNING)  PostgreHelper.ExecuteNonQuery: [18]DBExecuteError - 42P01: sequence "c_forecastline_seq" does not exist
05:36:31.363    (INFO)     NativeSequence.AddLog: [18]0 - 1/1/0001 12:00:00 AM -  - Created Native Sequence for : C_ForecastLine
----------->     (WARNING)  PostgreHelper.ExecuteNonQuery: [18]DBExecuteError - 42P01: sequence "c_forecastlinehistory_seq" does not exist
05:36:31.363    (INFO)     NativeSequence.AddLog: [18]0 - 1/1/0001 12:00:00 AM -  - Created Native Sequence for : C_ForecastLineHistory
----------->     (WARNING)  PostgreHelper.ExecuteNonQuery: [18]DBExecuteError - 42P01: sequence "c_frequency_seq" does not exist
05:36:31.363    (INFO)     NativeSequence.AddLog: [18]0 - 1/1/0001 12:00:00 AM -  - Created Native Sequence for : C_Frequency
----------->     (WARNING)  PostgreHelper.ExecuteNonQuery: [18]DBExecuteError - 42P01: sequence "c_genattribute_seq" does not exist
05:36:31.363    (INFO)     NativeSequence.AddLog: [18]0 - 1/1/0001 12:00:00 AM -  - Created Native Sequence for : C_GenAttribute
05:36:31.363    (INFO)     NativeSequence.AddLog: [18]0 - 1/1/0001 12:00:00 AM -  - Created Native Sequence for : C_GenAttributeInstance
----------->     (WARNING)  PostgreHelper.ExecuteNonQuery: [18]DBExecuteError - 42P01: sequence "c_genattributesearch_seq" does not exist
05:36:32.363    (INFO)     NativeSequence.AddLog: [18]0 - 1/1/0001 12:00:00 AM -  - Created Native Sequence for : C_GenAttributeSearch
----------->     (WARNING)  PostgreHelper.ExecuteNonQuery: [18]DBExecuteError - 42P01: sequence "c_genattributeset_seq" does not exist
05:36:32.363    (INFO)     NativeSequence.AddLog: [18]0 - 1/1/0001 12:00:00 AM -  - Created Native Sequence for : C_GenAttributeSet
----------->     (WARNING)  PostgreHelper.ExecuteNonQuery: [18]DBExecuteError - 42P01: sequence "c_genattributesetexclude_seq" does not exist
05:36:32.363    (INFO)     NativeSequence.AddLog: [18]0 - 1/1/0001 12:00:00 AM -  - Created Native Sequence for : C_GenAttributeSetExclude
----------->     (WARNING)  PostgreHelper.ExecuteNonQuery: [18]DBExecuteError - 42P01: sequence "c_genattributesetinstance_seq" does not exist
05:36:32.363    (INFO)     NativeSequence.AddLog: [18]0 - 1/1/0001 12:00:00 AM -  - Created Native Sequence for : C_GenAttributeSetInstance
05:36:32.363    (INFO)     NativeSequence.AddLog: [18]0 - 1/1/0001 12:00:00 AM -  - Created Native Sequence for : C_GenAttributeUse
----------->     (WARNING)  PostgreHelper.ExecuteNonQuery: [18]DBExecuteError - 42P01: sequence "c_genattributevalue_seq" does not exist
05:36:32.363    (INFO)     NativeSequence.AddLog: [18]0 - 1/1/0001 12:00:00 AM -  - Created Native Sequence for : C_GenAttributeValue
----------->     (WARNING)  PostgreHelper.ExecuteNonQuery: [18]DBExecuteError - 42P01: sequence "c_greeting_seq" does not exist
05:36:32.363    (INFO)     NativeSequence.AddLog: [18]0 - 1/1/0001 12:00:00 AM -  - Created Native Sequence for : C_Greeting
===========>     (SEVERE)   PostgreHelper.ExecuteReader: [18]42703: column "c_greeting_trl_id" does not exist

POSITION: 13 [Query DR] SELECT MAX( C_Greeting_Trl_ID) FROM C_Greeting_Trl
===========>     (SEVERE)   DB.GetSQLValue: [18]SELECT MAX( C_Greeting_Trl_ID) FROM C_Greeting_Trl => 42703: column "c_greeting_trl_id" does not exist

POSITION: 13
----------->     (WARNING)  PostgreHelper.ExecuteNonQuery: [18]DBExecuteError - 42P01: sequence "c_greeting_trl_seq" does not exist
05:36:32.363    (INFO)     NativeSequence.AddLog: [18]0 - 1/1/0001 12:00:00 AM -  - Created Native Sequence for : C_Greeting_Trl
----------->     (WARNING)  PostgreHelper.ExecuteNonQuery: [18]DBExecuteError - 42P01: sequence "c_incometax_seq" does not exist
05:36:32.363    (INFO)     NativeSequence.AddLog: [18]0 - 1/1/0001 12:00:00 AM -  - Created Native Sequence for : C_IncomeTax
----------->     (WARNING)  PostgreHelper.ExecuteNonQuery: [18]DBExecuteError - 42P01: sequence "c_incometaxlines_seq" does not exist
05:36:32.363    (INFO)     NativeSequence.AddLog: [18]0 - 1/1/0001 12:00:00 AM -  - Created Native Sequence for : C_IncomeTaxLines
----------->     (WARNING)  PostgreHelper.ExecuteNonQuery: [18]DBExecuteError - 42P01: sequence "c_incoterm_seq" does not exist
05:36:32.363    (INFO)     NativeSequence.AddLog: [18]0 - 1/1/0001 12:00:00 AM -  - Created Native Sequence for : C_IncoTerm
----------->     (WARNING)  PostgreHelper.ExecuteNonQuery: [18]DBExecuteError - 42P01: sequence "c_incotermrule_seq" does not exist
05:36:32.363    (INFO)     NativeSequence.AddLog: [18]0 - 1/1/0001 12:00:00 AM -  - Created Native Sequence for : C_IncoTermRule
----------->     (WARNING)  PostgreHelper.ExecuteNonQuery: [18]DBExecuteError - 42P01: sequence "c_industrycode_seq" does not exist
05:36:32.363    (INFO)     NativeSequence.AddLog: [18]0 - 1/1/0001 12:00:00 AM -  - Created Native Sequence for : C_IndustryCode
05:36:32.363    (INFO)     NativeSequence.AddLog: [18]0 - 1/1/0001 12:00:00 AM -  - Created Native Sequence for : C_InterOrg_Acct
----------->     (WARNING)  PostgreHelper.ExecuteNonQuery: [18]DBExecuteError - 42P01: sequence "c_inviteelist_seq" does not exist
05:36:32.363    (INFO)     NativeSequence.AddLog: [18]0 - 1/1/0001 12:00:00 AM -  - Created Native Sequence for : C_InviteeList
----------->     (WARNING)  PostgreHelper.ExecuteNonQuery: [18]DBExecuteError - 42P01: sequence "c_inviteeresponse_seq" does not exist
05:36:32.363    (INFO)     NativeSequence.AddLog: [18]0 - 1/1/0001 12:00:00 AM -  - Created Native Sequence for : C_InviteeResponse
----------->     (WARNING)  PostgreHelper.ExecuteNonQuery: [18]DBExecuteError - 42P01: sequence "c_invoice_seq" does not exist
05:36:32.363    (INFO)     NativeSequence.AddLog: [18]0 - 1/1/0001 12:00:00 AM -  - Created Native Sequence for : C_Invoice
----------->     (WARNING)  PostgreHelper.ExecuteNonQuery: [18]DBExecuteError - 42P01: sequence "c_invoicebatch_seq" does not exist
05:36:32.363    (INFO)     NativeSequence.AddLog: [18]0 - 1/1/0001 12:00:00 AM -  - Created Native Sequence for : C_InvoiceBatch
----------->     (WARNING)  PostgreHelper.ExecuteNonQuery: [18]DBExecuteError - 42P01: sequence "c_invoicebatchline_seq" does not exist
05:36:32.363    (INFO)     NativeSequence.AddLog: [18]0 - 1/1/0001 12:00:00 AM -  - Created Native Sequence for : C_InvoiceBatchLine
----------->     (WARNING)  PostgreHelper.ExecuteNonQuery: [18]DBExecuteError - 42P01: sequence "c_invoiceline_seq" does not exist
05:36:32.363    (INFO)     NativeSequence.AddLog: [18]0 - 1/1/0001 12:00:00 AM -  - Created Native Sequence for : C_InvoiceLine
----------->     (WARNING)  PostgreHelper.ExecuteNonQuery: [18]DBExecuteError - 42P01: sequence "c_invoicepayschedule_seq" does not exist
05:36:32.363    (INFO)     NativeSequence.AddLog: [18]0 - 1/1/0001 12:00:00 AM -  - Created Native Sequence for : C_InvoicePaySchedule
----------->     (WARNING)  PostgreHelper.ExecuteNonQuery: [18]DBExecuteError - 42P01: sequence "c_invoiceschedule_seq" does not exist
05:36:32.363    (INFO)     NativeSequence.AddLog: [18]0 - 1/1/0001 12:00:00 AM -  - Created Native Sequence for : C_InvoiceSchedule
05:36:32.363    (INFO)     NativeSequence.AddLog: [18]0 - 1/1/0001 12:00:00 AM -  - Created Native Sequence for : C_InvoiceTax
----------->     (WARNING)  PostgreHelper.ExecuteNonQuery: [18]DBExecuteError - 42P01: sequence "c_job_seq" does not exist
05:36:32.363    (INFO)     NativeSequence.AddLog: [18]0 - 1/1/0001 12:00:00 AM -  - Created Native Sequence for : C_Job
----------->     (WARNING)  PostgreHelper.ExecuteNonQuery: [18]DBExecuteError - 42P01: sequence "c_jobassignment_seq" does not exist
05:36:32.363    (INFO)     NativeSequence.AddLog: [18]0 - 1/1/0001 12:00:00 AM -  - Created Native Sequence for : C_JobAssignment
----------->     (WARNING)  PostgreHelper.ExecuteNonQuery: [18]DBExecuteError - 42P01: sequence "c_jobcategory_seq" does not exist
05:36:32.363    (INFO)     NativeSequence.AddLog: [18]0 - 1/1/0001 12:00:00 AM -  - Created Native Sequence for : C_JobCategory
----------->     (WARNING)  PostgreHelper.ExecuteNonQuery: [18]DBExecuteError - 42P01: sequence "c_jobremuneration_seq" does not exist
05:36:32.363    (INFO)     NativeSequence.AddLog: [18]0 - 1/1/0001 12:00:00 AM -  - Created Native Sequence for : C_JobRemuneration
----------->     (WARNING)  PostgreHelper.ExecuteNonQuery: [18]DBExecuteError - 42P01: sequence "c_landedcost_seq" does not exist
05:36:32.363    (INFO)     NativeSequence.AddLog: [18]0 - 1/1/0001 12:00:00 AM -  - Created Native Sequence for : C_LandedCost
----------->     (WARNING)  PostgreHelper.ExecuteNonQuery: [18]DBExecuteError - 42P01: sequence "c_landedcostallocation_seq" does not exist
05:36:32.363    (INFO)     NativeSequence.AddLog: [18]0 - 1/1/0001 12:00:00 AM -  - Created Native Sequence for : C_LandedCostAllocation
----------->     (WARNING)  PostgreHelper.ExecuteNonQuery: [18]DBExecuteError - 42P01: sequence "c_lead_seq" does not exist
05:36:32.363    (INFO)     NativeSequence.AddLog: [18]0 - 1/1/0001 12:00:00 AM -  - Created Native Sequence for : C_Lead
----------->     (WARNING)  PostgreHelper.ExecuteNonQuery: [18]DBExecuteError - 42P01: sequence "c_leadqualification_seq" does not exist
05:36:32.363    (INFO)     NativeSequence.AddLog: [18]0 - 1/1/0001 12:00:00 AM -  - Created Native Sequence for : C_LeadQualification
----------->     (WARNING)  PostgreHelper.ExecuteNonQuery: [18]DBExecuteError - 42P01: sequence "c_location_seq" does not exist
05:36:32.363    (INFO)     NativeSequence.AddLog: [18]0 - 1/1/0001 12:00:00 AM -  - Created Native Sequence for : C_Location
===========>     (SEVERE)   PostgreHelper.ExecuteReader: [18]42703: column "c_marrketingcampaign_v_id" does not exist

POSITION: 13 [Query DR] SELECT MAX( C_MARRKETINGCAMPAIGN_V_ID) FROM C_MARRKETINGCAMPAIGN_V
===========>     (SEVERE)   DB.GetSQLValue: [18]SELECT MAX( C_MARRKETINGCAMPAIGN_V_ID) FROM C_MARRKETINGCAMPAIGN_V => 42703: column "c_marrketingcampaign_v_id" does not exist

POSITION: 13
----------->     (WARNING)  PostgreHelper.ExecuteNonQuery: [18]DBExecuteError - 42P01: sequence "c_marrketingcampaign_v_seq" does not exist
05:36:32.363    (INFO)     NativeSequence.AddLog: [18]0 - 1/1/0001 12:00:00 AM -  - Created Native Sequence for : C_MARRKETINGCAMPAIGN_V
----------->     (WARNING)  PostgreHelper.ExecuteNonQuery: [18]DBExecuteError - 42P01: sequence "c_masterforecast_seq" does not exist
05:36:32.363    (INFO)     NativeSequence.AddLog: [18]0 - 1/1/0001 12:00:00 AM -  - Created Native Sequence for : C_MasterForecast
----------->     (WARNING)  PostgreHelper.ExecuteNonQuery: [18]DBExecuteError - 42P01: sequence "c_masterforecastline_seq" does not exist
05:36:32.363    (INFO)     NativeSequence.AddLog: [18]0 - 1/1/0001 12:00:00 AM -  - Created Native Sequence for : C_MasterForecastLine
----------->     (WARNING)  PostgreHelper.ExecuteNonQuery: [18]DBExecuteError - 42P01: sequence "c_masterforecastlinedetails_seq" does not exist
05:36:32.363    (INFO)     NativeSequence.AddLog: [18]0 - 1/1/0001 12:00:00 AM -  - Created Native Sequence for : C_MasterForecastLineDetails
----------->     (WARNING)  PostgreHelper.ExecuteNonQuery: [18]DBExecuteError - 42P01: sequence "c_mastertargetlist_seq" does not exist
05:36:32.363    (INFO)     NativeSequence.AddLog: [18]0 - 1/1/0001 12:00:00 AM -  - Created Native Sequence for : C_MasterTargetList
----------->     (WARNING)  PostgreHelper.ExecuteNonQuery: [18]DBExecuteError - 42P01: sequence "c_nonbusinessday_seq" does not exist
05:36:32.363    (INFO)     NativeSequence.AddLog: [18]0 - 1/1/0001 12:00:00 AM -  - Created Native Sequence for : C_NonBusinessDay
05:36:32.363    (INFO)     NativeSequence.AddLog: [18]0 - 1/1/0001 12:00:00 AM -  - Created Native Sequence for : C_Opportunity
----------->     (WARNING)  PostgreHelper.ExecuteNonQuery: [18]DBExecuteError - 42P01: sequence "c_order_seq" does not exist
05:36:32.363    (INFO)     NativeSequence.AddLog: [18]0 - 1/1/0001 12:00:00 AM -  - Created Native Sequence for : C_Order
----------->     (WARNING)  PostgreHelper.ExecuteNonQuery: [18]DBExecuteError - 42P01: sequence "c_orderline_seq" does not exist
05:36:32.363    (INFO)     NativeSequence.AddLog: [18]0 - 1/1/0001 12:00:00 AM -  - Created Native Sequence for : C_OrderLine
----------->     (WARNING)  PostgreHelper.ExecuteNonQuery: [18]DBExecuteError - 42P01: sequence "c_orderlinehistory_seq" does not exist
05:36:32.363    (INFO)     NativeSequence.AddLog: [18]0 - 1/1/0001 12:00:00 AM -  - Created Native Sequence for : C_OrderlineHistory
05:36:32.363    (INFO)     NativeSequence.AddLog: [18]0 - 1/1/0001 12:00:00 AM -  - Created Native Sequence for : C_OrderTax
----------->     (WARNING)  PostgreHelper.ExecuteNonQuery: [18]DBExecuteError - 42P01: sequence "c_orgassignment_seq" does not exist
05:36:32.363    (INFO)     NativeSequence.AddLog: [18]0 - 1/1/0001 12:00:00 AM -  - Created Native Sequence for : C_OrgAssignment
----------->     (WARNING)  PostgreHelper.ExecuteNonQuery: [18]DBExecuteError - 42P01: sequence "c_payment_seq" does not exist
05:36:32.363    (INFO)     NativeSequence.AddLog: [18]0 - 1/1/0001 12:00:00 AM -  - Created Native Sequence for : C_Payment
----------->     (WARNING)  PostgreHelper.ExecuteNonQuery: [18]DBExecuteError - 42P01: sequence "c_paymentallocate_seq" does not exist
05:36:32.363    (INFO)     NativeSequence.AddLog: [18]0 - 1/1/0001 12:00:00 AM -  - Created Native Sequence for : C_PaymentAllocate
----------->     (WARNING)  PostgreHelper.ExecuteNonQuery: [18]DBExecuteError - 42P01: sequence "c_paymentbatch_seq" does not exist
05:36:32.363    (INFO)     NativeSequence.AddLog: [18]0 - 1/1/0001 12:00:00 AM -  - Created Native Sequence for : C_PaymentBatch
----------->     (WARNING)  PostgreHelper.ExecuteNonQuery: [18]DBExecuteError - 42P01: sequence "c_paymentprocessor_seq" does not exist
05:36:32.363    (INFO)     NativeSequence.AddLog: [18]0 - 1/1/0001 12:00:00 AM -  - Created Native Sequence for : C_PaymentProcessor
----------->     (WARNING)  PostgreHelper.ExecuteNonQuery: [18]DBExecuteError - 42P01: sequence "c_paymentterm_seq" does not exist
05:36:32.363    (INFO)     NativeSequence.AddLog: [18]0 - 1/1/0001 12:00:00 AM -  - Created Native Sequence for : C_PaymentTerm
===========>     (SEVERE)   PostgreHelper.ExecuteReader: [18]42703: column "c_paymentterm_trl_id" does not exist

POSITION: 13 [Query DR] SELECT MAX( C_PaymentTerm_Trl_ID) FROM C_PaymentTerm_Trl
===========>     (SEVERE)   DB.GetSQLValue: [18]SELECT MAX( C_PaymentTerm_Trl_ID) FROM C_PaymentTerm_Trl => 42703: column "c_paymentterm_trl_id" does not exist

POSITION: 13
----------->     (WARNING)  PostgreHelper.ExecuteNonQuery: [18]DBExecuteError - 42P01: sequence "c_paymentterm_trl_seq" does not exist
05:36:32.363    (INFO)     NativeSequence.AddLog: [18]0 - 1/1/0001 12:00:00 AM -  - Created Native Sequence for : C_PaymentTerm_Trl
----------->     (WARNING)  PostgreHelper.ExecuteNonQuery: [18]DBExecuteError - 42P01: sequence "c_payschedule_seq" does not exist
05:36:32.363    (INFO)     NativeSequence.AddLog: [18]0 - 1/1/0001 12:00:00 AM -  - Created Native Sequence for : C_PaySchedule
----------->     (WARNING)  PostgreHelper.ExecuteNonQuery: [18]DBExecuteError - 42P01: sequence "c_payselection_seq" does not exist
05:36:32.363    (INFO)     NativeSequence.AddLog: [18]0 - 1/1/0001 12:00:00 AM -  - Created Native Sequence for : C_PaySelection
----------->     (WARNING)  PostgreHelper.ExecuteNonQuery: [18]DBExecuteError - 42P01: sequence "c_payselectioncheck_seq" does not exist
05:36:32.363    (INFO)     NativeSequence.AddLog: [18]0 - 1/1/0001 12:00:00 AM -  - Created Native Sequence for : C_PaySelectionCheck
----------->     (WARNING)  PostgreHelper.ExecuteNonQuery: [18]DBExecuteError - 42P01: sequence "c_payselectionline_seq" does not exist
05:36:32.363    (INFO)     NativeSequence.AddLog: [18]0 - 1/1/0001 12:00:00 AM -  - Created Native Sequence for : C_PaySelectionLine
----------->     (WARNING)  PostgreHelper.ExecuteNonQuery: [18]DBExecuteError - 42P01: sequence "c_period_seq" does not exist
05:36:32.363    (INFO)     NativeSequence.AddLog: [18]0 - 1/1/0001 12:00:00 AM -  - Created Native Sequence for : C_Period
----------->     (WARNING)  PostgreHelper.ExecuteNonQuery: [18]DBExecuteError - 42P01: sequence "c_periodcontrol_seq" does not exist
05:36:32.363    (INFO)     NativeSequence.AddLog: [18]0 - 1/1/0001 12:00:00 AM -  - Created Native Sequence for : C_PeriodControl
----------->     (WARNING)  PostgreHelper.ExecuteNonQuery: [18]DBExecuteError - 42P01: sequence "c_phase_seq" does not exist
05:36:32.363    (INFO)     NativeSequence.AddLog: [18]0 - 1/1/0001 12:00:00 AM -  - Created Native Sequence for : C_Phase
----------->     (WARNING)  PostgreHelper.ExecuteNonQuery: [18]DBExecuteError - 42P01: sequence "c_pos_seq" does not exist
05:36:32.363    (INFO)     NativeSequence.AddLog: [18]0 - 1/1/0001 12:00:00 AM -  - Created Native Sequence for : C_POS
----------->     (WARNING)  PostgreHelper.ExecuteNonQuery: [18]DBExecuteError - 42P01: sequence "c_poskey_seq" does not exist
05:36:33.363    (INFO)     NativeSequence.AddLog: [18]0 - 1/1/0001 12:00:00 AM -  - Created Native Sequence for : C_POSKey
----------->     (WARNING)  PostgreHelper.ExecuteNonQuery: [18]DBExecuteError - 42P01: sequence "c_poskeylayout_seq" does not exist
05:36:33.363    (INFO)     NativeSequence.AddLog: [18]0 - 1/1/0001 12:00:00 AM -  - Created Native Sequence for : C_POSKeyLayout
----------->     (WARNING)  PostgreHelper.ExecuteNonQuery: [18]DBExecuteError - 42P01: sequence "c_profitandloss_seq" does not exist
05:36:33.363    (INFO)     NativeSequence.AddLog: [18]0 - 1/1/0001 12:00:00 AM -  - Created Native Sequence for : C_ProfitAndLoss
----------->     (WARNING)  PostgreHelper.ExecuteNonQuery: [18]DBExecuteError - 42P01: sequence "c_profitloss_seq" does not exist
05:36:33.363    (INFO)     NativeSequence.AddLog: [18]0 - 1/1/0001 12:00:00 AM -  - Created Native Sequence for : C_ProfitLoss
----------->     (WARNING)  PostgreHelper.ExecuteNonQuery: [18]DBExecuteError - 42P01: sequence "c_profitlosslines_seq" does not exist
05:36:33.363    (INFO)     NativeSequence.AddLog: [18]0 - 1/1/0001 12:00:00 AM -  - Created Native Sequence for : C_ProfitLossLines
----------->     (WARNING)  PostgreHelper.ExecuteNonQuery: [18]DBExecuteError - 42P01: sequence "c_project_seq" does not exist
05:36:33.363    (INFO)     NativeSequence.AddLog: [18]0 - 1/1/0001 12:00:00 AM -  - Created Native Sequence for : C_Project
05:36:33.363    (INFO)     NativeSequence.AddLog: [18]0 - 1/1/0001 12:00:00 AM -  - Created Native Sequence for : C_Project_Acct
----------->     (WARNING)  PostgreHelper.ExecuteNonQuery: [18]DBExecuteError - 42P01: sequence "c_projectissue_seq" does not exist
05:36:33.363    (INFO)     NativeSequence.AddLog: [18]0 - 1/1/0001 12:00:00 AM -  - Created Native Sequence for : C_ProjectIssue
05:36:33.363    (INFO)     NativeSequence.AddLog: [18]0 - 1/1/0001 12:00:00 AM -  - Created Native Sequence for : C_ProjectIssueMA
----------->     (WARNING)  PostgreHelper.ExecuteNonQuery: [18]DBExecuteError - 42P01: sequence "c_projectline_seq" does not exist
05:36:33.363    (INFO)     NativeSequence.AddLog: [18]0 - 1/1/0001 12:00:00 AM -  - Created Native Sequence for : C_ProjectLine
----------->     (WARNING)  PostgreHelper.ExecuteNonQuery: [18]DBExecuteError - 42P01: sequence "c_projectphase_seq" does not exist
05:36:33.363    (INFO)     NativeSequence.AddLog: [18]0 - 1/1/0001 12:00:00 AM -  - Created Native Sequence for : C_ProjectPhase
----------->     (WARNING)  PostgreHelper.ExecuteNonQuery: [18]DBExecuteError - 42P01: sequence "c_projecttask_seq" does not exist
05:36:33.363    (INFO)     NativeSequence.AddLog: [18]0 - 1/1/0001 12:00:00 AM -  - Created Native Sequence for : C_ProjectTask
----------->     (WARNING)  PostgreHelper.ExecuteNonQuery: [18]DBExecuteError - 42P01: sequence "c_projecttype_seq" does not exist
05:36:33.363    (INFO)     NativeSequence.AddLog: [18]0 - 1/1/0001 12:00:00 AM -  - Created Native Sequence for : C_ProjectType
----------->     (WARNING)  PostgreHelper.ExecuteNonQuery: [18]DBExecuteError - 42P01: sequence "c_provisionalinvoice_seq" does not exist
05:36:33.363    (INFO)     NativeSequence.AddLog: [18]0 - 1/1/0001 12:00:00 AM -  - Created Native Sequence for : C_ProvisionalInvoice
----------->     (WARNING)  PostgreHelper.ExecuteNonQuery: [18]DBExecuteError - 42P01: sequence "c_provisionalinvoiceline_seq" does not exist
05:36:33.363    (INFO)     NativeSequence.AddLog: [18]0 - 1/1/0001 12:00:00 AM -  - Created Native Sequence for : C_ProvisionalInvoiceLine
05:36:33.363    (INFO)     NativeSequence.AddLog: [18]0 - 1/1/0001 12:00:00 AM -  - Created Native Sequence for : C_ProvisionalInvoiceTax
----------->     (WARNING)  PostgreHelper.ExecuteNonQuery: [18]DBExecuteError - 42P01: sequence "c_recurring_seq" does not exist
05:36:33.363    (INFO)     NativeSequence.AddLog: [18]0 - 1/1/0001 12:00:00 AM -  - Created Native Sequence for : C_Recurring
----------->     (WARNING)  PostgreHelper.ExecuteNonQuery: [18]DBExecuteError - 42P01: sequence "c_recurring_run_seq" does not exist
05:36:33.363    (INFO)     NativeSequence.AddLog: [18]0 - 1/1/0001 12:00:00 AM -  - Created Native Sequence for : C_Recurring_Run
----------->     (WARNING)  PostgreHelper.ExecuteNonQuery: [18]DBExecuteError - 42P01: sequence "c_region_seq" does not exist
05:36:33.363    (INFO)     NativeSequence.AddLog: [18]0 - 1/1/0001 12:00:00 AM -  - Created Native Sequence for : C_Region
----------->     (WARNING)  PostgreHelper.ExecuteNonQuery: [18]DBExecuteError - 42P01: sequence "c_remuneration_seq" does not exist
05:36:33.363    (INFO)     NativeSequence.AddLog: [18]0 - 1/1/0001 12:00:00 AM -  - Created Native Sequence for : C_Remuneration
----------->     (WARNING)  PostgreHelper.ExecuteNonQuery: [18]DBExecuteError - 42P01: sequence "c_renewal_seq" does not exist
05:36:33.363    (INFO)     NativeSequence.AddLog: [18]0 - 1/1/0001 12:00:00 AM -  - Created Native Sequence for : C_Renewal
----------->     (WARNING)  PostgreHelper.ExecuteNonQuery: [18]DBExecuteError - 42P01: sequence "c_revenuerecognition_seq" does not exist
05:36:33.363    (INFO)     NativeSequence.AddLog: [18]0 - 1/1/0001 12:00:00 AM -  - Created Native Sequence for : C_RevenueRecognition
----------->     (WARNING)  PostgreHelper.ExecuteNonQuery: [18]DBExecuteError - 42P01: sequence "c_revenuerecognition_plan_seq" does not exist
05:36:33.363    (INFO)     NativeSequence.AddLog: [18]0 - 1/1/0001 12:00:00 AM -  - Created Native Sequence for : C_RevenueRecognition_Plan
----------->     (WARNING)  PostgreHelper.ExecuteNonQuery: [18]DBExecuteError - 42P01: sequence "c_revenuerecognition_run_seq" does not exist
05:36:33.363    (INFO)     NativeSequence.AddLog: [18]0 - 1/1/0001 12:00:00 AM -  - Created Native Sequence for : C_RevenueRecognition_Run
----------->     (WARNING)  PostgreHelper.ExecuteNonQuery: [18]DBExecuteError - 42P01: sequence "c_rfq_seq" does not exist
05:36:33.363    (INFO)     NativeSequence.AddLog: [18]0 - 1/1/0001 12:00:00 AM -  - Created Native Sequence for : C_RfQ
----------->     (WARNING)  PostgreHelper.ExecuteNonQuery: [18]DBExecuteError - 42P01: sequence "c_rfq_topic_seq" does not exist
05:36:33.363    (INFO)     NativeSequence.AddLog: [18]0 - 1/1/0001 12:00:00 AM -  - Created Native Sequence for : C_RfQ_Topic
----------->     (WARNING)  PostgreHelper.ExecuteNonQuery: [18]DBExecuteError - 42P01: sequence "c_rfq_topicsubscriber_seq" does not exist
05:36:33.363    (INFO)     NativeSequence.AddLog: [18]0 - 1/1/0001 12:00:00 AM -  - Created Native Sequence for : C_RfQ_TopicSubscriber
----------->     (WARNING)  PostgreHelper.ExecuteNonQuery: [18]DBExecuteError - 42P01: sequence "c_rfq_topicsubscriberonly_seq" does not exist
05:36:33.363    (INFO)     NativeSequence.AddLog: [18]0 - 1/1/0001 12:00:00 AM -  - Created Native Sequence for : C_RfQ_TopicSubscriberOnly
----------->     (WARNING)  PostgreHelper.ExecuteNonQuery: [18]DBExecuteError - 42P01: sequence "c_rfqline_seq" does not exist
05:36:33.363    (INFO)     NativeSequence.AddLog: [18]0 - 1/1/0001 12:00:00 AM -  - Created Native Sequence for : C_RfQLine
----------->     (WARNING)  PostgreHelper.ExecuteNonQuery: [18]DBExecuteError - 42P01: sequence "c_rfqlineqty_seq" does not exist
05:36:33.363    (INFO)     NativeSequence.AddLog: [18]0 - 1/1/0001 12:00:00 AM -  - Created Native Sequence for : C_RfQLineQty
----------->     (WARNING)  PostgreHelper.ExecuteNonQuery: [18]DBExecuteError - 42P01: sequence "c_rfqresponse_seq" does not exist
05:36:33.363    (INFO)     NativeSequence.AddLog: [18]0 - 1/1/0001 12:00:00 AM -  - Created Native Sequence for : C_RfQResponse
----------->     (WARNING)  PostgreHelper.ExecuteNonQuery: [18]DBExecuteError - 42P01: sequence "c_rfqresponseline_seq" does not exist
05:36:33.363    (INFO)     NativeSequence.AddLog: [18]0 - 1/1/0001 12:00:00 AM -  - Created Native Sequence for : C_RfQResponseLine
----------->     (WARNING)  PostgreHelper.ExecuteNonQuery: [18]DBExecuteError - 42P01: sequence "c_rfqresponselineqty_seq" does not exist
05:36:33.363    (INFO)     NativeSequence.AddLog: [18]0 - 1/1/0001 12:00:00 AM -  - Created Native Sequence for : C_RfQResponseLineQty
----------->     (WARNING)  PostgreHelper.ExecuteNonQuery: [18]DBExecuteError - 42P01: sequence "c_salesoffice_seq" does not exist
05:36:33.363    (INFO)     NativeSequence.AddLog: [18]0 - 1/1/0001 12:00:00 AM -  - Created Native Sequence for : C_SalesOffice
===========>     (SEVERE)   PostgreHelper.ExecuteReader: [18]42703: column "c_salesoffice_trl_id" does not exist

POSITION: 13 [Query DR] SELECT MAX( C_SalesOffice_Trl_ID) FROM C_SalesOffice_Trl
===========>     (SEVERE)   DB.GetSQLValue: [18]SELECT MAX( C_SalesOffice_Trl_ID) FROM C_SalesOffice_Trl => 42703: column "c_salesoffice_trl_id" does not exist

POSITION: 13
----------->     (WARNING)  PostgreHelper.ExecuteNonQuery: [18]DBExecuteError - 42P01: sequence "c_salesoffice_trl_seq" does not exist
05:36:33.363    (INFO)     NativeSequence.AddLog: [18]0 - 1/1/0001 12:00:00 AM -  - Created Native Sequence for : C_SalesOffice_Trl
----------->     (WARNING)  PostgreHelper.ExecuteNonQuery: [18]DBExecuteError - 42P01: sequence "c_salesregion_seq" does not exist
05:36:33.363    (INFO)     NativeSequence.AddLog: [18]0 - 1/1/0001 12:00:00 AM -  - Created Native Sequence for : C_SalesRegion
----------->     (WARNING)  PostgreHelper.ExecuteNonQuery: [18]DBExecuteError - 42P01: sequence "c_servicelevel_seq" does not exist
05:36:33.363    (INFO)     NativeSequence.AddLog: [18]0 - 1/1/0001 12:00:00 AM -  - Created Native Sequence for : C_ServiceLevel
----------->     (WARNING)  PostgreHelper.ExecuteNonQuery: [18]DBExecuteError - 42P01: sequence "c_servicelevelline_seq" does not exist
05:36:33.363    (INFO)     NativeSequence.AddLog: [18]0 - 1/1/0001 12:00:00 AM -  - Created Native Sequence for : C_ServiceLevelLine
----------->     (WARNING)  PostgreHelper.ExecuteNonQuery: [18]DBExecuteError - 42P01: sequence "c_skill_seq" does not exist
05:36:33.363    (INFO)     NativeSequence.AddLog: [18]0 - 1/1/0001 12:00:00 AM -  - Created Native Sequence for : C_Skill
----------->     (WARNING)  PostgreHelper.ExecuteNonQuery: [18]DBExecuteError - 42P01: sequence "c_subacct_seq" does not exist
05:36:33.363    (INFO)     NativeSequence.AddLog: [18]0 - 1/1/0001 12:00:00 AM -  - Created Native Sequence for : C_SubAcct
----------->     (WARNING)  PostgreHelper.ExecuteNonQuery: [18]DBExecuteError - 42P01: sequence "c_subscription_seq" does not exist
05:36:33.363    (INFO)     NativeSequence.AddLog: [18]0 - 1/1/0001 12:00:00 AM -  - Created Native Sequence for : C_Subscription
----------->     (WARNING)  PostgreHelper.ExecuteNonQuery: [18]DBExecuteError - 42P01: sequence "c_subscription_delivery_seq" does not exist
05:36:33.363    (INFO)     NativeSequence.AddLog: [18]0 - 1/1/0001 12:00:00 AM -  - Created Native Sequence for : C_Subscription_Delivery
----------->     (WARNING)  PostgreHelper.ExecuteNonQuery: [18]DBExecuteError - 42P01: sequence "c_subscriptiontype_seq" does not exist
05:36:33.363    (INFO)     NativeSequence.AddLog: [18]0 - 1/1/0001 12:00:00 AM -  - Created Native Sequence for : C_SubscriptionType
----------->     (WARNING)  PostgreHelper.ExecuteNonQuery: [18]DBExecuteError - 42P01: sequence "c_targetlist_seq" does not exist
05:36:33.363    (INFO)     NativeSequence.AddLog: [18]0 - 1/1/0001 12:00:00 AM -  - Created Native Sequence for : C_TargetList
----------->     (WARNING)  PostgreHelper.ExecuteNonQuery: [18]DBExecuteError - 42P01: sequence "c_task_seq" does not exist
05:36:33.363    (INFO)     NativeSequence.AddLog: [18]0 - 1/1/0001 12:00:00 AM -  - Created Native Sequence for : C_Task
----------->     (WARNING)  PostgreHelper.ExecuteNonQuery: [18]DBExecuteError - 42P01: sequence "c_taskline_seq" does not exist
05:36:33.363    (INFO)     NativeSequence.AddLog: [18]0 - 1/1/0001 12:00:00 AM -  - Created Native Sequence for : C_TaskLine
----------->     (WARNING)  PostgreHelper.ExecuteNonQuery: [18]DBExecuteError - 42P01: sequence "c_tax_seq" does not exist
05:36:33.363    (INFO)     NativeSequence.AddLog: [18]0 - 1/1/0001 12:00:00 AM -  - Created Native Sequence for : C_Tax
05:36:33.363    (INFO)     NativeSequence.AddLog: [18]0 - 1/1/0001 12:00:00 AM -  - Created Native Sequence for : C_Tax_Acct
===========>     (SEVERE)   PostgreHelper.ExecuteReader: [18]42703: column "c_tax_trl_id" does not exist

POSITION: 13 [Query DR] SELECT MAX( C_Tax_Trl_ID) FROM C_Tax_Trl
===========>     (SEVERE)   DB.GetSQLValue: [18]SELECT MAX( C_Tax_Trl_ID) FROM C_Tax_Trl => 42703: column "c_tax_trl_id" does not exist

POSITION: 13
----------->     (WARNING)  PostgreHelper.ExecuteNonQuery: [18]DBExecuteError - 42P01: sequence "c_tax_trl_seq" does not exist
05:36:33.363    (INFO)     NativeSequence.AddLog: [18]0 - 1/1/0001 12:00:00 AM -  - Created Native Sequence for : C_Tax_Trl
----------->     (WARNING)  PostgreHelper.ExecuteNonQuery: [18]DBExecuteError - 42P01: sequence "c_taxcategory_seq" does not exist
05:36:33.363    (INFO)     NativeSequence.AddLog: [18]0 - 1/1/0001 12:00:00 AM -  - Created Native Sequence for : C_TaxCategory
===========>     (SEVERE)   PostgreHelper.ExecuteReader: [18]42703: column "c_taxcategory_trl_id" does not exist

POSITION: 13 [Query DR] SELECT MAX( C_TaxCategory_Trl_ID) FROM C_TaxCategory_Trl
===========>     (SEVERE)   DB.GetSQLValue: [18]SELECT MAX( C_TaxCategory_Trl_ID) FROM C_TaxCategory_Trl => 42703: column "c_taxcategory_trl_id" does not exist

POSITION: 13
----------->     (WARNING)  PostgreHelper.ExecuteNonQuery: [18]DBExecuteError - 42P01: sequence "c_taxcategory_trl_seq" does not exist
05:36:33.363    (INFO)     NativeSequence.AddLog: [18]0 - 1/1/0001 12:00:00 AM -  - Created Native Sequence for : C_TaxCategory_Trl
----------->     (WARNING)  PostgreHelper.ExecuteNonQuery: [18]DBExecuteError - 42P01: sequence "c_taxdeclaration_seq" does not exist
05:36:33.363    (INFO)     NativeSequence.AddLog: [18]0 - 1/1/0001 12:00:00 AM -  - Created Native Sequence for : C_TaxDeclaration
----------->     (WARNING)  PostgreHelper.ExecuteNonQuery: [18]DBExecuteError - 42P01: sequence "c_taxdeclarationacct_seq" does not exist
05:36:33.363    (INFO)     NativeSequence.AddLog: [18]0 - 1/1/0001 12:00:00 AM -  - Created Native Sequence for : C_TaxDeclarationAcct
----------->     (WARNING)  PostgreHelper.ExecuteNonQuery: [18]DBExecuteError - 42P01: sequence "c_taxdeclarationline_seq" does not exist
05:36:33.363    (INFO)     NativeSequence.AddLog: [18]0 - 1/1/0001 12:00:00 AM -  - Created Native Sequence for : C_TaxDeclarationLine
----------->     (WARNING)  PostgreHelper.ExecuteNonQuery: [18]DBExecuteError - 42P01: sequence "c_taxexemptreason_seq" does not exist
05:36:33.363    (INFO)     NativeSequence.AddLog: [18]0 - 1/1/0001 12:00:00 AM -  - Created Native Sequence for : C_TaxExemptReason
----------->     (WARNING)  PostgreHelper.ExecuteNonQuery: [18]DBExecuteError - 42P01: sequence "c_taxpostal_seq" does not exist
05:36:33.363    (INFO)     NativeSequence.AddLog: [18]0 - 1/1/0001 12:00:00 AM -  - Created Native Sequence for : C_TaxPostal
----------->     (WARNING)  PostgreHelper.ExecuteNonQuery: [18]DBExecuteError - 42P01: sequence "c_team_seq" does not exist
05:36:33.363    (INFO)     NativeSequence.AddLog: [18]0 - 1/1/0001 12:00:00 AM -  - Created Native Sequence for : C_Team
----------->     (WARNING)  PostgreHelper.ExecuteNonQuery: [18]DBExecuteError - 42P01: sequence "c_teammember_seq" does not exist
05:36:33.363    (INFO)     NativeSequence.AddLog: [18]0 - 1/1/0001 12:00:00 AM -  - Created Native Sequence for : C_TeamMember
----------->     (WARNING)  PostgreHelper.ExecuteNonQuery: [18]DBExecuteError - 42P01: sequence "c_termrule_seq" does not exist
05:36:33.363    (INFO)     NativeSequence.AddLog: [18]0 - 1/1/0001 12:00:00 AM -  - Created Native Sequence for : C_TermRule
----------->     (WARNING)  PostgreHelper.ExecuteNonQuery: [18]DBExecuteError - 42P01: sequence "c_uom_seq" does not exist
05:36:33.363    (INFO)     NativeSequence.AddLog: [18]0 - 1/1/0001 12:00:00 AM -  - Created Native Sequence for : C_UOM
----------->     (WARNING)  PostgreHelper.ExecuteNonQuery: [18]DBExecuteError - 42P01: sequence "c_uom_conversion_seq" does not exist
05:36:33.363    (INFO)     NativeSequence.AddLog: [18]0 - 1/1/0001 12:00:00 AM -  - Created Native Sequence for : C_UOM_Conversion
----------->     (WARNING)  PostgreHelper.ExecuteNonQuery: [18]DBExecuteError - 42P01: sequence "c_uom_productbarcode_seq" does not exist
05:36:33.363    (INFO)     NativeSequence.AddLog: [18]0 - 1/1/0001 12:00:00 AM -  - Created Native Sequence for : C_UOM_ProductBarcode
===========>     (SEVERE)   PostgreHelper.ExecuteReader: [18]42703: column "c_uom_trl_id" does not exist

POSITION: 13 [Query DR] SELECT MAX( C_UOM_Trl_ID) FROM C_UOM_Trl
===========>     (SEVERE)   DB.GetSQLValue: [18]SELECT MAX( C_UOM_Trl_ID) FROM C_UOM_Trl => 42703: column "c_uom_trl_id" does not exist

POSITION: 13
----------->     (WARNING)  PostgreHelper.ExecuteNonQuery: [18]DBExecuteError - 42P01: sequence "c_uom_trl_seq" does not exist
05:36:33.363    (INFO)     NativeSequence.AddLog: [18]0 - 1/1/0001 12:00:00 AM -  - Created Native Sequence for : C_UOM_Trl
----------->     (WARNING)  PostgreHelper.ExecuteNonQuery: [18]DBExecuteError - 42P01: sequence "c_userremuneration_seq" does not exist
05:36:33.363    (INFO)     NativeSequence.AddLog: [18]0 - 1/1/0001 12:00:00 AM -  - Created Native Sequence for : C_UserRemuneration
----------->     (WARNING)  PostgreHelper.ExecuteNonQuery: [18]DBExecuteError - 42P01: sequence "c_validcombination_seq" does not exist
05:36:33.363    (INFO)     NativeSequence.AddLog: [18]0 - 1/1/0001 12:00:00 AM -  - Created Native Sequence for : C_ValidCombination
----------->     (WARNING)  PostgreHelper.ExecuteNonQuery: [18]DBExecuteError - 42P01: sequence "c_withholding_seq" does not exist
05:36:33.363    (INFO)     NativeSequence.AddLog: [18]0 - 1/1/0001 12:00:00 AM -  - Created Native Sequence for : C_Withholding
05:36:34.363    (INFO)     NativeSequence.AddLog: [18]0 - 1/1/0001 12:00:00 AM -  - Created Native Sequence for : C_Withholding_Acct
----------->     (WARNING)  PostgreHelper.ExecuteNonQuery: [18]DBExecuteError - 42P01: sequence "c_withholdingcategory_seq" does not exist
05:36:34.363    (INFO)     NativeSequence.AddLog: [18]0 - 1/1/0001 12:00:00 AM -  - Created Native Sequence for : C_WithholdingCategory
----------->     (WARNING)  PostgreHelper.ExecuteNonQuery: [18]DBExecuteError - 42P01: sequence "c_year_seq" does not exist
05:36:34.363    (INFO)     NativeSequence.AddLog: [18]0 - 1/1/0001 12:00:00 AM -  - Created Native Sequence for : C_Year
05:36:34.363    (INFO)     NativeSequence.AddLog: [18]0 - 1/1/0001 12:00:00 AM -  - Created Native Sequence for : CM_AccessChat
05:36:34.363    (INFO)     NativeSequence.AddLog: [18]0 - 1/1/0001 12:00:00 AM -  - Created Native Sequence for : CM_AccessContainer
05:36:34.363    (INFO)     NativeSequence.AddLog: [18]0 - 1/1/0001 12:00:00 AM -  - Created Native Sequence for : CM_AccessListBPGroup
05:36:34.363    (INFO)     NativeSequence.AddLog: [18]0 - 1/1/0001 12:00:00 AM -  - Created Native Sequence for : CM_AccessListRole
05:36:34.363    (INFO)     NativeSequence.AddLog: [18]0 - 1/1/0001 12:00:00 AM -  - Created Native Sequence for : CM_AccessMedia
05:36:34.363    (INFO)     NativeSequence.AddLog: [18]0 - 1/1/0001 12:00:00 AM -  - Created Native Sequence for : CM_AccessNewsChannel
----------->     (WARNING)  PostgreHelper.ExecuteNonQuery: [18]DBExecuteError - 42P01: sequence "cm_accessprofile_seq" does not exist
05:36:34.363    (INFO)     NativeSequence.AddLog: [18]0 - 1/1/0001 12:00:00 AM -  - Created Native Sequence for : CM_AccessProfile
05:36:34.363    (INFO)     NativeSequence.AddLog: [18]0 - 1/1/0001 12:00:00 AM -  - Created Native Sequence for : CM_AccessStage
----------->     (WARNING)  PostgreHelper.ExecuteNonQuery: [18]DBExecuteError - 42P01: sequence "cm_ad_seq" does not exist
05:36:34.363    (INFO)     NativeSequence.AddLog: [18]0 - 1/1/0001 12:00:00 AM -  - Created Native Sequence for : CM_Ad
----------->     (WARNING)  PostgreHelper.ExecuteNonQuery: [18]DBExecuteError - 42P01: sequence "cm_ad_cat_seq" does not exist
05:36:34.363    (INFO)     NativeSequence.AddLog: [18]0 - 1/1/0001 12:00:00 AM -  - Created Native Sequence for : CM_Ad_Cat
----------->     (WARNING)  PostgreHelper.ExecuteNonQuery: [18]DBExecuteError - 42P01: sequence "cm_broadcastserver_seq" does not exist
05:36:34.363    (INFO)     NativeSequence.AddLog: [18]0 - 1/1/0001 12:00:00 AM -  - Created Native Sequence for : CM_BroadcastServer
----------->     (WARNING)  PostgreHelper.ExecuteNonQuery: [18]DBExecuteError - 42P01: sequence "cm_chat_seq" does not exist
05:36:34.363    (INFO)     NativeSequence.AddLog: [18]0 - 1/1/0001 12:00:00 AM -  - Created Native Sequence for : CM_Chat
----------->     (WARNING)  PostgreHelper.ExecuteNonQuery: [18]DBExecuteError - 42P01: sequence "cm_chatentry_seq" does not exist
05:36:34.363    (INFO)     NativeSequence.AddLog: [18]0 - 1/1/0001 12:00:00 AM -  - Created Native Sequence for : CM_ChatEntry
----------->     (WARNING)  PostgreHelper.ExecuteNonQuery: [18]DBExecuteError - 42P01: sequence "cm_chattype_seq" does not exist
05:36:34.363    (INFO)     NativeSequence.AddLog: [18]0 - 1/1/0001 12:00:00 AM -  - Created Native Sequence for : CM_ChatType
05:36:34.363    (INFO)     NativeSequence.AddLog: [18]0 - 1/1/0001 12:00:00 AM -  - Created Native Sequence for : CM_ChatTypeUpdate
05:36:34.363    (INFO)     NativeSequence.AddLog: [18]0 - 1/1/0001 12:00:00 AM -  - Created Native Sequence for : CM_ChatUpdate
----------->     (WARNING)  PostgreHelper.ExecuteNonQuery: [18]DBExecuteError - 42P01: sequence "cm_container_seq" does not exist
05:36:34.363    (INFO)     NativeSequence.AddLog: [18]0 - 1/1/0001 12:00:00 AM -  - Created Native Sequence for : CM_Container
----------->     (WARNING)  PostgreHelper.ExecuteNonQuery: [18]DBExecuteError - 42P01: sequence "cm_container_element_seq" does not exist
05:36:34.363    (INFO)     NativeSequence.AddLog: [18]0 - 1/1/0001 12:00:00 AM -  - Created Native Sequence for : CM_Container_Element
===========>     (SEVERE)   PostgreHelper.ExecuteReader: [18]42703: column "cm_container_element_trl_id" does not exist

POSITION: 13 [Query DR] SELECT MAX( CM_Container_Element_Trl_ID) FROM CM_Container_Element_Trl
===========>     (SEVERE)   DB.GetSQLValue: [18]SELECT MAX( CM_Container_Element_Trl_ID) FROM CM_Container_Element_Trl => 42703: column "cm_container_element_trl_id" does not exist

POSITION: 13
----------->     (WARNING)  PostgreHelper.ExecuteNonQuery: [18]DBExecuteError - 42P01: sequence "cm_container_element_trl_seq" does not exist
05:36:34.363    (INFO)     NativeSequence.AddLog: [18]0 - 1/1/0001 12:00:00 AM -  - Created Native Sequence for : CM_Container_Element_Trl
===========>     (SEVERE)   PostgreHelper.ExecuteReader: [18]42703: column "cm_container_trl_id" does not exist

POSITION: 13 [Query DR] SELECT MAX( CM_Container_Trl_ID) FROM CM_Container_Trl
===========>     (SEVERE)   DB.GetSQLValue: [18]SELECT MAX( CM_Container_Trl_ID) FROM CM_Container_Trl => 42703: column "cm_container_trl_id" does not exist

POSITION: 13
----------->     (WARNING)  PostgreHelper.ExecuteNonQuery: [18]DBExecuteError - 42P01: sequence "cm_container_trl_seq" does not exist
05:36:34.363    (INFO)     NativeSequence.AddLog: [18]0 - 1/1/0001 12:00:00 AM -  - Created Native Sequence for : CM_Container_Trl
----------->     (WARNING)  PostgreHelper.ExecuteNonQuery: [18]DBExecuteError - 42P01: sequence "cm_container_url_seq" does not exist
05:36:34.363    (INFO)     NativeSequence.AddLog: [18]0 - 1/1/0001 12:00:00 AM -  - Created Native Sequence for : CM_Container_URL
----------->     (WARNING)  PostgreHelper.ExecuteNonQuery: [18]DBExecuteError - 42P01: sequence "cm_containerttable_seq" does not exist
05:36:34.363    (INFO)     NativeSequence.AddLog: [18]0 - 1/1/0001 12:00:00 AM -  - Created Native Sequence for : CM_ContainerTTable
----------->     (WARNING)  PostgreHelper.ExecuteNonQuery: [18]DBExecuteError - 42P01: sequence "cm_cstage_seq" does not exist
05:36:34.363    (INFO)     NativeSequence.AddLog: [18]0 - 1/1/0001 12:00:00 AM -  - Created Native Sequence for : CM_CStage
----------->     (WARNING)  PostgreHelper.ExecuteNonQuery: [18]DBExecuteError - 42P01: sequence "cm_cstage_element_seq" does not exist
05:36:34.363    (INFO)     NativeSequence.AddLog: [18]0 - 1/1/0001 12:00:00 AM -  - Created Native Sequence for : CM_CStage_Element
===========>     (SEVERE)   PostgreHelper.ExecuteReader: [18]42703: column "cm_cstage_element_trl_id" does not exist

POSITION: 13 [Query DR] SELECT MAX( CM_CStage_Element_Trl_ID) FROM CM_CStage_Element_Trl
===========>     (SEVERE)   DB.GetSQLValue: [18]SELECT MAX( CM_CStage_Element_Trl_ID) FROM CM_CStage_Element_Trl => 42703: column "cm_cstage_element_trl_id" does not exist

POSITION: 13
----------->     (WARNING)  PostgreHelper.ExecuteNonQuery: [18]DBExecuteError - 42P01: sequence "cm_cstage_element_trl_seq" does not exist
05:36:34.363    (INFO)     NativeSequence.AddLog: [18]0 - 1/1/0001 12:00:00 AM -  - Created Native Sequence for : CM_CStage_Element_Trl
===========>     (SEVERE)   PostgreHelper.ExecuteReader: [18]42703: column "cm_cstage_trl_id" does not exist

POSITION: 13 [Query DR] SELECT MAX( CM_CStage_Trl_ID) FROM CM_CStage_Trl
===========>     (SEVERE)   DB.GetSQLValue: [18]SELECT MAX( CM_CStage_Trl_ID) FROM CM_CStage_Trl => 42703: column "cm_cstage_trl_id" does not exist

POSITION: 13
----------->     (WARNING)  PostgreHelper.ExecuteNonQuery: [18]DBExecuteError - 42P01: sequence "cm_cstage_trl_seq" does not exist
05:36:34.363    (INFO)     NativeSequence.AddLog: [18]0 - 1/1/0001 12:00:00 AM -  - Created Native Sequence for : CM_CStage_Trl
----------->     (WARNING)  PostgreHelper.ExecuteNonQuery: [18]DBExecuteError - 42P01: sequence "cm_cstagettable_seq" does not exist
05:36:34.363    (INFO)     NativeSequence.AddLog: [18]0 - 1/1/0001 12:00:00 AM -  - Created Native Sequence for : CM_CStageTTable
----------->     (WARNING)  PostgreHelper.ExecuteNonQuery: [18]DBExecuteError - 42P01: sequence "cm_link_seq" does not exist
05:36:34.363    (INFO)     NativeSequence.AddLog: [18]0 - 1/1/0001 12:00:00 AM -  - Created Native Sequence for : CM_Link
----------->     (WARNING)  PostgreHelper.ExecuteNonQuery: [18]DBExecuteError - 42P01: sequence "cm_media_seq" does not exist
05:36:34.363    (INFO)     NativeSequence.AddLog: [18]0 - 1/1/0001 12:00:00 AM -  - Created Native Sequence for : CM_Media
----------->     (WARNING)  PostgreHelper.ExecuteNonQuery: [18]DBExecuteError - 42P01: sequence "cm_media_server_seq" does not exist
05:36:34.363    (INFO)     NativeSequence.AddLog: [18]0 - 1/1/0001 12:00:00 AM -  - Created Native Sequence for : CM_Media_Server
----------->     (WARNING)  PostgreHelper.ExecuteNonQuery: [18]DBExecuteError - 42P01: sequence "cm_mediadeploy_seq" does not exist
05:36:34.363    (INFO)     NativeSequence.AddLog: [18]0 - 1/1/0001 12:00:00 AM -  - Created Native Sequence for : CM_MediaDeploy
----------->     (WARNING)  PostgreHelper.ExecuteNonQuery: [18]DBExecuteError - 42P01: sequence "cm_newschannel_seq" does not exist
05:36:34.363    (INFO)     NativeSequence.AddLog: [18]0 - 1/1/0001 12:00:00 AM -  - Created Native Sequence for : CM_NewsChannel
----------->     (WARNING)  PostgreHelper.ExecuteNonQuery: [18]DBExecuteError - 42P01: sequence "cm_newsitem_seq" does not exist
05:36:34.363    (INFO)     NativeSequence.AddLog: [18]0 - 1/1/0001 12:00:00 AM -  - Created Native Sequence for : CM_NewsItem
----------->     (WARNING)  PostgreHelper.ExecuteNonQuery: [18]DBExecuteError - 42P01: sequence "cm_note_seq" does not exist
05:36:34.363    (INFO)     NativeSequence.AddLog: [18]0 - 1/1/0001 12:00:00 AM -  - Created Native Sequence for : CM_Note
----------->     (WARNING)  PostgreHelper.ExecuteNonQuery: [18]DBExecuteError - 42P01: sequence "cm_subscribe_seq" does not exist
05:36:34.363    (INFO)     NativeSequence.AddLog: [18]0 - 1/1/0001 12:00:00 AM -  - Created Native Sequence for : CM_Subscribe
----------->     (WARNING)  PostgreHelper.ExecuteNonQuery: [18]DBExecuteError - 42P01: sequence "cm_template_seq" does not exist
05:36:34.363    (INFO)     NativeSequence.AddLog: [18]0 - 1/1/0001 12:00:00 AM -  - Created Native Sequence for : CM_Template
05:36:34.363    (INFO)     NativeSequence.AddLog: [18]0 - 1/1/0001 12:00:00 AM -  - Created Native Sequence for : CM_Template_Ad_Cat
----------->     (WARNING)  PostgreHelper.ExecuteNonQuery: [18]DBExecuteError - 42P01: sequence "cm_templatetable_seq" does not exist
05:36:34.363    (INFO)     NativeSequence.AddLog: [18]0 - 1/1/0001 12:00:00 AM -  - Created Native Sequence for : CM_TemplateTable
----------->     (WARNING)  PostgreHelper.ExecuteNonQuery: [18]DBExecuteError - 42P01: sequence "cm_webaccesslog_seq" does not exist
05:36:34.363    (INFO)     NativeSequence.AddLog: [18]0 - 1/1/0001 12:00:00 AM -  - Created Native Sequence for : CM_WebAccessLog
----------->     (WARNING)  PostgreHelper.ExecuteNonQuery: [18]DBExecuteError - 42P01: sequence "cm_webproject_seq" does not exist
05:36:34.363    (INFO)     NativeSequence.AddLog: [18]0 - 1/1/0001 12:00:00 AM -  - Created Native Sequence for : CM_WebProject
----------->     (WARNING)  PostgreHelper.ExecuteNonQuery: [18]DBExecuteError - 42P01: sequence "cm_webproject_domain_seq" does not exist
05:36:34.363    (INFO)     NativeSequence.AddLog: [18]0 - 1/1/0001 12:00:00 AM -  - Created Native Sequence for : CM_WebProject_Domain
----------->     (WARNING)  PostgreHelper.ExecuteNonQuery: [18]DBExecuteError - 42P01: sequence "cm_wikitoken_seq" does not exist
05:36:34.363    (INFO)     NativeSequence.AddLog: [18]0 - 1/1/0001 12:00:00 AM -  - Created Native Sequence for : CM_WikiToken
----------->     (WARNING)  PostgreHelper.ExecuteNonQuery: [18]DBExecuteError - 42P01: sequence "d_chart_seq" does not exist
05:36:34.363    (INFO)     NativeSequence.AddLog: [18]0 - 1/1/0001 12:00:00 AM -  - Created Native Sequence for : D_Chart
----------->     (WARNING)  PostgreHelper.ExecuteNonQuery: [18]DBExecuteError - 42P01: sequence "d_chartaccess_seq" does not exist
05:36:34.363    (INFO)     NativeSequence.AddLog: [18]0 - 1/1/0001 12:00:00 AM -  - Created Native Sequence for : D_ChartAccess
----------->     (WARNING)  PostgreHelper.ExecuteNonQuery: [18]DBExecuteError - 42P01: sequence "d_series_seq" does not exist
05:36:34.363    (INFO)     NativeSequence.AddLog: [18]0 - 1/1/0001 12:00:00 AM -  - Created Native Sequence for : D_Series
----------->     (WARNING)  PostgreHelper.ExecuteNonQuery: [18]DBExecuteError - 42P01: sequence "d_seriesfilter_seq" does not exist
05:36:34.363    (INFO)     NativeSequence.AddLog: [18]0 - 1/1/0001 12:00:00 AM -  - Created Native Sequence for : D_SeriesFilter
----------->     (WARNING)  PostgreHelper.ExecuteNonQuery: [18]DBExecuteError - 42P01: sequence "ds_business_seq" does not exist
05:36:34.363    (INFO)     NativeSequence.AddLog: [18]0 - 1/1/0001 12:00:00 AM -  - Created Native Sequence for : DS_Business
----------->     (WARNING)  PostgreHelper.ExecuteNonQuery: [18]DBExecuteError - 42P01: sequence "dtd001_inventorymove_view_seq" does not exist
05:36:34.363    (INFO)     NativeSequence.AddLog: [18]0 - 1/1/0001 12:00:00 AM -  - Created Native Sequence for : DTD001_INVENTORYMOVE_VIEW
----------->     (WARNING)  PostgreHelper.ExecuteNonQuery: [18]DBExecuteError - 42P01: sequence "dtd001_packing_seq" does not exist
05:36:34.363    (INFO)     NativeSequence.AddLog: [18]0 - 1/1/0001 12:00:00 AM -  - Created Native Sequence for : DTD001_Packing
----------->     (WARNING)  PostgreHelper.ExecuteNonQuery: [18]DBExecuteError - 42P01: sequence "dtd001_productsticker_seq" does not exist
05:36:34.363    (INFO)     NativeSequence.AddLog: [18]0 - 1/1/0001 12:00:00 AM -  - Created Native Sequence for : DTD001_ProductSticker
----------->     (WARNING)  PostgreHelper.ExecuteNonQuery: [18]DBExecuteError - 42P01: sequence "dtd001_productstickerline_seq" does not exist
05:36:34.363    (INFO)     NativeSequence.AddLog: [18]0 - 1/1/0001 12:00:00 AM -  - Created Native Sequence for : DTD001_ProductStickerLine
05:36:35.363    (INFO)     NativeSequence.AddLog: [18]0 - 1/1/0001 12:00:00 AM -  - Created Native Sequence for : DTD001_TEMPOPENREQ
----------->     (WARNING)  PostgreHelper.ExecuteNonQuery: [18]DBExecuteError - 42P01: sequence "fact_acct_seq" does not exist
05:36:35.363    (INFO)     NativeSequence.AddLog: [18]0 - 1/1/0001 12:00:00 AM -  - Created Native Sequence for : Fact_Acct
05:36:35.363    (INFO)     NativeSequence.AddLog: [18]0 - 1/1/0001 12:00:00 AM -  - Created Native Sequence for : Fact_Acct_Balance
----------->     (WARNING)  PostgreHelper.ExecuteNonQuery: [18]DBExecuteError - 42P01: sequence "fact_accumulation_seq" does not exist
05:36:35.363    (INFO)     NativeSequence.AddLog: [18]0 - 1/1/0001 12:00:00 AM -  - Created Native Sequence for : Fact_Accumulation
----------->     (WARNING)  PostgreHelper.ExecuteNonQuery: [18]DBExecuteError - 42P01: sequence "gl_assignacctschema_seq" does not exist
05:36:35.363    (INFO)     NativeSequence.AddLog: [18]0 - 1/1/0001 12:00:00 AM -  - Created Native Sequence for : GL_AssignAcctSchema
----------->     (WARNING)  PostgreHelper.ExecuteNonQuery: [18]DBExecuteError - 42P01: sequence "gl_budget_seq" does not exist
05:36:35.363    (INFO)     NativeSequence.AddLog: [18]0 - 1/1/0001 12:00:00 AM -  - Created Native Sequence for : GL_Budget
----------->     (WARNING)  PostgreHelper.ExecuteNonQuery: [18]DBExecuteError - 42P01: sequence "gl_budgetcontrol_seq" does not exist
05:36:35.363    (INFO)     NativeSequence.AddLog: [18]0 - 1/1/0001 12:00:00 AM -  - Created Native Sequence for : GL_BudgetControl
----------->     (WARNING)  PostgreHelper.ExecuteNonQuery: [18]DBExecuteError - 42P01: sequence "gl_budgetcontroldimension_seq" does not exist
05:36:35.363    (INFO)     NativeSequence.AddLog: [18]0 - 1/1/0001 12:00:00 AM -  - Created Native Sequence for : GL_BudgetControlDimension
----------->     (WARNING)  PostgreHelper.ExecuteNonQuery: [18]DBExecuteError - 42P01: sequence "gl_category_seq" does not exist
05:36:35.363    (INFO)     NativeSequence.AddLog: [18]0 - 1/1/0001 12:00:00 AM -  - Created Native Sequence for : GL_Category
----------->     (WARNING)  PostgreHelper.ExecuteNonQuery: [18]DBExecuteError - 42P01: sequence "gl_distribution_seq" does not exist
05:36:35.363    (INFO)     NativeSequence.AddLog: [18]0 - 1/1/0001 12:00:00 AM -  - Created Native Sequence for : GL_Distribution
----------->     (WARNING)  PostgreHelper.ExecuteNonQuery: [18]DBExecuteError - 42P01: sequence "gl_distributionline_seq" does not exist
05:36:35.363    (INFO)     NativeSequence.AddLog: [18]0 - 1/1/0001 12:00:00 AM -  - Created Native Sequence for : GL_DistributionLine
----------->     (WARNING)  PostgreHelper.ExecuteNonQuery: [18]DBExecuteError - 42P01: sequence "gl_fund_seq" does not exist
05:36:35.363    (INFO)     NativeSequence.AddLog: [18]0 - 1/1/0001 12:00:00 AM -  - Created Native Sequence for : GL_Fund
----------->     (WARNING)  PostgreHelper.ExecuteNonQuery: [18]DBExecuteError - 42P01: sequence "gl_fundrestriction_seq" does not exist
05:36:35.363    (INFO)     NativeSequence.AddLog: [18]0 - 1/1/0001 12:00:00 AM -  - Created Native Sequence for : GL_FundRestriction
----------->     (WARNING)  PostgreHelper.ExecuteNonQuery: [18]DBExecuteError - 42P01: sequence "gl_journal_seq" does not exist
05:36:35.363    (INFO)     NativeSequence.AddLog: [18]0 - 1/1/0001 12:00:00 AM -  - Created Native Sequence for : GL_Journal
----------->     (WARNING)  PostgreHelper.ExecuteNonQuery: [18]DBExecuteError - 42P01: sequence "gl_journalbatch_seq" does not exist
05:36:35.363    (INFO)     NativeSequence.AddLog: [18]0 - 1/1/0001 12:00:00 AM -  - Created Native Sequence for : GL_JournalBatch
----------->     (WARNING)  PostgreHelper.ExecuteNonQuery: [18]DBExecuteError - 42P01: sequence "gl_journalline_seq" does not exist
05:36:35.363    (INFO)     NativeSequence.AddLog: [18]0 - 1/1/0001 12:00:00 AM -  - Created Native Sequence for : GL_JournalLine
----------->     (WARNING)  PostgreHelper.ExecuteNonQuery: [18]DBExecuteError - 42P01: sequence "gl_linedimension_seq" does not exist
05:36:35.363    (INFO)     NativeSequence.AddLog: [18]0 - 1/1/0001 12:00:00 AM -  - Created Native Sequence for : GL_LineDimension
----------->     (WARNING)  PostgreHelper.ExecuteNonQuery: [18]DBExecuteError - 42P01: sequence "gl_redistribution_seq" does not exist
05:36:35.363    (INFO)     NativeSequence.AddLog: [18]0 - 1/1/0001 12:00:00 AM -  - Created Native Sequence for : GL_ReDistribution
----------->     (WARNING)  PostgreHelper.ExecuteNonQuery: [18]DBExecuteError - 42P01: sequence "gl_redistributionline_seq" does not exist
05:36:35.363    (INFO)     NativeSequence.AddLog: [18]0 - 1/1/0001 12:00:00 AM -  - Created Native Sequence for : GL_ReDistributionLine
----------->     (WARNING)  PostgreHelper.ExecuteNonQuery: [18]DBExecuteError - 42P01: sequence "hr_accrualsummary_seq" does not exist
05:36:35.363    (INFO)     NativeSequence.AddLog: [18]0 - 1/1/0001 12:00:00 AM -  - Created Native Sequence for : HR_ACCRUALSUMMARY
----------->     (WARNING)  PostgreHelper.ExecuteNonQuery: [18]DBExecuteError - 42P01: sequence "hr_appraisal_seq" does not exist
05:36:35.363    (INFO)     NativeSequence.AddLog: [18]0 - 1/1/0001 12:00:00 AM -  - Created Native Sequence for : HR_Appraisal
----------->     (WARNING)  PostgreHelper.ExecuteNonQuery: [18]DBExecuteError - 42P01: sequence "hr_employeecontract_seq" does not exist
05:36:35.363    (INFO)     NativeSequence.AddLog: [18]0 - 1/1/0001 12:00:00 AM -  - Created Native Sequence for : HR_EmployeeContract
----------->     (WARNING)  PostgreHelper.ExecuteNonQuery: [18]DBExecuteError - 42P01: sequence "i_bankstatement_seq" does not exist
05:36:35.363    (INFO)     NativeSequence.AddLog: [18]0 - 1/1/0001 12:00:00 AM -  - Created Native Sequence for : I_BankStatement
----------->     (WARNING)  PostgreHelper.ExecuteNonQuery: [18]DBExecuteError - 42P01: sequence "i_bomproduct_seq" does not exist
05:36:35.363    (INFO)     NativeSequence.AddLog: [18]0 - 1/1/0001 12:00:00 AM -  - Created Native Sequence for : I_BOMProduct
----------->     (WARNING)  PostgreHelper.ExecuteNonQuery: [18]DBExecuteError - 42P01: sequence "i_bpartner_seq" does not exist
05:36:35.363    (INFO)     NativeSequence.AddLog: [18]0 - 1/1/0001 12:00:00 AM -  - Created Native Sequence for : I_BPartner
----------->     (WARNING)  PostgreHelper.ExecuteNonQuery: [18]DBExecuteError - 42P01: sequence "i_contact_seq" does not exist
05:36:35.363    (INFO)     NativeSequence.AddLog: [18]0 - 1/1/0001 12:00:00 AM -  - Created Native Sequence for : I_Contact
----------->     (WARNING)  PostgreHelper.ExecuteNonQuery: [18]DBExecuteError - 42P01: sequence "i_conversion_rate_seq" does not exist
05:36:35.363    (INFO)     NativeSequence.AddLog: [18]0 - 1/1/0001 12:00:00 AM -  - Created Native Sequence for : I_Conversion_Rate
----------->     (WARNING)  PostgreHelper.ExecuteNonQuery: [18]DBExecuteError - 42P01: sequence "i_elementvalue_seq" does not exist
05:36:35.363    (INFO)     NativeSequence.AddLog: [18]0 - 1/1/0001 12:00:00 AM -  - Created Native Sequence for : I_ElementValue
----------->     (WARNING)  PostgreHelper.ExecuteNonQuery: [18]DBExecuteError - 42P01: sequence "i_gljournal_seq" does not exist
05:36:35.363    (INFO)     NativeSequence.AddLog: [18]0 - 1/1/0001 12:00:00 AM -  - Created Native Sequence for : I_GLJournal
----------->     (WARNING)  PostgreHelper.ExecuteNonQuery: [18]DBExecuteError - 42P01: sequence "i_inoutlineconfirm_seq" does not exist
05:36:35.363    (INFO)     NativeSequence.AddLog: [18]0 - 1/1/0001 12:00:00 AM -  - Created Native Sequence for : I_InOutLineConfirm
----------->     (WARNING)  PostgreHelper.ExecuteNonQuery: [18]DBExecuteError - 42P01: sequence "i_inventory_seq" does not exist
05:36:35.363    (INFO)     NativeSequence.AddLog: [18]0 - 1/1/0001 12:00:00 AM -  - Created Native Sequence for : I_Inventory
----------->     (WARNING)  PostgreHelper.ExecuteNonQuery: [18]DBExecuteError - 42P01: sequence "i_invoice_seq" does not exist
05:36:35.363    (INFO)     NativeSequence.AddLog: [18]0 - 1/1/0001 12:00:00 AM -  - Created Native Sequence for : I_Invoice
----------->     (WARNING)  PostgreHelper.ExecuteNonQuery: [18]DBExecuteError - 42P01: sequence "i_order_seq" does not exist
05:36:35.363    (INFO)     NativeSequence.AddLog: [18]0 - 1/1/0001 12:00:00 AM -  - Created Native Sequence for : I_Order
----------->     (WARNING)  PostgreHelper.ExecuteNonQuery: [18]DBExecuteError - 42P01: sequence "i_payment_seq" does not exist
05:36:35.363    (INFO)     NativeSequence.AddLog: [18]0 - 1/1/0001 12:00:00 AM -  - Created Native Sequence for : I_Payment
----------->     (WARNING)  PostgreHelper.ExecuteNonQuery: [18]DBExecuteError - 42P01: sequence "i_product_seq" does not exist
05:36:35.363    (INFO)     NativeSequence.AddLog: [18]0 - 1/1/0001 12:00:00 AM -  - Created Native Sequence for : I_Product
----------->     (WARNING)  PostgreHelper.ExecuteNonQuery: [18]DBExecuteError - 42P01: sequence "i_productcost_seq" does not exist
05:36:35.363    (INFO)     NativeSequence.AddLog: [18]0 - 1/1/0001 12:00:00 AM -  - Created Native Sequence for : I_ProductCost
----------->     (WARNING)  PostgreHelper.ExecuteNonQuery: [18]DBExecuteError - 42P01: sequence "i_reportline_seq" does not exist
05:36:35.363    (INFO)     NativeSequence.AddLog: [18]0 - 1/1/0001 12:00:00 AM -  - Created Native Sequence for : I_ReportLine
----------->     (WARNING)  PostgreHelper.ExecuteNonQuery: [18]DBExecuteError - 42P01: sequence "i_request_seq" does not exist
05:36:35.363    (INFO)     NativeSequence.AddLog: [18]0 - 1/1/0001 12:00:00 AM -  - Created Native Sequence for : I_Request
----------->     (WARNING)  PostgreHelper.ExecuteNonQuery: [18]DBExecuteError - 42P01: sequence "i_tlelement_trl_seq" does not exist
05:36:35.363    (INFO)     NativeSequence.AddLog: [18]0 - 1/1/0001 12:00:00 AM -  - Created Native Sequence for : I_TLElement_Trl
----------->     (WARNING)  PostgreHelper.ExecuteNonQuery: [18]DBExecuteError - 42P01: sequence "i_tlfield_trl_seq" does not exist
05:36:35.363    (INFO)     NativeSequence.AddLog: [18]0 - 1/1/0001 12:00:00 AM -  - Created Native Sequence for : I_TLField_Trl
----------->     (WARNING)  PostgreHelper.ExecuteNonQuery: [18]DBExecuteError - 42P01: sequence "i_tlfieldgroup_trl_seq" does not exist
05:36:35.363    (INFO)     NativeSequence.AddLog: [18]0 - 1/1/0001 12:00:00 AM -  - Created Native Sequence for : I_TLFieldGroup_Trl
----------->     (WARNING)  PostgreHelper.ExecuteNonQuery: [18]DBExecuteError - 42P01: sequence "i_tlform_trl_seq" does not exist
05:36:35.363    (INFO)     NativeSequence.AddLog: [18]0 - 1/1/0001 12:00:00 AM -  - Created Native Sequence for : I_TLForm_Trl
----------->     (WARNING)  PostgreHelper.ExecuteNonQuery: [18]DBExecuteError - 42P01: sequence "i_tllanguage_seq" does not exist
05:36:35.363    (INFO)     NativeSequence.AddLog: [18]0 - 1/1/0001 12:00:00 AM -  - Created Native Sequence for : I_TLLanguage
----------->     (WARNING)  PostgreHelper.ExecuteNonQuery: [18]DBExecuteError - 42P01: sequence "i_tlmenu_trl_seq" does not exist
05:36:35.363    (INFO)     NativeSequence.AddLog: [18]0 - 1/1/0001 12:00:00 AM -  - Created Native Sequence for : I_TLMenu_Trl
----------->     (WARNING)  PostgreHelper.ExecuteNonQuery: [18]DBExecuteError - 42P01: sequence "i_tlmessage_trl_seq" does not exist
05:36:35.363    (INFO)     NativeSequence.AddLog: [18]0 - 1/1/0001 12:00:00 AM -  - Created Native Sequence for : I_TLMessage_Trl
----------->     (WARNING)  PostgreHelper.ExecuteNonQuery: [18]DBExecuteError - 42P01: sequence "i_tlprocess_trl_seq" does not exist
05:36:35.363    (INFO)     NativeSequence.AddLog: [18]0 - 1/1/0001 12:00:00 AM -  - Created Native Sequence for : I_TLProcess_Trl
----------->     (WARNING)  PostgreHelper.ExecuteNonQuery: [18]DBExecuteError - 42P01: sequence "i_tlref_list_trl_seq" does not exist
05:36:35.363    (INFO)     NativeSequence.AddLog: [18]0 - 1/1/0001 12:00:00 AM -  - Created Native Sequence for : I_TLRef_List_Trl
----------->     (WARNING)  PostgreHelper.ExecuteNonQuery: [18]DBExecuteError - 42P01: sequence "i_tltab_trl_seq" does not exist
05:36:35.363    (INFO)     NativeSequence.AddLog: [18]0 - 1/1/0001 12:00:00 AM -  - Created Native Sequence for : I_TLTab_Trl
----------->     (WARNING)  PostgreHelper.ExecuteNonQuery: [18]DBExecuteError - 42P01: sequence "i_tltask_trl_seq" does not exist
05:36:35.363    (INFO)     NativeSequence.AddLog: [18]0 - 1/1/0001 12:00:00 AM -  - Created Native Sequence for : I_TLTask_Trl
----------->     (WARNING)  PostgreHelper.ExecuteNonQuery: [18]DBExecuteError - 42P01: sequence "i_tlwf_node_trl_seq" does not exist
05:36:35.363    (INFO)     NativeSequence.AddLog: [18]0 - 1/1/0001 12:00:00 AM -  - Created Native Sequence for : I_TLWF_Node_Trl
----------->     (WARNING)  PostgreHelper.ExecuteNonQuery: [18]DBExecuteError - 42P01: sequence "i_tlwindow_trl_seq" does not exist
05:36:35.363    (INFO)     NativeSequence.AddLog: [18]0 - 1/1/0001 12:00:00 AM -  - Created Native Sequence for : I_TLWindow_Trl
----------->     (WARNING)  PostgreHelper.ExecuteNonQuery: [18]DBExecuteError - 42P01: sequence "i_tlworkflow_trl_seq" does not exist
05:36:35.363    (INFO)     NativeSequence.AddLog: [18]0 - 1/1/0001 12:00:00 AM -  - Created Native Sequence for : I_TLWorkflow_Trl
----------->     (WARNING)  PostgreHelper.ExecuteNonQuery: [18]DBExecuteError - 42P01: sequence "ip_requirement_seq" does not exist
05:36:35.363    (INFO)     NativeSequence.AddLog: [18]0 - 1/1/0001 12:00:00 AM -  - Created Native Sequence for : IP_Requirement
----------->     (WARNING)  PostgreHelper.ExecuteNonQuery: [18]DBExecuteError - 42P01: sequence "k_category_seq" does not exist
05:36:35.363    (INFO)     NativeSequence.AddLog: [18]0 - 1/1/0001 12:00:00 AM -  - Created Native Sequence for : K_Category
----------->     (WARNING)  PostgreHelper.ExecuteNonQuery: [18]DBExecuteError - 42P01: sequence "k_categoryvalue_seq" does not exist
05:36:35.363    (INFO)     NativeSequence.AddLog: [18]0 - 1/1/0001 12:00:00 AM -  - Created Native Sequence for : K_CategoryValue
----------->     (WARNING)  PostgreHelper.ExecuteNonQuery: [18]DBExecuteError - 42P01: sequence "k_comment_seq" does not exist
05:36:35.363    (INFO)     NativeSequence.AddLog: [18]0 - 1/1/0001 12:00:00 AM -  - Created Native Sequence for : K_Comment
----------->     (WARNING)  PostgreHelper.ExecuteNonQuery: [18]DBExecuteError - 42P01: sequence "k_entry_seq" does not exist
05:36:35.363    (INFO)     NativeSequence.AddLog: [18]0 - 1/1/0001 12:00:00 AM -  - Created Native Sequence for : K_Entry
05:36:35.363    (INFO)     NativeSequence.AddLog: [18]0 - 1/1/0001 12:00:00 AM -  - Created Native Sequence for : K_EntryCategory
----------->     (WARNING)  PostgreHelper.ExecuteNonQuery: [18]DBExecuteError - 42P01: sequence "k_entryrelated_seq" does not exist
05:36:35.363    (INFO)     NativeSequence.AddLog: [18]0 - 1/1/0001 12:00:00 AM -  - Created Native Sequence for : K_EntryRelated
----------->     (WARNING)  PostgreHelper.ExecuteNonQuery: [18]DBExecuteError - 42P01: sequence "k_index_seq" does not exist
05:36:35.363    (INFO)     NativeSequence.AddLog: [18]0 - 1/1/0001 12:00:00 AM -  - Created Native Sequence for : K_Index
----------->     (WARNING)  PostgreHelper.ExecuteNonQuery: [18]DBExecuteError - 42P01: sequence "k_indexlog_seq" does not exist
05:36:35.363    (INFO)     NativeSequence.AddLog: [18]0 - 1/1/0001 12:00:00 AM -  - Created Native Sequence for : K_IndexLog
----------->     (WARNING)  PostgreHelper.ExecuteNonQuery: [18]DBExecuteError - 42P01: sequence "k_indexstop_seq" does not exist
05:36:35.363    (INFO)     NativeSequence.AddLog: [18]0 - 1/1/0001 12:00:00 AM -  - Created Native Sequence for : K_IndexStop
----------->     (WARNING)  PostgreHelper.ExecuteNonQuery: [18]DBExecuteError - 42P01: sequence "k_source_seq" does not exist
05:36:35.363    (INFO)     NativeSequence.AddLog: [18]0 - 1/1/0001 12:00:00 AM -  - Created Native Sequence for : K_Source
----------->     (WARNING)  PostgreHelper.ExecuteNonQuery: [18]DBExecuteError - 42P01: sequence "k_synonym_seq" does not exist
05:36:35.363    (INFO)     NativeSequence.AddLog: [18]0 - 1/1/0001 12:00:00 AM -  - Created Native Sequence for : K_Synonym
----------->     (WARNING)  PostgreHelper.ExecuteNonQuery: [18]DBExecuteError - 42P01: sequence "k_topic_seq" does not exist
05:36:35.363    (INFO)     NativeSequence.AddLog: [18]0 - 1/1/0001 12:00:00 AM -  - Created Native Sequence for : K_Topic
----------->     (WARNING)  PostgreHelper.ExecuteNonQuery: [18]DBExecuteError - 42P01: sequence "k_type_seq" does not exist
05:36:35.363    (INFO)     NativeSequence.AddLog: [18]0 - 1/1/0001 12:00:00 AM -  - Created Native Sequence for : K_Type
----------->     (WARNING)  PostgreHelper.ExecuteNonQuery: [18]DBExecuteError - 42P01: sequence "m_attribute_seq" does not exist
05:36:35.363    (INFO)     NativeSequence.AddLog: [18]0 - 1/1/0001 12:00:00 AM -  - Created Native Sequence for : M_Attribute
05:36:35.363    (INFO)     NativeSequence.AddLog: [18]0 - 1/1/0001 12:00:00 AM -  - Created Native Sequence for : M_AttributeInstance
----------->     (WARNING)  PostgreHelper.ExecuteNonQuery: [18]DBExecuteError - 42P01: sequence "m_attributesearch_seq" does not exist
05:36:35.363    (INFO)     NativeSequence.AddLog: [18]0 - 1/1/0001 12:00:00 AM -  - Created Native Sequence for : M_AttributeSearch
----------->     (WARNING)  PostgreHelper.ExecuteNonQuery: [18]DBExecuteError - 42P01: sequence "m_attributeset_seq" does not exist
05:36:35.363    (INFO)     NativeSequence.AddLog: [18]0 - 1/1/0001 12:00:00 AM -  - Created Native Sequence for : M_AttributeSet
----------->     (WARNING)  PostgreHelper.ExecuteNonQuery: [18]DBExecuteError - 42P01: sequence "m_attributesetexclude_seq" does not exist
05:36:35.363    (INFO)     NativeSequence.AddLog: [18]0 - 1/1/0001 12:00:00 AM -  - Created Native Sequence for : M_AttributeSetExclude
----------->     (WARNING)  PostgreHelper.ExecuteNonQuery: [18]DBExecuteError - 42P01: sequence "m_attributesetinstance_seq" does not exist
05:36:35.363    (INFO)     NativeSequence.AddLog: [18]0 - 1/1/0001 12:00:00 AM -  - Created Native Sequence for : M_AttributeSetInstance
05:36:35.363    (INFO)     NativeSequence.AddLog: [18]0 - 1/1/0001 12:00:00 AM -  - Created Native Sequence for : M_AttributeUse
----------->     (WARNING)  PostgreHelper.ExecuteNonQuery: [18]DBExecuteError - 42P01: sequence "m_attributevalue_seq" does not exist
05:36:35.363    (INFO)     NativeSequence.AddLog: [18]0 - 1/1/0001 12:00:00 AM -  - Created Native Sequence for : M_AttributeValue
----------->     (WARNING)  PostgreHelper.ExecuteNonQuery: [18]DBExecuteError - 42P01: sequence "m_bom_seq" does not exist
05:36:35.363    (INFO)     NativeSequence.AddLog: [18]0 - 1/1/0001 12:00:00 AM -  - Created Native Sequence for : M_BOM
----------->     (WARNING)  PostgreHelper.ExecuteNonQuery: [18]DBExecuteError - 42P01: sequence "m_bomalternative_seq" does not exist
05:36:35.363    (INFO)     NativeSequence.AddLog: [18]0 - 1/1/0001 12:00:00 AM -  - Created Native Sequence for : M_BOMAlternative
----------->     (WARNING)  PostgreHelper.ExecuteNonQuery: [18]DBExecuteError - 42P01: sequence "m_bomproduct_seq" does not exist
05:36:35.363    (INFO)     NativeSequence.AddLog: [18]0 - 1/1/0001 12:00:00 AM -  - Created Native Sequence for : M_BOMProduct
----------->     (WARNING)  PostgreHelper.ExecuteNonQuery: [18]DBExecuteError - 42P01: sequence "m_brand_seq" does not exist
05:36:35.363    (INFO)     NativeSequence.AddLog: [18]0 - 1/1/0001 12:00:00 AM -  - Created Native Sequence for : M_Brand
----------->     (WARNING)  PostgreHelper.ExecuteNonQuery: [18]DBExecuteError - 42P01: sequence "m_changenotice_seq" does not exist
05:36:36.363    (INFO)     NativeSequence.AddLog: [18]0 - 1/1/0001 12:00:00 AM -  - Created Native Sequence for : M_ChangeNotice
----------->     (WARNING)  PostgreHelper.ExecuteNonQuery: [18]DBExecuteError - 42P01: sequence "m_changerequest_seq" does not exist
05:36:36.363    (INFO)     NativeSequence.AddLog: [18]0 - 1/1/0001 12:00:00 AM -  - Created Native Sequence for : M_ChangeRequest
----------->     (WARNING)  PostgreHelper.ExecuteNonQuery: [18]DBExecuteError - 42P01: sequence "m_containerstorage_seq" does not exist
05:36:36.363    (INFO)     NativeSequence.AddLog: [18]0 - 1/1/0001 12:00:00 AM -  - Created Native Sequence for : M_ContainerStorage
05:36:36.363    (INFO)     NativeSequence.AddLog: [18]0 - 1/1/0001 12:00:00 AM -  - Created Native Sequence for : M_Cost
----------->     (WARNING)  PostgreHelper.ExecuteNonQuery: [18]DBExecuteError - 42P01: sequence "m_cost_foreigncurrency_seq" does not exist
05:36:36.363    (INFO)     NativeSequence.AddLog: [18]0 - 1/1/0001 12:00:00 AM -  - Created Native Sequence for : M_Cost_ForeignCurrency
----------->     (WARNING)  PostgreHelper.ExecuteNonQuery: [18]DBExecuteError - 42P01: sequence "m_costdetail_seq" does not exist
05:36:36.363    (INFO)     NativeSequence.AddLog: [18]0 - 1/1/0001 12:00:00 AM -  - Created Native Sequence for : M_CostDetail
----------->     (WARNING)  PostgreHelper.ExecuteNonQuery: [18]DBExecuteError - 42P01: sequence "m_costelement_seq" does not exist
05:36:36.363    (INFO)     NativeSequence.AddLog: [18]0 - 1/1/0001 12:00:00 AM -  - Created Native Sequence for : M_CostElement
----------->     (WARNING)  PostgreHelper.ExecuteNonQuery: [18]DBExecuteError - 42P01: sequence "m_costelementdetail_seq" does not exist
05:36:36.363    (INFO)     NativeSequence.AddLog: [18]0 - 1/1/0001 12:00:00 AM -  - Created Native Sequence for : M_CostElementDetail
----------->     (WARNING)  PostgreHelper.ExecuteNonQuery: [18]DBExecuteError - 42P01: sequence "m_costelementline_seq" does not exist
05:36:36.363    (INFO)     NativeSequence.AddLog: [18]0 - 1/1/0001 12:00:00 AM -  - Created Native Sequence for : M_CostElementLine
----------->     (WARNING)  PostgreHelper.ExecuteNonQuery: [18]DBExecuteError - 42P01: sequence "m_costqueue_seq" does not exist
05:36:36.363    (INFO)     NativeSequence.AddLog: [18]0 - 1/1/0001 12:00:00 AM -  - Created Native Sequence for : M_CostQueue
----------->     (WARNING)  PostgreHelper.ExecuteNonQuery: [18]DBExecuteError - 42P01: sequence "m_costqueuetransaction_seq" does not exist
05:36:36.363    (INFO)     NativeSequence.AddLog: [18]0 - 1/1/0001 12:00:00 AM -  - Created Native Sequence for : M_CostQueueTransaction
----------->     (WARNING)  PostgreHelper.ExecuteNonQuery: [18]DBExecuteError - 42P01: sequence "m_costtype_seq" does not exist
05:36:36.363    (INFO)     NativeSequence.AddLog: [18]0 - 1/1/0001 12:00:00 AM -  - Created Native Sequence for : M_CostType
----------->     (WARNING)  PostgreHelper.ExecuteNonQuery: [18]DBExecuteError - 42P01: sequence "m_costupdate_seq" does not exist
05:36:36.363    (INFO)     NativeSequence.AddLog: [18]0 - 1/1/0001 12:00:00 AM -  - Created Native Sequence for : M_CostUpdate
----------->     (WARNING)  PostgreHelper.ExecuteNonQuery: [18]DBExecuteError - 42P01: sequence "m_costupdateline_seq" does not exist
05:36:36.363    (INFO)     NativeSequence.AddLog: [18]0 - 1/1/0001 12:00:00 AM -  - Created Native Sequence for : M_CostUpdateLine
----------->     (WARNING)  PostgreHelper.ExecuteNonQuery: [18]DBExecuteError - 42P01: sequence "m_customtariff_seq" does not exist
05:36:36.363    (INFO)     NativeSequence.AddLog: [18]0 - 1/1/0001 12:00:00 AM -  - Created Native Sequence for : M_CustomTariff
----------->     (WARNING)  PostgreHelper.ExecuteNonQuery: [18]DBExecuteError - 42P01: sequence "m_demand_seq" does not exist
05:36:36.363    (INFO)     NativeSequence.AddLog: [18]0 - 1/1/0001 12:00:00 AM -  - Created Native Sequence for : M_Demand
----------->     (WARNING)  PostgreHelper.ExecuteNonQuery: [18]DBExecuteError - 42P01: sequence "m_demanddetail_seq" does not exist
05:36:36.363    (INFO)     NativeSequence.AddLog: [18]0 - 1/1/0001 12:00:00 AM -  - Created Native Sequence for : M_DemandDetail
----------->     (WARNING)  PostgreHelper.ExecuteNonQuery: [18]DBExecuteError - 42P01: sequence "m_demandline_seq" does not exist
05:36:36.363    (INFO)     NativeSequence.AddLog: [18]0 - 1/1/0001 12:00:00 AM -  - Created Native Sequence for : M_DemandLine
----------->     (WARNING)  PostgreHelper.ExecuteNonQuery: [18]DBExecuteError - 42P01: sequence "m_discountschema_seq" does not exist
05:36:36.363    (INFO)     NativeSequence.AddLog: [18]0 - 1/1/0001 12:00:00 AM -  - Created Native Sequence for : M_DiscountSchema
----------->     (WARNING)  PostgreHelper.ExecuteNonQuery: [18]DBExecuteError - 42P01: sequence "m_discountschemabreak_seq" does not exist
05:36:36.363    (INFO)     NativeSequence.AddLog: [18]0 - 1/1/0001 12:00:00 AM -  - Created Native Sequence for : M_DiscountSchemaBreak
----------->     (WARNING)  PostgreHelper.ExecuteNonQuery: [18]DBExecuteError - 42P01: sequence "m_discountschemaline_seq" does not exist
05:36:36.363    (INFO)     NativeSequence.AddLog: [18]0 - 1/1/0001 12:00:00 AM -  - Created Native Sequence for : M_DiscountSchemaLine
----------->     (WARNING)  PostgreHelper.ExecuteNonQuery: [18]DBExecuteError - 42P01: sequence "m_distributionlist_seq" does not exist
05:36:36.363    (INFO)     NativeSequence.AddLog: [18]0 - 1/1/0001 12:00:00 AM -  - Created Native Sequence for : M_DistributionList
----------->     (WARNING)  PostgreHelper.ExecuteNonQuery: [18]DBExecuteError - 42P01: sequence "m_distributionlistline_seq" does not exist
05:36:36.363    (INFO)     NativeSequence.AddLog: [18]0 - 1/1/0001 12:00:00 AM -  - Created Native Sequence for : M_DistributionListLine
----------->     (WARNING)  PostgreHelper.ExecuteNonQuery: [18]DBExecuteError - 42P01: sequence "m_distributionrun_seq" does not exist
05:36:36.363    (INFO)     NativeSequence.AddLog: [18]0 - 1/1/0001 12:00:00 AM -  - Created Native Sequence for : M_DistributionRun
----------->     (WARNING)  PostgreHelper.ExecuteNonQuery: [18]DBExecuteError - 42P01: sequence "m_distributionrunline_seq" does not exist
05:36:36.363    (INFO)     NativeSequence.AddLog: [18]0 - 1/1/0001 12:00:00 AM -  - Created Native Sequence for : M_DistributionRunLine
----------->     (WARNING)  PostgreHelper.ExecuteNonQuery: [18]DBExecuteError - 42P01: sequence "m_forecast_seq" does not exist
05:36:36.363    (INFO)     NativeSequence.AddLog: [18]0 - 1/1/0001 12:00:00 AM -  - Created Native Sequence for : M_Forecast
----------->     (WARNING)  PostgreHelper.ExecuteNonQuery: [18]DBExecuteError - 42P01: sequence "m_forecastline_seq" does not exist
05:36:36.363    (INFO)     NativeSequence.AddLog: [18]0 - 1/1/0001 12:00:00 AM -  - Created Native Sequence for : M_ForecastLine
----------->     (WARNING)  PostgreHelper.ExecuteNonQuery: [18]DBExecuteError - 42P01: sequence "m_freight_seq" does not exist
05:36:36.363    (INFO)     NativeSequence.AddLog: [18]0 - 1/1/0001 12:00:00 AM -  - Created Native Sequence for : M_Freight
----------->     (WARNING)  PostgreHelper.ExecuteNonQuery: [18]DBExecuteError - 42P01: sequence "m_freightcategory_seq" does not exist
05:36:36.363    (INFO)     NativeSequence.AddLog: [18]0 - 1/1/0001 12:00:00 AM -  - Created Native Sequence for : M_FreightCategory
----------->     (WARNING)  PostgreHelper.ExecuteNonQuery: [18]DBExecuteError - 42P01: sequence "m_freightimpact_seq" does not exist
05:36:36.363    (INFO)     NativeSequence.AddLog: [18]0 - 1/1/0001 12:00:00 AM -  - Created Native Sequence for : M_FreightImpact
----------->     (WARNING)  PostgreHelper.ExecuteNonQuery: [18]DBExecuteError - 42P01: sequence "m_inout_seq" does not exist
05:36:36.363    (INFO)     NativeSequence.AddLog: [18]0 - 1/1/0001 12:00:00 AM -  - Created Native Sequence for : M_InOut
----------->     (WARNING)  PostgreHelper.ExecuteNonQuery: [18]DBExecuteError - 42P01: sequence "m_inoutconfirm_seq" does not exist
05:36:36.363    (INFO)     NativeSequence.AddLog: [18]0 - 1/1/0001 12:00:00 AM -  - Created Native Sequence for : M_InOutConfirm
----------->     (WARNING)  PostgreHelper.ExecuteNonQuery: [18]DBExecuteError - 42P01: sequence "m_inoutline_seq" does not exist
05:36:36.363    (INFO)     NativeSequence.AddLog: [18]0 - 1/1/0001 12:00:00 AM -  - Created Native Sequence for : M_InOutLine
----------->     (WARNING)  PostgreHelper.ExecuteNonQuery: [18]DBExecuteError - 42P01: sequence "m_inoutlineconfirm_seq" does not exist
05:36:36.363    (INFO)     NativeSequence.AddLog: [18]0 - 1/1/0001 12:00:00 AM -  - Created Native Sequence for : M_InOutLineConfirm
05:36:36.363    (INFO)     NativeSequence.AddLog: [18]0 - 1/1/0001 12:00:00 AM -  - Created Native Sequence for : M_InOutLineMA
----------->     (WARNING)  PostgreHelper.ExecuteNonQuery: [18]DBExecuteError - 42P01: sequence "m_inventory_seq" does not exist
05:36:36.363    (INFO)     NativeSequence.AddLog: [18]0 - 1/1/0001 12:00:00 AM -  - Created Native Sequence for : M_Inventory
----------->     (WARNING)  PostgreHelper.ExecuteNonQuery: [18]DBExecuteError - 42P01: sequence "m_inventoryline_seq" does not exist
05:36:36.363    (INFO)     NativeSequence.AddLog: [18]0 - 1/1/0001 12:00:00 AM -  - Created Native Sequence for : M_InventoryLine
05:36:36.363    (INFO)     NativeSequence.AddLog: [18]0 - 1/1/0001 12:00:00 AM -  - Created Native Sequence for : M_InventoryLineMA
----------->     (WARNING)  PostgreHelper.ExecuteNonQuery: [18]DBExecuteError - 42P01: sequence "m_inventoryrevaluation_seq" does not exist
05:36:36.363    (INFO)     NativeSequence.AddLog: [18]0 - 1/1/0001 12:00:00 AM -  - Created Native Sequence for : M_InventoryRevaluation
----------->     (WARNING)  PostgreHelper.ExecuteNonQuery: [18]DBExecuteError - 42P01: sequence "m_locator_seq" does not exist
05:36:36.363    (INFO)     NativeSequence.AddLog: [18]0 - 1/1/0001 12:00:00 AM -  - Created Native Sequence for : M_Locator
----------->     (WARNING)  PostgreHelper.ExecuteNonQuery: [18]DBExecuteError - 42P01: sequence "m_lot_seq" does not exist
05:36:36.363    (INFO)     NativeSequence.AddLog: [18]0 - 1/1/0001 12:00:00 AM -  - Created Native Sequence for : M_Lot
----------->     (WARNING)  PostgreHelper.ExecuteNonQuery: [18]DBExecuteError - 42P01: sequence "m_lotctl_seq" does not exist
05:36:36.363    (INFO)     NativeSequence.AddLog: [18]0 - 1/1/0001 12:00:00 AM -  - Created Native Sequence for : M_LotCtl
----------->     (WARNING)  PostgreHelper.ExecuteNonQuery: [18]DBExecuteError - 42P01: sequence "m_lotctlexclude_seq" does not exist
05:36:36.363    (INFO)     NativeSequence.AddLog: [18]0 - 1/1/0001 12:00:00 AM -  - Created Native Sequence for : M_LotCtlExclude
----------->     (WARNING)  PostgreHelper.ExecuteNonQuery: [18]DBExecuteError - 42P01: sequence "m_manufacturer_seq" does not exist
05:36:36.363    (INFO)     NativeSequence.AddLog: [18]0 - 1/1/0001 12:00:00 AM -  - Created Native Sequence for : M_Manufacturer
----------->     (WARNING)  PostgreHelper.ExecuteNonQuery: [18]DBExecuteError - 42P01: sequence "m_matchinv_seq" does not exist
05:36:36.363    (INFO)     NativeSequence.AddLog: [18]0 - 1/1/0001 12:00:00 AM -  - Created Native Sequence for : M_MatchInv
----------->     (WARNING)  PostgreHelper.ExecuteNonQuery: [18]DBExecuteError - 42P01: sequence "m_matchinvcosttrack_seq" does not exist
05:36:36.363    (INFO)     NativeSequence.AddLog: [18]0 - 1/1/0001 12:00:00 AM -  - Created Native Sequence for : M_MatchInvCostTrack
----------->     (WARNING)  PostgreHelper.ExecuteNonQuery: [18]DBExecuteError - 42P01: sequence "m_matchpo_seq" does not exist
05:36:36.363    (INFO)     NativeSequence.AddLog: [18]0 - 1/1/0001 12:00:00 AM -  - Created Native Sequence for : M_MatchPO
----------->     (WARNING)  PostgreHelper.ExecuteNonQuery: [18]DBExecuteError - 42P01: sequence "m_movement_seq" does not exist
05:36:36.363    (INFO)     NativeSequence.AddLog: [18]0 - 1/1/0001 12:00:00 AM -  - Created Native Sequence for : M_Movement
----------->     (WARNING)  PostgreHelper.ExecuteNonQuery: [18]DBExecuteError - 42P01: sequence "m_movementconfirm_seq" does not exist
05:36:36.363    (INFO)     NativeSequence.AddLog: [18]0 - 1/1/0001 12:00:00 AM -  - Created Native Sequence for : M_MovementConfirm
----------->     (WARNING)  PostgreHelper.ExecuteNonQuery: [18]DBExecuteError - 42P01: sequence "m_movementline_seq" does not exist
05:36:36.363    (INFO)     NativeSequence.AddLog: [18]0 - 1/1/0001 12:00:00 AM -  - Created Native Sequence for : M_MovementLine
----------->     (WARNING)  PostgreHelper.ExecuteNonQuery: [18]DBExecuteError - 42P01: sequence "m_movementlineconfirm_seq" does not exist
05:36:36.363    (INFO)     NativeSequence.AddLog: [18]0 - 1/1/0001 12:00:00 AM -  - Created Native Sequence for : M_MovementLineConfirm
05:36:36.363    (INFO)     NativeSequence.AddLog: [18]0 - 1/1/0001 12:00:00 AM -  - Created Native Sequence for : M_MovementLineMA
----------->     (WARNING)  PostgreHelper.ExecuteNonQuery: [18]DBExecuteError - 42P01: sequence "m_package_seq" does not exist
05:36:36.363    (INFO)     NativeSequence.AddLog: [18]0 - 1/1/0001 12:00:00 AM -  - Created Native Sequence for : M_Package
----------->     (WARNING)  PostgreHelper.ExecuteNonQuery: [18]DBExecuteError - 42P01: sequence "m_packageline_seq" does not exist
05:36:36.363    (INFO)     NativeSequence.AddLog: [18]0 - 1/1/0001 12:00:00 AM -  - Created Native Sequence for : M_PackageLine
----------->     (WARNING)  PostgreHelper.ExecuteNonQuery: [18]DBExecuteError - 42P01: sequence "m_perpetualinv_seq" does not exist
05:36:36.363    (INFO)     NativeSequence.AddLog: [18]0 - 1/1/0001 12:00:00 AM -  - Created Native Sequence for : M_PerpetualInv
----------->     (WARNING)  PostgreHelper.ExecuteNonQuery: [18]DBExecuteError - 42P01: sequence "m_pricelist_seq" does not exist
05:36:36.363    (INFO)     NativeSequence.AddLog: [18]0 - 1/1/0001 12:00:00 AM -  - Created Native Sequence for : M_PriceList
----------->     (WARNING)  PostgreHelper.ExecuteNonQuery: [18]DBExecuteError - 42P01: sequence "m_pricelist_version_seq" does not exist
05:36:36.363    (INFO)     NativeSequence.AddLog: [18]0 - 1/1/0001 12:00:00 AM -  - Created Native Sequence for : M_PriceList_Version
----------->     (WARNING)  PostgreHelper.ExecuteNonQuery: [18]DBExecuteError - 42P01: sequence "m_product_seq" does not exist
05:36:36.363    (INFO)     NativeSequence.AddLog: [18]0 - 1/1/0001 12:00:00 AM -  - Created Native Sequence for : M_Product
05:36:36.363    (INFO)     NativeSequence.AddLog: [18]0 - 1/1/0001 12:00:00 AM -  - Created Native Sequence for : M_Product_Acct
----------->     (WARNING)  PostgreHelper.ExecuteNonQuery: [18]DBExecuteError - 42P01: sequence "m_product_bom_seq" does not exist
05:36:36.363    (INFO)     NativeSequence.AddLog: [18]0 - 1/1/0001 12:00:00 AM -  - Created Native Sequence for : M_Product_BOM
----------->     (WARNING)  PostgreHelper.ExecuteNonQuery: [18]DBExecuteError - 42P01: sequence "m_product_category_seq" does not exist
05:36:36.363    (INFO)     NativeSequence.AddLog: [18]0 - 1/1/0001 12:00:00 AM -  - Created Native Sequence for : M_Product_Category
05:36:36.363    (INFO)     NativeSequence.AddLog: [18]0 - 1/1/0001 12:00:00 AM -  - Created Native Sequence for : M_Product_Category_Acct
===========>     (SEVERE)   PostgreHelper.ExecuteReader: [18]42703: column "m_product_category_trl_id" does not exist

POSITION: 13 [Query DR] SELECT MAX( M_Product_Category_Trl_ID) FROM M_Product_Category_Trl
===========>     (SEVERE)   DB.GetSQLValue: [18]SELECT MAX( M_Product_Category_Trl_ID) FROM M_Product_Category_Trl => 42703: column "m_product_category_trl_id" does not exist

POSITION: 13
----------->     (WARNING)  PostgreHelper.ExecuteNonQuery: [18]DBExecuteError - 42P01: sequence "m_product_category_trl_seq" does not exist
05:36:36.363    (INFO)     NativeSequence.AddLog: [18]0 - 1/1/0001 12:00:00 AM -  - Created Native Sequence for : M_Product_Category_Trl
05:36:36.363    (INFO)     NativeSequence.AddLog: [18]0 - 1/1/0001 12:00:00 AM -  - Created Native Sequence for : M_Product_Costing
05:36:36.363    (INFO)     NativeSequence.AddLog: [18]0 - 1/1/0001 12:00:00 AM -  - Created Native Sequence for : M_Product_PO
===========>     (SEVERE)   PostgreHelper.ExecuteReader: [18]42703: column "m_product_trl_id" does not exist

POSITION: 13 [Query DR] SELECT MAX( M_Product_Trl_ID) FROM M_Product_Trl
===========>     (SEVERE)   DB.GetSQLValue: [18]SELECT MAX( M_Product_Trl_ID) FROM M_Product_Trl => 42703: column "m_product_trl_id" does not exist

POSITION: 13
----------->     (WARNING)  PostgreHelper.ExecuteNonQuery: [18]DBExecuteError - 42P01: sequence "m_product_trl_seq" does not exist
05:36:36.363    (INFO)     NativeSequence.AddLog: [18]0 - 1/1/0001 12:00:00 AM -  - Created Native Sequence for : M_Product_Trl
----------->     (WARNING)  PostgreHelper.ExecuteNonQuery: [18]DBExecuteError - 42P01: sequence "m_productattributeimage_seq" does not exist
05:36:36.363    (INFO)     NativeSequence.AddLog: [18]0 - 1/1/0001 12:00:00 AM -  - Created Native Sequence for : M_ProductAttributeImage
----------->     (WARNING)  PostgreHelper.ExecuteNonQuery: [18]DBExecuteError - 42P01: sequence "m_productattributes_seq" does not exist
05:36:36.363    (INFO)     NativeSequence.AddLog: [18]0 - 1/1/0001 12:00:00 AM -  - Created Native Sequence for : M_ProductAttributes
----------->     (WARNING)  PostgreHelper.ExecuteNonQuery: [18]DBExecuteError - 42P01: sequence "m_productcontainer_seq" does not exist
05:36:36.363    (INFO)     NativeSequence.AddLog: [18]0 - 1/1/0001 12:00:00 AM -  - Created Native Sequence for : M_ProductContainer
----------->     (WARNING)  PostgreHelper.ExecuteNonQuery: [18]DBExecuteError - 42P01: sequence "m_productdownload_seq" does not exist
05:36:36.363    (INFO)     NativeSequence.AddLog: [18]0 - 1/1/0001 12:00:00 AM -  - Created Native Sequence for : M_ProductDownload
----------->     (WARNING)  PostgreHelper.ExecuteNonQuery: [18]DBExecuteError - 42P01: sequence "m_production_seq" does not exist
05:36:36.363    (INFO)     NativeSequence.AddLog: [18]0 - 1/1/0001 12:00:00 AM -  - Created Native Sequence for : M_Production
----------->     (WARNING)  PostgreHelper.ExecuteNonQuery: [18]DBExecuteError - 42P01: sequence "m_productionline_seq" does not exist
05:36:36.363    (INFO)     NativeSequence.AddLog: [18]0 - 1/1/0001 12:00:00 AM -  - Created Native Sequence for : M_ProductionLine
05:36:36.363    (INFO)     NativeSequence.AddLog: [18]0 - 1/1/0001 12:00:00 AM -  - Created Native Sequence for : M_ProductionLineMA
----------->     (WARNING)  PostgreHelper.ExecuteNonQuery: [18]DBExecuteError - 42P01: sequence "m_productionplan_seq" does not exist
05:36:36.363    (INFO)     NativeSequence.AddLog: [18]0 - 1/1/0001 12:00:00 AM -  - Created Native Sequence for : M_ProductionPlan
----------->     (WARNING)  PostgreHelper.ExecuteNonQuery: [18]DBExecuteError - 42P01: sequence "m_productlocator_seq" does not exist
05:36:36.363    (INFO)     NativeSequence.AddLog: [18]0 - 1/1/0001 12:00:00 AM -  - Created Native Sequence for : M_ProductLocator
----------->     (WARNING)  PostgreHelper.ExecuteNonQuery: [18]DBExecuteError - 42P01: sequence "m_productoperation_seq" does not exist
05:36:36.363    (INFO)     NativeSequence.AddLog: [18]0 - 1/1/0001 12:00:00 AM -  - Created Native Sequence for : M_ProductOperation
05:36:36.363    (INFO)     NativeSequence.AddLog: [18]0 - 1/1/0001 12:00:00 AM -  - Created Native Sequence for : M_ProductPrice
----------->     (WARNING)  PostgreHelper.ExecuteNonQuery: [18]DBExecuteError - 42P01: sequence "m_productstocksummary_seq" does not exist
05:36:37.363    (INFO)     NativeSequence.AddLog: [18]0 - 1/1/0001 12:00:00 AM -  - Created Native Sequence for : M_ProductStockSummary
05:36:37.363    (INFO)     NativeSequence.AddLog: [18]0 - 1/1/0001 12:00:00 AM -  - Created Native Sequence for : M_RelatedProduct
05:36:37.363    (INFO)     NativeSequence.AddLog: [18]0 - 1/1/0001 12:00:00 AM -  - Created Native Sequence for : M_Replenish
----------->     (WARNING)  PostgreHelper.ExecuteNonQuery: [18]DBExecuteError - 42P01: sequence "m_requisition_seq" does not exist
05:36:37.363    (INFO)     NativeSequence.AddLog: [18]0 - 1/1/0001 12:00:00 AM -  - Created Native Sequence for : M_Requisition
----------->     (WARNING)  PostgreHelper.ExecuteNonQuery: [18]DBExecuteError - 42P01: sequence "m_requisitionline_seq" does not exist
05:36:37.363    (INFO)     NativeSequence.AddLog: [18]0 - 1/1/0001 12:00:00 AM -  - Created Native Sequence for : M_RequisitionLine
----------->     (WARNING)  PostgreHelper.ExecuteNonQuery: [18]DBExecuteError - 42P01: sequence "m_returnpolicy_seq" does not exist
05:36:37.363    (INFO)     NativeSequence.AddLog: [18]0 - 1/1/0001 12:00:00 AM -  - Created Native Sequence for : M_ReturnPolicy
----------->     (WARNING)  PostgreHelper.ExecuteNonQuery: [18]DBExecuteError - 42P01: sequence "m_returnpolicyline_seq" does not exist
05:36:37.363    (INFO)     NativeSequence.AddLog: [18]0 - 1/1/0001 12:00:00 AM -  - Created Native Sequence for : M_ReturnPolicyLine
----------->     (WARNING)  PostgreHelper.ExecuteNonQuery: [18]DBExecuteError - 42P01: sequence "m_revaluationacctschema_seq" does not exist
05:36:37.363    (INFO)     NativeSequence.AddLog: [18]0 - 1/1/0001 12:00:00 AM -  - Created Native Sequence for : M_RevaluationAcctSchema
----------->     (WARNING)  PostgreHelper.ExecuteNonQuery: [18]DBExecuteError - 42P01: sequence "m_revaluationline_seq" does not exist
05:36:37.363    (INFO)     NativeSequence.AddLog: [18]0 - 1/1/0001 12:00:00 AM -  - Created Native Sequence for : M_RevaluationLine
----------->     (WARNING)  PostgreHelper.ExecuteNonQuery: [18]DBExecuteError - 42P01: sequence "m_rmacategory_seq" does not exist
05:36:37.363    (INFO)     NativeSequence.AddLog: [18]0 - 1/1/0001 12:00:00 AM -  - Created Native Sequence for : M_RMACategory
----------->     (WARNING)  PostgreHelper.ExecuteNonQuery: [18]DBExecuteError - 42P01: sequence "m_sernoctl_seq" does not exist
05:36:37.363    (INFO)     NativeSequence.AddLog: [18]0 - 1/1/0001 12:00:00 AM -  - Created Native Sequence for : M_SerNoCtl
----------->     (WARNING)  PostgreHelper.ExecuteNonQuery: [18]DBExecuteError - 42P01: sequence "m_sernoctl_no_seq" does not exist
05:36:37.363    (INFO)     NativeSequence.AddLog: [18]0 - 1/1/0001 12:00:00 AM -  - Created Native Sequence for : M_SerNoCtl_No
----------->     (WARNING)  PostgreHelper.ExecuteNonQuery: [18]DBExecuteError - 42P01: sequence "m_sernoctlexclude_seq" does not exist
05:36:37.363    (INFO)     NativeSequence.AddLog: [18]0 - 1/1/0001 12:00:00 AM -  - Created Native Sequence for : M_SerNoCtlExclude
----------->     (WARNING)  PostgreHelper.ExecuteNonQuery: [18]DBExecuteError - 42P01: sequence "m_shipper_seq" does not exist
05:36:37.363    (INFO)     NativeSequence.AddLog: [18]0 - 1/1/0001 12:00:00 AM -  - Created Native Sequence for : M_Shipper
05:36:37.363    (INFO)     NativeSequence.AddLog: [18]0 - 1/1/0001 12:00:00 AM -  - Created Native Sequence for : M_Storage
05:36:37.363    (INFO)     NativeSequence.AddLog: [18]0 - 1/1/0001 12:00:00 AM -  - Created Native Sequence for : M_Substitute
----------->     (WARNING)  PostgreHelper.ExecuteNonQuery: [18]DBExecuteError - 42P01: sequence "m_transaction_seq" does not exist
05:36:37.363    (INFO)     NativeSequence.AddLog: [18]0 - 1/1/0001 12:00:00 AM -  - Created Native Sequence for : M_Transaction
05:36:37.363    (INFO)     NativeSequence.AddLog: [18]0 - 1/1/0001 12:00:00 AM -  - Created Native Sequence for : M_TransactionAllocation
----------->     (WARNING)  PostgreHelper.ExecuteNonQuery: [18]DBExecuteError - 42P01: sequence "m_transactionsummary_seq" does not exist
05:36:37.363    (INFO)     NativeSequence.AddLog: [18]0 - 1/1/0001 12:00:00 AM -  - Created Native Sequence for : M_TransactionSummary
----------->     (WARNING)  PostgreHelper.ExecuteNonQuery: [18]DBExecuteError - 42P01: sequence "m_warehouse_seq" does not exist
05:36:37.363    (INFO)     NativeSequence.AddLog: [18]0 - 1/1/0001 12:00:00 AM -  - Created Native Sequence for : M_Warehouse
05:36:37.363    (INFO)     NativeSequence.AddLog: [18]0 - 1/1/0001 12:00:00 AM -  - Created Native Sequence for : M_Warehouse_Acct
05:36:37.363    (INFO)     NativeSequence.AddLog: [18]0 - 1/1/0001 12:00:00 AM -  - Created Native Sequence for : M_WarehouseTaskMA
----------->     (WARNING)  PostgreHelper.ExecuteNonQuery: [18]DBExecuteError - 42P01: sequence "m_workorder_seq" does not exist
05:36:37.363    (INFO)     NativeSequence.AddLog: [18]0 - 1/1/0001 12:00:00 AM -  - Created Native Sequence for : M_WorkOrder
----------->     (WARNING)  PostgreHelper.ExecuteNonQuery: [18]DBExecuteError - 42P01: sequence "m_workordercomponent_seq" does not exist
05:36:37.363    (INFO)     NativeSequence.AddLog: [18]0 - 1/1/0001 12:00:00 AM -  - Created Native Sequence for : M_WorkOrderComponent
----------->     (WARNING)  PostgreHelper.ExecuteNonQuery: [18]DBExecuteError - 42P01: sequence "m_workorderoperation_seq" does not exist
05:36:37.363    (INFO)     NativeSequence.AddLog: [18]0 - 1/1/0001 12:00:00 AM -  - Created Native Sequence for : M_WorkOrderOperation
----------->     (WARNING)  PostgreHelper.ExecuteNonQuery: [18]DBExecuteError - 42P01: sequence "m_workorderresource_seq" does not exist
05:36:37.363    (INFO)     NativeSequence.AddLog: [18]0 - 1/1/0001 12:00:00 AM -  - Created Native Sequence for : M_WorkOrderResource
----------->     (WARNING)  PostgreHelper.ExecuteNonQuery: [18]DBExecuteError - 42P01: sequence "m_workorderresourcetxnline_seq" does not exist
05:36:37.363    (INFO)     NativeSequence.AddLog: [18]0 - 1/1/0001 12:00:00 AM -  - Created Native Sequence for : M_WorkOrderResourceTxnLine
----------->     (WARNING)  PostgreHelper.ExecuteNonQuery: [18]DBExecuteError - 42P01: sequence "m_workordertransaction_seq" does not exist
05:36:37.363    (INFO)     NativeSequence.AddLog: [18]0 - 1/1/0001 12:00:00 AM -  - Created Native Sequence for : M_WorkOrderTransaction
----------->     (WARNING)  PostgreHelper.ExecuteNonQuery: [18]DBExecuteError - 42P01: sequence "m_workordertransactionline_seq" does not exist
05:36:37.363    (INFO)     NativeSequence.AddLog: [18]0 - 1/1/0001 12:00:00 AM -  - Created Native Sequence for : M_WorkOrderTransactionLine
05:36:37.363    (INFO)     NativeSequence.AddLog: [18]0 - 1/1/0001 12:00:00 AM -  - Created Native Sequence for : M_WorkOrderTransactionLineMA
----------->     (WARNING)  PostgreHelper.ExecuteNonQuery: [18]DBExecuteError - 42P01: sequence "mailattachment1_seq" does not exist
05:36:37.363    (INFO)     NativeSequence.AddLog: [18]0 - 1/1/0001 12:00:00 AM -  - Created Native Sequence for : MailAttachment1
----------->     (WARNING)  PostgreHelper.ExecuteNonQuery: [18]DBExecuteError - 42P01: sequence "market_installstatus_seq" does not exist
05:36:37.363    (INFO)     NativeSequence.AddLog: [18]0 - 1/1/0001 12:00:00 AM -  - Created Native Sequence for : Market_InstallStatus
----------->     (WARNING)  PostgreHelper.ExecuteNonQuery: [18]DBExecuteError - 42P01: sequence "market_modinslog_seq" does not exist
05:36:37.363    (INFO)     NativeSequence.AddLog: [18]0 - 1/1/0001 12:00:00 AM -  - Created Native Sequence for : Market_ModInsLog
----------->     (WARNING)  PostgreHelper.ExecuteNonQuery: [18]DBExecuteError - 42P01: sequence "market_modinslogline_seq" does not exist
05:36:37.363    (INFO)     NativeSequence.AddLog: [18]0 - 1/1/0001 12:00:00 AM -  - Created Native Sequence for : Market_ModInsLogLine
----------->     (WARNING)  PostgreHelper.ExecuteNonQuery: [18]DBExecuteError - 42P01: sequence "officememo_seq" does not exist
05:36:37.363    (INFO)     NativeSequence.AddLog: [18]0 - 1/1/0001 12:00:00 AM -  - Created Native Sequence for : OfficeMemo
----------->     (WARNING)  PostgreHelper.ExecuteNonQuery: [18]DBExecuteError - 42P01: sequence "pa_achievement_seq" does not exist
05:36:37.363    (INFO)     NativeSequence.AddLog: [18]0 - 1/1/0001 12:00:00 AM -  - Created Native Sequence for : PA_Achievement
----------->     (WARNING)  PostgreHelper.ExecuteNonQuery: [18]DBExecuteError - 42P01: sequence "pa_benchmark_seq" does not exist
05:36:37.363    (INFO)     NativeSequence.AddLog: [18]0 - 1/1/0001 12:00:00 AM -  - Created Native Sequence for : PA_Benchmark
----------->     (WARNING)  PostgreHelper.ExecuteNonQuery: [18]DBExecuteError - 42P01: sequence "pa_benchmarkdata_seq" does not exist
05:36:37.363    (INFO)     NativeSequence.AddLog: [18]0 - 1/1/0001 12:00:00 AM -  - Created Native Sequence for : PA_BenchmarkData
----------->     (WARNING)  PostgreHelper.ExecuteNonQuery: [18]DBExecuteError - 42P01: sequence "pa_colorschema_seq" does not exist
05:36:37.363    (INFO)     NativeSequence.AddLog: [18]0 - 1/1/0001 12:00:00 AM -  - Created Native Sequence for : PA_ColorSchema
----------->     (WARNING)  PostgreHelper.ExecuteNonQuery: [18]DBExecuteError - 42P01: sequence "pa_goal_seq" does not exist
05:36:37.363    (INFO)     NativeSequence.AddLog: [18]0 - 1/1/0001 12:00:00 AM -  - Created Native Sequence for : PA_Goal
----------->     (WARNING)  PostgreHelper.ExecuteNonQuery: [18]DBExecuteError - 42P01: sequence "pa_goalrestriction_seq" does not exist
05:36:37.363    (INFO)     NativeSequence.AddLog: [18]0 - 1/1/0001 12:00:00 AM -  - Created Native Sequence for : PA_GoalRestriction
----------->     (WARNING)  PostgreHelper.ExecuteNonQuery: [18]DBExecuteError - 42P01: sequence "pa_hierarchy_seq" does not exist
05:36:37.363    (INFO)     NativeSequence.AddLog: [18]0 - 1/1/0001 12:00:00 AM -  - Created Native Sequence for : PA_Hierarchy
----------->     (WARNING)  PostgreHelper.ExecuteNonQuery: [18]DBExecuteError - 42P01: sequence "pa_measure_seq" does not exist
05:36:37.363    (INFO)     NativeSequence.AddLog: [18]0 - 1/1/0001 12:00:00 AM -  - Created Native Sequence for : PA_Measure
----------->     (WARNING)  PostgreHelper.ExecuteNonQuery: [18]DBExecuteError - 42P01: sequence "pa_measurecalc_seq" does not exist
05:36:37.363    (INFO)     NativeSequence.AddLog: [18]0 - 1/1/0001 12:00:00 AM -  - Created Native Sequence for : PA_MeasureCalc
----------->     (WARNING)  PostgreHelper.ExecuteNonQuery: [18]DBExecuteError - 42P01: sequence "pa_ratio_seq" does not exist
05:36:37.363    (INFO)     NativeSequence.AddLog: [18]0 - 1/1/0001 12:00:00 AM -  - Created Native Sequence for : PA_Ratio
----------->     (WARNING)  PostgreHelper.ExecuteNonQuery: [18]DBExecuteError - 42P01: sequence "pa_ratioelement_seq" does not exist
05:36:37.363    (INFO)     NativeSequence.AddLog: [18]0 - 1/1/0001 12:00:00 AM -  - Created Native Sequence for : PA_RatioElement
----------->     (WARNING)  PostgreHelper.ExecuteNonQuery: [18]DBExecuteError - 42P01: sequence "pa_report_seq" does not exist
05:36:37.363    (INFO)     NativeSequence.AddLog: [18]0 - 1/1/0001 12:00:00 AM -  - Created Native Sequence for : PA_Report
----------->     (WARNING)  PostgreHelper.ExecuteNonQuery: [18]DBExecuteError - 42P01: sequence "pa_reportcolumn_seq" does not exist
05:36:37.363    (INFO)     NativeSequence.AddLog: [18]0 - 1/1/0001 12:00:00 AM -  - Created Native Sequence for : PA_ReportColumn
----------->     (WARNING)  PostgreHelper.ExecuteNonQuery: [18]DBExecuteError - 42P01: sequence "pa_reportcolumnset_seq" does not exist
05:36:37.363    (INFO)     NativeSequence.AddLog: [18]0 - 1/1/0001 12:00:00 AM -  - Created Native Sequence for : PA_ReportColumnSet
----------->     (WARNING)  PostgreHelper.ExecuteNonQuery: [18]DBExecuteError - 42P01: sequence "pa_reportline_seq" does not exist
05:36:37.363    (INFO)     NativeSequence.AddLog: [18]0 - 1/1/0001 12:00:00 AM -  - Created Native Sequence for : PA_ReportLine
----------->     (WARNING)  PostgreHelper.ExecuteNonQuery: [18]DBExecuteError - 42P01: sequence "pa_reportlineset_seq" does not exist
05:36:37.363    (INFO)     NativeSequence.AddLog: [18]0 - 1/1/0001 12:00:00 AM -  - Created Native Sequence for : PA_ReportLineSet
----------->     (WARNING)  PostgreHelper.ExecuteNonQuery: [18]DBExecuteError - 42P01: sequence "pa_reportsource_seq" does not exist
05:36:37.363    (INFO)     NativeSequence.AddLog: [18]0 - 1/1/0001 12:00:00 AM -  - Created Native Sequence for : PA_ReportSource
----------->     (WARNING)  PostgreHelper.ExecuteNonQuery: [18]DBExecuteError - 42P01: sequence "pa_sla_criteria_seq" does not exist
05:36:37.363    (INFO)     NativeSequence.AddLog: [18]0 - 1/1/0001 12:00:00 AM -  - Created Native Sequence for : PA_SLA_Criteria
----------->     (WARNING)  PostgreHelper.ExecuteNonQuery: [18]DBExecuteError - 42P01: sequence "pa_sla_goal_seq" does not exist
05:36:37.363    (INFO)     NativeSequence.AddLog: [18]0 - 1/1/0001 12:00:00 AM -  - Created Native Sequence for : PA_SLA_Goal
----------->     (WARNING)  PostgreHelper.ExecuteNonQuery: [18]DBExecuteError - 42P01: sequence "pa_sla_measure_seq" does not exist
05:36:37.363    (INFO)     NativeSequence.AddLog: [18]0 - 1/1/0001 12:00:00 AM -  - Created Native Sequence for : PA_SLA_Measure
----------->     (WARNING)  PostgreHelper.ExecuteNonQuery: [18]DBExecuteError - 42P01: sequence "prospect_seq" does not exist
05:36:37.363    (INFO)     NativeSequence.AddLog: [18]0 - 1/1/0001 12:00:00 AM -  - Created Native Sequence for : Prospect
----------->     (WARNING)  PostgreHelper.ExecuteNonQuery: [18]DBExecuteError - 42P01: sequence "r_category_seq" does not exist
05:36:37.363    (INFO)     NativeSequence.AddLog: [18]0 - 1/1/0001 12:00:00 AM -  - Created Native Sequence for : R_Category
05:36:37.363    (INFO)     NativeSequence.AddLog: [18]0 - 1/1/0001 12:00:00 AM -  - Created Native Sequence for : R_CategoryUpdates
05:36:37.363    (INFO)     NativeSequence.AddLog: [18]0 - 1/1/0001 12:00:00 AM -  - Created Native Sequence for : R_ContactInterest
----------->     (WARNING)  PostgreHelper.ExecuteNonQuery: [18]DBExecuteError - 42P01: sequence "r_group_seq" does not exist
05:36:37.363    (INFO)     NativeSequence.AddLog: [18]0 - 1/1/0001 12:00:00 AM -  - Created Native Sequence for : R_Group
05:36:37.363    (INFO)     NativeSequence.AddLog: [18]0 - 1/1/0001 12:00:00 AM -  - Created Native Sequence for : R_GroupUpdates
----------->     (WARNING)  PostgreHelper.ExecuteNonQuery: [18]DBExecuteError - 42P01: sequence "r_interestarea_seq" does not exist
05:36:37.363    (INFO)     NativeSequence.AddLog: [18]0 - 1/1/0001 12:00:00 AM -  - Created Native Sequence for : R_InterestArea
----------->     (WARNING)  PostgreHelper.ExecuteNonQuery: [18]DBExecuteError - 42P01: sequence "r_issueknown_seq" does not exist
05:36:37.363    (INFO)     NativeSequence.AddLog: [18]0 - 1/1/0001 12:00:00 AM -  - Created Native Sequence for : R_IssueKnown
----------->     (WARNING)  PostgreHelper.ExecuteNonQuery: [18]DBExecuteError - 42P01: sequence "r_issueproject_seq" does not exist
05:36:38.363    (INFO)     NativeSequence.AddLog: [18]0 - 1/1/0001 12:00:00 AM -  - Created Native Sequence for : R_IssueProject
----------->     (WARNING)  PostgreHelper.ExecuteNonQuery: [18]DBExecuteError - 42P01: sequence "r_issuerecommendation_seq" does not exist
05:36:38.363    (INFO)     NativeSequence.AddLog: [18]0 - 1/1/0001 12:00:00 AM -  - Created Native Sequence for : R_IssueRecommendation
----------->     (WARNING)  PostgreHelper.ExecuteNonQuery: [18]DBExecuteError - 42P01: sequence "r_issuestatus_seq" does not exist
05:36:38.363    (INFO)     NativeSequence.AddLog: [18]0 - 1/1/0001 12:00:00 AM -  - Created Native Sequence for : R_IssueStatus
----------->     (WARNING)  PostgreHelper.ExecuteNonQuery: [18]DBExecuteError - 42P01: sequence "r_issuesystem_seq" does not exist
05:36:38.363    (INFO)     NativeSequence.AddLog: [18]0 - 1/1/0001 12:00:00 AM -  - Created Native Sequence for : R_IssueSystem
----------->     (WARNING)  PostgreHelper.ExecuteNonQuery: [18]DBExecuteError - 42P01: sequence "r_issueuser_seq" does not exist
05:36:38.363    (INFO)     NativeSequence.AddLog: [18]0 - 1/1/0001 12:00:00 AM -  - Created Native Sequence for : R_IssueUser
----------->     (WARNING)  PostgreHelper.ExecuteNonQuery: [18]DBExecuteError - 42P01: sequence "r_mailtext_seq" does not exist
05:36:38.363    (INFO)     NativeSequence.AddLog: [18]0 - 1/1/0001 12:00:00 AM -  - Created Native Sequence for : R_MailText
===========>     (SEVERE)   PostgreHelper.ExecuteReader: [18]42703: column "r_mailtext_trl_id" does not exist

POSITION: 13 [Query DR] SELECT MAX( R_MailText_Trl_ID) FROM R_MailText_Trl
===========>     (SEVERE)   DB.GetSQLValue: [18]SELECT MAX( R_MailText_Trl_ID) FROM R_MailText_Trl => 42703: column "r_mailtext_trl_id" does not exist

POSITION: 13
----------->     (WARNING)  PostgreHelper.ExecuteNonQuery: [18]DBExecuteError - 42P01: sequence "r_mailtext_trl_seq" does not exist
05:36:38.363    (INFO)     NativeSequence.AddLog: [18]0 - 1/1/0001 12:00:00 AM -  - Created Native Sequence for : R_MailText_Trl
----------->     (WARNING)  PostgreHelper.ExecuteNonQuery: [18]DBExecuteError - 42P01: sequence "r_request_seq" does not exist
05:36:38.363    (INFO)     NativeSequence.AddLog: [18]0 - 1/1/0001 12:00:00 AM -  - Created Native Sequence for : R_Request
----------->     (WARNING)  PostgreHelper.ExecuteNonQuery: [18]DBExecuteError - 42P01: sequence "r_requestaction_seq" does not exist
05:36:38.363    (INFO)     NativeSequence.AddLog: [18]0 - 1/1/0001 12:00:00 AM -  - Created Native Sequence for : R_RequestAction
----------->     (WARNING)  PostgreHelper.ExecuteNonQuery: [18]DBExecuteError - 42P01: sequence "r_requestprocessor_seq" does not exist
05:36:38.363    (INFO)     NativeSequence.AddLog: [18]0 - 1/1/0001 12:00:00 AM -  - Created Native Sequence for : R_RequestProcessor
----------->     (WARNING)  PostgreHelper.ExecuteNonQuery: [18]DBExecuteError - 42P01: sequence "r_requestprocessor_route_seq" does not exist
05:36:38.363    (INFO)     NativeSequence.AddLog: [18]0 - 1/1/0001 12:00:00 AM -  - Created Native Sequence for : R_RequestProcessor_Route
----------->     (WARNING)  PostgreHelper.ExecuteNonQuery: [18]DBExecuteError - 42P01: sequence "r_requestprocessorlog_seq" does not exist
05:36:38.363    (INFO)     NativeSequence.AddLog: [18]0 - 1/1/0001 12:00:00 AM -  - Created Native Sequence for : R_RequestProcessorLog
----------->     (WARNING)  PostgreHelper.ExecuteNonQuery: [18]DBExecuteError - 42P01: sequence "r_requestproduct_seq" does not exist
05:36:38.363    (INFO)     NativeSequence.AddLog: [18]0 - 1/1/0001 12:00:00 AM -  - Created Native Sequence for : R_RequestProduct
----------->     (WARNING)  PostgreHelper.ExecuteNonQuery: [18]DBExecuteError - 42P01: sequence "r_requesttype_seq" does not exist
05:36:38.363    (INFO)     NativeSequence.AddLog: [18]0 - 1/1/0001 12:00:00 AM -  - Created Native Sequence for : R_RequestType
05:36:38.363    (INFO)     NativeSequence.AddLog: [18]0 - 1/1/0001 12:00:00 AM -  - Created Native Sequence for : R_RequestTypeUpdates
----------->     (WARNING)  PostgreHelper.ExecuteNonQuery: [18]DBExecuteError - 42P01: sequence "r_requestupdate_seq" does not exist
05:36:38.363    (INFO)     NativeSequence.AddLog: [18]0 - 1/1/0001 12:00:00 AM -  - Created Native Sequence for : R_RequestUpdate
05:36:38.363    (INFO)     NativeSequence.AddLog: [18]0 - 1/1/0001 12:00:00 AM -  - Created Native Sequence for : R_RequestUpdates
----------->     (WARNING)  PostgreHelper.ExecuteNonQuery: [18]DBExecuteError - 42P01: sequence "r_resolution_seq" does not exist
05:36:38.363    (INFO)     NativeSequence.AddLog: [18]0 - 1/1/0001 12:00:00 AM -  - Created Native Sequence for : R_Resolution
----------->     (WARNING)  PostgreHelper.ExecuteNonQuery: [18]DBExecuteError - 42P01: sequence "r_source_seq" does not exist
05:36:38.363    (INFO)     NativeSequence.AddLog: [18]0 - 1/1/0001 12:00:00 AM -  - Created Native Sequence for : R_Source
----------->     (WARNING)  PostgreHelper.ExecuteNonQuery: [18]DBExecuteError - 42P01: sequence "r_standardresponse_seq" does not exist
05:36:38.363    (INFO)     NativeSequence.AddLog: [18]0 - 1/1/0001 12:00:00 AM -  - Created Native Sequence for : R_StandardResponse
----------->     (WARNING)  PostgreHelper.ExecuteNonQuery: [18]DBExecuteError - 42P01: sequence "r_status_seq" does not exist
05:36:38.363    (INFO)     NativeSequence.AddLog: [18]0 - 1/1/0001 12:00:00 AM -  - Created Native Sequence for : R_Status
----------->     (WARNING)  PostgreHelper.ExecuteNonQuery: [18]DBExecuteError - 42P01: sequence "r_statuscategory_seq" does not exist
05:36:38.363    (INFO)     NativeSequence.AddLog: [18]0 - 1/1/0001 12:00:00 AM -  - Created Native Sequence for : R_StatusCategory
----------->     (WARNING)  PostgreHelper.ExecuteNonQuery: [18]DBExecuteError - 42P01: sequence "rc_actionview_seq" does not exist
05:36:38.363    (INFO)     NativeSequence.AddLog: [18]0 - 1/1/0001 12:00:00 AM -  - Created Native Sequence for : RC_ActionView
----------->     (WARNING)  PostgreHelper.ExecuteNonQuery: [18]DBExecuteError - 42P01: sequence "rc_chartpane_seq" does not exist
05:36:38.363    (INFO)     NativeSequence.AddLog: [18]0 - 1/1/0001 12:00:00 AM -  - Created Native Sequence for : RC_ChartPane
----------->     (WARNING)  PostgreHelper.ExecuteNonQuery: [18]DBExecuteError - 42P01: sequence "rc_kpi_seq" does not exist
05:36:38.363    (INFO)     NativeSequence.AddLog: [18]0 - 1/1/0001 12:00:00 AM -  - Created Native Sequence for : RC_KPI
----------->     (WARNING)  PostgreHelper.ExecuteNonQuery: [18]DBExecuteError - 42P01: sequence "rc_kpiaccess_seq" does not exist
05:36:38.363    (INFO)     NativeSequence.AddLog: [18]0 - 1/1/0001 12:00:00 AM -  - Created Native Sequence for : RC_KPIAccess
----------->     (WARNING)  PostgreHelper.ExecuteNonQuery: [18]DBExecuteError - 42P01: sequence "rc_kpicenter_seq" does not exist
05:36:38.363    (INFO)     NativeSequence.AddLog: [18]0 - 1/1/0001 12:00:00 AM -  - Created Native Sequence for : RC_KPICenter
----------->     (WARNING)  PostgreHelper.ExecuteNonQuery: [18]DBExecuteError - 42P01: sequence "rc_kpipane_seq" does not exist
05:36:38.363    (INFO)     NativeSequence.AddLog: [18]0 - 1/1/0001 12:00:00 AM -  - Created Native Sequence for : RC_KPIPane
----------->     (WARNING)  PostgreHelper.ExecuteNonQuery: [18]DBExecuteError - 42P01: sequence "rc_kpirange_seq" does not exist
05:36:38.363    (INFO)     NativeSequence.AddLog: [18]0 - 1/1/0001 12:00:00 AM -  - Created Native Sequence for : RC_KPIRange
----------->     (WARNING)  PostgreHelper.ExecuteNonQuery: [18]DBExecuteError - 42P01: sequence "rc_rolecentermanager_seq" does not exist
05:36:38.363    (INFO)     NativeSequence.AddLog: [18]0 - 1/1/0001 12:00:00 AM -  - Created Native Sequence for : RC_RoleCenterManager
----------->     (WARNING)  PostgreHelper.ExecuteNonQuery: [18]DBExecuteError - 42P01: sequence "rc_rolecentertab_seq" does not exist
05:36:38.363    (INFO)     NativeSequence.AddLog: [18]0 - 1/1/0001 12:00:00 AM -  - Created Native Sequence for : RC_RoleCenterTab
----------->     (WARNING)  PostgreHelper.ExecuteNonQuery: [18]DBExecuteError - 42P01: sequence "rc_tabpanels_seq" does not exist
05:36:38.363    (INFO)     NativeSequence.AddLog: [18]0 - 1/1/0001 12:00:00 AM -  - Created Native Sequence for : RC_TabPanels
----------->     (WARNING)  PostgreHelper.ExecuteNonQuery: [18]DBExecuteError - 42P01: sequence "rc_view_seq" does not exist
05:36:38.363    (INFO)     NativeSequence.AddLog: [18]0 - 1/1/0001 12:00:00 AM -  - Created Native Sequence for : RC_View
----------->     (WARNING)  PostgreHelper.ExecuteNonQuery: [18]DBExecuteError - 42P01: sequence "rc_viewaccess_seq" does not exist
05:36:38.363    (INFO)     NativeSequence.AddLog: [18]0 - 1/1/0001 12:00:00 AM -  - Created Native Sequence for : RC_ViewAccess
----------->     (WARNING)  PostgreHelper.ExecuteNonQuery: [18]DBExecuteError - 42P01: sequence "rc_viewcolumn_seq" does not exist
05:36:38.363    (INFO)     NativeSequence.AddLog: [18]0 - 1/1/0001 12:00:00 AM -  - Created Native Sequence for : RC_ViewColumn
----------->     (WARNING)  PostgreHelper.ExecuteNonQuery: [18]DBExecuteError - 42P01: sequence "rc_viewpane_seq" does not exist
05:36:38.363    (INFO)     NativeSequence.AddLog: [18]0 - 1/1/0001 12:00:00 AM -  - Created Native Sequence for : RC_ViewPane
----------->     (WARNING)  PostgreHelper.ExecuteNonQuery: [18]DBExecuteError - 42P01: sequence "s_expensetype_seq" does not exist
05:36:38.363    (INFO)     NativeSequence.AddLog: [18]0 - 1/1/0001 12:00:00 AM -  - Created Native Sequence for : S_ExpenseType
----------->     (WARNING)  PostgreHelper.ExecuteNonQuery: [18]DBExecuteError - 42P01: sequence "s_resource_seq" does not exist
05:36:38.363    (INFO)     NativeSequence.AddLog: [18]0 - 1/1/0001 12:00:00 AM -  - Created Native Sequence for : S_Resource
----------->     (WARNING)  PostgreHelper.ExecuteNonQuery: [18]DBExecuteError - 42P01: sequence "s_resourceassignment_seq" does not exist
05:36:38.363    (INFO)     NativeSequence.AddLog: [18]0 - 1/1/0001 12:00:00 AM -  - Created Native Sequence for : S_ResourceAssignment
----------->     (WARNING)  PostgreHelper.ExecuteNonQuery: [18]DBExecuteError - 42P01: sequence "s_resourcetype_seq" does not exist
05:36:38.363    (INFO)     NativeSequence.AddLog: [18]0 - 1/1/0001 12:00:00 AM -  - Created Native Sequence for : S_ResourceType
----------->     (WARNING)  PostgreHelper.ExecuteNonQuery: [18]DBExecuteError - 42P01: sequence "s_resourceunavailable_seq" does not exist
05:36:38.363    (INFO)     NativeSequence.AddLog: [18]0 - 1/1/0001 12:00:00 AM -  - Created Native Sequence for : S_ResourceUnAvailable
----------->     (WARNING)  PostgreHelper.ExecuteNonQuery: [18]DBExecuteError - 42P01: sequence "s_timeexpense_seq" does not exist
05:36:38.363    (INFO)     NativeSequence.AddLog: [18]0 - 1/1/0001 12:00:00 AM -  - Created Native Sequence for : S_TimeExpense
----------->     (WARNING)  PostgreHelper.ExecuteNonQuery: [18]DBExecuteError - 42P01: sequence "s_timeexpenseline_seq" does not exist
05:36:38.363    (INFO)     NativeSequence.AddLog: [18]0 - 1/1/0001 12:00:00 AM -  - Created Native Sequence for : S_TimeExpenseLine
----------->     (WARNING)  PostgreHelper.ExecuteNonQuery: [18]DBExecuteError - 42P01: sequence "s_timetype_seq" does not exist
05:36:38.363    (INFO)     NativeSequence.AddLog: [18]0 - 1/1/0001 12:00:00 AM -  - Created Native Sequence for : S_TimeType
----------->     (WARNING)  PostgreHelper.ExecuteNonQuery: [18]DBExecuteError - 42P01: sequence "s_training_seq" does not exist
05:36:38.363    (INFO)     NativeSequence.AddLog: [18]0 - 1/1/0001 12:00:00 AM -  - Created Native Sequence for : S_Training
----------->     (WARNING)  PostgreHelper.ExecuteNonQuery: [18]DBExecuteError - 42P01: sequence "s_training_class_seq" does not exist
05:36:38.363    (INFO)     NativeSequence.AddLog: [18]0 - 1/1/0001 12:00:00 AM -  - Created Native Sequence for : S_Training_Class
----------->     (WARNING)  PostgreHelper.ExecuteNonQuery: [18]DBExecuteError - 42P01: sequence "serversettings_seq" does not exist
05:36:38.363    (INFO)     NativeSequence.AddLog: [18]0 - 1/1/0001 12:00:00 AM -  - Created Native Sequence for : ServerSettings
05:36:38.363    (INFO)     NativeSequence.AddLog: [18]0 - 1/1/0001 12:00:00 AM -  - Created Native Sequence for : T_Aging
----------->     (WARNING)  PostgreHelper.ExecuteNonQuery: [18]DBExecuteError - 42P01: sequence "t_bomdetails_seq" does not exist
05:36:38.363    (INFO)     NativeSequence.AddLog: [18]0 - 1/1/0001 12:00:00 AM -  - Created Native Sequence for : T_BOMDetails
----------->     (WARNING)  PostgreHelper.ExecuteNonQuery: [18]DBExecuteError - 42P01: sequence "t_crystalparameters_seq" does not exist
05:36:38.363    (INFO)     NativeSequence.AddLog: [18]0 - 1/1/0001 12:00:00 AM -  - Created Native Sequence for : T_CrystalParameters
05:36:38.363    (INFO)     NativeSequence.AddLog: [18]0 - 1/1/0001 12:00:00 AM -  - Created Native Sequence for : T_DistributionRunDetail
----------->     (WARNING)  PostgreHelper.ExecuteNonQuery: [18]DBExecuteError - 42P01: sequence "t_impformat_seq" does not exist
05:36:38.363    (INFO)     NativeSequence.AddLog: [18]0 - 1/1/0001 12:00:00 AM -  - Created Native Sequence for : T_ImpFormat
05:36:39.363    (INFO)     NativeSequence.AddLog: [18]0 - 1/1/0001 12:00:00 AM -  - Created Native Sequence for : T_InventoryValue
05:36:39.363    (INFO)     NativeSequence.AddLog: [18]0 - 1/1/0001 12:00:00 AM -  - Created Native Sequence for : T_InvoiceGL
05:36:39.363    (INFO)     NativeSequence.AddLog: [18]0 - 1/1/0001 12:00:00 AM -  - Created Native Sequence for : T_LEDGERSTATEMENT
05:36:39.363    (INFO)     NativeSequence.AddLog: [18]0 - 1/1/0001 12:00:00 AM -  - Created Native Sequence for : T_LocatorVisits
05:36:39.363    (INFO)     NativeSequence.AddLog: [18]0 - 1/1/0001 12:00:00 AM -  - Created Native Sequence for : T_Replenish
05:36:39.363    (INFO)     NativeSequence.AddLog: [18]0 - 1/1/0001 12:00:00 AM -  - Created Native Sequence for : T_Report
05:36:39.363    (INFO)     NativeSequence.AddLog: [18]0 - 1/1/0001 12:00:00 AM -  - Created Native Sequence for : T_ReportStatement
----------->     (WARNING)  PostgreHelper.ExecuteNonQuery: [18]DBExecuteError - 42P01: sequence "t_selection_seq" does not exist
05:36:39.363    (INFO)     NativeSequence.AddLog: [18]0 - 1/1/0001 12:00:00 AM -  - Created Native Sequence for : T_Selection
05:36:39.363    (INFO)     NativeSequence.AddLog: [18]0 - 1/1/0001 12:00:00 AM -  - Created Native Sequence for : T_Selection2
05:36:39.363    (INFO)     NativeSequence.AddLog: [18]0 - 1/1/0001 12:00:00 AM -  - Created Native Sequence for : T_Spool
05:36:39.363    (INFO)     NativeSequence.AddLog: [18]0 - 1/1/0001 12:00:00 AM -  - Created Native Sequence for : T_TaskHandlerPerf
----------->     (WARNING)  PostgreHelper.ExecuteNonQuery: [18]DBExecuteError - 42P01: sequence "t_temp_costdetail_seq" does not exist
05:36:39.363    (INFO)     NativeSequence.AddLog: [18]0 - 1/1/0001 12:00:00 AM -  - Created Native Sequence for : T_Temp_CostDetail
05:36:39.363    (INFO)     NativeSequence.AddLog: [18]0 - 1/1/0001 12:00:00 AM -  - Created Native Sequence for : T_TempProdSticker
----------->     (WARNING)  PostgreHelper.ExecuteNonQuery: [18]DBExecuteError - 42P01: sequence "t_transaction_seq" does not exist
05:36:39.363    (INFO)     NativeSequence.AddLog: [18]0 - 1/1/0001 12:00:00 AM -  - Created Native Sequence for : T_Transaction
05:36:39.363    (INFO)     NativeSequence.AddLog: [18]0 - 1/1/0001 12:00:00 AM -  - Created Native Sequence for : T_TrialBalance
05:36:39.363    (INFO)     NativeSequence.AddLog: [18]0 - 1/1/0001 12:00:00 AM -  - Created Native Sequence for : T_WarehouseStock
----------->     (WARNING)  PostgreHelper.ExecuteNonQuery: [18]DBExecuteError - 42P01: sequence "test_seq" does not exist
05:36:39.363    (INFO)     NativeSequence.AddLog: [18]0 - 1/1/0001 12:00:00 AM -  - Created Native Sequence for : Test
----------->     (WARNING)  PostgreHelper.ExecuteNonQuery: [18]DBExecuteError - 42P01: sequence "tire_storage_seq" does not exist
05:36:39.363    (INFO)     NativeSequence.AddLog: [18]0 - 1/1/0001 12:00:00 AM -  - Created Native Sequence for : TIRE_Storage
----------->     (WARNING)  PostgreHelper.ExecuteNonQuery: [18]DBExecuteError - 42P01: sequence "va009_bankpaymentclass_seq" does not exist
05:36:39.363    (INFO)     NativeSequence.AddLog: [18]0 - 1/1/0001 12:00:00 AM -  - Created Native Sequence for : VA009_BankPaymentClass
----------->     (WARNING)  PostgreHelper.ExecuteNonQuery: [18]DBExecuteError - 42P01: sequence "va009_batch_seq" does not exist
05:36:39.363    (INFO)     NativeSequence.AddLog: [18]0 - 1/1/0001 12:00:00 AM -  - Created Native Sequence for : VA009_Batch
----------->     (WARNING)  PostgreHelper.ExecuteNonQuery: [18]DBExecuteError - 42P01: sequence "va009_batchlinedetails_seq" does not exist
05:36:39.363    (INFO)     NativeSequence.AddLog: [18]0 - 1/1/0001 12:00:00 AM -  - Created Native Sequence for : VA009_BatchLineDetails
----------->     (WARNING)  PostgreHelper.ExecuteNonQuery: [18]DBExecuteError - 42P01: sequence "va009_batchlines_seq" does not exist
05:36:39.363    (INFO)     NativeSequence.AddLog: [18]0 - 1/1/0001 12:00:00 AM -  - Created Native Sequence for : VA009_BatchLines
----------->     (WARNING)  PostgreHelper.ExecuteNonQuery: [18]DBExecuteError - 42P01: sequence "va009_bpmandate_seq" does not exist
05:36:39.363    (INFO)     NativeSequence.AddLog: [18]0 - 1/1/0001 12:00:00 AM -  - Created Native Sequence for : VA009_BPMandate
----------->     (WARNING)  PostgreHelper.ExecuteNonQuery: [18]DBExecuteError - 42P01: sequence "va009_checkprintsetting_seq" does not exist
05:36:39.363    (INFO)     NativeSequence.AddLog: [18]0 - 1/1/0001 12:00:00 AM -  - Created Native Sequence for : VA009_CheckPrintSetting
----------->     (WARNING)  PostgreHelper.ExecuteNonQuery: [18]DBExecuteError - 42P01: sequence "va009_docprintconfig_seq" does not exist
05:36:39.363    (INFO)     NativeSequence.AddLog: [18]0 - 1/1/0001 12:00:00 AM -  - Created Native Sequence for : VA009_DocPrintConfig
----------->     (WARNING)  PostgreHelper.ExecuteNonQuery: [18]DBExecuteError - 42P01: sequence "va009_orderpayschedule_seq" does not exist
05:36:39.363    (INFO)     NativeSequence.AddLog: [18]0 - 1/1/0001 12:00:00 AM -  - Created Native Sequence for : VA009_OrderPaySchedule
----------->     (WARNING)  PostgreHelper.ExecuteNonQuery: [18]DBExecuteError - 42P01: sequence "va009_paymentbatchlog_seq" does not exist
05:36:39.363    (INFO)     NativeSequence.AddLog: [18]0 - 1/1/0001 12:00:00 AM -  - Created Native Sequence for : VA009_PaymentBatchLog
----------->     (WARNING)  PostgreHelper.ExecuteNonQuery: [18]DBExecuteError - 42P01: sequence "va009_paymentclass_seq" does not exist
05:36:39.363    (INFO)     NativeSequence.AddLog: [18]0 - 1/1/0001 12:00:00 AM -  - Created Native Sequence for : VA009_PaymentClass
----------->     (WARNING)  PostgreHelper.ExecuteNonQuery: [18]DBExecuteError - 42P01: sequence "va009_paymentmethod_seq" does not exist
05:36:39.363    (INFO)     NativeSequence.AddLog: [18]0 - 1/1/0001 12:00:00 AM -  - Created Native Sequence for : VA009_PaymentMethod
05:36:39.363    (INFO)     NativeSequence.AddLog: [18]0 - 1/1/0001 12:00:00 AM -  - Created Native Sequence for : VA009_T_CheckPrintPreview
----------->     (WARNING)  PostgreHelper.ExecuteNonQuery: [18]DBExecuteError - 42P01: sequence "va012_bankstatementclass_seq" does not exist
05:36:39.363    (INFO)     NativeSequence.AddLog: [18]0 - 1/1/0001 12:00:00 AM -  - Created Native Sequence for : VA012_BankStatementClass
----------->     (WARNING)  PostgreHelper.ExecuteNonQuery: [18]DBExecuteError - 42P01: sequence "va012_statementclass_seq" does not exist
05:36:39.363    (INFO)     NativeSequence.AddLog: [18]0 - 1/1/0001 12:00:00 AM -  - Created Native Sequence for : VA012_StatementClass
05:36:39.363    (INFO)     NativeSequence.AddLog: [18]0 - 1/1/0001 12:00:00 AM -  - Created Native Sequence for : VA012_TempStatement
----------->     (WARNING)  PostgreHelper.ExecuteNonQuery: [18]DBExecuteError - 42P01: sequence "va017_icici_payment_seq" does not exist
05:36:39.363    (INFO)     NativeSequence.AddLog: [18]0 - 1/1/0001 12:00:00 AM -  - Created Native Sequence for : VA017_ICICI_Payment
----------->     (WARNING)  PostgreHelper.ExecuteNonQuery: [18]DBExecuteError - 42P01: sequence "va025_discountcombination_seq" does not exist
05:36:39.363    (INFO)     NativeSequence.AddLog: [18]0 - 1/1/0001 12:00:00 AM -  - Created Native Sequence for : VA025_DiscountCombination
----------->     (WARNING)  PostgreHelper.ExecuteNonQuery: [18]DBExecuteError - 42P01: sequence "va048_callconnection_seq" does not exist
05:36:39.363    (INFO)     NativeSequence.AddLog: [18]0 - 1/1/0001 12:00:00 AM -  - Created Native Sequence for : VA048_CallConnection
----------->     (WARNING)  PostgreHelper.ExecuteNonQuery: [18]DBExecuteError - 42P01: sequence "vactwz_clientcurrency_seq" does not exist
05:36:39.363    (INFO)     NativeSequence.AddLog: [18]0 - 1/1/0001 12:00:00 AM -  - Created Native Sequence for : VACTWZ_ClientCurrency
----------->     (WARNING)  PostgreHelper.ExecuteNonQuery: [18]DBExecuteError - 42P01: sequence "vactwz_elementvalue_seq" does not exist
05:36:39.363    (INFO)     NativeSequence.AddLog: [18]0 - 1/1/0001 12:00:00 AM -  - Created Native Sequence for : VACTWZ_ELEMENTVALUE
----------->     (WARNING)  PostgreHelper.ExecuteNonQuery: [18]DBExecuteError - 42P01: sequence "vadb_chartexcelfile_seq" does not exist
05:36:39.363    (INFO)     NativeSequence.AddLog: [18]0 - 1/1/0001 12:00:00 AM -  - Created Native Sequence for : VADB_ChartExcelFile
----------->     (WARNING)  PostgreHelper.ExecuteNonQuery: [18]DBExecuteError - 42P01: sequence "vadb_excelchartseries_seq" does not exist
05:36:39.363    (INFO)     NativeSequence.AddLog: [18]0 - 1/1/0001 12:00:00 AM -  - Created Native Sequence for : VADB_ExcelChartSeries
----------->     (WARNING)  PostgreHelper.ExecuteNonQuery: [18]DBExecuteError - 42P01: sequence "vadb_filter_seq" does not exist
05:36:39.363    (INFO)     NativeSequence.AddLog: [18]0 - 1/1/0001 12:00:00 AM -  - Created Native Sequence for : VADB_Filter
----------->     (WARNING)  PostgreHelper.ExecuteNonQuery: [18]DBExecuteError - 42P01: sequence "vadb_filterline_seq" does not exist
05:36:39.363    (INFO)     NativeSequence.AddLog: [18]0 - 1/1/0001 12:00:00 AM -  - Created Native Sequence for : VADB_FilterLine
----------->     (WARNING)  PostgreHelper.ExecuteNonQuery: [18]DBExecuteError - 42P01: sequence "vahruae_gosirule_seq" does not exist
05:36:39.363    (INFO)     NativeSequence.AddLog: [18]0 - 1/1/0001 12:00:00 AM -  - Created Native Sequence for : VAHRUAE_GOSIRule
----------->     (WARNING)  PostgreHelper.ExecuteNonQuery: [18]DBExecuteError - 42P01: sequence "vahruae_indeminityrule_seq" does not exist
05:36:39.363    (INFO)     NativeSequence.AddLog: [18]0 - 1/1/0001 12:00:00 AM -  - Created Native Sequence for : VAHRUAE_IndeminityRule
----------->     (WARNING)  PostgreHelper.ExecuteNonQuery: [18]DBExecuteError - 42P01: sequence "vaicnt_inventorycount_seq" does not exist
05:36:39.363    (INFO)     NativeSequence.AddLog: [18]0 - 1/1/0001 12:00:00 AM -  - Created Native Sequence for : VAICNT_InventoryCount
----------->     (WARNING)  PostgreHelper.ExecuteNonQuery: [18]DBExecuteError - 42P01: sequence "vaicnt_inventorycountline_seq" does not exist
05:36:39.363    (INFO)     NativeSequence.AddLog: [18]0 - 1/1/0001 12:00:00 AM -  - Created Native Sequence for : VAICNT_InventoryCountLine
----------->     (WARNING)  PostgreHelper.ExecuteNonQuery: [18]DBExecuteError - 42P01: sequence "vapos_posterminal_seq" does not exist
05:36:39.363    (INFO)     NativeSequence.AddLog: [18]0 - 1/1/0001 12:00:00 AM -  - Created Native Sequence for : VAPOS_POSTerminal
----------->     (WARNING)  PostgreHelper.ExecuteNonQuery: [18]DBExecuteError - 42P01: sequence "vaprc_exception_seq" does not exist
05:36:39.363    (INFO)     NativeSequence.AddLog: [18]0 - 1/1/0001 12:00:00 AM -  - Created Native Sequence for : VAPRC_Exception
05:36:39.363    (INFO)     NativeSequence.AddLog: [18]0 - 1/1/0001 12:00:00 AM -  - Created Native Sequence for : VAPRC_TEMP_EXPIRYREPORT
----------->     (WARNING)  PostgreHelper.ExecuteNonQuery: [18]DBExecuteError - 42P01: sequence "varpt_agdpayanalybucket_seq" does not exist
05:36:39.363    (INFO)     NativeSequence.AddLog: [18]0 - 1/1/0001 12:00:00 AM -  - Created Native Sequence for : VARPT_AgdPayAnalyBucket
05:36:39.363    (INFO)     NativeSequence.AddLog: [18]0 - 1/1/0001 12:00:00 AM -  - Created Native Sequence for : VARPT_AgedPayableAnalysis
----------->     (WARNING)  PostgreHelper.ExecuteNonQuery: [18]DBExecuteError - 42P01: sequence "varpt_agedpurchaseorder_seq" does not exist
05:36:39.363    (INFO)     NativeSequence.AddLog: [18]0 - 1/1/0001 12:00:00 AM -  - Created Native Sequence for : VARPT_AGEDPURCHASEORDER
05:36:39.363    (INFO)     NativeSequence.AddLog: [18]0 - 1/1/0001 12:00:00 AM -  - Created Native Sequence for : VARPT_AgedReceivableAnalysis
----------->     (WARNING)  PostgreHelper.ExecuteNonQuery: [18]DBExecuteError - 42P01: sequence "varpt_agedsalesorder_seq" does not exist
05:36:39.363    (INFO)     NativeSequence.AddLog: [18]0 - 1/1/0001 12:00:00 AM -  - Created Native Sequence for : VARPT_AGEDSALESORDER
----------->     (WARNING)  PostgreHelper.ExecuteNonQuery: [18]DBExecuteError - 42P01: sequence "varpt_agingbucket_seq" does not exist
05:36:39.363    (INFO)     NativeSequence.AddLog: [18]0 - 1/1/0001 12:00:00 AM -  - Created Native Sequence for : VARPT_AgingBucket
----------->     (WARNING)  PostgreHelper.ExecuteNonQuery: [18]DBExecuteError - 42P01: sequence "varpt_agingdetails_seq" does not exist
05:36:39.363    (INFO)     NativeSequence.AddLog: [18]0 - 1/1/0001 12:00:00 AM -  - Created Native Sequence for : VARPT_AgingDetails
05:36:39.363    (INFO)     NativeSequence.AddLog: [18]0 - 1/1/0001 12:00:00 AM -  - Created Native Sequence for : VARPT_AvailableToShip_Temp
05:36:39.363    (INFO)     NativeSequence.AddLog: [18]0 - 1/1/0001 12:00:00 AM -  - Created Native Sequence for : VARPT_GLStatAcct
05:36:39.363    (INFO)     NativeSequence.AddLog: [18]0 - 1/1/0001 12:00:00 AM -  - Created Native Sequence for : VARPT_ProdTemp
05:36:40.364    (INFO)     NativeSequence.AddLog: [18]0 - 1/1/0001 12:00:00 AM -  - Created Native Sequence for : VARPT_ProductStock
05:36:40.364    (INFO)     NativeSequence.AddLog: [18]0 - 1/1/0001 12:00:00 AM -  - Created Native Sequence for : VARPT_SaleSummary
----------->     (WARNING)  PostgreHelper.ExecuteNonQuery: [18]DBExecuteError - 42P01: sequence "varpt_soprofitability_seq" does not exist
05:36:40.364    (INFO)     NativeSequence.AddLog: [18]0 - 1/1/0001 12:00:00 AM -  - Created Native Sequence for : VARPT_SOPROFITABILITY
05:36:40.364    (INFO)     NativeSequence.AddLog: [18]0 - 1/1/0001 12:00:00 AM -  - Created Native Sequence for : VARPT_Temp_Stock
05:36:40.364    (INFO)     NativeSequence.AddLog: [18]0 - 1/1/0001 12:00:00 AM -  - Created Native Sequence for : VARPT_TempCash
05:36:40.364    (INFO)     NativeSequence.AddLog: [18]0 - 1/1/0001 12:00:00 AM -  - Created Native Sequence for : VARPT_TempMargin
05:36:40.364    (INFO)     NativeSequence.AddLog: [18]0 - 1/1/0001 12:00:00 AM -  - Created Native Sequence for : VARPT_TempStorageStckVendr
----------->     (WARNING)  PostgreHelper.ExecuteNonQuery: [18]DBExecuteError - 42P01: sequence "vas_contractcategory_seq" does not exist
05:36:40.364    (INFO)     NativeSequence.AddLog: [18]0 - 1/1/0001 12:00:00 AM -  - Created Native Sequence for : VAS_ContractCategory
----------->     (WARNING)  PostgreHelper.ExecuteNonQuery: [18]DBExecuteError - 42P01: sequence "vas_contractline_seq" does not exist
05:36:40.364    (INFO)     NativeSequence.AddLog: [18]0 - 1/1/0001 12:00:00 AM -  - Created Native Sequence for : VAS_ContractLine
----------->     (WARNING)  PostgreHelper.ExecuteNonQuery: [18]DBExecuteError - 42P01: sequence "vas_contractmaster_seq" does not exist
05:36:40.364    (INFO)     NativeSequence.AddLog: [18]0 - 1/1/0001 12:00:00 AM -  - Created Native Sequence for : VAS_ContractMaster
----------->     (WARNING)  PostgreHelper.ExecuteNonQuery: [18]DBExecuteError - 42P01: sequence "vas_contractowner_seq" does not exist
05:36:40.364    (INFO)     NativeSequence.AddLog: [18]0 - 1/1/0001 12:00:00 AM -  - Created Native Sequence for : VAS_ContractOwner
----------->     (WARNING)  PostgreHelper.ExecuteNonQuery: [18]DBExecuteError - 42P01: sequence "vas_contractterms_seq" does not exist
05:36:40.364    (INFO)     NativeSequence.AddLog: [18]0 - 1/1/0001 12:00:00 AM -  - Created Native Sequence for : VAS_ContractTerms
----------->     (WARNING)  PostgreHelper.ExecuteNonQuery: [18]DBExecuteError - 42P01: sequence "vas_fleetdetail_seq" does not exist
05:36:40.364    (INFO)     NativeSequence.AddLog: [18]0 - 1/1/0001 12:00:00 AM -  - Created Native Sequence for : VAS_FleetDetail
----------->     (WARNING)  PostgreHelper.ExecuteNonQuery: [18]DBExecuteError - 42P01: sequence "vas_resourceproduct_seq" does not exist
05:36:40.364    (INFO)     NativeSequence.AddLog: [18]0 - 1/1/0001 12:00:00 AM -  - Created Native Sequence for : VAS_ResourceProduct
----------->     (WARNING)  PostgreHelper.ExecuteNonQuery: [18]DBExecuteError - 42P01: sequence "vas_response_seq" does not exist
05:36:40.364    (INFO)     NativeSequence.AddLog: [18]0 - 1/1/0001 12:00:00 AM -  - Created Native Sequence for : VAS_Response
----------->     (WARNING)  PostgreHelper.ExecuteNonQuery: [18]DBExecuteError - 42P01: sequence "vas_thresholdrange_seq" does not exist
05:36:40.364    (INFO)     NativeSequence.AddLog: [18]0 - 1/1/0001 12:00:00 AM -  - Created Native Sequence for : VAS_ThresholdRange
----------->     (WARNING)  PostgreHelper.ExecuteNonQuery: [18]DBExecuteError - 42P01: sequence "vas_variationthreshold_seq" does not exist
05:36:40.364    (INFO)     NativeSequence.AddLog: [18]0 - 1/1/0001 12:00:00 AM -  - Created Native Sequence for : VAS_VariationThreshold
----------->     (WARNING)  PostgreHelper.ExecuteNonQuery: [18]DBExecuteError - 42P01: sequence "vatax_taxcatrate_seq" does not exist
05:36:40.364    (INFO)     NativeSequence.AddLog: [18]0 - 1/1/0001 12:00:00 AM -  - Created Native Sequence for : VATAX_TaxCatRate
----------->     (WARNING)  PostgreHelper.ExecuteNonQuery: [18]DBExecuteError - 42P01: sequence "vatax_taxregion_seq" does not exist
05:36:40.364    (INFO)     NativeSequence.AddLog: [18]0 - 1/1/0001 12:00:00 AM -  - Created Native Sequence for : VATAX_TaxRegion
----------->     (WARNING)  PostgreHelper.ExecuteNonQuery: [18]DBExecuteError - 42P01: sequence "vatax_taxregionline_seq" does not exist
05:36:40.364    (INFO)     NativeSequence.AddLog: [18]0 - 1/1/0001 12:00:00 AM -  - Created Native Sequence for : VATAX_TaxRegionLine
----------->     (WARNING)  PostgreHelper.ExecuteNonQuery: [18]DBExecuteError - 42P01: sequence "vatax_taxtype_seq" does not exist
05:36:40.364    (INFO)     NativeSequence.AddLog: [18]0 - 1/1/0001 12:00:00 AM -  - Created Native Sequence for : VATAX_TaxType
----------->     (WARNING)  PostgreHelper.ExecuteNonQuery: [18]DBExecuteError - 42P01: sequence "vss_accidentdetails_seq" does not exist
05:36:40.364    (INFO)     NativeSequence.AddLog: [18]0 - 1/1/0001 12:00:00 AM -  - Created Native Sequence for : VSS_ACCIDENTDETAILS
----------->     (WARNING)  PostgreHelper.ExecuteNonQuery: [18]DBExecuteError - 42P01: sequence "vss_departmentmaster_seq" does not exist
05:36:40.364    (INFO)     NativeSequence.AddLog: [18]0 - 1/1/0001 12:00:00 AM -  - Created Native Sequence for : VSS_DEPARTMENTMASTER
----------->     (WARNING)  PostgreHelper.ExecuteNonQuery: [18]DBExecuteError - 42P01: sequence "vss_documents_seq" does not exist
05:36:40.364    (INFO)     NativeSequence.AddLog: [18]0 - 1/1/0001 12:00:00 AM -  - Created Native Sequence for : VSS_DOCUMENTS
----------->     (WARNING)  PostgreHelper.ExecuteNonQuery: [18]DBExecuteError - 42P01: sequence "vss_employeecompensation_seq" does not exist
05:36:40.364    (INFO)     NativeSequence.AddLog: [18]0 - 1/1/0001 12:00:00 AM -  - Created Native Sequence for : VSS_EMPLOYEECOMPENSATION
----------->     (WARNING)  PostgreHelper.ExecuteNonQuery: [18]DBExecuteError - 42P01: sequence "vss_employeepolicy_seq" does not exist
05:36:40.364    (INFO)     NativeSequence.AddLog: [18]0 - 1/1/0001 12:00:00 AM -  - Created Native Sequence for : VSS_EMPLOYEEPOLICY
----------->     (WARNING)  PostgreHelper.ExecuteNonQuery: [18]DBExecuteError - 42P01: sequence "vss_history_seq" does not exist
05:36:40.364    (INFO)     NativeSequence.AddLog: [18]0 - 1/1/0001 12:00:00 AM -  - Created Native Sequence for : VSS_HISTORY
----------->     (WARNING)  PostgreHelper.ExecuteNonQuery: [18]DBExecuteError - 42P01: sequence "vss_lead_interestarea_seq" does not exist
05:36:40.364    (INFO)     NativeSequence.AddLog: [18]0 - 1/1/0001 12:00:00 AM -  - Created Native Sequence for : vss_lead_interestarea
----------->     (WARNING)  PostgreHelper.ExecuteNonQuery: [18]DBExecuteError - 42P01: sequence "vss_own_bank_seq" does not exist
05:36:40.364    (INFO)     NativeSequence.AddLog: [18]0 - 1/1/0001 12:00:00 AM -  - Created Native Sequence for : VSS_OWN_BANK
----------->     (WARNING)  PostgreHelper.ExecuteNonQuery: [18]DBExecuteError - 42P01: sequence "vss_positioncompensation_seq" does not exist
05:36:40.364    (INFO)     NativeSequence.AddLog: [18]0 - 1/1/0001 12:00:00 AM -  - Created Native Sequence for : VSS_POSITIONCOMPENSATION
----------->     (WARNING)  PostgreHelper.ExecuteNonQuery: [18]DBExecuteError - 42P01: sequence "vss_positionpolicy_seq" does not exist
05:36:40.364    (INFO)     NativeSequence.AddLog: [18]0 - 1/1/0001 12:00:00 AM -  - Created Native Sequence for : VSS_POSITIONPOLICY
05:36:40.364    (INFO)     NativeSequence.AddLog: [18]0 - 1/1/0001 12:00:00 AM -  - Created Native Sequence for : vss_prospect_interestarea
----------->     (WARNING)  PostgreHelper.ExecuteNonQuery: [18]DBExecuteError - 42P01: sequence "vss_relationdetails_seq" does not exist
05:36:40.364    (INFO)     NativeSequence.AddLog: [18]0 - 1/1/0001 12:00:00 AM -  - Created Native Sequence for : VSS_RELATIONDETAILS
----------->     (WARNING)  PostgreHelper.ExecuteNonQuery: [18]DBExecuteError - 42P01: sequence "vss_temp_bank_head_seq" does not exist
05:36:40.364    (INFO)     NativeSequence.AddLog: [18]0 - 1/1/0001 12:00:00 AM -  - Created Native Sequence for : VSS_TEMP_BANK_HEAD
----------->     (WARNING)  PostgreHelper.ExecuteNonQuery: [18]DBExecuteError - 42P01: sequence "vss_temp_bank_line_seq" does not exist
05:36:40.364    (INFO)     NativeSequence.AddLog: [18]0 - 1/1/0001 12:00:00 AM -  - Created Native Sequence for : VSS_TEMP_BANK_LINE
----------->     (WARNING)  PostgreHelper.ExecuteNonQuery: [18]DBExecuteError - 42P01: sequence "vss_webstoretaxcat_seq" does not exist
05:36:40.364    (INFO)     NativeSequence.AddLog: [18]0 - 1/1/0001 12:00:00 AM -  - Created Native Sequence for : VSS_WebStoreTaxCat
----------->     (WARNING)  PostgreHelper.ExecuteNonQuery: [18]DBExecuteError - 42P01: sequence "w_advertisement_seq" does not exist
05:36:40.364    (INFO)     NativeSequence.AddLog: [18]0 - 1/1/0001 12:00:00 AM -  - Created Native Sequence for : W_Advertisement
----------->     (WARNING)  PostgreHelper.ExecuteNonQuery: [18]DBExecuteError - 42P01: sequence "w_basket_seq" does not exist
05:36:40.364    (INFO)     NativeSequence.AddLog: [18]0 - 1/1/0001 12:00:00 AM -  - Created Native Sequence for : W_Basket
----------->     (WARNING)  PostgreHelper.ExecuteNonQuery: [18]DBExecuteError - 42P01: sequence "w_basketline_seq" does not exist
05:36:40.364    (INFO)     NativeSequence.AddLog: [18]0 - 1/1/0001 12:00:00 AM -  - Created Native Sequence for : W_BasketLine
----------->     (WARNING)  PostgreHelper.ExecuteNonQuery: [18]DBExecuteError - 42P01: sequence "w_click_seq" does not exist
05:36:40.364    (INFO)     NativeSequence.AddLog: [18]0 - 1/1/0001 12:00:00 AM -  - Created Native Sequence for : W_Click
----------->     (WARNING)  PostgreHelper.ExecuteNonQuery: [18]DBExecuteError - 42P01: sequence "w_clickcount_seq" does not exist
05:36:40.364    (INFO)     NativeSequence.AddLog: [18]0 - 1/1/0001 12:00:00 AM -  - Created Native Sequence for : W_ClickCount
----------->     (WARNING)  PostgreHelper.ExecuteNonQuery: [18]DBExecuteError - 42P01: sequence "w_counter_seq" does not exist
05:36:40.364    (INFO)     NativeSequence.AddLog: [18]0 - 1/1/0001 12:00:00 AM -  - Created Native Sequence for : W_Counter
----------->     (WARNING)  PostgreHelper.ExecuteNonQuery: [18]DBExecuteError - 42P01: sequence "w_countercount_seq" does not exist
05:36:40.364    (INFO)     NativeSequence.AddLog: [18]0 - 1/1/0001 12:00:00 AM -  - Created Native Sequence for : W_CounterCount
----------->     (WARNING)  PostgreHelper.ExecuteNonQuery: [18]DBExecuteError - 42P01: sequence "w_mailmsg_seq" does not exist
05:36:40.364    (INFO)     NativeSequence.AddLog: [18]0 - 1/1/0001 12:00:00 AM -  - Created Native Sequence for : W_MailMsg
===========>     (SEVERE)   PostgreHelper.ExecuteReader: [18]42703: column "w_mailmsg_trl_id" does not exist

POSITION: 13 [Query DR] SELECT MAX( W_MailMsg_Trl_ID) FROM W_MailMsg_Trl
===========>     (SEVERE)   DB.GetSQLValue: [18]SELECT MAX( W_MailMsg_Trl_ID) FROM W_MailMsg_Trl => 42703: column "w_mailmsg_trl_id" does not exist

POSITION: 13
----------->     (WARNING)  PostgreHelper.ExecuteNonQuery: [18]DBExecuteError - 42P01: sequence "w_mailmsg_trl_seq" does not exist
05:36:40.364    (INFO)     NativeSequence.AddLog: [18]0 - 1/1/0001 12:00:00 AM -  - Created Native Sequence for : W_MailMsg_Trl
----------->     (WARNING)  PostgreHelper.ExecuteNonQuery: [18]DBExecuteError - 42P01: sequence "w_store_seq" does not exist
05:36:40.364    (INFO)     NativeSequence.AddLog: [18]0 - 1/1/0001 12:00:00 AM -  - Created Native Sequence for : W_Store
===========>     (SEVERE)   PostgreHelper.ExecuteReader: [18]42703: column "w_store_trl_id" does not exist

POSITION: 13 [Query DR] SELECT MAX( W_Store_Trl_ID) FROM W_Store_Trl
===========>     (SEVERE)   DB.GetSQLValue: [18]SELECT MAX( W_Store_Trl_ID) FROM W_Store_Trl => 42703: column "w_store_trl_id" does not exist

POSITION: 13
----------->     (WARNING)  PostgreHelper.ExecuteNonQuery: [18]DBExecuteError - 42P01: sequence "w_store_trl_seq" does not exist
05:36:40.364    (INFO)     NativeSequence.AddLog: [18]0 - 1/1/0001 12:00:00 AM -  - Created Native Sequence for : W_Store_Trl
----------->     (WARNING)  PostgreHelper.ExecuteNonQuery: [18]DBExecuteError - 42P01: sequence "wsp_deleteduserlog_seq" does not exist
05:36:40.364    (INFO)     NativeSequence.AddLog: [18]0 - 1/1/0001 12:00:00 AM -  - Created Native Sequence for : WSP_DeletedUserLog
----------->     (WARNING)  PostgreHelper.ExecuteNonQuery: [18]DBExecuteError - 42P01: sequence "wsp_gmailconfiguration_seq" does not exist
05:36:40.364    (INFO)     NativeSequence.AddLog: [18]0 - 1/1/0001 12:00:00 AM -  - Created Native Sequence for : WSP_GmailConfiguration
----------->     (WARNING)  PostgreHelper.ExecuteNonQuery: [18]DBExecuteError - 42P01: sequence "wsp_link_seq" does not exist
05:36:40.364    (INFO)     NativeSequence.AddLog: [18]0 - 1/1/0001 12:00:00 AM -  - Created Native Sequence for : WSP_Link
----------->     (WARNING)  PostgreHelper.ExecuteNonQuery: [18]DBExecuteError - 42P01: sequence "wsp_note_seq" does not exist
05:36:40.364    (INFO)     NativeSequence.AddLog: [18]0 - 1/1/0001 12:00:00 AM -  - Created Native Sequence for : WSP_Note
----------->     (WARNING)  PostgreHelper.ExecuteNonQuery: [18]DBExecuteError - 42P01: sequence "wsp_section_seq" does not exist
05:36:40.364    (INFO)     NativeSequence.AddLog: [18]0 - 1/1/0001 12:00:00 AM -  - Created Native Sequence for : WSP_Section
----------->     (WARNING)  PostgreHelper.ExecuteNonQuery: [18]DBExecuteError - 42P01: sequence "wsp_sectionlink_seq" does not exist
05:36:40.364    (INFO)     NativeSequence.AddLog: [18]0 - 1/1/0001 12:00:00 AM -  - Created Native Sequence for : WSP_SectionLink
----------->     (WARNING)  PostgreHelper.ExecuteNonQuery: [18]DBExecuteError - 42P01: sequence "wsp_shareduser_seq" does not exist
05:36:40.364    (INFO)     NativeSequence.AddLog: [18]0 - 1/1/0001 12:00:00 AM -  - Created Native Sequence for : WSP_SharedUser
----------->     (WARNING)  PostgreHelper.ExecuteNonQuery: [18]DBExecuteError - 42P01: sequence "wsp_usercontact_seq" does not exist
05:36:40.364    (INFO)     NativeSequence.AddLog: [18]0 - 1/1/0001 12:00:00 AM -  - Created Native Sequence for : WSP_UserContact
----------->     (WARNING)  PostgreHelper.ExecuteNonQuery: [18]DBExecuteError - 42P01: sequence "wsp_windows_seq" does not exist
05:36:40.364    (INFO)     NativeSequence.AddLog: [18]0 - 1/1/0001 12:00:00 AM -  - Created Native Sequence for : WSP_Windows
05:36:42.364    (INFO)     Trx.Commit: [18]**C** SvrProcess
===========>     (SEVERE)   PostgreHelper.ExecuteReader: [18]42P01: relation "]_seq" does not exist

POSITION: 16 [Query DR] SELECT nextval(']_SEQ')
===========>     (SEVERE)   PostgreHelper.ExecuteReader: [18]42P01: relation "]_seq" does not exist

POSITION: 16 [Query DR] SELECT nextval(']_SEQ')
===========>     (SEVERE)   DB.GetSQLValue: [18]SELECT nextval(']_SEQ') => 42P01: relation "]_seq" does not exist

POSITION: 16
===========>     (SEVERE)   DB.ExecuteQuery: [18] => 22003: setval: value 999999 is out of bounds for sequence "a_asset_delivery_seq" (1000000..2147483647)
----------->     (WARNING)  DB.ExecuteQuery: [18]DBExecuteError - 22003: setval: value 999999 is out of bounds for sequence "a_asset_delivery_seq" (1000000..2147483647)
05:36:43.364    (INFO)     NativeSequence.AddLog: [18]0 -  -  - Sequence not Updated For :A_Asset_Delivery_SEQ
===========>     (SEVERE)   DB.ExecuteQuery: [18] => 22003: setval: value 999999 is out of bounds for sequence "a_asset_retirement_seq" (1000000..2147483647)
----------->     (WARNING)  DB.ExecuteQuery: [18]DBExecuteError - 22003: setval: value 999999 is out of bounds for sequence "a_asset_retirement_seq" (1000000..2147483647)
05:36:43.364    (INFO)     NativeSequence.AddLog: [18]0 -  -  - Sequence not Updated For :A_Asset_Retirement_SEQ
===========>     (SEVERE)   DB.ExecuteQuery: [18] => 22003: setval: value 999999 is out of bounds for sequence "a_registration_seq" (1000000..2147483647)
----------->     (WARNING)  DB.ExecuteQuery: [18]DBExecuteError - 22003: setval: value 999999 is out of bounds for sequence "a_registration_seq" (1000000..2147483647)
05:36:43.364    (INFO)     NativeSequence.AddLog: [18]0 -  -  - Sequence not Updated For :A_Registration_SEQ
===========>     (SEVERE)   DB.ExecuteQuery: [18] => 22003: setval: value 999999 is out of bounds for sequence "a_registrationproduct_seq" (1000000..2147483647)
----------->     (WARNING)  DB.ExecuteQuery: [18]DBExecuteError - 22003: setval: value 999999 is out of bounds for sequence "a_registrationproduct_seq" (1000000..2147483647)
05:36:43.364    (INFO)     NativeSequence.AddLog: [18]0 -  -  - Sequence not Updated For :A_RegistrationProduct_SEQ
===========>     (SEVERE)   DB.ExecuteQuery: [18] => 22003: setval: value 999999 is out of bounds for sequence "a_registrationvalue_seq" (1000000..2147483647)
----------->     (WARNING)  DB.ExecuteQuery: [18]DBExecuteError - 22003: setval: value 999999 is out of bounds for sequence "a_registrationvalue_seq" (1000000..2147483647)
05:36:43.364    (INFO)     NativeSequence.AddLog: [18]0 -  -  - Sequence not Updated For :A_RegistrationValue_SEQ
===========>     (SEVERE)   DB.ExecuteQuery: [18] => 22003: setval: value 999999 is out of bounds for sequence "ad_accesslog_seq" (1000000..2147483647)
----------->     (WARNING)  DB.ExecuteQuery: [18]DBExecuteError - 22003: setval: value 999999 is out of bounds for sequence "ad_accesslog_seq" (1000000..2147483647)
05:36:43.364    (INFO)     NativeSequence.AddLog: [18]0 -  -  - Sequence not Updated For :AD_AccessLog_SEQ
===========>     (SEVERE)   DB.ExecuteQuery: [18] => 22003: setval: value 999999 is out of bounds for sequence "ad_actionlog_seq" (1000000..2147483647)
----------->     (WARNING)  DB.ExecuteQuery: [18]DBExecuteError - 22003: setval: value 999999 is out of bounds for sequence "ad_actionlog_seq" (1000000..2147483647)
05:36:43.364    (INFO)     NativeSequence.AddLog: [18]0 -  -  - Sequence not Updated For :AD_ActionLog_SEQ
===========>     (SEVERE)   DB.ExecuteQuery: [18] => 22003: setval: value 999999 is out of bounds for sequence "ad_alertrulecondition_seq" (1000000..2147483647)
----------->     (WARNING)  DB.ExecuteQuery: [18]DBExecuteError - 22003: setval: value 999999 is out of bounds for sequence "ad_alertrulecondition_seq" (1000000..2147483647)
05:36:43.364    (INFO)     NativeSequence.AddLog: [18]0 -  -  - Sequence not Updated For :AD_AlertRuleCondition_SEQ
===========>     (SEVERE)   DB.ExecuteQuery: [18] => 22003: setval: value 999999 is out of bounds for sequence "ad_assigncriteria_seq" (1000000..2147483647)
----------->     (WARNING)  DB.ExecuteQuery: [18]DBExecuteError - 22003: setval: value 999999 is out of bounds for sequence "ad_assigncriteria_seq" (1000000..2147483647)
05:36:43.364    (INFO)     NativeSequence.AddLog: [18]0 -  -  - Sequence not Updated For :AD_AssignCriteria_SEQ
===========>     (SEVERE)   DB.ExecuteQuery: [18] => 22003: setval: value 999999 is out of bounds for sequence "ad_assignlog_seq" (1000000..2147483647)
----------->     (WARNING)  DB.ExecuteQuery: [18]DBExecuteError - 22003: setval: value 999999 is out of bounds for sequence "ad_assignlog_seq" (1000000..2147483647)
05:36:43.364    (INFO)     NativeSequence.AddLog: [18]0 -  -  - Sequence not Updated For :AD_AssignLog_SEQ
===========>     (SEVERE)   DB.ExecuteQuery: [18] => 22003: setval: value 999999 is out of bounds for sequence "ad_assigntarget_seq" (1000000..2147483647)
----------->     (WARNING)  DB.ExecuteQuery: [18]DBExecuteError - 22003: setval: value 999999 is out of bounds for sequence "ad_assigntarget_seq" (1000000..2147483647)
05:36:43.364    (INFO)     NativeSequence.AddLog: [18]0 -  -  - Sequence not Updated For :AD_AssignTarget_SEQ
===========>     (SEVERE)   DB.ExecuteQuery: [18] => 22003: setval: value 999999 is out of bounds for sequence "ad_attachmentline_seq" (1000000..2147483647)
----------->     (WARNING)  DB.ExecuteQuery: [18]DBExecuteError - 22003: setval: value 999999 is out of bounds for sequence "ad_attachmentline_seq" (1000000..2147483647)
05:36:43.364    (INFO)     NativeSequence.AddLog: [18]0 -  -  - Sequence not Updated For :AD_AttachmentLine_SEQ
===========>     (SEVERE)   DB.ExecuteQuery: [18] => 22003: setval: value 999999 is out of bounds for sequence "ad_attachmentlocalpath_seq" (1000000..2147483647)
----------->     (WARNING)  DB.ExecuteQuery: [18]DBExecuteError - 22003: setval: value 999999 is out of bounds for sequence "ad_attachmentlocalpath_seq" (1000000..2147483647)
05:36:43.364    (INFO)     NativeSequence.AddLog: [18]0 -  -  - Sequence not Updated For :AD_AttachmentLocalPath_SEQ
===========>     (SEVERE)   DB.ExecuteQuery: [18] => 22003: setval: value 999999 is out of bounds for sequence "ad_attachmentnote_seq" (1000000..2147483647)
----------->     (WARNING)  DB.ExecuteQuery: [18]DBExecuteError - 22003: setval: value 999999 is out of bounds for sequence "ad_attachmentnote_seq" (1000000..2147483647)
05:36:43.364    (INFO)     NativeSequence.AddLog: [18]0 -  -  - Sequence not Updated For :AD_AttachmentNote_SEQ
===========>     (SEVERE)   DB.ExecuteQuery: [18] => 22003: setval: value 999999 is out of bounds for sequence "ad_attachmentreference_seq" (1000000..2147483647)
----------->     (WARNING)  DB.ExecuteQuery: [18]DBExecuteError - 22003: setval: value 999999 is out of bounds for sequence "ad_attachmentreference_seq" (1000000..2147483647)
05:36:43.364    (INFO)     NativeSequence.AddLog: [18]0 -  -  - Sequence not Updated For :AD_AttachmentReference_SEQ
===========>     (SEVERE)   DB.ExecuteQuery: [18] => 22003: setval: value 999999 is out of bounds for sequence "ad_attribute_seq" (1000000..2147483647)
----------->     (WARNING)  DB.ExecuteQuery: [18]DBExecuteError - 22003: setval: value 999999 is out of bounds for sequence "ad_attribute_seq" (1000000..2147483647)
05:36:43.364    (INFO)     NativeSequence.AddLog: [18]0 -  -  - Sequence not Updated For :AD_Attribute_SEQ
===========>     (SEVERE)   DB.ExecuteQuery: [18] => 22003: setval: value 999999 is out of bounds for sequence "ad_attribute_value_seq" (1000000..2147483647)
----------->     (WARNING)  DB.ExecuteQuery: [18]DBExecuteError - 22003: setval: value 999999 is out of bounds for sequence "ad_attribute_value_seq" (1000000..2147483647)
05:36:43.364    (INFO)     NativeSequence.AddLog: [18]0 -  -  - Sequence not Updated For :AD_Attribute_Value_SEQ
===========>     (SEVERE)   DB.ExecuteQuery: [18] => 22003: setval: value 999999 is out of bounds for sequence "ad_cardview_condition_seq" (1000000..2147483647)
----------->     (WARNING)  DB.ExecuteQuery: [18]DBExecuteError - 22003: setval: value 999999 is out of bounds for sequence "ad_cardview_condition_seq" (1000000..2147483647)
05:36:43.364    (INFO)     NativeSequence.AddLog: [18]0 -  -  - Sequence not Updated For :AD_CardView_Condition_SEQ
===========>     (SEVERE)   DB.ExecuteQuery: [18] => 22003: setval: value 999999 is out of bounds for sequence "ad_cardview_role_seq" (1000000..2147483647)
----------->     (WARNING)  DB.ExecuteQuery: [18]DBExecuteError - 22003: setval: value 999999 is out of bounds for sequence "ad_cardview_role_seq" (1000000..2147483647)
05:36:43.364    (INFO)     NativeSequence.AddLog: [18]0 -  -  - Sequence not Updated For :AD_CardView_Role_SEQ
===========>     (SEVERE)   PostgreHelper.ExecuteReader: [18]42P01: relation "ad_changelog_v_seq" does not exist

POSITION: 16 [Query DR] SELECT nextval('AD_CHANGELOG_V_SEQ')
===========>     (SEVERE)   PostgreHelper.ExecuteReader: [18]42P01: relation "ad_changelog_v_seq" does not exist

POSITION: 16 [Query DR] SELECT nextval('AD_CHANGELOG_V_SEQ')
===========>     (SEVERE)   DB.GetSQLValue: [18]SELECT nextval('AD_CHANGELOG_V_SEQ') => 42P01: relation "ad_changelog_v_seq" does not exist

POSITION: 16
===========>     (SEVERE)   DB.ExecuteQuery: [18] => 22003: setval: value 999999 is out of bounds for sequence "ad_clientshare_seq" (1000000..2147483647)
----------->     (WARNING)  DB.ExecuteQuery: [18]DBExecuteError - 22003: setval: value 999999 is out of bounds for sequence "ad_clientshare_seq" (1000000..2147483647)
05:36:44.364    (INFO)     NativeSequence.AddLog: [18]0 -  -  - Sequence not Updated For :AD_ClientShare_SEQ
===========>     (SEVERE)   DB.ExecuteQuery: [18] => 22003: setval: value 999999 is out of bounds for sequence "ad_color_seq" (1000000..2147483647)
----------->     (WARNING)  DB.ExecuteQuery: [18]DBExecuteError - 22003: setval: value 999999 is out of bounds for sequence "ad_color_seq" (1000000..2147483647)
05:36:44.364    (INFO)     NativeSequence.AddLog: [18]0 -  -  - Sequence not Updated For :AD_Color_SEQ
===========>     (SEVERE)   DB.ExecuteQuery: [18] => 22003: setval: value 999999 is out of bounds for sequence "ad_column_access_seq" (1000000..2147483647)
----------->     (WARNING)  DB.ExecuteQuery: [18]DBExecuteError - 22003: setval: value 999999 is out of bounds for sequence "ad_column_access_seq" (1000000..2147483647)
05:36:44.364    (INFO)     NativeSequence.AddLog: [18]0 -  -  - Sequence not Updated For :AD_Column_Access_SEQ
===========>     (SEVERE)   PostgreHelper.ExecuteReader: [18]42703: column "ad_column_trl_id" does not exist

POSITION: 12 [Query DR] SELECT MAX(AD_Column_Trl_ID) FROM AD_Column_Trl
===========>     (SEVERE)   PostgreHelper.ExecuteReader: [18]42703: column "ad_column_trl_id" does not exist

POSITION: 12 [Query DR] SELECT MAX(AD_Column_Trl_ID) FROM AD_Column_Trl
===========>     (SEVERE)   DB.GetSQLValue: [18]SELECT MAX(AD_Column_Trl_ID) FROM AD_Column_Trl => 42703: column "ad_column_trl_id" does not exist

POSITION: 12
===========>     (SEVERE)   DB.ExecuteQuery: [18] => 22003: setval: value 999999 is out of bounds for sequence "ad_column_trl_seq" (1000000..2147483647)
----------->     (WARNING)  DB.ExecuteQuery: [18]DBExecuteError - 22003: setval: value 999999 is out of bounds for sequence "ad_column_trl_seq" (1000000..2147483647)
05:36:44.364    (INFO)     NativeSequence.AddLog: [18]0 -  -  - Sequence not Updated For :AD_Column_Trl_SEQ
===========>     (SEVERE)   PostgreHelper.ExecuteReader: [18]42P01: relation "ad_ctxtarea_seq" does not exist

POSITION: 16 [Query DR] SELECT nextval('AD_CTXTAREA_SEQ')
===========>     (SEVERE)   PostgreHelper.ExecuteReader: [18]42P01: relation "ad_ctxtarea_seq" does not exist

POSITION: 16 [Query DR] SELECT nextval('AD_CTXTAREA_SEQ')
===========>     (SEVERE)   DB.GetSQLValue: [18]SELECT nextval('AD_CTXTAREA_SEQ') => 42P01: relation "ad_ctxtarea_seq" does not exist

POSITION: 16
===========>     (SEVERE)   DB.ExecuteQuery: [18] => 22003: setval: value 999999 is out of bounds for sequence "ad_defaultcardview_seq" (1000000..2147483647)
----------->     (WARNING)  DB.ExecuteQuery: [18]DBExecuteError - 22003: setval: value 999999 is out of bounds for sequence "ad_defaultcardview_seq" (1000000..2147483647)
05:36:44.364    (INFO)     NativeSequence.AddLog: [18]0 -  -  - Sequence not Updated For :AD_DefaultCardView_SEQ
===========>     (SEVERE)   DB.ExecuteQuery: [18] => 22003: setval: value 999999 is out of bounds for sequence "ad_defaultuserquery_seq" (1000000..2147483647)
----------->     (WARNING)  DB.ExecuteQuery: [18]DBExecuteError - 22003: setval: value 999999 is out of bounds for sequence "ad_defaultuserquery_seq" (1000000..2147483647)
05:36:44.364    (INFO)     NativeSequence.AddLog: [18]0 -  -  - Sequence not Updated For :AD_DefaultUserQuery_SEQ
===========>     (SEVERE)   DB.ExecuteQuery: [18] => 22003: setval: value 999999 is out of bounds for sequence "ad_desktop_seq" (1000000..2147483647)
----------->     (WARNING)  DB.ExecuteQuery: [18]DBExecuteError - 22003: setval: value 999999 is out of bounds for sequence "ad_desktop_seq" (1000000..2147483647)
05:36:44.364    (INFO)     NativeSequence.AddLog: [18]0 -  -  - Sequence not Updated For :AD_Desktop_SEQ
===========>     (SEVERE)   PostgreHelper.ExecuteReader: [18]42703: column "ad_desktop_trl_id" does not exist

POSITION: 12 [Query DR] SELECT MAX(AD_Desktop_Trl_ID) FROM AD_Desktop_Trl
===========>     (SEVERE)   PostgreHelper.ExecuteReader: [18]42703: column "ad_desktop_trl_id" does not exist

POSITION: 12 [Query DR] SELECT MAX(AD_Desktop_Trl_ID) FROM AD_Desktop_Trl
===========>     (SEVERE)   DB.GetSQLValue: [18]SELECT MAX(AD_Desktop_Trl_ID) FROM AD_Desktop_Trl => 42703: column "ad_desktop_trl_id" does not exist

POSITION: 12
===========>     (SEVERE)   DB.ExecuteQuery: [18] => 22003: setval: value 999999 is out of bounds for sequence "ad_desktop_trl_seq" (1000000..2147483647)
----------->     (WARNING)  DB.ExecuteQuery: [18]DBExecuteError - 22003: setval: value 999999 is out of bounds for sequence "ad_desktop_trl_seq" (1000000..2147483647)
05:36:44.364    (INFO)     NativeSequence.AddLog: [18]0 -  -  - Sequence not Updated For :AD_Desktop_Trl_SEQ
===========>     (SEVERE)   DB.ExecuteQuery: [18] => 22003: setval: value 999999 is out of bounds for sequence "ad_desktopworkbench_seq" (1000000..2147483647)
----------->     (WARNING)  DB.ExecuteQuery: [18]DBExecuteError - 22003: setval: value 999999 is out of bounds for sequence "ad_desktopworkbench_seq" (1000000..2147483647)
05:36:44.364    (INFO)     NativeSequence.AddLog: [18]0 -  -  - Sequence not Updated For :AD_DesktopWorkbench_SEQ
===========>     (SEVERE)   DB.ExecuteQuery: [18] => 22003: setval: value 999999 is out of bounds for sequence "ad_directquerylog_seq" (1000000..2147483647)
----------->     (WARNING)  DB.ExecuteQuery: [18]DBExecuteError - 22003: setval: value 999999 is out of bounds for sequence "ad_directquerylog_seq" (1000000..2147483647)
05:36:44.364    (INFO)     NativeSequence.AddLog: [18]0 -  -  - Sequence not Updated For :AD_DirectQueryLog_SEQ
===========>     (SEVERE)   DB.ExecuteQuery: [18] => 22003: setval: value 999999 is out of bounds for sequence "ad_document_action_access_seq" (1000000..2147483647)
----------->     (WARNING)  DB.ExecuteQuery: [18]DBExecuteError - 22003: setval: value 999999 is out of bounds for sequence "ad_document_action_access_seq" (1000000..2147483647)
05:36:44.364    (INFO)     NativeSequence.AddLog: [18]0 -  -  - Sequence not Updated For :AD_Document_Action_Access_SEQ
===========>     (SEVERE)   PostgreHelper.ExecuteReader: [18]42703: column "ad_element_trl_id" does not exist

POSITION: 12 [Query DR] SELECT MAX(AD_Element_Trl_ID) FROM AD_Element_Trl
===========>     (SEVERE)   PostgreHelper.ExecuteReader: [18]42703: column "ad_element_trl_id" does not exist

POSITION: 12 [Query DR] SELECT MAX(AD_Element_Trl_ID) FROM AD_Element_Trl
===========>     (SEVERE)   DB.GetSQLValue: [18]SELECT MAX(AD_Element_Trl_ID) FROM AD_Element_Trl => 42703: column "ad_element_trl_id" does not exist

POSITION: 12
===========>     (SEVERE)   DB.ExecuteQuery: [18] => 22003: setval: value 999999 is out of bounds for sequence "ad_element_trl_seq" (1000000..2147483647)
----------->     (WARNING)  DB.ExecuteQuery: [18]DBExecuteError - 22003: setval: value 999999 is out of bounds for sequence "ad_element_trl_seq" (1000000..2147483647)
05:36:44.364    (INFO)     NativeSequence.AddLog: [18]0 -  -  - Sequence not Updated For :AD_Element_Trl_SEQ
===========>     (SEVERE)   DB.ExecuteQuery: [18] => 22003: setval: value 999999 is out of bounds for sequence "ad_elementctx_seq" (1000000..2147483647)
----------->     (WARNING)  DB.ExecuteQuery: [18]DBExecuteError - 22003: setval: value 999999 is out of bounds for sequence "ad_elementctx_seq" (1000000..2147483647)
05:36:44.364    (INFO)     NativeSequence.AddLog: [18]0 -  -  - Sequence not Updated For :AD_ElementCtx_SEQ
===========>     (SEVERE)   PostgreHelper.ExecuteReader: [18]42703: column "ad_elementctx_trl_id" does not exist

POSITION: 12 [Query DR] SELECT MAX(AD_ElementCtx_Trl_ID) FROM AD_ElementCtx_Trl
===========>     (SEVERE)   PostgreHelper.ExecuteReader: [18]42703: column "ad_elementctx_trl_id" does not exist

POSITION: 12 [Query DR] SELECT MAX(AD_ElementCtx_Trl_ID) FROM AD_ElementCtx_Trl
===========>     (SEVERE)   DB.GetSQLValue: [18]SELECT MAX(AD_ElementCtx_Trl_ID) FROM AD_ElementCtx_Trl => 42703: column "ad_elementctx_trl_id" does not exist

POSITION: 12
===========>     (SEVERE)   DB.ExecuteQuery: [18] => 22003: setval: value 999999 is out of bounds for sequence "ad_elementctx_trl_seq" (1000000..2147483647)
----------->     (WARNING)  DB.ExecuteQuery: [18]DBExecuteError - 22003: setval: value 999999 is out of bounds for sequence "ad_elementctx_trl_seq" (1000000..2147483647)
05:36:44.364    (INFO)     NativeSequence.AddLog: [18]0 -  -  - Sequence not Updated For :AD_ElementCtx_Trl_SEQ
===========>     (SEVERE)   DB.ExecuteQuery: [18] => 22003: setval: value 999999 is out of bounds for sequence "ad_entitytype_seq" (1000000..2147483647)
----------->     (WARNING)  DB.ExecuteQuery: [18]DBExecuteError - 22003: setval: value 999999 is out of bounds for sequence "ad_entitytype_seq" (1000000..2147483647)
05:36:44.364    (INFO)     NativeSequence.AddLog: [18]0 -  -  - Sequence not Updated For :AD_EntityType_SEQ
===========>     (SEVERE)   DB.ExecuteQuery: [18] => 22003: setval: value 999999 is out of bounds for sequence "ad_error_seq" (1000000..2147483647)
----------->     (WARNING)  DB.ExecuteQuery: [18]DBExecuteError - 22003: setval: value 999999 is out of bounds for sequence "ad_error_seq" (1000000..2147483647)
05:36:44.364    (INFO)     NativeSequence.AddLog: [18]0 -  -  - Sequence not Updated For :AD_Error_SEQ
===========>     (SEVERE)   DB.ExecuteQuery: [18] => 22003: setval: value 999999 is out of bounds for sequence "ad_exportclientinfo_seq" (1000000..2147483647)
----------->     (WARNING)  DB.ExecuteQuery: [18]DBExecuteError - 22003: setval: value 999999 is out of bounds for sequence "ad_exportclientinfo_seq" (1000000..2147483647)
05:36:44.364    (INFO)     NativeSequence.AddLog: [18]0 -  -  - Sequence not Updated For :AD_ExportClientInfo_SEQ
===========>     (SEVERE)   DB.ExecuteQuery: [18] => 22003: setval: value 999999 is out of bounds for sequence "ad_exportindustry_seq" (1000000..2147483647)
----------->     (WARNING)  DB.ExecuteQuery: [18]DBExecuteError - 22003: setval: value 999999 is out of bounds for sequence "ad_exportindustry_seq" (1000000..2147483647)
05:36:44.364    (INFO)     NativeSequence.AddLog: [18]0 -  -  - Sequence not Updated For :AD_ExportIndustry_SEQ
===========>     (SEVERE)   PostgreHelper.ExecuteReader: [18]42703: column "ad_field_trl_id" does not exist

POSITION: 12 [Query DR] SELECT MAX(AD_Field_Trl_ID) FROM AD_Field_Trl
===========>     (SEVERE)   PostgreHelper.ExecuteReader: [18]42703: column "ad_field_trl_id" does not exist

POSITION: 12 [Query DR] SELECT MAX(AD_Field_Trl_ID) FROM AD_Field_Trl
===========>     (SEVERE)   DB.GetSQLValue: [18]SELECT MAX(AD_Field_Trl_ID) FROM AD_Field_Trl => 42703: column "ad_field_trl_id" does not exist

POSITION: 12
===========>     (SEVERE)   DB.ExecuteQuery: [18] => 22003: setval: value 999999 is out of bounds for sequence "ad_field_trl_seq" (1000000..2147483647)
----------->     (WARNING)  DB.ExecuteQuery: [18]DBExecuteError - 22003: setval: value 999999 is out of bounds for sequence "ad_field_trl_seq" (1000000..2147483647)
05:36:44.364    (INFO)     NativeSequence.AddLog: [18]0 -  -  - Sequence not Updated For :AD_Field_Trl_SEQ
===========>     (SEVERE)   PostgreHelper.ExecuteReader: [18]42P01: relation "ad_field_v_seq" does not exist

POSITION: 16 [Query DR] SELECT nextval('AD_FIELD_V_SEQ')
===========>     (SEVERE)   PostgreHelper.ExecuteReader: [18]42P01: relation "ad_field_v_seq" does not exist

POSITION: 16 [Query DR] SELECT nextval('AD_FIELD_V_SEQ')
===========>     (SEVERE)   DB.GetSQLValue: [18]SELECT nextval('AD_FIELD_V_SEQ') => 42P01: relation "ad_field_v_seq" does not exist

POSITION: 16
===========>     (SEVERE)   PostgreHelper.ExecuteReader: [18]42P01: relation "ad_field_vt_seq" does not exist

POSITION: 16 [Query DR] SELECT nextval('AD_FIELD_VT_SEQ')
===========>     (SEVERE)   PostgreHelper.ExecuteReader: [18]42P01: relation "ad_field_vt_seq" does not exist

POSITION: 16 [Query DR] SELECT nextval('AD_FIELD_VT_SEQ')
===========>     (SEVERE)   DB.GetSQLValue: [18]SELECT nextval('AD_FIELD_VT_SEQ') => 42P01: relation "ad_field_vt_seq" does not exist

POSITION: 16
===========>     (SEVERE)   PostgreHelper.ExecuteReader: [18]42703: column "ad_fieldgroup_trl_id" does not exist

POSITION: 12 [Query DR] SELECT MAX(AD_FieldGroup_Trl_ID) FROM AD_FieldGroup_Trl
===========>     (SEVERE)   PostgreHelper.ExecuteReader: [18]42703: column "ad_fieldgroup_trl_id" does not exist

POSITION: 12 [Query DR] SELECT MAX(AD_FieldGroup_Trl_ID) FROM AD_FieldGroup_Trl
===========>     (SEVERE)   DB.GetSQLValue: [18]SELECT MAX(AD_FieldGroup_Trl_ID) FROM AD_FieldGroup_Trl => 42703: column "ad_fieldgroup_trl_id" does not exist

POSITION: 12
===========>     (SEVERE)   DB.ExecuteQuery: [18] => 22003: setval: value 999999 is out of bounds for sequence "ad_fieldgroup_trl_seq" (1000000..2147483647)
----------->     (WARNING)  DB.ExecuteQuery: [18]DBExecuteError - 22003: setval: value 999999 is out of bounds for sequence "ad_fieldgroup_trl_seq" (1000000..2147483647)
05:36:44.364    (INFO)     NativeSequence.AddLog: [18]0 -  -  - Sequence not Updated For :AD_FieldGroup_Trl_SEQ
===========>     (SEVERE)   DB.ExecuteQuery: [18] => 22003: setval: value 999999 is out of bounds for sequence "ad_find_seq" (1000000..2147483647)
----------->     (WARNING)  DB.ExecuteQuery: [18]DBExecuteError - 22003: setval: value 999999 is out of bounds for sequence "ad_find_seq" (1000000..2147483647)
05:36:44.364    (INFO)     NativeSequence.AddLog: [18]0 -  -  - Sequence not Updated For :AD_Find_SEQ
===========>     (SEVERE)   PostgreHelper.ExecuteReader: [18]42703: column "ad_form_trl_id" does not exist

POSITION: 12 [Query DR] SELECT MAX(AD_Form_Trl_ID) FROM AD_Form_Trl
===========>     (SEVERE)   PostgreHelper.ExecuteReader: [18]42703: column "ad_form_trl_id" does not exist

POSITION: 12 [Query DR] SELECT MAX(AD_Form_Trl_ID) FROM AD_Form_Trl
===========>     (SEVERE)   DB.GetSQLValue: [18]SELECT MAX(AD_Form_Trl_ID) FROM AD_Form_Trl => 42703: column "ad_form_trl_id" does not exist

POSITION: 12
===========>     (SEVERE)   DB.ExecuteQuery: [18] => 22003: setval: value 999999 is out of bounds for sequence "ad_form_trl_seq" (1000000..2147483647)
----------->     (WARNING)  DB.ExecuteQuery: [18]DBExecuteError - 22003: setval: value 999999 is out of bounds for sequence "ad_form_trl_seq" (1000000..2147483647)
05:36:44.364    (INFO)     NativeSequence.AddLog: [18]0 -  -  - Sequence not Updated For :AD_Form_Trl_SEQ
===========>     (SEVERE)   DB.ExecuteQuery: [18] => 22003: setval: value 999999 is out of bounds for sequence "ad_formshortcut_seq" (1000000..2147483647)
----------->     (WARNING)  DB.ExecuteQuery: [18]DBExecuteError - 22003: setval: value 999999 is out of bounds for sequence "ad_formshortcut_seq" (1000000..2147483647)
05:36:44.364    (INFO)     NativeSequence.AddLog: [18]0 -  -  - Sequence not Updated For :AD_FormShortcut_SEQ
===========>     (SEVERE)   PostgreHelper.ExecuteReader: [18]42P01: relation "ad_index_seq" does not exist

POSITION: 16 [Query DR] SELECT nextval('AD_INDEX_SEQ')
===========>     (SEVERE)   PostgreHelper.ExecuteReader: [18]42P01: relation "ad_index_seq" does not exist

POSITION: 16 [Query DR] SELECT nextval('AD_INDEX_SEQ')
===========>     (SEVERE)   DB.GetSQLValue: [18]SELECT nextval('AD_INDEX_SEQ') => 42P01: relation "ad_index_seq" does not exist

POSITION: 16
===========>     (SEVERE)   DB.ExecuteQuery: [18] => 22003: setval: value 999999 is out of bounds for sequence "ad_indexcolumn_seq" (1000000..2147483647)
----------->     (WARNING)  DB.ExecuteQuery: [18]DBExecuteError - 22003: setval: value 999999 is out of bounds for sequence "ad_indexcolumn_seq" (1000000..2147483647)
05:36:44.364    (INFO)     NativeSequence.AddLog: [18]0 -  -  - Sequence not Updated For :AD_IndexColumn_SEQ
===========>     (SEVERE)   PostgreHelper.ExecuteReader: [18]42703: column "ad_infocolumn_trl_id" does not exist

POSITION: 12 [Query DR] SELECT MAX(AD_InfoColumn_Trl_ID) FROM AD_InfoColumn_Trl
===========>     (SEVERE)   PostgreHelper.ExecuteReader: [18]42703: column "ad_infocolumn_trl_id" does not exist

POSITION: 12 [Query DR] SELECT MAX(AD_InfoColumn_Trl_ID) FROM AD_InfoColumn_Trl
===========>     (SEVERE)   DB.GetSQLValue: [18]SELECT MAX(AD_InfoColumn_Trl_ID) FROM AD_InfoColumn_Trl => 42703: column "ad_infocolumn_trl_id" does not exist

POSITION: 12
===========>     (SEVERE)   DB.ExecuteQuery: [18] => 22003: setval: value 999999 is out of bounds for sequence "ad_infocolumn_trl_seq" (1000000..2147483647)
----------->     (WARNING)  DB.ExecuteQuery: [18]DBExecuteError - 22003: setval: value 999999 is out of bounds for sequence "ad_infocolumn_trl_seq" (1000000..2147483647)
05:36:44.364    (INFO)     NativeSequence.AddLog: [18]0 -  -  - Sequence not Updated For :AD_InfoColumn_Trl_SEQ
===========>     (SEVERE)   PostgreHelper.ExecuteReader: [18]42703: column "ad_infowindow_trl_id" does not exist

POSITION: 12 [Query DR] SELECT MAX(AD_InfoWindow_Trl_ID) FROM AD_InfoWindow_Trl
===========>     (SEVERE)   PostgreHelper.ExecuteReader: [18]42703: column "ad_infowindow_trl_id" does not exist

POSITION: 12 [Query DR] SELECT MAX(AD_InfoWindow_Trl_ID) FROM AD_InfoWindow_Trl
===========>     (SEVERE)   DB.GetSQLValue: [18]SELECT MAX(AD_InfoWindow_Trl_ID) FROM AD_InfoWindow_Trl => 42703: column "ad_infowindow_trl_id" does not exist

POSITION: 12
===========>     (SEVERE)   DB.ExecuteQuery: [18] => 22003: setval: value 999999 is out of bounds for sequence "ad_infowindow_trl_seq" (1000000..2147483647)
----------->     (WARNING)  DB.ExecuteQuery: [18]DBExecuteError - 22003: setval: value 999999 is out of bounds for sequence "ad_infowindow_trl_seq" (1000000..2147483647)
05:36:44.364    (INFO)     NativeSequence.AddLog: [18]0 -  -  - Sequence not Updated For :AD_InfoWindow_Trl_SEQ
===========>     (SEVERE)   DB.ExecuteQuery: [18] => 22003: setval: value 999999 is out of bounds for sequence "ad_inviteuser_seq" (1000000..2147483647)
----------->     (WARNING)  DB.ExecuteQuery: [18]DBExecuteError - 22003: setval: value 999999 is out of bounds for sequence "ad_inviteuser_seq" (1000000..2147483647)
05:36:44.364    (INFO)     NativeSequence.AddLog: [18]0 -  -  - Sequence not Updated For :AD_InviteUser_SEQ
===========>     (SEVERE)   DB.ExecuteQuery: [18] => 22003: setval: value 999999 is out of bounds for sequence "ad_inviteuser_role_seq" (1000000..2147483647)
----------->     (WARNING)  DB.ExecuteQuery: [18]DBExecuteError - 22003: setval: value 999999 is out of bounds for sequence "ad_inviteuser_role_seq" (1000000..2147483647)
05:36:44.364    (INFO)     NativeSequence.AddLog: [18]0 -  -  - Sequence not Updated For :AD_InviteUser_Role_SEQ
===========>     (SEVERE)   DB.ExecuteQuery: [18] => 22003: setval: value 999999 is out of bounds for sequence "ad_labelprinter_seq" (1000000..2147483647)
----------->     (WARNING)  DB.ExecuteQuery: [18]DBExecuteError - 22003: setval: value 999999 is out of bounds for sequence "ad_labelprinter_seq" (1000000..2147483647)
05:36:44.364    (INFO)     NativeSequence.AddLog: [18]0 -  -  - Sequence not Updated For :AD_LabelPrinter_SEQ
===========>     (SEVERE)   DB.ExecuteQuery: [18] => 22003: setval: value 999999 is out of bounds for sequence "ad_labelprinterfunction_seq" (1000000..2147483647)
----------->     (WARNING)  DB.ExecuteQuery: [18]DBExecuteError - 22003: setval: value 999999 is out of bounds for sequence "ad_labelprinterfunction_seq" (1000000..2147483647)
05:36:45.364    (INFO)     NativeSequence.AddLog: [18]0 -  -  - Sequence not Updated For :AD_LabelPrinterFunction_SEQ
===========>     (SEVERE)   DB.ExecuteQuery: [18] => 22003: setval: value 999999 is out of bounds for sequence "ad_language_seq" (1000000..2147483647)
----------->     (WARNING)  DB.ExecuteQuery: [18]DBExecuteError - 22003: setval: value 999999 is out of bounds for sequence "ad_language_seq" (1000000..2147483647)
05:36:45.364    (INFO)     NativeSequence.AddLog: [18]0 -  -  - Sequence not Updated For :AD_Language_SEQ
===========>     (SEVERE)   DB.ExecuteQuery: [18] => 22003: setval: value 999999 is out of bounds for sequence "ad_ldapaccess_seq" (1000000..2147483647)
----------->     (WARNING)  DB.ExecuteQuery: [18]DBExecuteError - 22003: setval: value 999999 is out of bounds for sequence "ad_ldapaccess_seq" (1000000..2147483647)
05:36:45.364    (INFO)     NativeSequence.AddLog: [18]0 -  -  - Sequence not Updated For :AD_LdapAccess_SEQ
===========>     (SEVERE)   DB.ExecuteQuery: [18] => 22003: setval: value 999999 is out of bounds for sequence "ad_ldapprocessor_seq" (1000000..2147483647)
----------->     (WARNING)  DB.ExecuteQuery: [18]DBExecuteError - 22003: setval: value 999999 is out of bounds for sequence "ad_ldapprocessor_seq" (1000000..2147483647)
05:36:45.364    (INFO)     NativeSequence.AddLog: [18]0 -  -  - Sequence not Updated For :AD_LdapProcessor_SEQ
===========>     (SEVERE)   DB.ExecuteQuery: [18] => 22003: setval: value 999999 is out of bounds for sequence "ad_ldapprocessorlog_seq" (1000000..2147483647)
----------->     (WARNING)  DB.ExecuteQuery: [18]DBExecuteError - 22003: setval: value 999999 is out of bounds for sequence "ad_ldapprocessorlog_seq" (1000000..2147483647)
05:36:45.364    (INFO)     NativeSequence.AddLog: [18]0 -  -  - Sequence not Updated For :AD_LdapProcessorLog_SEQ
===========>     (SEVERE)   PostgreHelper.ExecuteReader: [18]42703: column "ad_login_trl_id" does not exist

POSITION: 12 [Query DR] SELECT MAX(AD_Login_Trl_ID) FROM AD_Login_Trl
===========>     (SEVERE)   PostgreHelper.ExecuteReader: [18]42703: column "ad_login_trl_id" does not exist

POSITION: 12 [Query DR] SELECT MAX(AD_Login_Trl_ID) FROM AD_Login_Trl
===========>     (SEVERE)   DB.GetSQLValue: [18]SELECT MAX(AD_Login_Trl_ID) FROM AD_Login_Trl => 42703: column "ad_login_trl_id" does not exist

POSITION: 12
===========>     (SEVERE)   DB.ExecuteQuery: [18] => 22003: setval: value 999999 is out of bounds for sequence "ad_login_trl_seq" (1000000..2147483647)
----------->     (WARNING)  DB.ExecuteQuery: [18]DBExecuteError - 22003: setval: value 999999 is out of bounds for sequence "ad_login_trl_seq" (1000000..2147483647)
05:36:45.364    (INFO)     NativeSequence.AddLog: [18]0 -  -  - Sequence not Updated For :AD_Login_Trl_SEQ
===========>     (SEVERE)   DB.ExecuteQuery: [18] => 22003: setval: value 999999 is out of bounds for sequence "ad_mailqueue_seq" (1000000..2147483647)
----------->     (WARNING)  DB.ExecuteQuery: [18]DBExecuteError - 22003: setval: value 999999 is out of bounds for sequence "ad_mailqueue_seq" (1000000..2147483647)
05:36:45.364    (INFO)     NativeSequence.AddLog: [18]0 -  -  - Sequence not Updated For :AD_MailQueue_SEQ
===========>     (SEVERE)   PostgreHelper.ExecuteReader: [18]42703: column "ad_menu_trl_id" does not exist

POSITION: 12 [Query DR] SELECT MAX(AD_Menu_Trl_ID) FROM AD_Menu_Trl
===========>     (SEVERE)   PostgreHelper.ExecuteReader: [18]42703: column "ad_menu_trl_id" does not exist

POSITION: 12 [Query DR] SELECT MAX(AD_Menu_Trl_ID) FROM AD_Menu_Trl
===========>     (SEVERE)   DB.GetSQLValue: [18]SELECT MAX(AD_Menu_Trl_ID) FROM AD_Menu_Trl => 42703: column "ad_menu_trl_id" does not exist

POSITION: 12
===========>     (SEVERE)   DB.ExecuteQuery: [18] => 22003: setval: value 999999 is out of bounds for sequence "ad_menu_trl_seq" (1000000..2147483647)
----------->     (WARNING)  DB.ExecuteQuery: [18]DBExecuteError - 22003: setval: value 999999 is out of bounds for sequence "ad_menu_trl_seq" (1000000..2147483647)
05:36:45.364    (INFO)     NativeSequence.AddLog: [18]0 -  -  - Sequence not Updated For :AD_Menu_Trl_SEQ
===========>     (SEVERE)   PostgreHelper.ExecuteReader: [18]42703: column "ad_message_trl_id" does not exist

POSITION: 12 [Query DR] SELECT MAX(AD_Message_Trl_ID) FROM AD_Message_Trl
===========>     (SEVERE)   PostgreHelper.ExecuteReader: [18]42703: column "ad_message_trl_id" does not exist

POSITION: 12 [Query DR] SELECT MAX(AD_Message_Trl_ID) FROM AD_Message_Trl
===========>     (SEVERE)   DB.GetSQLValue: [18]SELECT MAX(AD_Message_Trl_ID) FROM AD_Message_Trl => 42703: column "ad_message_trl_id" does not exist

POSITION: 12
===========>     (SEVERE)   DB.ExecuteQuery: [18] => 22003: setval: value 999999 is out of bounds for sequence "ad_message_trl_seq" (1000000..2147483647)
----------->     (WARNING)  DB.ExecuteQuery: [18]DBExecuteError - 22003: setval: value 999999 is out of bounds for sequence "ad_message_trl_seq" (1000000..2147483647)
05:36:45.364    (INFO)     NativeSequence.AddLog: [18]0 -  -  - Sequence not Updated For :AD_Message_Trl_SEQ
===========>     (SEVERE)   DB.ExecuteQuery: [18] => 22003: setval: value 999999 is out of bounds for sequence "ad_migrationstep_seq" (1000000..2147483647)
----------->     (WARNING)  DB.ExecuteQuery: [18]DBExecuteError - 22003: setval: value 999999 is out of bounds for sequence "ad_migrationstep_seq" (1000000..2147483647)
05:36:45.364    (INFO)     NativeSequence.AddLog: [18]0 -  -  - Sequence not Updated For :AD_MigrationStep_SEQ
===========>     (SEVERE)   DB.ExecuteQuery: [18] => 22003: setval: value 999999 is out of bounds for sequence "ad_modification_seq" (1000000..2147483647)
----------->     (WARNING)  DB.ExecuteQuery: [18]DBExecuteError - 22003: setval: value 999999 is out of bounds for sequence "ad_modification_seq" (1000000..2147483647)
05:36:45.364    (INFO)     NativeSequence.AddLog: [18]0 -  -  - Sequence not Updated For :AD_Modification_SEQ
===========>     (SEVERE)   DB.ExecuteQuery: [18] => 22003: setval: value 999999 is out of bounds for sequence "ad_moduledependencyinfo_seq" (1000000..2147483647)
----------->     (WARNING)  DB.ExecuteQuery: [18]DBExecuteError - 22003: setval: value 999999 is out of bounds for sequence "ad_moduledependencyinfo_seq" (1000000..2147483647)
05:36:45.364    (INFO)     NativeSequence.AddLog: [18]0 -  -  - Sequence not Updated For :AD_ModuleDependencyInfo_SEQ
===========>     (SEVERE)   PostgreHelper.ExecuteReader: [18]42703: column "ad_org_trl_id" does not exist

POSITION: 12 [Query DR] SELECT MAX(AD_Org_Trl_ID) FROM AD_Org_Trl
===========>     (SEVERE)   PostgreHelper.ExecuteReader: [18]42703: column "ad_org_trl_id" does not exist

POSITION: 12 [Query DR] SELECT MAX(AD_Org_Trl_ID) FROM AD_Org_Trl
===========>     (SEVERE)   DB.GetSQLValue: [18]SELECT MAX(AD_Org_Trl_ID) FROM AD_Org_Trl => 42703: column "ad_org_trl_id" does not exist

POSITION: 12
===========>     (SEVERE)   DB.ExecuteQuery: [18] => 22003: setval: value 999999 is out of bounds for sequence "ad_org_trl_seq" (1000000..2147483647)
----------->     (WARNING)  DB.ExecuteQuery: [18]DBExecuteError - 22003: setval: value 999999 is out of bounds for sequence "ad_org_trl_seq" (1000000..2147483647)
05:36:45.364    (INFO)     NativeSequence.AddLog: [18]0 -  -  - Sequence not Updated For :AD_Org_Trl_SEQ
===========>     (SEVERE)   PostgreHelper.ExecuteReader: [18]42P01: relation "ad_org_v_seq" does not exist

POSITION: 16 [Query DR] SELECT nextval('AD_ORG_V_SEQ')
===========>     (SEVERE)   PostgreHelper.ExecuteReader: [18]42P01: relation "ad_org_v_seq" does not exist

POSITION: 16 [Query DR] SELECT nextval('AD_ORG_V_SEQ')
===========>     (SEVERE)   DB.GetSQLValue: [18]SELECT nextval('AD_ORG_V_SEQ') => 42P01: relation "ad_org_v_seq" does not exist

POSITION: 16
===========>     (SEVERE)   PostgreHelper.ExecuteReader: [18]42703: column "ad_pinstance_log_id" does not exist

POSITION: 12 [Query DR] SELECT MAX(AD_PInstance_Log_ID) FROM AD_PInstance_Log
===========>     (SEVERE)   PostgreHelper.ExecuteReader: [18]42703: column "ad_pinstance_log_id" does not exist

POSITION: 12 [Query DR] SELECT MAX(AD_PInstance_Log_ID) FROM AD_PInstance_Log
===========>     (SEVERE)   DB.GetSQLValue: [18]SELECT MAX(AD_PInstance_Log_ID) FROM AD_PInstance_Log => 42703: column "ad_pinstance_log_id" does not exist

POSITION: 12
===========>     (SEVERE)   DB.ExecuteQuery: [18] => 22003: setval: value 999999 is out of bounds for sequence "ad_pinstance_log_seq" (1000000..2147483647)
----------->     (WARNING)  DB.ExecuteQuery: [18]DBExecuteError - 22003: setval: value 999999 is out of bounds for sequence "ad_pinstance_log_seq" (1000000..2147483647)
05:36:45.364    (INFO)     NativeSequence.AddLog: [18]0 -  -  - Sequence not Updated For :AD_PInstance_Log_SEQ
===========>     (SEVERE)   DB.ExecuteQuery: [18] => 22003: setval: value 999999 is out of bounds for sequence "ad_pinstance_result_seq" (1000000..2147483647)
----------->     (WARNING)  DB.ExecuteQuery: [18]DBExecuteError - 22003: setval: value 999999 is out of bounds for sequence "ad_pinstance_result_seq" (1000000..2147483647)
05:36:46.364    (INFO)     NativeSequence.AddLog: [18]0 -  -  - Sequence not Updated For :AD_PInstance_Result_SEQ
===========>     (SEVERE)   DB.ExecuteQuery: [18] => 22003: setval: value 999999 is out of bounds for sequence "ad_printfont_seq" (1000000..2147483647)
----------->     (WARNING)  DB.ExecuteQuery: [18]DBExecuteError - 22003: setval: value 999999 is out of bounds for sequence "ad_printfont_seq" (1000000..2147483647)
05:36:46.364    (INFO)     NativeSequence.AddLog: [18]0 -  -  - Sequence not Updated For :AD_PrintFont_SEQ
===========>     (SEVERE)   PostgreHelper.ExecuteReader: [18]42703: column "ad_printformatitem_trl_id" does not exist

POSITION: 12 [Query DR] SELECT MAX(AD_PrintFormatItem_Trl_ID) FROM AD_PrintFormatItem_Trl
===========>     (SEVERE)   PostgreHelper.ExecuteReader: [18]42703: column "ad_printformatitem_trl_id" does not exist

POSITION: 12 [Query DR] SELECT MAX(AD_PrintFormatItem_Trl_ID) FROM AD_PrintFormatItem_Trl
===========>     (SEVERE)   DB.GetSQLValue: [18]SELECT MAX(AD_PrintFormatItem_Trl_ID) FROM AD_PrintFormatItem_Trl => 42703: column "ad_printformatitem_trl_id" does not exist

POSITION: 12
===========>     (SEVERE)   DB.ExecuteQuery: [18] => 22003: setval: value 999999 is out of bounds for sequence "ad_printformatitem_trl_seq" (1000000..2147483647)
----------->     (WARNING)  DB.ExecuteQuery: [18]DBExecuteError - 22003: setval: value 999999 is out of bounds for sequence "ad_printformatitem_trl_seq" (1000000..2147483647)
05:36:46.364    (INFO)     NativeSequence.AddLog: [18]0 -  -  - Sequence not Updated For :AD_PrintFormatItem_Trl_SEQ
===========>     (SEVERE)   DB.ExecuteQuery: [18] => 22003: setval: value 999999 is out of bounds for sequence "ad_printgraph_seq" (1000000..2147483647)
----------->     (WARNING)  DB.ExecuteQuery: [18]DBExecuteError - 22003: setval: value 999999 is out of bounds for sequence "ad_printgraph_seq" (1000000..2147483647)
05:36:46.364    (INFO)     NativeSequence.AddLog: [18]0 -  -  - Sequence not Updated For :AD_PrintGraph_SEQ
===========>     (SEVERE)   DB.ExecuteQuery: [18] => 22003: setval: value 999999 is out of bounds for sequence "ad_printlabel_seq" (1000000..2147483647)
----------->     (WARNING)  DB.ExecuteQuery: [18]DBExecuteError - 22003: setval: value 999999 is out of bounds for sequence "ad_printlabel_seq" (1000000..2147483647)
05:36:46.364    (INFO)     NativeSequence.AddLog: [18]0 -  -  - Sequence not Updated For :AD_PrintLabel_SEQ
===========>     (SEVERE)   DB.ExecuteQuery: [18] => 22003: setval: value 999999 is out of bounds for sequence "ad_printlabelline_seq" (1000000..2147483647)
----------->     (WARNING)  DB.ExecuteQuery: [18]DBExecuteError - 22003: setval: value 999999 is out of bounds for sequence "ad_printlabelline_seq" (1000000..2147483647)
05:36:46.364    (INFO)     NativeSequence.AddLog: [18]0 -  -  - Sequence not Updated For :AD_PrintLabelLine_SEQ
===========>     (SEVERE)   PostgreHelper.ExecuteReader: [18]42703: column "ad_printlabelline_trl_id" does not exist

POSITION: 12 [Query DR] SELECT MAX(AD_PrintLabelLine_Trl_ID) FROM AD_PrintLabelLine_Trl
===========>     (SEVERE)   PostgreHelper.ExecuteReader: [18]42703: column "ad_printlabelline_trl_id" does not exist

POSITION: 12 [Query DR] SELECT MAX(AD_PrintLabelLine_Trl_ID) FROM AD_PrintLabelLine_Trl
===========>     (SEVERE)   DB.GetSQLValue: [18]SELECT MAX(AD_PrintLabelLine_Trl_ID) FROM AD_PrintLabelLine_Trl => 42703: column "ad_printlabelline_trl_id" does not exist

POSITION: 12
===========>     (SEVERE)   DB.ExecuteQuery: [18] => 22003: setval: value 999999 is out of bounds for sequence "ad_printlabelline_trl_seq" (1000000..2147483647)
----------->     (WARNING)  DB.ExecuteQuery: [18]DBExecuteError - 22003: setval: value 999999 is out of bounds for sequence "ad_printlabelline_trl_seq" (1000000..2147483647)
05:36:46.364    (INFO)     NativeSequence.AddLog: [18]0 -  -  - Sequence not Updated For :AD_PrintLabelLine_Trl_SEQ
===========>     (SEVERE)   DB.ExecuteQuery: [18] => 22003: setval: value 999999 is out of bounds for sequence "ad_printtableformat_seq" (1000000..2147483647)
----------->     (WARNING)  DB.ExecuteQuery: [18]DBExecuteError - 22003: setval: value 999999 is out of bounds for sequence "ad_printtableformat_seq" (1000000..2147483647)
05:36:46.364    (INFO)     NativeSequence.AddLog: [18]0 -  -  - Sequence not Updated For :AD_PrintTableFormat_SEQ
===========>     (SEVERE)   DB.ExecuteQuery: [18] => 22003: setval: value 999999 is out of bounds for sequence "ad_private_access_seq" (1000000..2147483647)
----------->     (WARNING)  DB.ExecuteQuery: [18]DBExecuteError - 22003: setval: value 999999 is out of bounds for sequence "ad_private_access_seq" (1000000..2147483647)
05:36:46.364    (INFO)     NativeSequence.AddLog: [18]0 -  -  - Sequence not Updated For :AD_Private_Access_SEQ
===========>     (SEVERE)   PostgreHelper.ExecuteReader: [18]42703: column "ad_process_para_trl_id" does not exist

POSITION: 12 [Query DR] SELECT MAX(AD_Process_Para_Trl_ID) FROM AD_Process_Para_Trl
===========>     (SEVERE)   PostgreHelper.ExecuteReader: [18]42703: column "ad_process_para_trl_id" does not exist

POSITION: 12 [Query DR] SELECT MAX(AD_Process_Para_Trl_ID) FROM AD_Process_Para_Trl
===========>     (SEVERE)   DB.GetSQLValue: [18]SELECT MAX(AD_Process_Para_Trl_ID) FROM AD_Process_Para_Trl => 42703: column "ad_process_para_trl_id" does not exist

POSITION: 12
===========>     (SEVERE)   DB.ExecuteQuery: [18] => 22003: setval: value 999999 is out of bounds for sequence "ad_process_para_trl_seq" (1000000..2147483647)
----------->     (WARNING)  DB.ExecuteQuery: [18]DBExecuteError - 22003: setval: value 999999 is out of bounds for sequence "ad_process_para_trl_seq" (1000000..2147483647)
05:36:46.364    (INFO)     NativeSequence.AddLog: [18]0 -  -  - Sequence not Updated For :AD_Process_Para_Trl_SEQ
===========>     (SEVERE)   PostgreHelper.ExecuteReader: [18]42703: column "ad_process_trl_id" does not exist

POSITION: 12 [Query DR] SELECT MAX(AD_Process_Trl_ID) FROM AD_Process_Trl
===========>     (SEVERE)   PostgreHelper.ExecuteReader: [18]42703: column "ad_process_trl_id" does not exist

POSITION: 12 [Query DR] SELECT MAX(AD_Process_Trl_ID) FROM AD_Process_Trl
===========>     (SEVERE)   DB.GetSQLValue: [18]SELECT MAX(AD_Process_Trl_ID) FROM AD_Process_Trl => 42703: column "ad_process_trl_id" does not exist

POSITION: 12
===========>     (SEVERE)   DB.ExecuteQuery: [18] => 22003: setval: value 999999 is out of bounds for sequence "ad_process_trl_seq" (1000000..2147483647)
----------->     (WARNING)  DB.ExecuteQuery: [18]DBExecuteError - 22003: setval: value 999999 is out of bounds for sequence "ad_process_trl_seq" (1000000..2147483647)
05:36:46.364    (INFO)     NativeSequence.AddLog: [18]0 -  -  - Sequence not Updated For :AD_Process_Trl_SEQ
===========>     (SEVERE)   DB.ExecuteQuery: [18] => 22003: setval: value 999999 is out of bounds for sequence "ad_recentitem_seq" (1000000..2147483647)
----------->     (WARNING)  DB.ExecuteQuery: [18]DBExecuteError - 22003: setval: value 999999 is out of bounds for sequence "ad_recentitem_seq" (1000000..2147483647)
05:36:46.364    (INFO)     NativeSequence.AddLog: [18]0 -  -  - Sequence not Updated For :AD_RecentItem_SEQ
===========>     (SEVERE)   PostgreHelper.ExecuteReader: [18]42P01: relation "ad_recentitems_seq" does not exist

POSITION: 16 [Query DR] SELECT nextval('AD_RECENTITEMS_SEQ')
===========>     (SEVERE)   PostgreHelper.ExecuteReader: [18]42P01: relation "ad_recentitems_seq" does not exist

POSITION: 16 [Query DR] SELECT nextval('AD_RECENTITEMS_SEQ')
===========>     (SEVERE)   DB.GetSQLValue: [18]SELECT nextval('AD_RECENTITEMS_SEQ') => 42P01: relation "ad_recentitems_seq" does not exist

POSITION: 16
===========>     (SEVERE)   PostgreHelper.ExecuteReader: [18]42703: column "ad_ref_list_trl_id" does not exist

POSITION: 12 [Query DR] SELECT MAX(AD_Ref_List_Trl_ID) FROM AD_Ref_List_Trl
===========>     (SEVERE)   PostgreHelper.ExecuteReader: [18]42703: column "ad_ref_list_trl_id" does not exist

POSITION: 12 [Query DR] SELECT MAX(AD_Ref_List_Trl_ID) FROM AD_Ref_List_Trl
===========>     (SEVERE)   DB.GetSQLValue: [18]SELECT MAX(AD_Ref_List_Trl_ID) FROM AD_Ref_List_Trl => 42703: column "ad_ref_list_trl_id" does not exist

POSITION: 12
===========>     (SEVERE)   DB.ExecuteQuery: [18] => 22003: setval: value 999999 is out of bounds for sequence "ad_ref_list_trl_seq" (1000000..2147483647)
----------->     (WARNING)  DB.ExecuteQuery: [18]DBExecuteError - 22003: setval: value 999999 is out of bounds for sequence "ad_ref_list_trl_seq" (1000000..2147483647)
05:36:46.364    (INFO)     NativeSequence.AddLog: [18]0 -  -  - Sequence not Updated For :AD_Ref_List_Trl_SEQ
===========>     (SEVERE)   PostgreHelper.ExecuteReader: [18]42703: column "ad_reference_trl_id" does not exist

POSITION: 12 [Query DR] SELECT MAX(AD_Reference_Trl_ID) FROM AD_Reference_Trl
===========>     (SEVERE)   PostgreHelper.ExecuteReader: [18]42703: column "ad_reference_trl_id" does not exist

POSITION: 12 [Query DR] SELECT MAX(AD_Reference_Trl_ID) FROM AD_Reference_Trl
===========>     (SEVERE)   DB.GetSQLValue: [18]SELECT MAX(AD_Reference_Trl_ID) FROM AD_Reference_Trl => 42703: column "ad_reference_trl_id" does not exist

POSITION: 12
===========>     (SEVERE)   DB.ExecuteQuery: [18] => 22003: setval: value 999999 is out of bounds for sequence "ad_reference_trl_seq" (1000000..2147483647)
----------->     (WARNING)  DB.ExecuteQuery: [18]DBExecuteError - 22003: setval: value 999999 is out of bounds for sequence "ad_reference_trl_seq" (1000000..2147483647)
05:36:46.364    (INFO)     NativeSequence.AddLog: [18]0 -  -  - Sequence not Updated For :AD_Reference_Trl_SEQ
===========>     (SEVERE)   DB.ExecuteQuery: [18] => 22003: setval: value 999999 is out of bounds for sequence "ad_registration_seq" (1000000..2147483647)
----------->     (WARNING)  DB.ExecuteQuery: [18]DBExecuteError - 22003: setval: value 999999 is out of bounds for sequence "ad_registration_seq" (1000000..2147483647)
05:36:46.364    (INFO)     NativeSequence.AddLog: [18]0 -  -  - Sequence not Updated For :AD_Registration_SEQ
===========>     (SEVERE)   DB.ExecuteQuery: [18] => 22003: setval: value 999999 is out of bounds for sequence "ad_replication_seq" (1000000..2147483647)
----------->     (WARNING)  DB.ExecuteQuery: [18]DBExecuteError - 22003: setval: value 999999 is out of bounds for sequence "ad_replication_seq" (1000000..2147483647)
05:36:46.364    (INFO)     NativeSequence.AddLog: [18]0 -  -  - Sequence not Updated For :AD_Replication_SEQ
===========>     (SEVERE)   DB.ExecuteQuery: [18] => 22003: setval: value 999999 is out of bounds for sequence "ad_replication_log_seq" (1000000..2147483647)
----------->     (WARNING)  DB.ExecuteQuery: [18]DBExecuteError - 22003: setval: value 999999 is out of bounds for sequence "ad_replication_log_seq" (1000000..2147483647)
05:36:46.364    (INFO)     NativeSequence.AddLog: [18]0 -  -  - Sequence not Updated For :AD_Replication_Log_SEQ
===========>     (SEVERE)   DB.ExecuteQuery: [18] => 22003: setval: value 999999 is out of bounds for sequence "ad_replication_run_seq" (1000000..2147483647)
----------->     (WARNING)  DB.ExecuteQuery: [18]DBExecuteError - 22003: setval: value 999999 is out of bounds for sequence "ad_replication_run_seq" (1000000..2147483647)
05:36:46.364    (INFO)     NativeSequence.AddLog: [18]0 -  -  - Sequence not Updated For :AD_Replication_Run_SEQ
===========>     (SEVERE)   DB.ExecuteQuery: [18] => 22003: setval: value 999999 is out of bounds for sequence "ad_replicationstrategy_seq" (1000000..2147483647)
----------->     (WARNING)  DB.ExecuteQuery: [18]DBExecuteError - 22003: setval: value 999999 is out of bounds for sequence "ad_replicationstrategy_seq" (1000000..2147483647)
05:36:46.364    (INFO)     NativeSequence.AddLog: [18]0 -  -  - Sequence not Updated For :AD_ReplicationStrategy_SEQ
===========>     (SEVERE)   DB.ExecuteQuery: [18] => 22003: setval: value 999999 is out of bounds for sequence "ad_replicationtable_seq" (1000000..2147483647)
----------->     (WARNING)  DB.ExecuteQuery: [18]DBExecuteError - 22003: setval: value 999999 is out of bounds for sequence "ad_replicationtable_seq" (1000000..2147483647)
05:36:46.364    (INFO)     NativeSequence.AddLog: [18]0 -  -  - Sequence not Updated For :AD_ReplicationTable_SEQ
===========>     (SEVERE)   PostgreHelper.ExecuteReader: [18]42703: column "ad_reportitem_trl_id" does not exist

POSITION: 12 [Query DR] SELECT MAX(AD_ReportItem_Trl_ID) FROM AD_ReportItem_Trl
===========>     (SEVERE)   PostgreHelper.ExecuteReader: [18]42703: column "ad_reportitem_trl_id" does not exist

POSITION: 12 [Query DR] SELECT MAX(AD_ReportItem_Trl_ID) FROM AD_ReportItem_Trl
===========>     (SEVERE)   DB.GetSQLValue: [18]SELECT MAX(AD_ReportItem_Trl_ID) FROM AD_ReportItem_Trl => 42703: column "ad_reportitem_trl_id" does not exist

POSITION: 12
===========>     (SEVERE)   DB.ExecuteQuery: [18] => 22003: setval: value 999999 is out of bounds for sequence "ad_reportitem_trl_seq" (1000000..2147483647)
----------->     (WARNING)  DB.ExecuteQuery: [18]DBExecuteError - 22003: setval: value 999999 is out of bounds for sequence "ad_reportitem_trl_seq" (1000000..2147483647)
05:36:46.364    (INFO)     NativeSequence.AddLog: [18]0 -  -  - Sequence not Updated For :AD_ReportItem_Trl_SEQ
===========>     (SEVERE)   DB.ExecuteQuery: [18] => 22003: setval: value 999999 is out of bounds for sequence "ad_reportmaster_seq" (1000000..2147483647)
----------->     (WARNING)  DB.ExecuteQuery: [18]DBExecuteError - 22003: setval: value 999999 is out of bounds for sequence "ad_reportmaster_seq" (1000000..2147483647)
05:36:46.364    (INFO)     NativeSequence.AddLog: [18]0 -  -  - Sequence not Updated For :AD_ReportMaster_SEQ
===========>     (SEVERE)   DB.ExecuteQuery: [18] => 22003: setval: value 999999 is out of bounds for sequence "ad_responseaccess_seq" (1000000..2147483647)
----------->     (WARNING)  DB.ExecuteQuery: [18]DBExecuteError - 22003: setval: value 999999 is out of bounds for sequence "ad_responseaccess_seq" (1000000..2147483647)
05:36:46.364    (INFO)     NativeSequence.AddLog: [18]0 -  -  - Sequence not Updated For :AD_ResponseAccess_SEQ
===========>     (SEVERE)   DB.ExecuteQuery: [18] => 22003: setval: value 999999 is out of bounds for sequence "ad_responsesetting_seq" (1000000..2147483647)
----------->     (WARNING)  DB.ExecuteQuery: [18]DBExecuteError - 22003: setval: value 999999 is out of bounds for sequence "ad_responsesetting_seq" (1000000..2147483647)
05:36:46.364    (INFO)     NativeSequence.AddLog: [18]0 -  -  - Sequence not Updated For :AD_ResponseSetting_SEQ
===========>     (SEVERE)   DB.ExecuteQuery: [18] => 22003: setval: value 999999 is out of bounds for sequence "ad_role_group_seq" (1000000..2147483647)
----------->     (WARNING)  DB.ExecuteQuery: [18]DBExecuteError - 22003: setval: value 999999 is out of bounds for sequence "ad_role_group_seq" (1000000..2147483647)
05:36:46.364    (INFO)     NativeSequence.AddLog: [18]0 -  -  - Sequence not Updated For :AD_Role_Group_SEQ
===========>     (SEVERE)   DB.ExecuteQuery: [18] => 22003: setval: value 999999 is out of bounds for sequence "ad_schedulerrecipient_seq" (1000000..2147483647)
----------->     (WARNING)  DB.ExecuteQuery: [18]DBExecuteError - 22003: setval: value 999999 is out of bounds for sequence "ad_schedulerrecipient_seq" (1000000..2147483647)
05:36:47.364    (INFO)     NativeSequence.AddLog: [18]0 -  -  - Sequence not Updated For :AD_SchedulerRecipient_SEQ
===========>     (SEVERE)   DB.ExecuteQuery: [18] => 22003: setval: value 999999 is out of bounds for sequence "ad_sequence_audit_seq" (1000000..2147483647)
----------->     (WARNING)  DB.ExecuteQuery: [18]DBExecuteError - 22003: setval: value 999999 is out of bounds for sequence "ad_sequence_audit_seq" (1000000..2147483647)
05:36:47.364    (INFO)     NativeSequence.AddLog: [18]0 -  -  - Sequence not Updated For :AD_Sequence_Audit_SEQ
===========>     (SEVERE)   DB.ExecuteQuery: [18] => 22003: setval: value 999999 is out of bounds for sequence "ad_sequence_no_seq" (1000000..2147483647)
----------->     (WARNING)  DB.ExecuteQuery: [18]DBExecuteError - 22003: setval: value 999999 is out of bounds for sequence "ad_sequence_no_seq" (1000000..2147483647)
05:36:47.364    (INFO)     NativeSequence.AddLog: [18]0 -  -  - Sequence not Updated For :AD_Sequence_No_SEQ
===========>     (SEVERE)   DB.ExecuteQuery: [18] => 22003: setval: value 999999 is out of bounds for sequence "ad_sharerecordorg_seq" (1000000..2147483647)
----------->     (WARNING)  DB.ExecuteQuery: [18]DBExecuteError - 22003: setval: value 999999 is out of bounds for sequence "ad_sharerecordorg_seq" (1000000..2147483647)
05:36:47.364    (INFO)     NativeSequence.AddLog: [18]0 -  -  - Sequence not Updated For :AD_ShareRecordOrg_SEQ
===========>     (SEVERE)   PostgreHelper.ExecuteReader: [18]42703: column "ad_shortcut_trl_id" does not exist

POSITION: 12 [Query DR] SELECT MAX(AD_Shortcut_Trl_ID) FROM AD_Shortcut_Trl
===========>     (SEVERE)   PostgreHelper.ExecuteReader: [18]42703: column "ad_shortcut_trl_id" does not exist

POSITION: 12 [Query DR] SELECT MAX(AD_Shortcut_Trl_ID) FROM AD_Shortcut_Trl
===========>     (SEVERE)   DB.GetSQLValue: [18]SELECT MAX(AD_Shortcut_Trl_ID) FROM AD_Shortcut_Trl => 42703: column "ad_shortcut_trl_id" does not exist

POSITION: 12
===========>     (SEVERE)   DB.ExecuteQuery: [18] => 22003: setval: value 999999 is out of bounds for sequence "ad_surveyresponse_seq" (1000000..2147483647)
----------->     (WARNING)  DB.ExecuteQuery: [18]DBExecuteError - 22003: setval: value 999999 is out of bounds for sequence "ad_surveyresponse_seq" (1000000..2147483647)
05:36:47.364    (INFO)     NativeSequence.AddLog: [18]0 -  -  - Sequence not Updated For :AD_SurveyResponse_SEQ
===========>     (SEVERE)   DB.ExecuteQuery: [18] => 22003: setval: value 999999 is out of bounds for sequence "ad_surveyresponseline_seq" (1000000..2147483647)
----------->     (WARNING)  DB.ExecuteQuery: [18]DBExecuteError - 22003: setval: value 999999 is out of bounds for sequence "ad_surveyresponseline_seq" (1000000..2147483647)
05:36:47.364    (INFO)     NativeSequence.AddLog: [18]0 -  -  - Sequence not Updated For :AD_SurveyResponseLine_SEQ
===========>     (SEVERE)   DB.ExecuteQuery: [18] => 22003: setval: value 999999 is out of bounds for sequence "ad_system_seq" (1000000..2147483647)
----------->     (WARNING)  DB.ExecuteQuery: [18]DBExecuteError - 22003: setval: value 999999 is out of bounds for sequence "ad_system_seq" (1000000..2147483647)
05:36:47.364    (INFO)     NativeSequence.AddLog: [18]0 -  -  - Sequence not Updated For :AD_System_SEQ
===========>     (SEVERE)   PostgreHelper.ExecuteReader: [18]42703: column "ad_tab_trl_id" does not exist

POSITION: 12 [Query DR] SELECT MAX(AD_Tab_Trl_ID) FROM AD_Tab_Trl
===========>     (SEVERE)   PostgreHelper.ExecuteReader: [18]42703: column "ad_tab_trl_id" does not exist

POSITION: 12 [Query DR] SELECT MAX(AD_Tab_Trl_ID) FROM AD_Tab_Trl
===========>     (SEVERE)   DB.GetSQLValue: [18]SELECT MAX(AD_Tab_Trl_ID) FROM AD_Tab_Trl => 42703: column "ad_tab_trl_id" does not exist

POSITION: 12
===========>     (SEVERE)   DB.ExecuteQuery: [18] => 22003: setval: value 999999 is out of bounds for sequence "ad_tab_trl_seq" (1000000..2147483647)
----------->     (WARNING)  DB.ExecuteQuery: [18]DBExecuteError - 22003: setval: value 999999 is out of bounds for sequence "ad_tab_trl_seq" (1000000..2147483647)
05:36:47.364    (INFO)     NativeSequence.AddLog: [18]0 -  -  - Sequence not Updated For :AD_Tab_Trl_SEQ
===========>     (SEVERE)   PostgreHelper.ExecuteReader: [18]42P01: relation "ad_tab_v_seq" does not exist

POSITION: 16 [Query DR] SELECT nextval('AD_TAB_V_SEQ')
===========>     (SEVERE)   PostgreHelper.ExecuteReader: [18]42P01: relation "ad_tab_v_seq" does not exist

POSITION: 16 [Query DR] SELECT nextval('AD_TAB_V_SEQ')
===========>     (SEVERE)   DB.GetSQLValue: [18]SELECT nextval('AD_TAB_V_SEQ') => 42P01: relation "ad_tab_v_seq" does not exist

POSITION: 16
===========>     (SEVERE)   PostgreHelper.ExecuteReader: [18]42P01: relation "ad_tab_vt_seq" does not exist

POSITION: 16 [Query DR] SELECT nextval('AD_TAB_VT_SEQ')
===========>     (SEVERE)   PostgreHelper.ExecuteReader: [18]42P01: relation "ad_tab_vt_seq" does not exist

POSITION: 16 [Query DR] SELECT nextval('AD_TAB_VT_SEQ')
===========>     (SEVERE)   DB.GetSQLValue: [18]SELECT nextval('AD_TAB_VT_SEQ') => 42P01: relation "ad_tab_vt_seq" does not exist

POSITION: 16
===========>     (SEVERE)   PostgreHelper.ExecuteReader: [18]42703: column "ad_table_trl_id" does not exist

POSITION: 12 [Query DR] SELECT MAX(AD_Table_Trl_ID) FROM AD_Table_Trl
===========>     (SEVERE)   PostgreHelper.ExecuteReader: [18]42703: column "ad_table_trl_id" does not exist

POSITION: 12 [Query DR] SELECT MAX(AD_Table_Trl_ID) FROM AD_Table_Trl
===========>     (SEVERE)   DB.GetSQLValue: [18]SELECT MAX(AD_Table_Trl_ID) FROM AD_Table_Trl => 42703: column "ad_table_trl_id" does not exist

POSITION: 12
===========>     (SEVERE)   DB.ExecuteQuery: [18] => 22003: setval: value 999999 is out of bounds for sequence "ad_table_trl_seq" (1000000..2147483647)
----------->     (WARNING)  DB.ExecuteQuery: [18]DBExecuteError - 22003: setval: value 999999 is out of bounds for sequence "ad_table_trl_seq" (1000000..2147483647)
05:36:47.364    (INFO)     NativeSequence.AddLog: [18]0 -  -  - Sequence not Updated For :AD_Table_Trl_SEQ
===========>     (SEVERE)   DB.ExecuteQuery: [18] => 22003: setval: value 999999 is out of bounds for sequence "ad_tableindex_seq" (1000000..2147483647)
----------->     (WARNING)  DB.ExecuteQuery: [18]DBExecuteError - 22003: setval: value 999999 is out of bounds for sequence "ad_tableindex_seq" (1000000..2147483647)
05:36:47.364    (INFO)     NativeSequence.AddLog: [18]0 -  -  - Sequence not Updated For :AD_TableIndex_SEQ
===========>     (SEVERE)   PostgreHelper.ExecuteReader: [18]42703: column "ad_tabpanel_trl_id" does not exist

POSITION: 12 [Query DR] SELECT MAX(AD_TabPanel_Trl_ID) FROM AD_TabPanel_Trl
===========>     (SEVERE)   PostgreHelper.ExecuteReader: [18]42703: column "ad_tabpanel_trl_id" does not exist

POSITION: 12 [Query DR] SELECT MAX(AD_TabPanel_Trl_ID) FROM AD_TabPanel_Trl
===========>     (SEVERE)   DB.GetSQLValue: [18]SELECT MAX(AD_TabPanel_Trl_ID) FROM AD_TabPanel_Trl => 42703: column "ad_tabpanel_trl_id" does not exist

POSITION: 12
===========>     (SEVERE)   DB.ExecuteQuery: [18] => 22003: setval: value 999999 is out of bounds for sequence "ad_tabpanel_trl_seq" (1000000..2147483647)
----------->     (WARNING)  DB.ExecuteQuery: [18]DBExecuteError - 22003: setval: value 999999 is out of bounds for sequence "ad_tabpanel_trl_seq" (1000000..2147483647)
05:36:47.364    (INFO)     NativeSequence.AddLog: [18]0 -  -  - Sequence not Updated For :AD_TabPanel_Trl_SEQ
===========>     (SEVERE)   DB.ExecuteQuery: [18] => 22003: setval: value 999999 is out of bounds for sequence "ad_task_seq" (1000000..2147483647)
----------->     (WARNING)  DB.ExecuteQuery: [18]DBExecuteError - 22003: setval: value 999999 is out of bounds for sequence "ad_task_seq" (1000000..2147483647)
05:36:47.364    (INFO)     NativeSequence.AddLog: [18]0 -  -  - Sequence not Updated For :AD_Task_SEQ
===========>     (SEVERE)   PostgreHelper.ExecuteReader: [18]42703: column "ad_task_trl_id" does not exist

POSITION: 12 [Query DR] SELECT MAX(AD_Task_Trl_ID) FROM AD_Task_Trl
===========>     (SEVERE)   PostgreHelper.ExecuteReader: [18]42703: column "ad_task_trl_id" does not exist

POSITION: 12 [Query DR] SELECT MAX(AD_Task_Trl_ID) FROM AD_Task_Trl
===========>     (SEVERE)   DB.GetSQLValue: [18]SELECT MAX(AD_Task_Trl_ID) FROM AD_Task_Trl => 42703: column "ad_task_trl_id" does not exist

POSITION: 12
===========>     (SEVERE)   DB.ExecuteQuery: [18] => 22003: setval: value 999999 is out of bounds for sequence "ad_task_trl_seq" (1000000..2147483647)
----------->     (WARNING)  DB.ExecuteQuery: [18]DBExecuteError - 22003: setval: value 999999 is out of bounds for sequence "ad_task_trl_seq" (1000000..2147483647)
05:36:47.364    (INFO)     NativeSequence.AddLog: [18]0 -  -  - Sequence not Updated For :AD_Task_Trl_SEQ
===========>     (SEVERE)   DB.ExecuteQuery: [18] => 22003: setval: value 999999 is out of bounds for sequence "ad_taskinstance_seq" (1000000..2147483647)
----------->     (WARNING)  DB.ExecuteQuery: [18]DBExecuteError - 22003: setval: value 999999 is out of bounds for sequence "ad_taskinstance_seq" (1000000..2147483647)
05:36:47.364    (INFO)     NativeSequence.AddLog: [18]0 -  -  - Sequence not Updated For :AD_TaskInstance_SEQ
===========>     (SEVERE)   DB.ExecuteQuery: [18] => 22003: setval: value 999999 is out of bounds for sequence "ad_templatecategory_seq" (1000000..2147483647)
----------->     (WARNING)  DB.ExecuteQuery: [18]DBExecuteError - 22003: setval: value 999999 is out of bounds for sequence "ad_templatecategory_seq" (1000000..2147483647)
05:36:47.364    (INFO)     NativeSequence.AddLog: [18]0 -  -  - Sequence not Updated For :AD_TemplateCategory_SEQ
===========>     (SEVERE)   PostgreHelper.ExecuteReader: [18]42P01: relation "ad_trace_seq" does not exist

POSITION: 16 [Query DR] SELECT nextval('AD_TRACE_SEQ')
===========>     (SEVERE)   PostgreHelper.ExecuteReader: [18]42P01: relation "ad_trace_seq" does not exist

POSITION: 16 [Query DR] SELECT nextval('AD_TRACE_SEQ')
===========>     (SEVERE)   DB.GetSQLValue: [18]SELECT nextval('AD_TRACE_SEQ') => 42P01: relation "ad_trace_seq" does not exist

POSITION: 16
===========>     (SEVERE)   DB.ExecuteQuery: [18] => 22003: setval: value 999999 is out of bounds for sequence "ad_treenodeu1_seq" (1000000..2147483647)
----------->     (WARNING)  DB.ExecuteQuery: [18]DBExecuteError - 22003: setval: value 999999 is out of bounds for sequence "ad_treenodeu1_seq" (1000000..2147483647)
05:36:48.364    (INFO)     NativeSequence.AddLog: [18]0 -  -  - Sequence not Updated For :AD_TreeNodeU1_SEQ
===========>     (SEVERE)   DB.ExecuteQuery: [18] => 22003: setval: value 999999 is out of bounds for sequence "ad_treenodeu2_seq" (1000000..2147483647)
----------->     (WARNING)  DB.ExecuteQuery: [18]DBExecuteError - 22003: setval: value 999999 is out of bounds for sequence "ad_treenodeu2_seq" (1000000..2147483647)
05:36:48.364    (INFO)     NativeSequence.AddLog: [18]0 -  -  - Sequence not Updated For :AD_TreeNodeU2_SEQ
===========>     (SEVERE)   DB.ExecuteQuery: [18] => 22003: setval: value 999999 is out of bounds for sequence "ad_treenodeu3_seq" (1000000..2147483647)
----------->     (WARNING)  DB.ExecuteQuery: [18]DBExecuteError - 22003: setval: value 999999 is out of bounds for sequence "ad_treenodeu3_seq" (1000000..2147483647)
05:36:48.364    (INFO)     NativeSequence.AddLog: [18]0 -  -  - Sequence not Updated For :AD_TreeNodeU3_SEQ
===========>     (SEVERE)   DB.ExecuteQuery: [18] => 22003: setval: value 999999 is out of bounds for sequence "ad_treenodeu4_seq" (1000000..2147483647)
----------->     (WARNING)  DB.ExecuteQuery: [18]DBExecuteError - 22003: setval: value 999999 is out of bounds for sequence "ad_treenodeu4_seq" (1000000..2147483647)
05:36:48.364    (INFO)     NativeSequence.AddLog: [18]0 -  -  - Sequence not Updated For :AD_TreeNodeU4_SEQ
===========>     (SEVERE)   DB.ExecuteQuery: [18] => 22003: setval: value 999999 is out of bounds for sequence "ad_user_orgaccess_seq" (1000000..2147483647)
----------->     (WARNING)  DB.ExecuteQuery: [18]DBExecuteError - 22003: setval: value 999999 is out of bounds for sequence "ad_user_orgaccess_seq" (1000000..2147483647)
05:36:48.364    (INFO)     NativeSequence.AddLog: [18]0 -  -  - Sequence not Updated For :AD_User_OrgAccess_SEQ
===========>     (SEVERE)   PostgreHelper.ExecuteReader: [18]42P01: relation "ad_user_roles_v_seq" does not exist

POSITION: 16 [Query DR] SELECT nextval('AD_USER_ROLES_V_SEQ')
===========>     (SEVERE)   PostgreHelper.ExecuteReader: [18]42P01: relation "ad_user_roles_v_seq" does not exist

POSITION: 16 [Query DR] SELECT nextval('AD_USER_ROLES_V_SEQ')
===========>     (SEVERE)   DB.GetSQLValue: [18]SELECT nextval('AD_USER_ROLES_V_SEQ') => 42P01: relation "ad_user_roles_v_seq" does not exist

POSITION: 16
===========>     (SEVERE)   DB.ExecuteQuery: [18] => 22003: setval: value 999999 is out of bounds for sequence "ad_userbpaccess_seq" (1000000..2147483647)
----------->     (WARNING)  DB.ExecuteQuery: [18]DBExecuteError - 22003: setval: value 999999 is out of bounds for sequence "ad_userbpaccess_seq" (1000000..2147483647)
05:36:48.364    (INFO)     NativeSequence.AddLog: [18]0 -  -  - Sequence not Updated For :AD_UserBPAccess_SEQ
===========>     (SEVERE)   DB.ExecuteQuery: [18] => 22003: setval: value 999999 is out of bounds for sequence "ad_userdef_field_seq" (1000000..2147483647)
----------->     (WARNING)  DB.ExecuteQuery: [18]DBExecuteError - 22003: setval: value 999999 is out of bounds for sequence "ad_userdef_field_seq" (1000000..2147483647)
05:36:48.364    (INFO)     NativeSequence.AddLog: [18]0 -  -  - Sequence not Updated For :AD_UserDef_Field_SEQ
===========>     (SEVERE)   DB.ExecuteQuery: [18] => 22003: setval: value 999999 is out of bounds for sequence "ad_userdef_tab_seq" (1000000..2147483647)
----------->     (WARNING)  DB.ExecuteQuery: [18]DBExecuteError - 22003: setval: value 999999 is out of bounds for sequence "ad_userdef_tab_seq" (1000000..2147483647)
05:36:48.364    (INFO)     NativeSequence.AddLog: [18]0 -  -  - Sequence not Updated For :AD_UserDef_Tab_SEQ
===========>     (SEVERE)   DB.ExecuteQuery: [18] => 22003: setval: value 999999 is out of bounds for sequence "ad_userhomepagesetting_seq" (1000000..2147483647)
----------->     (WARNING)  DB.ExecuteQuery: [18]DBExecuteError - 22003: setval: value 999999 is out of bounds for sequence "ad_userhomepagesetting_seq" (1000000..2147483647)
05:36:48.364    (INFO)     NativeSequence.AddLog: [18]0 -  -  - Sequence not Updated For :AD_UserHomePageSetting_SEQ
===========>     (SEVERE)   DB.ExecuteQuery: [18] => 22003: setval: value 999999 is out of bounds for sequence "ad_version_seq" (1000000..2147483647)
----------->     (WARNING)  DB.ExecuteQuery: [18]DBExecuteError - 22003: setval: value 999999 is out of bounds for sequence "ad_version_seq" (1000000..2147483647)
05:36:48.364    (INFO)     NativeSequence.AddLog: [18]0 -  -  - Sequence not Updated For :AD_Version_SEQ
===========>     (SEVERE)   DB.ExecuteQuery: [18] => 22003: setval: value 999999 is out of bounds for sequence "ad_viewcolumn_seq" (1000000..2147483647)
----------->     (WARNING)  DB.ExecuteQuery: [18]DBExecuteError - 22003: setval: value 999999 is out of bounds for sequence "ad_viewcolumn_seq" (1000000..2147483647)
05:36:48.364    (INFO)     NativeSequence.AddLog: [18]0 -  -  - Sequence not Updated For :AD_ViewColumn_SEQ
===========>     (SEVERE)   DB.ExecuteQuery: [18] => 22003: setval: value 999999 is out of bounds for sequence "ad_wf_activityresult_seq" (1000000..2147483647)
----------->     (WARNING)  DB.ExecuteQuery: [18]DBExecuteError - 22003: setval: value 999999 is out of bounds for sequence "ad_wf_activityresult_seq" (1000000..2147483647)
05:36:48.364    (INFO)     NativeSequence.AddLog: [18]0 -  -  - Sequence not Updated For :AD_WF_ActivityResult_SEQ
===========>     (SEVERE)   DB.ExecuteQuery: [18] => 22003: setval: value 999999 is out of bounds for sequence "ad_wf_block_seq" (1000000..2147483647)
----------->     (WARNING)  DB.ExecuteQuery: [18]DBExecuteError - 22003: setval: value 999999 is out of bounds for sequence "ad_wf_block_seq" (1000000..2147483647)
05:36:48.364    (INFO)     NativeSequence.AddLog: [18]0 -  -  - Sequence not Updated For :AD_WF_Block_SEQ
===========>     (SEVERE)   PostgreHelper.ExecuteReader: [18]42703: column "ad_wf_node_trl_id" does not exist

POSITION: 12 [Query DR] SELECT MAX(AD_WF_Node_Trl_ID) FROM AD_WF_Node_Trl
===========>     (SEVERE)   PostgreHelper.ExecuteReader: [18]42703: column "ad_wf_node_trl_id" does not exist

POSITION: 12 [Query DR] SELECT MAX(AD_WF_Node_Trl_ID) FROM AD_WF_Node_Trl
===========>     (SEVERE)   DB.GetSQLValue: [18]SELECT MAX(AD_WF_Node_Trl_ID) FROM AD_WF_Node_Trl => 42703: column "ad_wf_node_trl_id" does not exist

POSITION: 12
===========>     (SEVERE)   DB.ExecuteQuery: [18] => 22003: setval: value 999999 is out of bounds for sequence "ad_wf_node_trl_seq" (1000000..2147483647)
----------->     (WARNING)  DB.ExecuteQuery: [18]DBExecuteError - 22003: setval: value 999999 is out of bounds for sequence "ad_wf_node_trl_seq" (1000000..2147483647)
05:36:48.364    (INFO)     NativeSequence.AddLog: [18]0 -  -  - Sequence not Updated For :AD_WF_Node_Trl_SEQ
===========>     (SEVERE)   DB.ExecuteQuery: [18] => 22003: setval: value 999999 is out of bounds for sequence "ad_wf_processdata_seq" (1000000..2147483647)
----------->     (WARNING)  DB.ExecuteQuery: [18]DBExecuteError - 22003: setval: value 999999 is out of bounds for sequence "ad_wf_processdata_seq" (1000000..2147483647)
05:36:48.364    (INFO)     NativeSequence.AddLog: [18]0 -  -  - Sequence not Updated For :AD_WF_ProcessData_SEQ
===========>     (SEVERE)   DB.ExecuteQuery: [18] => 22003: setval: value 999999 is out of bounds for sequence "ad_wf_recipient_seq" (1000000..2147483647)
----------->     (WARNING)  DB.ExecuteQuery: [18]DBExecuteError - 22003: setval: value 999999 is out of bounds for sequence "ad_wf_recipient_seq" (1000000..2147483647)
05:36:48.364    (INFO)     NativeSequence.AddLog: [18]0 -  -  - Sequence not Updated For :AD_WF_Recipient_SEQ
===========>     (SEVERE)   DB.ExecuteQuery: [18] => 22003: setval: value 999999 is out of bounds for sequence "ad_wf_responsible_seq" (1000000..2147483647)
----------->     (WARNING)  DB.ExecuteQuery: [18]DBExecuteError - 22003: setval: value 999999 is out of bounds for sequence "ad_wf_responsible_seq" (1000000..2147483647)
05:36:48.364    (INFO)     NativeSequence.AddLog: [18]0 -  -  - Sequence not Updated For :AD_WF_Responsible_SEQ
===========>     (SEVERE)   PostgreHelper.ExecuteReader: [18]42703: column "ad_window_trl_id" does not exist

POSITION: 12 [Query DR] SELECT MAX(AD_Window_Trl_ID) FROM AD_Window_Trl
===========>     (SEVERE)   PostgreHelper.ExecuteReader: [18]42703: column "ad_window_trl_id" does not exist

POSITION: 12 [Query DR] SELECT MAX(AD_Window_Trl_ID) FROM AD_Window_Trl
===========>     (SEVERE)   DB.GetSQLValue: [18]SELECT MAX(AD_Window_Trl_ID) FROM AD_Window_Trl => 42703: column "ad_window_trl_id" does not exist

POSITION: 12
===========>     (SEVERE)   DB.ExecuteQuery: [18] => 22003: setval: value 999999 is out of bounds for sequence "ad_window_trl_seq" (1000000..2147483647)
----------->     (WARNING)  DB.ExecuteQuery: [18]DBExecuteError - 22003: setval: value 999999 is out of bounds for sequence "ad_window_trl_seq" (1000000..2147483647)
05:36:49.364    (INFO)     NativeSequence.AddLog: [18]0 -  -  - Sequence not Updated For :AD_Window_Trl_SEQ
===========>     (SEVERE)   PostgreHelper.ExecuteReader: [18]42P01: relation "ad_window_v_seq" does not exist

POSITION: 16 [Query DR] SELECT nextval('AD_WINDOW_V_SEQ')
===========>     (SEVERE)   PostgreHelper.ExecuteReader: [18]42P01: relation "ad_window_v_seq" does not exist

POSITION: 16 [Query DR] SELECT nextval('AD_WINDOW_V_SEQ')
===========>     (SEVERE)   DB.GetSQLValue: [18]SELECT nextval('AD_WINDOW_V_SEQ') => 42P01: relation "ad_window_v_seq" does not exist

POSITION: 16
===========>     (SEVERE)   PostgreHelper.ExecuteReader: [18]42P01: relation "ad_window_vt_seq" does not exist

POSITION: 16 [Query DR] SELECT nextval('AD_WINDOW_VT_SEQ')
===========>     (SEVERE)   PostgreHelper.ExecuteReader: [18]42P01: relation "ad_window_vt_seq" does not exist

POSITION: 16 [Query DR] SELECT nextval('AD_WINDOW_VT_SEQ')
===========>     (SEVERE)   DB.GetSQLValue: [18]SELECT nextval('AD_WINDOW_VT_SEQ') => 42P01: relation "ad_window_vt_seq" does not exist

POSITION: 16
===========>     (SEVERE)   DB.ExecuteQuery: [18] => 22003: setval: value 999999 is out of bounds for sequence "ad_workbench_seq" (1000000..2147483647)
----------->     (WARNING)  DB.ExecuteQuery: [18]DBExecuteError - 22003: setval: value 999999 is out of bounds for sequence "ad_workbench_seq" (1000000..2147483647)
05:36:49.364    (INFO)     NativeSequence.AddLog: [18]0 -  -  - Sequence not Updated For :AD_Workbench_SEQ
===========>     (SEVERE)   PostgreHelper.ExecuteReader: [18]42703: column "ad_workbench_trl_id" does not exist

POSITION: 12 [Query DR] SELECT MAX(AD_Workbench_Trl_ID) FROM AD_Workbench_Trl
===========>     (SEVERE)   PostgreHelper.ExecuteReader: [18]42703: column "ad_workbench_trl_id" does not exist

POSITION: 12 [Query DR] SELECT MAX(AD_Workbench_Trl_ID) FROM AD_Workbench_Trl
===========>     (SEVERE)   DB.GetSQLValue: [18]SELECT MAX(AD_Workbench_Trl_ID) FROM AD_Workbench_Trl => 42703: column "ad_workbench_trl_id" does not exist

POSITION: 12
===========>     (SEVERE)   DB.ExecuteQuery: [18] => 22003: setval: value 999999 is out of bounds for sequence "ad_workbench_trl_seq" (1000000..2147483647)
----------->     (WARNING)  DB.ExecuteQuery: [18]DBExecuteError - 22003: setval: value 999999 is out of bounds for sequence "ad_workbench_trl_seq" (1000000..2147483647)
05:36:49.364    (INFO)     NativeSequence.AddLog: [18]0 -  -  - Sequence not Updated For :AD_Workbench_Trl_SEQ
===========>     (SEVERE)   DB.ExecuteQuery: [18] => 22003: setval: value 999999 is out of bounds for sequence "ad_workbenchwindow_seq" (1000000..2147483647)
----------->     (WARNING)  DB.ExecuteQuery: [18]DBExecuteError - 22003: setval: value 999999 is out of bounds for sequence "ad_workbenchwindow_seq" (1000000..2147483647)
05:36:49.364    (INFO)     NativeSequence.AddLog: [18]0 -  -  - Sequence not Updated For :AD_WorkbenchWindow_SEQ
===========>     (SEVERE)   PostgreHelper.ExecuteReader: [18]42703: column "ad_workflow_trl_id" does not exist

POSITION: 12 [Query DR] SELECT MAX(AD_Workflow_Trl_ID) FROM AD_Workflow_Trl
===========>     (SEVERE)   PostgreHelper.ExecuteReader: [18]42703: column "ad_workflow_trl_id" does not exist

POSITION: 12 [Query DR] SELECT MAX(AD_Workflow_Trl_ID) FROM AD_Workflow_Trl
===========>     (SEVERE)   DB.GetSQLValue: [18]SELECT MAX(AD_Workflow_Trl_ID) FROM AD_Workflow_Trl => 42703: column "ad_workflow_trl_id" does not exist

POSITION: 12
===========>     (SEVERE)   DB.ExecuteQuery: [18] => 22003: setval: value 999999 is out of bounds for sequence "ad_workflow_trl_seq" (1000000..2147483647)
----------->     (WARNING)  DB.ExecuteQuery: [18]DBExecuteError - 22003: setval: value 999999 is out of bounds for sequence "ad_workflow_trl_seq" (1000000..2147483647)
05:36:49.364    (INFO)     NativeSequence.AddLog: [18]0 -  -  - Sequence not Updated For :AD_Workflow_Trl_SEQ
===========>     (SEVERE)   DB.ExecuteQuery: [18] => 22003: setval: value 999999 is out of bounds for sequence "ad_workflowprocessor_seq" (1000000..2147483647)
----------->     (WARNING)  DB.ExecuteQuery: [18]DBExecuteError - 22003: setval: value 999999 is out of bounds for sequence "ad_workflowprocessor_seq" (1000000..2147483647)
05:36:49.364    (INFO)     NativeSequence.AddLog: [18]0 -  -  - Sequence not Updated For :AD_WorkflowProcessor_SEQ
===========>     (SEVERE)   DB.ExecuteQuery: [18] => 22003: setval: value 999999 is out of bounds for sequence "b_bid_seq" (1000000..2147483647)
----------->     (WARNING)  DB.ExecuteQuery: [18]DBExecuteError - 22003: setval: value 999999 is out of bounds for sequence "b_bid_seq" (1000000..2147483647)
05:36:49.364    (INFO)     NativeSequence.AddLog: [18]0 -  -  - Sequence not Updated For :B_Bid_SEQ
===========>     (SEVERE)   DB.ExecuteQuery: [18] => 22003: setval: value 999999 is out of bounds for sequence "b_bidcomment_seq" (1000000..2147483647)
----------->     (WARNING)  DB.ExecuteQuery: [18]DBExecuteError - 22003: setval: value 999999 is out of bounds for sequence "b_bidcomment_seq" (1000000..2147483647)
05:36:49.364    (INFO)     NativeSequence.AddLog: [18]0 -  -  - Sequence not Updated For :B_BidComment_SEQ
===========>     (SEVERE)   DB.ExecuteQuery: [18] => 22003: setval: value 999999 is out of bounds for sequence "b_buyer_seq" (1000000..2147483647)
----------->     (WARNING)  DB.ExecuteQuery: [18]DBExecuteError - 22003: setval: value 999999 is out of bounds for sequence "b_buyer_seq" (1000000..2147483647)
05:36:49.364    (INFO)     NativeSequence.AddLog: [18]0 -  -  - Sequence not Updated For :B_Buyer_SEQ
===========>     (SEVERE)   DB.ExecuteQuery: [18] => 22003: setval: value 999999 is out of bounds for sequence "b_buyerfunds_seq" (1000000..2147483647)
----------->     (WARNING)  DB.ExecuteQuery: [18]DBExecuteError - 22003: setval: value 999999 is out of bounds for sequence "b_buyerfunds_seq" (1000000..2147483647)
05:36:49.364    (INFO)     NativeSequence.AddLog: [18]0 -  -  - Sequence not Updated For :B_BuyerFunds_SEQ
===========>     (SEVERE)   DB.ExecuteQuery: [18] => 22003: setval: value 999999 is out of bounds for sequence "b_offer_seq" (1000000..2147483647)
----------->     (WARNING)  DB.ExecuteQuery: [18]DBExecuteError - 22003: setval: value 999999 is out of bounds for sequence "b_offer_seq" (1000000..2147483647)
05:36:49.364    (INFO)     NativeSequence.AddLog: [18]0 -  -  - Sequence not Updated For :B_Offer_SEQ
===========>     (SEVERE)   DB.ExecuteQuery: [18] => 22003: setval: value 999999 is out of bounds for sequence "b_seller_seq" (1000000..2147483647)
----------->     (WARNING)  DB.ExecuteQuery: [18]DBExecuteError - 22003: setval: value 999999 is out of bounds for sequence "b_seller_seq" (1000000..2147483647)
05:36:49.364    (INFO)     NativeSequence.AddLog: [18]0 -  -  - Sequence not Updated For :B_Seller_SEQ
===========>     (SEVERE)   DB.ExecuteQuery: [18] => 22003: setval: value 999999 is out of bounds for sequence "b_sellerfunds_seq" (1000000..2147483647)
----------->     (WARNING)  DB.ExecuteQuery: [18]DBExecuteError - 22003: setval: value 999999 is out of bounds for sequence "b_sellerfunds_seq" (1000000..2147483647)
05:36:49.364    (INFO)     NativeSequence.AddLog: [18]0 -  -  - Sequence not Updated For :B_SellerFunds_SEQ
===========>     (SEVERE)   DB.ExecuteQuery: [18] => 22003: setval: value 999999 is out of bounds for sequence "b_topic_seq" (1000000..2147483647)
----------->     (WARNING)  DB.ExecuteQuery: [18]DBExecuteError - 22003: setval: value 999999 is out of bounds for sequence "b_topic_seq" (1000000..2147483647)
05:36:49.364    (INFO)     NativeSequence.AddLog: [18]0 -  -  - Sequence not Updated For :B_Topic_SEQ
===========>     (SEVERE)   DB.ExecuteQuery: [18] => 22003: setval: value 999999 is out of bounds for sequence "b_topiccategory_seq" (1000000..2147483647)
----------->     (WARNING)  DB.ExecuteQuery: [18]DBExecuteError - 22003: setval: value 999999 is out of bounds for sequence "b_topiccategory_seq" (1000000..2147483647)
05:36:49.364    (INFO)     NativeSequence.AddLog: [18]0 -  -  - Sequence not Updated For :B_TopicCategory_SEQ
===========>     (SEVERE)   DB.ExecuteQuery: [18] => 22003: setval: value 999999 is out of bounds for sequence "b_topictype_seq" (1000000..2147483647)
----------->     (WARNING)  DB.ExecuteQuery: [18]DBExecuteError - 22003: setval: value 999999 is out of bounds for sequence "b_topictype_seq" (1000000..2147483647)
05:36:49.364    (INFO)     NativeSequence.AddLog: [18]0 -  -  - Sequence not Updated For :B_TopicType_SEQ
===========>     (SEVERE)   PostgreHelper.ExecuteReader: [18]42P01: relation "balsheet_v_seq" does not exist

POSITION: 16 [Query DR] SELECT nextval('BALSHEET_V_SEQ')
===========>     (SEVERE)   PostgreHelper.ExecuteReader: [18]42P01: relation "balsheet_v_seq" does not exist

POSITION: 16 [Query DR] SELECT nextval('BALSHEET_V_SEQ')
===========>     (SEVERE)   DB.GetSQLValue: [18]SELECT nextval('BALSHEET_V_SEQ') => 42P01: relation "balsheet_v_seq" does not exist

POSITION: 16
===========>     (SEVERE)   DB.ExecuteQuery: [18] => 22003: setval: value 999999 is out of bounds for sequence "c_accountsubgroup_trl_seq" (1000000..2147483647)
----------->     (WARNING)  DB.ExecuteQuery: [18]DBExecuteError - 22003: setval: value 999999 is out of bounds for sequence "c_accountsubgroup_trl_seq" (1000000..2147483647)
05:36:49.364    (INFO)     NativeSequence.AddLog: [18]0 -  -  - Sequence not Updated For :C_AccountSubGroup_Trl_SEQ
===========>     (SEVERE)   DB.ExecuteQuery: [18] => 22003: setval: value 999999 is out of bounds for sequence "c_activity_seq" (1000000..2147483647)
----------->     (WARNING)  DB.ExecuteQuery: [18]DBExecuteError - 22003: setval: value 999999 is out of bounds for sequence "c_activity_seq" (1000000..2147483647)
05:36:49.364    (INFO)     NativeSequence.AddLog: [18]0 -  -  - Sequence not Updated For :C_Activity_SEQ
===========>     (SEVERE)   DB.ExecuteQuery: [18] => 22003: setval: value 999999 is out of bounds for sequence "c_bankstatementloader_seq" (1000000..2147483647)
----------->     (WARNING)  DB.ExecuteQuery: [18]DBExecuteError - 22003: setval: value 999999 is out of bounds for sequence "c_bankstatementloader_seq" (1000000..2147483647)
05:36:49.364    (INFO)     NativeSequence.AddLog: [18]0 -  -  - Sequence not Updated For :C_BankStatementLoader_SEQ
===========>     (SEVERE)   DB.ExecuteQuery: [18] => 22003: setval: value 999999 is out of bounds for sequence "c_bankstatementmatcher_seq" (1000000..2147483647)
----------->     (WARNING)  DB.ExecuteQuery: [18]DBExecuteError - 22003: setval: value 999999 is out of bounds for sequence "c_bankstatementmatcher_seq" (1000000..2147483647)
05:36:49.364    (INFO)     NativeSequence.AddLog: [18]0 -  -  - Sequence not Updated For :C_BankStatementMatcher_SEQ
===========>     (SEVERE)   DB.ExecuteQuery: [18] => 22003: setval: value 999999 is out of bounds for sequence "c_bp_edi_seq" (1000000..2147483647)
----------->     (WARNING)  DB.ExecuteQuery: [18]DBExecuteError - 22003: setval: value 999999 is out of bounds for sequence "c_bp_edi_seq" (1000000..2147483647)
05:36:49.364    (INFO)     NativeSequence.AddLog: [18]0 -  -  - Sequence not Updated For :C_BP_EDI_SEQ
===========>     (SEVERE)   DB.ExecuteQuery: [18] => 22003: setval: value 999999 is out of bounds for sequence "c_bp_size_seq" (1000000..2147483647)
----------->     (WARNING)  DB.ExecuteQuery: [18]DBExecuteError - 22003: setval: value 999999 is out of bounds for sequence "c_bp_size_seq" (1000000..2147483647)
05:36:49.364    (INFO)     NativeSequence.AddLog: [18]0 -  -  - Sequence not Updated For :C_BP_Size_SEQ
===========>     (SEVERE)   DB.ExecuteQuery: [18] => 22003: setval: value 999999 is out of bounds for sequence "c_bp_status_seq" (1000000..2147483647)
----------->     (WARNING)  DB.ExecuteQuery: [18]DBExecuteError - 22003: setval: value 999999 is out of bounds for sequence "c_bp_status_seq" (1000000..2147483647)
05:36:49.364    (INFO)     NativeSequence.AddLog: [18]0 -  -  - Sequence not Updated For :C_BP_Status_SEQ
===========>     (SEVERE)   DB.ExecuteQuery: [18] => 22003: setval: value 999999 is out of bounds for sequence "c_bp_withholding_seq" (1000000..2147483647)
----------->     (WARNING)  DB.ExecuteQuery: [18]DBExecuteError - 22003: setval: value 999999 is out of bounds for sequence "c_bp_withholding_seq" (1000000..2147483647)
05:36:49.364    (INFO)     NativeSequence.AddLog: [18]0 -  -  - Sequence not Updated For :C_BP_Withholding_SEQ
===========>     (SEVERE)   DB.ExecuteQuery: [18] => 22003: setval: value 999999 is out of bounds for sequence "c_bpartner_product_seq" (1000000..2147483647)
----------->     (WARNING)  DB.ExecuteQuery: [18]DBExecuteError - 22003: setval: value 999999 is out of bounds for sequence "c_bpartner_product_seq" (1000000..2147483647)
05:36:49.364    (INFO)     NativeSequence.AddLog: [18]0 -  -  - Sequence not Updated For :C_BPartner_Product_SEQ
===========>     (SEVERE)   PostgreHelper.ExecuteReader: [18]42P01: relation "c_casbookline_seq" does not exist

POSITION: 16 [Query DR] SELECT nextval('C_CASBOOKLINE_SEQ')
===========>     (SEVERE)   PostgreHelper.ExecuteReader: [18]42P01: relation "c_casbookline_seq" does not exist

POSITION: 16 [Query DR] SELECT nextval('C_CASBOOKLINE_SEQ')
===========>     (SEVERE)   DB.GetSQLValue: [18]SELECT nextval('C_CASBOOKLINE_SEQ') => 42P01: relation "c_casbookline_seq" does not exist

POSITION: 16
===========>     (SEVERE)   DB.ExecuteQuery: [18] => 22003: setval: value 999999 is out of bounds for sequence "c_cash_expensereceipt_acct_seq" (1000000..2147483647)
----------->     (WARNING)  DB.ExecuteQuery: [18]DBExecuteError - 22003: setval: value 999999 is out of bounds for sequence "c_cash_expensereceipt_acct_seq" (1000000..2147483647)
05:36:50.365    (INFO)     NativeSequence.AddLog: [18]0 -  -  - Sequence not Updated For :C_Cash_ExpenseReceipt_Acct_SEQ
===========>     (SEVERE)   DB.ExecuteQuery: [18] => 22003: setval: value 999999 is out of bounds for sequence "c_cash_expensereceipttype_seq" (1000000..2147483647)
----------->     (WARNING)  DB.ExecuteQuery: [18]DBExecuteError - 22003: setval: value 999999 is out of bounds for sequence "c_cash_expensereceipttype_seq" (1000000..2147483647)
05:36:50.365    (INFO)     NativeSequence.AddLog: [18]0 -  -  - Sequence not Updated For :C_Cash_ExpenseReceiptType_SEQ
===========>     (SEVERE)   PostgreHelper.ExecuteReader: [18]42P01: relation "c_cashline_vw_seq" does not exist

POSITION: 16 [Query DR] SELECT nextval('C_CASHLINE_VW_SEQ')
===========>     (SEVERE)   PostgreHelper.ExecuteReader: [18]42P01: relation "c_cashline_vw_seq" does not exist

POSITION: 16 [Query DR] SELECT nextval('C_CASHLINE_VW_SEQ')
===========>     (SEVERE)   DB.GetSQLValue: [18]SELECT nextval('C_CASHLINE_VW_SEQ') => 42P01: relation "c_cashline_vw_seq" does not exist

POSITION: 16
===========>     (SEVERE)   PostgreHelper.ExecuteReader: [18]42P01: relation "c_cashlinetype_vw_seq" does not exist

POSITION: 16 [Query DR] SELECT nextval('C_CASHLINETYPE_VW_SEQ')
===========>     (SEVERE)   PostgreHelper.ExecuteReader: [18]42P01: relation "c_cashlinetype_vw_seq" does not exist

POSITION: 16 [Query DR] SELECT nextval('C_CASHLINETYPE_VW_SEQ')
===========>     (SEVERE)   DB.GetSQLValue: [18]SELECT nextval('C_CASHLINETYPE_VW_SEQ') => 42P01: relation "c_cashlinetype_vw_seq" does not exist

POSITION: 16
===========>     (SEVERE)   PostgreHelper.ExecuteReader: [18]42P01: relation "c_contract_header_seq" does not exist

POSITION: 16 [Query DR] SELECT nextval('C_CONTRACT_HEADER_SEQ')
===========>     (SEVERE)   PostgreHelper.ExecuteReader: [18]42P01: relation "c_contract_header_seq" does not exist

POSITION: 16 [Query DR] SELECT nextval('C_CONTRACT_HEADER_SEQ')
===========>     (SEVERE)   DB.GetSQLValue: [18]SELECT nextval('C_CONTRACT_HEADER_SEQ') => 42P01: relation "c_contract_header_seq" does not exist

POSITION: 16
===========>     (SEVERE)   PostgreHelper.ExecuteReader: [18]42P01: relation "c_contract_line_seq" does not exist

POSITION: 16 [Query DR] SELECT nextval('C_CONTRACT_LINE_SEQ')
===========>     (SEVERE)   PostgreHelper.ExecuteReader: [18]42P01: relation "c_contract_line_seq" does not exist

POSITION: 16 [Query DR] SELECT nextval('C_CONTRACT_LINE_SEQ')
===========>     (SEVERE)   DB.GetSQLValue: [18]SELECT nextval('C_CONTRACT_LINE_SEQ') => 42P01: relation "c_contract_line_seq" does not exist

POSITION: 16
===========>     (SEVERE)   DB.ExecuteQuery: [18] => 22003: setval: value 999999 is out of bounds for sequence "c_conversiontype_seq" (1000000..2147483647)
----------->     (WARNING)  DB.ExecuteQuery: [18]DBExecuteError - 22003: setval: value 999999 is out of bounds for sequence "c_conversiontype_seq" (1000000..2147483647)
05:36:50.365    (INFO)     NativeSequence.AddLog: [18]0 -  -  - Sequence not Updated For :C_ConversionType_SEQ
===========>     (SEVERE)   PostgreHelper.ExecuteReader: [18]42P01: relation "c_costtype_seq" does not exist

POSITION: 16 [Query DR] SELECT nextval('C_COSTTYPE_SEQ')
===========>     (SEVERE)   PostgreHelper.ExecuteReader: [18]42P01: relation "c_costtype_seq" does not exist

POSITION: 16 [Query DR] SELECT nextval('C_COSTTYPE_SEQ')
===========>     (SEVERE)   DB.GetSQLValue: [18]SELECT nextval('C_COSTTYPE_SEQ') => 42P01: relation "c_costtype_seq" does not exist

POSITION: 16
===========>     (SEVERE)   PostgreHelper.ExecuteReader: [18]42703: column "c_country_trl_id" does not exist

POSITION: 12 [Query DR] SELECT MAX(C_Country_Trl_ID) FROM C_Country_Trl
===========>     (SEVERE)   PostgreHelper.ExecuteReader: [18]42703: column "c_country_trl_id" does not exist

POSITION: 12 [Query DR] SELECT MAX(C_Country_Trl_ID) FROM C_Country_Trl
===========>     (SEVERE)   DB.GetSQLValue: [18]SELECT MAX(C_Country_Trl_ID) FROM C_Country_Trl => 42703: column "c_country_trl_id" does not exist

POSITION: 12
===========>     (SEVERE)   DB.ExecuteQuery: [18] => 22003: setval: value 999999 is out of bounds for sequence "c_country_trl_seq" (1000000..2147483647)
----------->     (WARNING)  DB.ExecuteQuery: [18]DBExecuteError - 22003: setval: value 999999 is out of bounds for sequence "c_country_trl_seq" (1000000..2147483647)
05:36:50.365    (INFO)     NativeSequence.AddLog: [18]0 -  -  - Sequence not Updated For :C_Country_Trl_SEQ
===========>     (SEVERE)   DB.ExecuteQuery: [18] => 22003: setval: value 999999 is out of bounds for sequence "c_currcrossrate_seq" (1000000..2147483647)
----------->     (WARNING)  DB.ExecuteQuery: [18]DBExecuteError - 22003: setval: value 999999 is out of bounds for sequence "c_currcrossrate_seq" (1000000..2147483647)
05:36:50.365    (INFO)     NativeSequence.AddLog: [18]0 -  -  - Sequence not Updated For :C_CurrCrossRate_SEQ
===========>     (SEVERE)   DB.ExecuteQuery: [18] => 22003: setval: value 999999 is out of bounds for sequence "c_currency_seq" (1000000..2147483647)
----------->     (WARNING)  DB.ExecuteQuery: [18]DBExecuteError - 22003: setval: value 999999 is out of bounds for sequence "c_currency_seq" (1000000..2147483647)
05:36:50.365    (INFO)     NativeSequence.AddLog: [18]0 -  -  - Sequence not Updated For :C_Currency_SEQ
===========>     (SEVERE)   DB.ExecuteQuery: [18] => 22003: setval: value 999999 is out of bounds for sequence "c_currency_acct_seq" (1000000..2147483647)
----------->     (WARNING)  DB.ExecuteQuery: [18]DBExecuteError - 22003: setval: value 999999 is out of bounds for sequence "c_currency_acct_seq" (1000000..2147483647)
05:36:50.365    (INFO)     NativeSequence.AddLog: [18]0 -  -  - Sequence not Updated For :C_Currency_Acct_SEQ
===========>     (SEVERE)   PostgreHelper.ExecuteReader: [18]42703: column "c_currency_trl_id" does not exist

POSITION: 12 [Query DR] SELECT MAX(C_Currency_Trl_ID) FROM C_Currency_Trl
===========>     (SEVERE)   PostgreHelper.ExecuteReader: [18]42703: column "c_currency_trl_id" does not exist

POSITION: 12 [Query DR] SELECT MAX(C_Currency_Trl_ID) FROM C_Currency_Trl
===========>     (SEVERE)   DB.GetSQLValue: [18]SELECT MAX(C_Currency_Trl_ID) FROM C_Currency_Trl => 42703: column "c_currency_trl_id" does not exist

POSITION: 12
===========>     (SEVERE)   DB.ExecuteQuery: [18] => 22003: setval: value 999999 is out of bounds for sequence "c_currency_trl_seq" (1000000..2147483647)
----------->     (WARNING)  DB.ExecuteQuery: [18]DBExecuteError - 22003: setval: value 999999 is out of bounds for sequence "c_currency_trl_seq" (1000000..2147483647)
05:36:50.365    (INFO)     NativeSequence.AddLog: [18]0 -  -  - Sequence not Updated For :C_Currency_Trl_SEQ
===========>     (SEVERE)   DB.ExecuteQuery: [18] => 22003: setval: value 999999 is out of bounds for sequence "c_currencyrounding_seq" (1000000..2147483647)
----------->     (WARNING)  DB.ExecuteQuery: [18]DBExecuteError - 22003: setval: value 999999 is out of bounds for sequence "c_currencyrounding_seq" (1000000..2147483647)
05:36:50.365    (INFO)     NativeSequence.AddLog: [18]0 -  -  - Sequence not Updated For :C_CurrencyRounding_SEQ
===========>     (SEVERE)   DB.ExecuteQuery: [18] => 22003: setval: value 999999 is out of bounds for sequence "c_cyclestep_seq" (1000000..2147483647)
----------->     (WARNING)  DB.ExecuteQuery: [18]DBExecuteError - 22003: setval: value 999999 is out of bounds for sequence "c_cyclestep_seq" (1000000..2147483647)
05:36:50.365    (INFO)     NativeSequence.AddLog: [18]0 -  -  - Sequence not Updated For :C_CycleStep_SEQ
===========>     (SEVERE)   DB.ExecuteQuery: [18] => 22003: setval: value 999999 is out of bounds for sequence "c_dimamt_seq" (1000000..2147483647)
----------->     (WARNING)  DB.ExecuteQuery: [18]DBExecuteError - 22003: setval: value 999999 is out of bounds for sequence "c_dimamt_seq" (1000000..2147483647)
05:36:50.365    (INFO)     NativeSequence.AddLog: [18]0 -  -  - Sequence not Updated For :C_DimAmt_SEQ
===========>     (SEVERE)   DB.ExecuteQuery: [18] => 22003: setval: value 999999 is out of bounds for sequence "c_dimamtaccttype_seq" (1000000..2147483647)
----------->     (WARNING)  DB.ExecuteQuery: [18]DBExecuteError - 22003: setval: value 999999 is out of bounds for sequence "c_dimamtaccttype_seq" (1000000..2147483647)
05:36:50.365    (INFO)     NativeSequence.AddLog: [18]0 -  -  - Sequence not Updated For :C_DimAmtAcctType_SEQ
===========>     (SEVERE)   DB.ExecuteQuery: [18] => 22003: setval: value 999999 is out of bounds for sequence "c_dimamtline_seq" (1000000..2147483647)
----------->     (WARNING)  DB.ExecuteQuery: [18]DBExecuteError - 22003: setval: value 999999 is out of bounds for sequence "c_dimamtline_seq" (1000000..2147483647)
05:36:50.365    (INFO)     NativeSequence.AddLog: [18]0 -  -  - Sequence not Updated For :C_DimAmtLine_SEQ
===========>     (SEVERE)   PostgreHelper.ExecuteReader: [18]42703: column "c_doctype_trl_id" does not exist

POSITION: 12 [Query DR] SELECT MAX(C_DocType_Trl_ID) FROM C_DocType_Trl
===========>     (SEVERE)   PostgreHelper.ExecuteReader: [18]42703: column "c_doctype_trl_id" does not exist

POSITION: 12 [Query DR] SELECT MAX(C_DocType_Trl_ID) FROM C_DocType_Trl
===========>     (SEVERE)   DB.GetSQLValue: [18]SELECT MAX(C_DocType_Trl_ID) FROM C_DocType_Trl => 42703: column "c_doctype_trl_id" does not exist

POSITION: 12
===========>     (SEVERE)   DB.ExecuteQuery: [18] => 22003: setval: value 999999 is out of bounds for sequence "c_doctype_trl_seq" (1000000..2147483647)
----------->     (WARNING)  DB.ExecuteQuery: [18]DBExecuteError - 22003: setval: value 999999 is out of bounds for sequence "c_doctype_trl_seq" (1000000..2147483647)
05:36:50.365    (INFO)     NativeSequence.AddLog: [18]0 -  -  - Sequence not Updated For :C_DocType_Trl_SEQ
===========>     (SEVERE)   DB.ExecuteQuery: [18] => 22003: setval: value 999999 is out of bounds for sequence "c_doctypecounter_seq" (1000000..2147483647)
----------->     (WARNING)  DB.ExecuteQuery: [18]DBExecuteError - 22003: setval: value 999999 is out of bounds for sequence "c_doctypecounter_seq" (1000000..2147483647)
05:36:50.365    (INFO)     NativeSequence.AddLog: [18]0 -  -  - Sequence not Updated For :C_DocTypeCounter_SEQ
===========>     (SEVERE)   DB.ExecuteQuery: [18] => 22003: setval: value 999999 is out of bounds for sequence "c_dunning_seq" (1000000..2147483647)
----------->     (WARNING)  DB.ExecuteQuery: [18]DBExecuteError - 22003: setval: value 999999 is out of bounds for sequence "c_dunning_seq" (1000000..2147483647)
05:36:50.365    (INFO)     NativeSequence.AddLog: [18]0 -  -  - Sequence not Updated For :C_Dunning_SEQ
===========>     (SEVERE)   PostgreHelper.ExecuteReader: [18]42P01: relation "c_dunning_header_vt_seq" does not exist

POSITION: 16 [Query DR] SELECT nextval('C_DUNNING_HEADER_VT_SEQ')
===========>     (SEVERE)   PostgreHelper.ExecuteReader: [18]42P01: relation "c_dunning_header_vt_seq" does not exist

POSITION: 16 [Query DR] SELECT nextval('C_DUNNING_HEADER_VT_SEQ')
===========>     (SEVERE)   DB.GetSQLValue: [18]SELECT nextval('C_DUNNING_HEADER_VT_SEQ') => 42P01: relation "c_dunning_header_vt_seq" does not exist

POSITION: 16
===========>     (SEVERE)   PostgreHelper.ExecuteReader: [18]42P01: relation "c_dunning_line_vt_seq" does not exist

POSITION: 16 [Query DR] SELECT nextval('C_DUNNING_LINE_VT_SEQ')
===========>     (SEVERE)   PostgreHelper.ExecuteReader: [18]42P01: relation "c_dunning_line_vt_seq" does not exist

POSITION: 16 [Query DR] SELECT nextval('C_DUNNING_LINE_VT_SEQ')
===========>     (SEVERE)   DB.GetSQLValue: [18]SELECT nextval('C_DUNNING_LINE_VT_SEQ') => 42P01: relation "c_dunning_line_vt_seq" does not exist

POSITION: 16
===========>     (SEVERE)   DB.ExecuteQuery: [18] => 22003: setval: value 999999 is out of bounds for sequence "c_dunninglevel_seq" (1000000..2147483647)
----------->     (WARNING)  DB.ExecuteQuery: [18]DBExecuteError - 22003: setval: value 999999 is out of bounds for sequence "c_dunninglevel_seq" (1000000..2147483647)
05:36:50.365    (INFO)     NativeSequence.AddLog: [18]0 -  -  - Sequence not Updated For :C_DunningLevel_SEQ
===========>     (SEVERE)   PostgreHelper.ExecuteReader: [18]42703: column "c_dunninglevel_trl_id" does not exist

POSITION: 12 [Query DR] SELECT MAX(C_DunningLevel_Trl_ID) FROM C_DunningLevel_Trl
===========>     (SEVERE)   PostgreHelper.ExecuteReader: [18]42703: column "c_dunninglevel_trl_id" does not exist

POSITION: 12 [Query DR] SELECT MAX(C_DunningLevel_Trl_ID) FROM C_DunningLevel_Trl
===========>     (SEVERE)   DB.GetSQLValue: [18]SELECT MAX(C_DunningLevel_Trl_ID) FROM C_DunningLevel_Trl => 42703: column "c_dunninglevel_trl_id" does not exist

POSITION: 12
===========>     (SEVERE)   DB.ExecuteQuery: [18] => 22003: setval: value 999999 is out of bounds for sequence "c_dunninglevel_trl_seq" (1000000..2147483647)
----------->     (WARNING)  DB.ExecuteQuery: [18]DBExecuteError - 22003: setval: value 999999 is out of bounds for sequence "c_dunninglevel_trl_seq" (1000000..2147483647)
05:36:50.365    (INFO)     NativeSequence.AddLog: [18]0 -  -  - Sequence not Updated For :C_DunningLevel_Trl_SEQ
===========>     (SEVERE)   DB.ExecuteQuery: [18] => 22003: setval: value 999999 is out of bounds for sequence "c_dunningrun_seq" (1000000..2147483647)
----------->     (WARNING)  DB.ExecuteQuery: [18]DBExecuteError - 22003: setval: value 999999 is out of bounds for sequence "c_dunningrun_seq" (1000000..2147483647)
05:36:50.365    (INFO)     NativeSequence.AddLog: [18]0 -  -  - Sequence not Updated For :C_DunningRun_SEQ
===========>     (SEVERE)   DB.ExecuteQuery: [18] => 22003: setval: value 999999 is out of bounds for sequence "c_dunningrunentry_seq" (1000000..2147483647)
----------->     (WARNING)  DB.ExecuteQuery: [18]DBExecuteError - 22003: setval: value 999999 is out of bounds for sequence "c_dunningrunentry_seq" (1000000..2147483647)
05:36:50.365    (INFO)     NativeSequence.AddLog: [18]0 -  -  - Sequence not Updated For :C_DunningRunEntry_SEQ
===========>     (SEVERE)   DB.ExecuteQuery: [18] => 22003: setval: value 999999 is out of bounds for sequence "c_dunningrunline_seq" (1000000..2147483647)
----------->     (WARNING)  DB.ExecuteQuery: [18]DBExecuteError - 22003: setval: value 999999 is out of bounds for sequence "c_dunningrunline_seq" (1000000..2147483647)
05:36:50.365    (INFO)     NativeSequence.AddLog: [18]0 -  -  - Sequence not Updated For :C_DunningRunLine_SEQ
===========>     (SEVERE)   PostgreHelper.ExecuteReader: [18]42703: column "c_elementvalue_trl_id" does not exist

POSITION: 12 [Query DR] SELECT MAX(C_ElementValue_Trl_ID) FROM C_ElementValue_Trl
===========>     (SEVERE)   PostgreHelper.ExecuteReader: [18]42703: column "c_elementvalue_trl_id" does not exist

POSITION: 12 [Query DR] SELECT MAX(C_ElementValue_Trl_ID) FROM C_ElementValue_Trl
===========>     (SEVERE)   DB.GetSQLValue: [18]SELECT MAX(C_ElementValue_Trl_ID) FROM C_ElementValue_Trl => 42703: column "c_elementvalue_trl_id" does not exist

POSITION: 12
===========>     (SEVERE)   DB.ExecuteQuery: [18] => 22003: setval: value 999999 is out of bounds for sequence "c_elementvalue_trl_seq" (1000000..2147483647)
----------->     (WARNING)  DB.ExecuteQuery: [18]DBExecuteError - 22003: setval: value 999999 is out of bounds for sequence "c_elementvalue_trl_seq" (1000000..2147483647)
05:36:50.365    (INFO)     NativeSequence.AddLog: [18]0 -  -  - Sequence not Updated For :C_ElementValue_Trl_SEQ
===========>     (SEVERE)   DB.ExecuteQuery: [18] => 22003: setval: value 999999 is out of bounds for sequence "c_elementvaluetemp_seq" (1000000..2147483647)
----------->     (WARNING)  DB.ExecuteQuery: [18]DBExecuteError - 22003: setval: value 999999 is out of bounds for sequence "c_elementvaluetemp_seq" (1000000..2147483647)
05:36:50.365    (INFO)     NativeSequence.AddLog: [18]0 -  -  - Sequence not Updated For :C_ElementValueTemp_SEQ
===========>     (SEVERE)   DB.ExecuteQuery: [18] => 22003: setval: value 999999 is out of bounds for sequence "c_expectedcost_seq" (1000000..2147483647)
----------->     (WARNING)  DB.ExecuteQuery: [18]DBExecuteError - 22003: setval: value 999999 is out of bounds for sequence "c_expectedcost_seq" (1000000..2147483647)
05:36:50.365    (INFO)     NativeSequence.AddLog: [18]0 -  -  - Sequence not Updated For :C_ExpectedCost_SEQ
===========>     (SEVERE)   DB.ExecuteQuery: [18] => 22003: setval: value 999999 is out of bounds for sequence "c_expectedcostdistribution_seq" (1000000..2147483647)
----------->     (WARNING)  DB.ExecuteQuery: [18]DBExecuteError - 22003: setval: value 999999 is out of bounds for sequence "c_expectedcostdistribution_seq" (1000000..2147483647)
05:36:50.365    (INFO)     NativeSequence.AddLog: [18]0 -  -  - Sequence not Updated For :C_ExpectedCostDistribution_SEQ
===========>     (SEVERE)   DB.ExecuteQuery: [18] => 22003: setval: value 999999 is out of bounds for sequence "c_finrptacctgroup_seq" (1000000..2147483647)
----------->     (WARNING)  DB.ExecuteQuery: [18]DBExecuteError - 22003: setval: value 999999 is out of bounds for sequence "c_finrptacctgroup_seq" (1000000..2147483647)
05:36:50.365    (INFO)     NativeSequence.AddLog: [18]0 -  -  - Sequence not Updated For :C_FinRptAcctGroup_SEQ
===========>     (SEVERE)   DB.ExecuteQuery: [18] => 22003: setval: value 999999 is out of bounds for sequence "c_finrptacctsubgroup_seq" (1000000..2147483647)
----------->     (WARNING)  DB.ExecuteQuery: [18]DBExecuteError - 22003: setval: value 999999 is out of bounds for sequence "c_finrptacctsubgroup_seq" (1000000..2147483647)
05:36:50.365    (INFO)     NativeSequence.AddLog: [18]0 -  -  - Sequence not Updated For :C_FinRptAcctSubGroup_SEQ
===========>     (SEVERE)   DB.ExecuteQuery: [18] => 22003: setval: value 999999 is out of bounds for sequence "c_finrptconfig_seq" (1000000..2147483647)
----------->     (WARNING)  DB.ExecuteQuery: [18]DBExecuteError - 22003: setval: value 999999 is out of bounds for sequence "c_finrptconfig_seq" (1000000..2147483647)
05:36:50.365    (INFO)     NativeSequence.AddLog: [18]0 -  -  - Sequence not Updated For :C_FinRptConfig_SEQ
===========>     (SEVERE)   DB.ExecuteQuery: [18] => 22003: setval: value 999999 is out of bounds for sequence "c_forecastlinehistory_seq" (1000000..2147483647)
----------->     (WARNING)  DB.ExecuteQuery: [18]DBExecuteError - 22003: setval: value 999999 is out of bounds for sequence "c_forecastlinehistory_seq" (1000000..2147483647)
05:36:51.365    (INFO)     NativeSequence.AddLog: [18]0 -  -  - Sequence not Updated For :C_ForecastLineHistory_SEQ
===========>     (SEVERE)   DB.ExecuteQuery: [18] => 22003: setval: value 999999 is out of bounds for sequence "c_genattribute_seq" (1000000..2147483647)
----------->     (WARNING)  DB.ExecuteQuery: [18]DBExecuteError - 22003: setval: value 999999 is out of bounds for sequence "c_genattribute_seq" (1000000..2147483647)
05:36:51.365    (INFO)     NativeSequence.AddLog: [18]0 -  -  - Sequence not Updated For :C_GenAttribute_SEQ
===========>     (SEVERE)   DB.ExecuteQuery: [18] => 22003: setval: value 999999 is out of bounds for sequence "c_genattributeinstance_seq" (1000000..2147483647)
----------->     (WARNING)  DB.ExecuteQuery: [18]DBExecuteError - 22003: setval: value 999999 is out of bounds for sequence "c_genattributeinstance_seq" (1000000..2147483647)
05:36:51.365    (INFO)     NativeSequence.AddLog: [18]0 -  -  - Sequence not Updated For :C_GenAttributeInstance_SEQ
===========>     (SEVERE)   DB.ExecuteQuery: [18] => 22003: setval: value 999999 is out of bounds for sequence "c_genattributesearch_seq" (1000000..2147483647)
----------->     (WARNING)  DB.ExecuteQuery: [18]DBExecuteError - 22003: setval: value 999999 is out of bounds for sequence "c_genattributesearch_seq" (1000000..2147483647)
05:36:51.365    (INFO)     NativeSequence.AddLog: [18]0 -  -  - Sequence not Updated For :C_GenAttributeSearch_SEQ
===========>     (SEVERE)   DB.ExecuteQuery: [18] => 22003: setval: value 999999 is out of bounds for sequence "c_genattributeset_seq" (1000000..2147483647)
----------->     (WARNING)  DB.ExecuteQuery: [18]DBExecuteError - 22003: setval: value 999999 is out of bounds for sequence "c_genattributeset_seq" (1000000..2147483647)
05:36:51.365    (INFO)     NativeSequence.AddLog: [18]0 -  -  - Sequence not Updated For :C_GenAttributeSet_SEQ
===========>     (SEVERE)   DB.ExecuteQuery: [18] => 22003: setval: value 999999 is out of bounds for sequence "c_genattributesetexclude_seq" (1000000..2147483647)
----------->     (WARNING)  DB.ExecuteQuery: [18]DBExecuteError - 22003: setval: value 999999 is out of bounds for sequence "c_genattributesetexclude_seq" (1000000..2147483647)
05:36:51.365    (INFO)     NativeSequence.AddLog: [18]0 -  -  - Sequence not Updated For :C_GenAttributeSetExclude_SEQ
===========>     (SEVERE)   DB.ExecuteQuery: [18] => 22003: setval: value 999999 is out of bounds for sequence "c_genattributesetinstance_seq" (1000000..2147483647)
----------->     (WARNING)  DB.ExecuteQuery: [18]DBExecuteError - 22003: setval: value 999999 is out of bounds for sequence "c_genattributesetinstance_seq" (1000000..2147483647)
05:36:51.365    (INFO)     NativeSequence.AddLog: [18]0 -  -  - Sequence not Updated For :C_GenAttributeSetInstance_SEQ
===========>     (SEVERE)   DB.ExecuteQuery: [18] => 22003: setval: value 999999 is out of bounds for sequence "c_genattributeuse_seq" (1000000..2147483647)
----------->     (WARNING)  DB.ExecuteQuery: [18]DBExecuteError - 22003: setval: value 999999 is out of bounds for sequence "c_genattributeuse_seq" (1000000..2147483647)
05:36:51.365    (INFO)     NativeSequence.AddLog: [18]0 -  -  - Sequence not Updated For :C_GenAttributeUse_SEQ
===========>     (SEVERE)   DB.ExecuteQuery: [18] => 22003: setval: value 999999 is out of bounds for sequence "c_genattributevalue_seq" (1000000..2147483647)
----------->     (WARNING)  DB.ExecuteQuery: [18]DBExecuteError - 22003: setval: value 999999 is out of bounds for sequence "c_genattributevalue_seq" (1000000..2147483647)
05:36:51.365    (INFO)     NativeSequence.AddLog: [18]0 -  -  - Sequence not Updated For :C_GenAttributeValue_SEQ
===========>     (SEVERE)   PostgreHelper.ExecuteReader: [18]42703: column "c_greeting_trl_id" does not exist

POSITION: 12 [Query DR] SELECT MAX(C_Greeting_Trl_ID) FROM C_Greeting_Trl
===========>     (SEVERE)   PostgreHelper.ExecuteReader: [18]42703: column "c_greeting_trl_id" does not exist

POSITION: 12 [Query DR] SELECT MAX(C_Greeting_Trl_ID) FROM C_Greeting_Trl
===========>     (SEVERE)   DB.GetSQLValue: [18]SELECT MAX(C_Greeting_Trl_ID) FROM C_Greeting_Trl => 42703: column "c_greeting_trl_id" does not exist

POSITION: 12
===========>     (SEVERE)   DB.ExecuteQuery: [18] => 22003: setval: value 999999 is out of bounds for sequence "c_greeting_trl_seq" (1000000..2147483647)
----------->     (WARNING)  DB.ExecuteQuery: [18]DBExecuteError - 22003: setval: value 999999 is out of bounds for sequence "c_greeting_trl_seq" (1000000..2147483647)
05:36:51.365    (INFO)     NativeSequence.AddLog: [18]0 -  -  - Sequence not Updated For :C_Greeting_Trl_SEQ
===========>     (SEVERE)   DB.ExecuteQuery: [18] => 22003: setval: value 999999 is out of bounds for sequence "c_incometax_seq" (1000000..2147483647)
----------->     (WARNING)  DB.ExecuteQuery: [18]DBExecuteError - 22003: setval: value 999999 is out of bounds for sequence "c_incometax_seq" (1000000..2147483647)
05:36:51.365    (INFO)     NativeSequence.AddLog: [18]0 -  -  - Sequence not Updated For :C_IncomeTax_SEQ
===========>     (SEVERE)   DB.ExecuteQuery: [18] => 22003: setval: value 999999 is out of bounds for sequence "c_incometaxlines_seq" (1000000..2147483647)
----------->     (WARNING)  DB.ExecuteQuery: [18]DBExecuteError - 22003: setval: value 999999 is out of bounds for sequence "c_incometaxlines_seq" (1000000..2147483647)
05:36:51.365    (INFO)     NativeSequence.AddLog: [18]0 -  -  - Sequence not Updated For :C_IncomeTaxLines_SEQ
===========>     (SEVERE)   DB.ExecuteQuery: [18] => 22003: setval: value 999999 is out of bounds for sequence "c_incoterm_seq" (1000000..2147483647)
----------->     (WARNING)  DB.ExecuteQuery: [18]DBExecuteError - 22003: setval: value 999999 is out of bounds for sequence "c_incoterm_seq" (1000000..2147483647)
05:36:51.365    (INFO)     NativeSequence.AddLog: [18]0 -  -  - Sequence not Updated For :C_IncoTerm_SEQ
===========>     (SEVERE)   DB.ExecuteQuery: [18] => 22003: setval: value 999999 is out of bounds for sequence "c_interorg_acct_seq" (1000000..2147483647)
----------->     (WARNING)  DB.ExecuteQuery: [18]DBExecuteError - 22003: setval: value 999999 is out of bounds for sequence "c_interorg_acct_seq" (1000000..2147483647)
05:36:51.365    (INFO)     NativeSequence.AddLog: [18]0 -  -  - Sequence not Updated For :C_InterOrg_Acct_SEQ
===========>     (SEVERE)   DB.ExecuteQuery: [18] => 22003: setval: value 999999 is out of bounds for sequence "c_inviteeresponse_seq" (1000000..2147483647)
----------->     (WARNING)  DB.ExecuteQuery: [18]DBExecuteError - 22003: setval: value 999999 is out of bounds for sequence "c_inviteeresponse_seq" (1000000..2147483647)
05:36:51.365    (INFO)     NativeSequence.AddLog: [18]0 -  -  - Sequence not Updated For :C_InviteeResponse_SEQ
===========>     (SEVERE)   PostgreHelper.ExecuteReader: [18]42P01: relation "c_invoice_candidate_v_seq" does not exist

POSITION: 16 [Query DR] SELECT nextval('C_INVOICE_CANDIDATE_V_SEQ')
===========>     (SEVERE)   PostgreHelper.ExecuteReader: [18]42P01: relation "c_invoice_candidate_v_seq" does not exist

POSITION: 16 [Query DR] SELECT nextval('C_INVOICE_CANDIDATE_V_SEQ')
===========>     (SEVERE)   DB.GetSQLValue: [18]SELECT nextval('C_INVOICE_CANDIDATE_V_SEQ') => 42P01: relation "c_invoice_candidate_v_seq" does not exist

POSITION: 16
===========>     (SEVERE)   PostgreHelper.ExecuteReader: [18]42P01: relation "c_invoice_header_seq" does not exist

POSITION: 16 [Query DR] SELECT nextval('C_INVOICE_HEADER_SEQ')
===========>     (SEVERE)   PostgreHelper.ExecuteReader: [18]42P01: relation "c_invoice_header_seq" does not exist

POSITION: 16 [Query DR] SELECT nextval('C_INVOICE_HEADER_SEQ')
===========>     (SEVERE)   DB.GetSQLValue: [18]SELECT nextval('C_INVOICE_HEADER_SEQ') => 42P01: relation "c_invoice_header_seq" does not exist

POSITION: 16
===========>     (SEVERE)   PostgreHelper.ExecuteReader: [18]42P01: relation "c_invoice_header_v_seq" does not exist

POSITION: 16 [Query DR] SELECT nextval('C_INVOICE_HEADER_V_SEQ')
===========>     (SEVERE)   PostgreHelper.ExecuteReader: [18]42P01: relation "c_invoice_header_v_seq" does not exist

POSITION: 16 [Query DR] SELECT nextval('C_INVOICE_HEADER_V_SEQ')
===========>     (SEVERE)   DB.GetSQLValue: [18]SELECT nextval('C_INVOICE_HEADER_V_SEQ') => 42P01: relation "c_invoice_header_v_seq" does not exist

POSITION: 16
===========>     (SEVERE)   PostgreHelper.ExecuteReader: [18]42P01: relation "c_invoice_header_vs_seq" does not exist

POSITION: 16 [Query DR] SELECT nextval('C_INVOICE_HEADER_VS_SEQ')
===========>     (SEVERE)   PostgreHelper.ExecuteReader: [18]42P01: relation "c_invoice_header_vs_seq" does not exist

POSITION: 16 [Query DR] SELECT nextval('C_INVOICE_HEADER_VS_SEQ')
===========>     (SEVERE)   DB.GetSQLValue: [18]SELECT nextval('C_INVOICE_HEADER_VS_SEQ') => 42P01: relation "c_invoice_header_vs_seq" does not exist

POSITION: 16
===========>     (SEVERE)   PostgreHelper.ExecuteReader: [18]42P01: relation "c_invoice_header_vt_seq" does not exist

POSITION: 16 [Query DR] SELECT nextval('C_INVOICE_HEADER_VT_SEQ')
===========>     (SEVERE)   PostgreHelper.ExecuteReader: [18]42P01: relation "c_invoice_header_vt_seq" does not exist

POSITION: 16 [Query DR] SELECT nextval('C_INVOICE_HEADER_VT_SEQ')
===========>     (SEVERE)   DB.GetSQLValue: [18]SELECT nextval('C_INVOICE_HEADER_VT_SEQ') => 42P01: relation "c_invoice_header_vt_seq" does not exist

POSITION: 16
===========>     (SEVERE)   PostgreHelper.ExecuteReader: [18]42P01: relation "c_invoice_line_seq" does not exist

POSITION: 16 [Query DR] SELECT nextval('C_INVOICE_LINE_SEQ')
===========>     (SEVERE)   PostgreHelper.ExecuteReader: [18]42P01: relation "c_invoice_line_seq" does not exist

POSITION: 16 [Query DR] SELECT nextval('C_INVOICE_LINE_SEQ')
===========>     (SEVERE)   DB.GetSQLValue: [18]SELECT nextval('C_INVOICE_LINE_SEQ') => 42P01: relation "c_invoice_line_seq" does not exist

POSITION: 16
===========>     (SEVERE)   PostgreHelper.ExecuteReader: [18]42P01: relation "c_invoice_linetax_vt_seq" does not exist

POSITION: 16 [Query DR] SELECT nextval('C_INVOICE_LINETAX_VT_SEQ')
===========>     (SEVERE)   PostgreHelper.ExecuteReader: [18]42P01: relation "c_invoice_linetax_vt_seq" does not exist

POSITION: 16 [Query DR] SELECT nextval('C_INVOICE_LINETAX_VT_SEQ')
===========>     (SEVERE)   DB.GetSQLValue: [18]SELECT nextval('C_INVOICE_LINETAX_VT_SEQ') => 42P01: relation "c_invoice_linetax_vt_seq" does not exist

POSITION: 16
===========>     (SEVERE)   PostgreHelper.ExecuteReader: [18]42P01: relation "c_invoice_v_seq" does not exist

POSITION: 16 [Query DR] SELECT nextval('C_INVOICE_V_SEQ')
===========>     (SEVERE)   PostgreHelper.ExecuteReader: [18]42P01: relation "c_invoice_v_seq" does not exist

POSITION: 16 [Query DR] SELECT nextval('C_INVOICE_V_SEQ')
===========>     (SEVERE)   DB.GetSQLValue: [18]SELECT nextval('C_INVOICE_V_SEQ') => 42P01: relation "c_invoice_v_seq" does not exist

POSITION: 16
===========>     (SEVERE)   PostgreHelper.ExecuteReader: [18]42P01: relation "c_invoice_v_new_seq" does not exist

POSITION: 16 [Query DR] SELECT nextval('C_INVOICE_V_NEW_SEQ')
===========>     (SEVERE)   PostgreHelper.ExecuteReader: [18]42P01: relation "c_invoice_v_new_seq" does not exist

POSITION: 16 [Query DR] SELECT nextval('C_INVOICE_V_NEW_SEQ')
===========>     (SEVERE)   DB.GetSQLValue: [18]SELECT nextval('C_INVOICE_V_NEW_SEQ') => 42P01: relation "c_invoice_v_new_seq" does not exist

POSITION: 16
===========>     (SEVERE)   PostgreHelper.ExecuteReader: [18]42P01: relation "c_invoice_v1_seq" does not exist

POSITION: 16 [Query DR] SELECT nextval('C_INVOICE_V1_SEQ')
===========>     (SEVERE)   PostgreHelper.ExecuteReader: [18]42P01: relation "c_invoice_v1_seq" does not exist

POSITION: 16 [Query DR] SELECT nextval('C_INVOICE_V1_SEQ')
===========>     (SEVERE)   DB.GetSQLValue: [18]SELECT nextval('C_INVOICE_V1_SEQ') => 42P01: relation "c_invoice_v1_seq" does not exist

POSITION: 16
===========>     (SEVERE)   DB.ExecuteQuery: [18] => 22003: setval: value 999999 is out of bounds for sequence "c_invoicebatch_seq" (1000000..2147483647)
----------->     (WARNING)  DB.ExecuteQuery: [18]DBExecuteError - 22003: setval: value 999999 is out of bounds for sequence "c_invoicebatch_seq" (1000000..2147483647)
05:36:51.365    (INFO)     NativeSequence.AddLog: [18]0 -  -  - Sequence not Updated For :C_InvoiceBatch_SEQ
===========>     (SEVERE)   DB.ExecuteQuery: [18] => 22003: setval: value 999999 is out of bounds for sequence "c_invoicebatchline_seq" (1000000..2147483647)
----------->     (WARNING)  DB.ExecuteQuery: [18]DBExecuteError - 22003: setval: value 999999 is out of bounds for sequence "c_invoicebatchline_seq" (1000000..2147483647)
05:36:51.365    (INFO)     NativeSequence.AddLog: [18]0 -  -  - Sequence not Updated For :C_InvoiceBatchLine_SEQ
===========>     (SEVERE)   PostgreHelper.ExecuteReader: [18]42P01: relation "c_invoiceline_v_seq" does not exist

POSITION: 16 [Query DR] SELECT nextval('C_INVOICELINE_V_SEQ')
===========>     (SEVERE)   PostgreHelper.ExecuteReader: [18]42P01: relation "c_invoiceline_v_seq" does not exist

POSITION: 16 [Query DR] SELECT nextval('C_INVOICELINE_V_SEQ')
===========>     (SEVERE)   DB.GetSQLValue: [18]SELECT nextval('C_INVOICELINE_V_SEQ') => 42P01: relation "c_invoiceline_v_seq" does not exist

POSITION: 16
===========>     (SEVERE)   DB.ExecuteQuery: [18] => 22003: setval: value 999999 is out of bounds for sequence "c_jobassignment_seq" (1000000..2147483647)
----------->     (WARNING)  DB.ExecuteQuery: [18]DBExecuteError - 22003: setval: value 999999 is out of bounds for sequence "c_jobassignment_seq" (1000000..2147483647)
05:36:51.365    (INFO)     NativeSequence.AddLog: [18]0 -  -  - Sequence not Updated For :C_JobAssignment_SEQ
===========>     (SEVERE)   DB.ExecuteQuery: [18] => 22003: setval: value 999999 is out of bounds for sequence "c_landedcost_seq" (1000000..2147483647)
----------->     (WARNING)  DB.ExecuteQuery: [18]DBExecuteError - 22003: setval: value 999999 is out of bounds for sequence "c_landedcost_seq" (1000000..2147483647)
05:36:51.365    (INFO)     NativeSequence.AddLog: [18]0 -  -  - Sequence not Updated For :C_LandedCost_SEQ
===========>     (SEVERE)   DB.ExecuteQuery: [18] => 22003: setval: value 999999 is out of bounds for sequence "c_landedcostallocation_seq" (1000000..2147483647)
----------->     (WARNING)  DB.ExecuteQuery: [18]DBExecuteError - 22003: setval: value 999999 is out of bounds for sequence "c_landedcostallocation_seq" (1000000..2147483647)
05:36:51.365    (INFO)     NativeSequence.AddLog: [18]0 -  -  - Sequence not Updated For :C_LandedCostAllocation_SEQ
===========>     (SEVERE)   PostgreHelper.ExecuteReader: [18]42P01: relation "c_marketingcampaign_v_seq" does not exist

POSITION: 16 [Query DR] SELECT nextval('C_MARKETINGCAMPAIGN_V_SEQ')
===========>     (SEVERE)   PostgreHelper.ExecuteReader: [18]42P01: relation "c_marketingcampaign_v_seq" does not exist

POSITION: 16 [Query DR] SELECT nextval('C_MARKETINGCAMPAIGN_V_SEQ')
===========>     (SEVERE)   DB.GetSQLValue: [18]SELECT nextval('C_MARKETINGCAMPAIGN_V_SEQ') => 42P01: relation "c_marketingcampaign_v_seq" does not exist

POSITION: 16
===========>     (SEVERE)   PostgreHelper.ExecuteReader: [18]42703: column "c_marrketingcampaign_v_id" does not exist

POSITION: 12 [Query DR] SELECT MAX(C_MARRKETINGCAMPAIGN_V_ID) FROM C_MARRKETINGCAMPAIGN_V
===========>     (SEVERE)   PostgreHelper.ExecuteReader: [18]42703: column "c_marrketingcampaign_v_id" does not exist

POSITION: 12 [Query DR] SELECT MAX(C_MARRKETINGCAMPAIGN_V_ID) FROM C_MARRKETINGCAMPAIGN_V
===========>     (SEVERE)   DB.GetSQLValue: [18]SELECT MAX(C_MARRKETINGCAMPAIGN_V_ID) FROM C_MARRKETINGCAMPAIGN_V => 42703: column "c_marrketingcampaign_v_id" does not exist

POSITION: 12
===========>     (SEVERE)   DB.ExecuteQuery: [18] => 22003: setval: value 999999 is out of bounds for sequence "c_marrketingcampaign_v_seq" (1000000..2147483647)
----------->     (WARNING)  DB.ExecuteQuery: [18]DBExecuteError - 22003: setval: value 999999 is out of bounds for sequence "c_marrketingcampaign_v_seq" (1000000..2147483647)
05:36:51.365    (INFO)     NativeSequence.AddLog: [18]0 -  -  - Sequence not Updated For :C_MARRKETINGCAMPAIGN_V_SEQ
===========>     (SEVERE)   PostgreHelper.ExecuteReader: [18]42P01: relation "c_masterforecast_v_seq" does not exist

POSITION: 16 [Query DR] SELECT nextval('C_MASTERFORECAST_V_SEQ')
===========>     (SEVERE)   PostgreHelper.ExecuteReader: [18]42P01: relation "c_masterforecast_v_seq" does not exist

POSITION: 16 [Query DR] SELECT nextval('C_MASTERFORECAST_V_SEQ')
===========>     (SEVERE)   DB.GetSQLValue: [18]SELECT nextval('C_MASTERFORECAST_V_SEQ') => 42P01: relation "c_masterforecast_v_seq" does not exist

POSITION: 16
===========>     (SEVERE)   DB.ExecuteQuery: [18] => 22003: setval: value 999999 is out of bounds for sequence "c_masterforecastlinedetails_seq" (1000000..2147483647)
----------->     (WARNING)  DB.ExecuteQuery: [18]DBExecuteError - 22003: setval: value 999999 is out of bounds for sequence "c_masterforecastlinedetails_seq" (1000000..2147483647)
05:36:51.365    (INFO)     NativeSequence.AddLog: [18]0 -  -  - Sequence not Updated For :C_MasterForecastLineDetails_SEQ
===========>     (SEVERE)   PostgreHelper.ExecuteReader: [18]42P01: relation "c_openinvoice_v_seq" does not exist

POSITION: 16 [Query DR] SELECT nextval('C_OPENINVOICE_V_SEQ')
===========>     (SEVERE)   PostgreHelper.ExecuteReader: [18]42P01: relation "c_openinvoice_v_seq" does not exist

POSITION: 16 [Query DR] SELECT nextval('C_OPENINVOICE_V_SEQ')
===========>     (SEVERE)   DB.GetSQLValue: [18]SELECT nextval('C_OPENINVOICE_V_SEQ') => 42P01: relation "c_openinvoice_v_seq" does not exist

POSITION: 16
===========>     (SEVERE)   PostgreHelper.ExecuteReader: [18]42P01: relation "c_openorder_v_seq" does not exist

POSITION: 16 [Query DR] SELECT nextval('C_OPENORDER_V_SEQ')
===========>     (SEVERE)   PostgreHelper.ExecuteReader: [18]42P01: relation "c_openorder_v_seq" does not exist

POSITION: 16 [Query DR] SELECT nextval('C_OPENORDER_V_SEQ')
===========>     (SEVERE)   DB.GetSQLValue: [18]SELECT nextval('C_OPENORDER_V_SEQ') => 42P01: relation "c_openorder_v_seq" does not exist

POSITION: 16
===========>     (SEVERE)   DB.ExecuteQuery: [18] => 22003: setval: value 999999 is out of bounds for sequence "c_opportunity_seq" (1000000..2147483647)
----------->     (WARNING)  DB.ExecuteQuery: [18]DBExecuteError - 22003: setval: value 999999 is out of bounds for sequence "c_opportunity_seq" (1000000..2147483647)
05:36:51.365    (INFO)     NativeSequence.AddLog: [18]0 -  -  - Sequence not Updated For :C_Opportunity_SEQ
===========>     (SEVERE)   PostgreHelper.ExecuteReader: [18]42P01: relation "c_order_header_v_seq" does not exist

POSITION: 16 [Query DR] SELECT nextval('C_ORDER_HEADER_V_SEQ')
===========>     (SEVERE)   PostgreHelper.ExecuteReader: [18]42P01: relation "c_order_header_v_seq" does not exist

POSITION: 16 [Query DR] SELECT nextval('C_ORDER_HEADER_V_SEQ')
===========>     (SEVERE)   DB.GetSQLValue: [18]SELECT nextval('C_ORDER_HEADER_V_SEQ') => 42P01: relation "c_order_header_v_seq" does not exist

POSITION: 16
===========>     (SEVERE)   PostgreHelper.ExecuteReader: [18]42P01: relation "c_order_header_vt_seq" does not exist

POSITION: 16 [Query DR] SELECT nextval('C_ORDER_HEADER_VT_SEQ')
===========>     (SEVERE)   PostgreHelper.ExecuteReader: [18]42P01: relation "c_order_header_vt_seq" does not exist

POSITION: 16 [Query DR] SELECT nextval('C_ORDER_HEADER_VT_SEQ')
===========>     (SEVERE)   DB.GetSQLValue: [18]SELECT nextval('C_ORDER_HEADER_VT_SEQ') => 42P01: relation "c_order_header_vt_seq" does not exist

POSITION: 16
===========>     (SEVERE)   PostgreHelper.ExecuteReader: [18]42P01: relation "c_order_line_seq" does not exist

POSITION: 16 [Query DR] SELECT nextval('C_ORDER_LINE_SEQ')
===========>     (SEVERE)   PostgreHelper.ExecuteReader: [18]42P01: relation "c_order_line_seq" does not exist

POSITION: 16 [Query DR] SELECT nextval('C_ORDER_LINE_SEQ')
===========>     (SEVERE)   DB.GetSQLValue: [18]SELECT nextval('C_ORDER_LINE_SEQ') => 42P01: relation "c_order_line_seq" does not exist

POSITION: 16
===========>     (SEVERE)   PostgreHelper.ExecuteReader: [18]42P01: relation "c_order_linetax_v_seq" does not exist

POSITION: 16 [Query DR] SELECT nextval('C_ORDER_LINETAX_V_SEQ')
===========>     (SEVERE)   PostgreHelper.ExecuteReader: [18]42P01: relation "c_order_linetax_v_seq" does not exist

POSITION: 16 [Query DR] SELECT nextval('C_ORDER_LINETAX_V_SEQ')
===========>     (SEVERE)   DB.GetSQLValue: [18]SELECT nextval('C_ORDER_LINETAX_V_SEQ') => 42P01: relation "c_order_linetax_v_seq" does not exist

POSITION: 16
===========>     (SEVERE)   PostgreHelper.ExecuteReader: [18]42P01: relation "c_order_linetax_vt_seq" does not exist

POSITION: 16 [Query DR] SELECT nextval('C_ORDER_LINETAX_VT_SEQ')
===========>     (SEVERE)   PostgreHelper.ExecuteReader: [18]42P01: relation "c_order_linetax_vt_seq" does not exist

POSITION: 16 [Query DR] SELECT nextval('C_ORDER_LINETAX_VT_SEQ')
===========>     (SEVERE)   DB.GetSQLValue: [18]SELECT nextval('C_ORDER_LINETAX_VT_SEQ') => 42P01: relation "c_order_linetax_vt_seq" does not exist

POSITION: 16
===========>     (SEVERE)   PostgreHelper.ExecuteReader: [18]42P01: relation "c_orderheader_seq" does not exist

POSITION: 16 [Query DR] SELECT nextval('C_ORDERHEADER_SEQ')
===========>     (SEVERE)   PostgreHelper.ExecuteReader: [18]42P01: relation "c_orderheader_seq" does not exist

POSITION: 16 [Query DR] SELECT nextval('C_ORDERHEADER_SEQ')
===========>     (SEVERE)   DB.GetSQLValue: [18]SELECT nextval('C_ORDERHEADER_SEQ') => 42P01: relation "c_orderheader_seq" does not exist

POSITION: 16
===========>     (SEVERE)   DB.ExecuteQuery: [18] => 22003: setval: value 999999 is out of bounds for sequence "c_orderlinehistory_seq" (1000000..2147483647)
----------->     (WARNING)  DB.ExecuteQuery: [18]DBExecuteError - 22003: setval: value 999999 is out of bounds for sequence "c_orderlinehistory_seq" (1000000..2147483647)
05:36:51.365    (INFO)     NativeSequence.AddLog: [18]0 -  -  - Sequence not Updated For :C_OrderlineHistory_SEQ
===========>     (SEVERE)   PostgreHelper.ExecuteReader: [18]42P01: relation "c_payment_v_seq" does not exist

POSITION: 16 [Query DR] SELECT nextval('C_PAYMENT_V_SEQ')
===========>     (SEVERE)   PostgreHelper.ExecuteReader: [18]42P01: relation "c_payment_v_seq" does not exist

POSITION: 16 [Query DR] SELECT nextval('C_PAYMENT_V_SEQ')
===========>     (SEVERE)   DB.GetSQLValue: [18]SELECT nextval('C_PAYMENT_V_SEQ') => 42P01: relation "c_payment_v_seq" does not exist

POSITION: 16
===========>     (SEVERE)   PostgreHelper.ExecuteReader: [18]42P01: relation "c_payment_vt_seq" does not exist

POSITION: 16 [Query DR] SELECT nextval('C_PAYMENT_VT_SEQ')
===========>     (SEVERE)   PostgreHelper.ExecuteReader: [18]42P01: relation "c_payment_vt_seq" does not exist

POSITION: 16 [Query DR] SELECT nextval('C_PAYMENT_VT_SEQ')
===========>     (SEVERE)   DB.GetSQLValue: [18]SELECT nextval('C_PAYMENT_VT_SEQ') => 42P01: relation "c_payment_vt_seq" does not exist

POSITION: 16
===========>     (SEVERE)   DB.ExecuteQuery: [18] => 22003: setval: value 999999 is out of bounds for sequence "c_paymentbatch_seq" (1000000..2147483647)
----------->     (WARNING)  DB.ExecuteQuery: [18]DBExecuteError - 22003: setval: value 999999 is out of bounds for sequence "c_paymentbatch_seq" (1000000..2147483647)
05:36:51.365    (INFO)     NativeSequence.AddLog: [18]0 -  -  - Sequence not Updated For :C_PaymentBatch_SEQ
===========>     (SEVERE)   DB.ExecuteQuery: [18] => 22003: setval: value 999999 is out of bounds for sequence "c_paymentprocessor_seq" (1000000..2147483647)
----------->     (WARNING)  DB.ExecuteQuery: [18]DBExecuteError - 22003: setval: value 999999 is out of bounds for sequence "c_paymentprocessor_seq" (1000000..2147483647)
05:36:51.365    (INFO)     NativeSequence.AddLog: [18]0 -  -  - Sequence not Updated For :C_PaymentProcessor_SEQ
===========>     (SEVERE)   PostgreHelper.ExecuteReader: [18]42703: column "c_paymentterm_trl_id" does not exist

POSITION: 12 [Query DR] SELECT MAX(C_PaymentTerm_Trl_ID) FROM C_PaymentTerm_Trl
===========>     (SEVERE)   PostgreHelper.ExecuteReader: [18]42703: column "c_paymentterm_trl_id" does not exist

POSITION: 12 [Query DR] SELECT MAX(C_PaymentTerm_Trl_ID) FROM C_PaymentTerm_Trl
===========>     (SEVERE)   DB.GetSQLValue: [18]SELECT MAX(C_PaymentTerm_Trl_ID) FROM C_PaymentTerm_Trl => 42703: column "c_paymentterm_trl_id" does not exist

POSITION: 12
===========>     (SEVERE)   DB.ExecuteQuery: [18] => 22003: setval: value 999999 is out of bounds for sequence "c_paymentterm_trl_seq" (1000000..2147483647)
----------->     (WARNING)  DB.ExecuteQuery: [18]DBExecuteError - 22003: setval: value 999999 is out of bounds for sequence "c_paymentterm_trl_seq" (1000000..2147483647)
05:36:51.365    (INFO)     NativeSequence.AddLog: [18]0 -  -  - Sequence not Updated For :C_PaymentTerm_Trl_SEQ
===========>     (SEVERE)   PostgreHelper.ExecuteReader: [18]42P01: relation "c_payselection_check_v_seq" does not exist

POSITION: 16 [Query DR] SELECT nextval('C_PAYSELECTION_CHECK_V_SEQ')
===========>     (SEVERE)   PostgreHelper.ExecuteReader: [18]42P01: relation "c_payselection_check_v_seq" does not exist

POSITION: 16 [Query DR] SELECT nextval('C_PAYSELECTION_CHECK_V_SEQ')
===========>     (SEVERE)   DB.GetSQLValue: [18]SELECT nextval('C_PAYSELECTION_CHECK_V_SEQ') => 42P01: relation "c_payselection_check_v_seq" does not exist

POSITION: 16
===========>     (SEVERE)   PostgreHelper.ExecuteReader: [18]42P01: relation "c_payselection_check_vt_seq" does not exist

POSITION: 16 [Query DR] SELECT nextval('C_PAYSELECTION_CHECK_VT_SEQ')
===========>     (SEVERE)   PostgreHelper.ExecuteReader: [18]42P01: relation "c_payselection_check_vt_seq" does not exist

POSITION: 16 [Query DR] SELECT nextval('C_PAYSELECTION_CHECK_VT_SEQ')
===========>     (SEVERE)   DB.GetSQLValue: [18]SELECT nextval('C_PAYSELECTION_CHECK_VT_SEQ') => 42P01: relation "c_payselection_check_vt_seq" does not exist

POSITION: 16
===========>     (SEVERE)   PostgreHelper.ExecuteReader: [18]42P01: relation "c_payselection_remittance_v_seq" does not exist

POSITION: 16 [Query DR] SELECT nextval('C_PAYSELECTION_REMITTANCE_V_SEQ')
===========>     (SEVERE)   PostgreHelper.ExecuteReader: [18]42P01: relation "c_payselection_remittance_v_seq" does not exist

POSITION: 16 [Query DR] SELECT nextval('C_PAYSELECTION_REMITTANCE_V_SEQ')
===========>     (SEVERE)   DB.GetSQLValue: [18]SELECT nextval('C_PAYSELECTION_REMITTANCE_V_SEQ') => 42P01: relation "c_payselection_remittance_v_seq" does not exist

POSITION: 16
===========>     (SEVERE)   PostgreHelper.ExecuteReader: [18]42P01: relation "c_payselection_remittance_vt_seq" does not exist

POSITION: 16 [Query DR] SELECT nextval('C_PAYSELECTION_REMITTANCE_VT_SEQ')
===========>     (SEVERE)   PostgreHelper.ExecuteReader: [18]42P01: relation "c_payselection_remittance_vt_seq" does not exist

POSITION: 16 [Query DR] SELECT nextval('C_PAYSELECTION_REMITTANCE_VT_SEQ')
===========>     (SEVERE)   DB.GetSQLValue: [18]SELECT nextval('C_PAYSELECTION_REMITTANCE_VT_SEQ') => 42P01: relation "c_payselection_remittance_vt_seq" does not exist

POSITION: 16
===========>     (SEVERE)   DB.ExecuteQuery: [18] => 22003: setval: value 999999 is out of bounds for sequence "c_pos_seq" (1000000..2147483647)
----------->     (WARNING)  DB.ExecuteQuery: [18]DBExecuteError - 22003: setval: value 999999 is out of bounds for sequence "c_pos_seq" (1000000..2147483647)
05:36:51.365    (INFO)     NativeSequence.AddLog: [18]0 -  -  - Sequence not Updated For :C_POS_SEQ
===========>     (SEVERE)   DB.ExecuteQuery: [18] => 22003: setval: value 999999 is out of bounds for sequence "c_poskey_seq" (1000000..2147483647)
----------->     (WARNING)  DB.ExecuteQuery: [18]DBExecuteError - 22003: setval: value 999999 is out of bounds for sequence "c_poskey_seq" (1000000..2147483647)
05:36:51.365    (INFO)     NativeSequence.AddLog: [18]0 -  -  - Sequence not Updated For :C_POSKey_SEQ
===========>     (SEVERE)   DB.ExecuteQuery: [18] => 22003: setval: value 999999 is out of bounds for sequence "c_poskeylayout_seq" (1000000..2147483647)
----------->     (WARNING)  DB.ExecuteQuery: [18]DBExecuteError - 22003: setval: value 999999 is out of bounds for sequence "c_poskeylayout_seq" (1000000..2147483647)
05:36:51.365    (INFO)     NativeSequence.AddLog: [18]0 -  -  - Sequence not Updated For :C_POSKeyLayout_SEQ
===========>     (SEVERE)   DB.ExecuteQuery: [18] => 22003: setval: value 999999 is out of bounds for sequence "c_profitandloss_seq" (1000000..2147483647)
----------->     (WARNING)  DB.ExecuteQuery: [18]DBExecuteError - 22003: setval: value 999999 is out of bounds for sequence "c_profitandloss_seq" (1000000..2147483647)
05:36:52.365    (INFO)     NativeSequence.AddLog: [18]0 -  -  - Sequence not Updated For :C_ProfitAndLoss_SEQ
===========>     (SEVERE)   DB.ExecuteQuery: [18] => 22003: setval: value 999999 is out of bounds for sequence "c_profitloss_seq" (1000000..2147483647)
----------->     (WARNING)  DB.ExecuteQuery: [18]DBExecuteError - 22003: setval: value 999999 is out of bounds for sequence "c_profitloss_seq" (1000000..2147483647)
05:36:52.365    (INFO)     NativeSequence.AddLog: [18]0 -  -  - Sequence not Updated For :C_ProfitLoss_SEQ
===========>     (SEVERE)   DB.ExecuteQuery: [18] => 22003: setval: value 999999 is out of bounds for sequence "c_profitlosslines_seq" (1000000..2147483647)
----------->     (WARNING)  DB.ExecuteQuery: [18]DBExecuteError - 22003: setval: value 999999 is out of bounds for sequence "c_profitlosslines_seq" (1000000..2147483647)
05:36:52.365    (INFO)     NativeSequence.AddLog: [18]0 -  -  - Sequence not Updated For :C_ProfitLossLines_SEQ
===========>     (SEVERE)   DB.ExecuteQuery: [18] => 22003: setval: value 999999 is out of bounds for sequence "c_project_acct_seq" (1000000..2147483647)
----------->     (WARNING)  DB.ExecuteQuery: [18]DBExecuteError - 22003: setval: value 999999 is out of bounds for sequence "c_project_acct_seq" (1000000..2147483647)
05:36:52.365    (INFO)     NativeSequence.AddLog: [18]0 -  -  - Sequence not Updated For :C_Project_Acct_SEQ
===========>     (SEVERE)   PostgreHelper.ExecuteReader: [18]42P01: relation "c_project_details_v_seq" does not exist

POSITION: 16 [Query DR] SELECT nextval('C_PROJECT_DETAILS_V_SEQ')
===========>     (SEVERE)   PostgreHelper.ExecuteReader: [18]42P01: relation "c_project_details_v_seq" does not exist

POSITION: 16 [Query DR] SELECT nextval('C_PROJECT_DETAILS_V_SEQ')
===========>     (SEVERE)   DB.GetSQLValue: [18]SELECT nextval('C_PROJECT_DETAILS_V_SEQ') => 42P01: relation "c_project_details_v_seq" does not exist

POSITION: 16
===========>     (SEVERE)   PostgreHelper.ExecuteReader: [18]42P01: relation "c_project_details_vt_seq" does not exist

POSITION: 16 [Query DR] SELECT nextval('C_PROJECT_DETAILS_VT_SEQ')
===========>     (SEVERE)   PostgreHelper.ExecuteReader: [18]42P01: relation "c_project_details_vt_seq" does not exist

POSITION: 16 [Query DR] SELECT nextval('C_PROJECT_DETAILS_VT_SEQ')
===========>     (SEVERE)   DB.GetSQLValue: [18]SELECT nextval('C_PROJECT_DETAILS_VT_SEQ') => 42P01: relation "c_project_details_vt_seq" does not exist

POSITION: 16
===========>     (SEVERE)   PostgreHelper.ExecuteReader: [18]42P01: relation "c_project_header_v_seq" does not exist

POSITION: 16 [Query DR] SELECT nextval('C_PROJECT_HEADER_V_SEQ')
===========>     (SEVERE)   PostgreHelper.ExecuteReader: [18]42P01: relation "c_project_header_v_seq" does not exist

POSITION: 16 [Query DR] SELECT nextval('C_PROJECT_HEADER_V_SEQ')
===========>     (SEVERE)   DB.GetSQLValue: [18]SELECT nextval('C_PROJECT_HEADER_V_SEQ') => 42P01: relation "c_project_header_v_seq" does not exist

POSITION: 16
===========>     (SEVERE)   PostgreHelper.ExecuteReader: [18]42P01: relation "c_project_header_vt_seq" does not exist

POSITION: 16 [Query DR] SELECT nextval('C_PROJECT_HEADER_VT_SEQ')
===========>     (SEVERE)   PostgreHelper.ExecuteReader: [18]42P01: relation "c_project_header_vt_seq" does not exist

POSITION: 16 [Query DR] SELECT nextval('C_PROJECT_HEADER_VT_SEQ')
===========>     (SEVERE)   DB.GetSQLValue: [18]SELECT nextval('C_PROJECT_HEADER_VT_SEQ') => 42P01: relation "c_project_header_vt_seq" does not exist

POSITION: 16
===========>     (SEVERE)   DB.ExecuteQuery: [18] => 22003: setval: value 999999 is out of bounds for sequence "c_projectissuema_seq" (1000000..2147483647)
----------->     (WARNING)  DB.ExecuteQuery: [18]DBExecuteError - 22003: setval: value 999999 is out of bounds for sequence "c_projectissuema_seq" (1000000..2147483647)
05:36:52.365    (INFO)     NativeSequence.AddLog: [18]0 -  -  - Sequence not Updated For :C_ProjectIssueMA_SEQ
===========>     (SEVERE)   DB.ExecuteQuery: [18] => 22003: setval: value 999999 is out of bounds for sequence "c_provisionalinvoice_seq" (1000000..2147483647)
----------->     (WARNING)  DB.ExecuteQuery: [18]DBExecuteError - 22003: setval: value 999999 is out of bounds for sequence "c_provisionalinvoice_seq" (1000000..2147483647)
05:36:52.365    (INFO)     NativeSequence.AddLog: [18]0 -  -  - Sequence not Updated For :C_ProvisionalInvoice_SEQ
===========>     (SEVERE)   DB.ExecuteQuery: [18] => 22003: setval: value 999999 is out of bounds for sequence "c_provisionalinvoiceline_seq" (1000000..2147483647)
----------->     (WARNING)  DB.ExecuteQuery: [18]DBExecuteError - 22003: setval: value 999999 is out of bounds for sequence "c_provisionalinvoiceline_seq" (1000000..2147483647)
05:36:52.365    (INFO)     NativeSequence.AddLog: [18]0 -  -  - Sequence not Updated For :C_ProvisionalInvoiceLine_SEQ
===========>     (SEVERE)   DB.ExecuteQuery: [18] => 22003: setval: value 999999 is out of bounds for sequence "c_provisionalinvoicetax_seq" (1000000..2147483647)
----------->     (WARNING)  DB.ExecuteQuery: [18]DBExecuteError - 22003: setval: value 999999 is out of bounds for sequence "c_provisionalinvoicetax_seq" (1000000..2147483647)
05:36:52.365    (INFO)     NativeSequence.AddLog: [18]0 -  -  - Sequence not Updated For :C_ProvisionalInvoiceTax_SEQ
===========>     (SEVERE)   DB.ExecuteQuery: [18] => 22003: setval: value 999999 is out of bounds for sequence "c_recurring_seq" (1000000..2147483647)
----------->     (WARNING)  DB.ExecuteQuery: [18]DBExecuteError - 22003: setval: value 999999 is out of bounds for sequence "c_recurring_seq" (1000000..2147483647)
05:36:52.365    (INFO)     NativeSequence.AddLog: [18]0 -  -  - Sequence not Updated For :C_Recurring_SEQ
===========>     (SEVERE)   DB.ExecuteQuery: [18] => 22003: setval: value 999999 is out of bounds for sequence "c_recurring_run_seq" (1000000..2147483647)
----------->     (WARNING)  DB.ExecuteQuery: [18]DBExecuteError - 22003: setval: value 999999 is out of bounds for sequence "c_recurring_run_seq" (1000000..2147483647)
05:36:52.365    (INFO)     NativeSequence.AddLog: [18]0 -  -  - Sequence not Updated For :C_Recurring_Run_SEQ
===========>     (SEVERE)   DB.ExecuteQuery: [18] => 22003: setval: value 999999 is out of bounds for sequence "c_revenuerecognition_run_seq" (1000000..2147483647)
----------->     (WARNING)  DB.ExecuteQuery: [18]DBExecuteError - 22003: setval: value 999999 is out of bounds for sequence "c_revenuerecognition_run_seq" (1000000..2147483647)
05:36:52.365    (INFO)     NativeSequence.AddLog: [18]0 -  -  - Sequence not Updated For :C_RevenueRecognition_Run_SEQ
===========>     (SEVERE)   DB.ExecuteQuery: [18] => 22003: setval: value 999999 is out of bounds for sequence "c_rfq_topicsubscriber_seq" (1000000..2147483647)
----------->     (WARNING)  DB.ExecuteQuery: [18]DBExecuteError - 22003: setval: value 999999 is out of bounds for sequence "c_rfq_topicsubscriber_seq" (1000000..2147483647)
05:36:52.365    (INFO)     NativeSequence.AddLog: [18]0 -  -  - Sequence not Updated For :C_RfQ_TopicSubscriber_SEQ
===========>     (SEVERE)   DB.ExecuteQuery: [18] => 22003: setval: value 999999 is out of bounds for sequence "c_rfq_topicsubscriberonly_seq" (1000000..2147483647)
----------->     (WARNING)  DB.ExecuteQuery: [18]DBExecuteError - 22003: setval: value 999999 is out of bounds for sequence "c_rfq_topicsubscriberonly_seq" (1000000..2147483647)
05:36:52.365    (INFO)     NativeSequence.AddLog: [18]0 -  -  - Sequence not Updated For :C_RfQ_TopicSubscriberOnly_SEQ
===========>     (SEVERE)   DB.ExecuteQuery: [18] => 22003: setval: value 999999 is out of bounds for sequence "c_rfqresponse_seq" (1000000..2147483647)
----------->     (WARNING)  DB.ExecuteQuery: [18]DBExecuteError - 22003: setval: value 999999 is out of bounds for sequence "c_rfqresponse_seq" (1000000..2147483647)
05:36:52.365    (INFO)     NativeSequence.AddLog: [18]0 -  -  - Sequence not Updated For :C_RfQResponse_SEQ
===========>     (SEVERE)   PostgreHelper.ExecuteReader: [18]42P01: relation "c_rfqresponse_v_seq" does not exist

POSITION: 16 [Query DR] SELECT nextval('C_RFQRESPONSE_V_SEQ')
===========>     (SEVERE)   PostgreHelper.ExecuteReader: [18]42P01: relation "c_rfqresponse_v_seq" does not exist

POSITION: 16 [Query DR] SELECT nextval('C_RFQRESPONSE_V_SEQ')
===========>     (SEVERE)   DB.GetSQLValue: [18]SELECT nextval('C_RFQRESPONSE_V_SEQ') => 42P01: relation "c_rfqresponse_v_seq" does not exist

POSITION: 16
===========>     (SEVERE)   PostgreHelper.ExecuteReader: [18]42P01: relation "c_rfqresponse_vt_seq" does not exist

POSITION: 16 [Query DR] SELECT nextval('C_RFQRESPONSE_VT_SEQ')
===========>     (SEVERE)   PostgreHelper.ExecuteReader: [18]42P01: relation "c_rfqresponse_vt_seq" does not exist

POSITION: 16 [Query DR] SELECT nextval('C_RFQRESPONSE_VT_SEQ')
===========>     (SEVERE)   DB.GetSQLValue: [18]SELECT nextval('C_RFQRESPONSE_VT_SEQ') => 42P01: relation "c_rfqresponse_vt_seq" does not exist

POSITION: 16
===========>     (SEVERE)   DB.ExecuteQuery: [18] => 22003: setval: value 999999 is out of bounds for sequence "c_rfqresponseline_seq" (1000000..2147483647)
----------->     (WARNING)  DB.ExecuteQuery: [18]DBExecuteError - 22003: setval: value 999999 is out of bounds for sequence "c_rfqresponseline_seq" (1000000..2147483647)
05:36:52.365    (INFO)     NativeSequence.AddLog: [18]0 -  -  - Sequence not Updated For :C_RfQResponseLine_SEQ
===========>     (SEVERE)   PostgreHelper.ExecuteReader: [18]42P01: relation "c_rfqresponseline_v_seq" does not exist

POSITION: 16 [Query DR] SELECT nextval('C_RFQRESPONSELINE_V_SEQ')
===========>     (SEVERE)   PostgreHelper.ExecuteReader: [18]42P01: relation "c_rfqresponseline_v_seq" does not exist

POSITION: 16 [Query DR] SELECT nextval('C_RFQRESPONSELINE_V_SEQ')
===========>     (SEVERE)   DB.GetSQLValue: [18]SELECT nextval('C_RFQRESPONSELINE_V_SEQ') => 42P01: relation "c_rfqresponseline_v_seq" does not exist

POSITION: 16
===========>     (SEVERE)   PostgreHelper.ExecuteReader: [18]42P01: relation "c_rfqresponseline_vt_seq" does not exist

POSITION: 16 [Query DR] SELECT nextval('C_RFQRESPONSELINE_VT_SEQ')
===========>     (SEVERE)   PostgreHelper.ExecuteReader: [18]42P01: relation "c_rfqresponseline_vt_seq" does not exist

POSITION: 16 [Query DR] SELECT nextval('C_RFQRESPONSELINE_VT_SEQ')
===========>     (SEVERE)   DB.GetSQLValue: [18]SELECT nextval('C_RFQRESPONSELINE_VT_SEQ') => 42P01: relation "c_rfqresponseline_vt_seq" does not exist

POSITION: 16
===========>     (SEVERE)   DB.ExecuteQuery: [18] => 22003: setval: value 999999 is out of bounds for sequence "c_rfqresponselineqty_seq" (1000000..2147483647)
----------->     (WARNING)  DB.ExecuteQuery: [18]DBExecuteError - 22003: setval: value 999999 is out of bounds for sequence "c_rfqresponselineqty_seq" (1000000..2147483647)
05:36:52.365    (INFO)     NativeSequence.AddLog: [18]0 -  -  - Sequence not Updated For :C_RfQResponseLineQty_SEQ
===========>     (SEVERE)   PostgreHelper.ExecuteReader: [18]42P01: relation "c_rfqresponselineqty_v_seq" does not exist

POSITION: 16 [Query DR] SELECT nextval('C_RFQRESPONSELINEQTY_V_SEQ')
===========>     (SEVERE)   PostgreHelper.ExecuteReader: [18]42P01: relation "c_rfqresponselineqty_v_seq" does not exist

POSITION: 16 [Query DR] SELECT nextval('C_RFQRESPONSELINEQTY_V_SEQ')
===========>     (SEVERE)   DB.GetSQLValue: [18]SELECT nextval('C_RFQRESPONSELINEQTY_V_SEQ') => 42P01: relation "c_rfqresponselineqty_v_seq" does not exist

POSITION: 16
===========>     (SEVERE)   PostgreHelper.ExecuteReader: [18]42P01: relation "c_rfqresponselineqty_vt_seq" does not exist

POSITION: 16 [Query DR] SELECT nextval('C_RFQRESPONSELINEQTY_VT_SEQ')
===========>     (SEVERE)   PostgreHelper.ExecuteReader: [18]42P01: relation "c_rfqresponselineqty_vt_seq" does not exist

POSITION: 16 [Query DR] SELECT nextval('C_RFQRESPONSELINEQTY_VT_SEQ')
===========>     (SEVERE)   DB.GetSQLValue: [18]SELECT nextval('C_RFQRESPONSELINEQTY_VT_SEQ') => 42P01: relation "c_rfqresponselineqty_vt_seq" does not exist

POSITION: 16
===========>     (SEVERE)   DB.ExecuteQuery: [18] => 22003: setval: value 999999 is out of bounds for sequence "c_salesoffice_seq" (1000000..2147483647)
----------->     (WARNING)  DB.ExecuteQuery: [18]DBExecuteError - 22003: setval: value 999999 is out of bounds for sequence "c_salesoffice_seq" (1000000..2147483647)
05:36:52.365    (INFO)     NativeSequence.AddLog: [18]0 -  -  - Sequence not Updated For :C_SalesOffice_SEQ
===========>     (SEVERE)   PostgreHelper.ExecuteReader: [18]42703: column "c_salesoffice_trl_id" does not exist

POSITION: 12 [Query DR] SELECT MAX(C_SalesOffice_Trl_ID) FROM C_SalesOffice_Trl
===========>     (SEVERE)   PostgreHelper.ExecuteReader: [18]42703: column "c_salesoffice_trl_id" does not exist

POSITION: 12 [Query DR] SELECT MAX(C_SalesOffice_Trl_ID) FROM C_SalesOffice_Trl
===========>     (SEVERE)   DB.GetSQLValue: [18]SELECT MAX(C_SalesOffice_Trl_ID) FROM C_SalesOffice_Trl => 42703: column "c_salesoffice_trl_id" does not exist

POSITION: 12
===========>     (SEVERE)   DB.ExecuteQuery: [18] => 22003: setval: value 999999 is out of bounds for sequence "c_salesoffice_trl_seq" (1000000..2147483647)
----------->     (WARNING)  DB.ExecuteQuery: [18]DBExecuteError - 22003: setval: value 999999 is out of bounds for sequence "c_salesoffice_trl_seq" (1000000..2147483647)
05:36:52.365    (INFO)     NativeSequence.AddLog: [18]0 -  -  - Sequence not Updated For :C_SalesOffice_Trl_SEQ
===========>     (SEVERE)   DB.ExecuteQuery: [18] => 22003: setval: value 999999 is out of bounds for sequence "c_servicelevel_seq" (1000000..2147483647)
----------->     (WARNING)  DB.ExecuteQuery: [18]DBExecuteError - 22003: setval: value 999999 is out of bounds for sequence "c_servicelevel_seq" (1000000..2147483647)
05:36:52.365    (INFO)     NativeSequence.AddLog: [18]0 -  -  - Sequence not Updated For :C_ServiceLevel_SEQ
===========>     (SEVERE)   DB.ExecuteQuery: [18] => 22003: setval: value 999999 is out of bounds for sequence "c_servicelevelline_seq" (1000000..2147483647)
----------->     (WARNING)  DB.ExecuteQuery: [18]DBExecuteError - 22003: setval: value 999999 is out of bounds for sequence "c_servicelevelline_seq" (1000000..2147483647)
05:36:52.365    (INFO)     NativeSequence.AddLog: [18]0 -  -  - Sequence not Updated For :C_ServiceLevelLine_SEQ
===========>     (SEVERE)   DB.ExecuteQuery: [18] => 22003: setval: value 999999 is out of bounds for sequence "c_subacct_seq" (1000000..2147483647)
----------->     (WARNING)  DB.ExecuteQuery: [18]DBExecuteError - 22003: setval: value 999999 is out of bounds for sequence "c_subacct_seq" (1000000..2147483647)
05:36:52.365    (INFO)     NativeSequence.AddLog: [18]0 -  -  - Sequence not Updated For :C_SubAcct_SEQ
===========>     (SEVERE)   DB.ExecuteQuery: [18] => 22003: setval: value 999999 is out of bounds for sequence "c_subscription_delivery_seq" (1000000..2147483647)
----------->     (WARNING)  DB.ExecuteQuery: [18]DBExecuteError - 22003: setval: value 999999 is out of bounds for sequence "c_subscription_delivery_seq" (1000000..2147483647)
05:36:52.365    (INFO)     NativeSequence.AddLog: [18]0 -  -  - Sequence not Updated For :C_Subscription_Delivery_SEQ
===========>     (SEVERE)   DB.ExecuteQuery: [18] => 22003: setval: value 999999 is out of bounds for sequence "c_taskline_seq" (1000000..2147483647)
----------->     (WARNING)  DB.ExecuteQuery: [18]DBExecuteError - 22003: setval: value 999999 is out of bounds for sequence "c_taskline_seq" (1000000..2147483647)
05:36:52.365    (INFO)     NativeSequence.AddLog: [18]0 -  -  - Sequence not Updated For :C_TaskLine_SEQ
===========>     (SEVERE)   PostgreHelper.ExecuteReader: [18]42703: column "c_tax_trl_id" does not exist

POSITION: 12 [Query DR] SELECT MAX(C_Tax_Trl_ID) FROM C_Tax_Trl
===========>     (SEVERE)   PostgreHelper.ExecuteReader: [18]42703: column "c_tax_trl_id" does not exist

POSITION: 12 [Query DR] SELECT MAX(C_Tax_Trl_ID) FROM C_Tax_Trl
===========>     (SEVERE)   DB.GetSQLValue: [18]SELECT MAX(C_Tax_Trl_ID) FROM C_Tax_Trl => 42703: column "c_tax_trl_id" does not exist

POSITION: 12
===========>     (SEVERE)   DB.ExecuteQuery: [18] => 22003: setval: value 999999 is out of bounds for sequence "c_tax_trl_seq" (1000000..2147483647)
----------->     (WARNING)  DB.ExecuteQuery: [18]DBExecuteError - 22003: setval: value 999999 is out of bounds for sequence "c_tax_trl_seq" (1000000..2147483647)
05:36:52.365    (INFO)     NativeSequence.AddLog: [18]0 -  -  - Sequence not Updated For :C_Tax_Trl_SEQ
===========>     (SEVERE)   PostgreHelper.ExecuteReader: [18]42703: column "c_taxcategory_trl_id" does not exist

POSITION: 12 [Query DR] SELECT MAX(C_TaxCategory_Trl_ID) FROM C_TaxCategory_Trl
===========>     (SEVERE)   PostgreHelper.ExecuteReader: [18]42703: column "c_taxcategory_trl_id" does not exist

POSITION: 12 [Query DR] SELECT MAX(C_TaxCategory_Trl_ID) FROM C_TaxCategory_Trl
===========>     (SEVERE)   DB.GetSQLValue: [18]SELECT MAX(C_TaxCategory_Trl_ID) FROM C_TaxCategory_Trl => 42703: column "c_taxcategory_trl_id" does not exist

POSITION: 12
===========>     (SEVERE)   DB.ExecuteQuery: [18] => 22003: setval: value 999999 is out of bounds for sequence "c_taxcategory_trl_seq" (1000000..2147483647)
----------->     (WARNING)  DB.ExecuteQuery: [18]DBExecuteError - 22003: setval: value 999999 is out of bounds for sequence "c_taxcategory_trl_seq" (1000000..2147483647)
05:36:53.365    (INFO)     NativeSequence.AddLog: [18]0 -  -  - Sequence not Updated For :C_TaxCategory_Trl_SEQ
===========>     (SEVERE)   DB.ExecuteQuery: [18] => 22003: setval: value 999999 is out of bounds for sequence "c_taxdeclaration_seq" (1000000..2147483647)
----------->     (WARNING)  DB.ExecuteQuery: [18]DBExecuteError - 22003: setval: value 999999 is out of bounds for sequence "c_taxdeclaration_seq" (1000000..2147483647)
05:36:53.365    (INFO)     NativeSequence.AddLog: [18]0 -  -  - Sequence not Updated For :C_TaxDeclaration_SEQ
===========>     (SEVERE)   DB.ExecuteQuery: [18] => 22003: setval: value 999999 is out of bounds for sequence "c_taxdeclarationacct_seq" (1000000..2147483647)
----------->     (WARNING)  DB.ExecuteQuery: [18]DBExecuteError - 22003: setval: value 999999 is out of bounds for sequence "c_taxdeclarationacct_seq" (1000000..2147483647)
05:36:53.365    (INFO)     NativeSequence.AddLog: [18]0 -  -  - Sequence not Updated For :C_TaxDeclarationAcct_SEQ
===========>     (SEVERE)   DB.ExecuteQuery: [18] => 22003: setval: value 999999 is out of bounds for sequence "c_taxdeclarationline_seq" (1000000..2147483647)
----------->     (WARNING)  DB.ExecuteQuery: [18]DBExecuteError - 22003: setval: value 999999 is out of bounds for sequence "c_taxdeclarationline_seq" (1000000..2147483647)
05:36:53.365    (INFO)     NativeSequence.AddLog: [18]0 -  -  - Sequence not Updated For :C_TaxDeclarationLine_SEQ
===========>     (SEVERE)   DB.ExecuteQuery: [18] => 22003: setval: value 999999 is out of bounds for sequence "c_taxexemptreason_seq" (1000000..2147483647)
----------->     (WARNING)  DB.ExecuteQuery: [18]DBExecuteError - 22003: setval: value 999999 is out of bounds for sequence "c_taxexemptreason_seq" (1000000..2147483647)
05:36:53.365    (INFO)     NativeSequence.AddLog: [18]0 -  -  - Sequence not Updated For :C_TaxExemptReason_SEQ
===========>     (SEVERE)   DB.ExecuteQuery: [18] => 22003: setval: value 999999 is out of bounds for sequence "c_team_seq" (1000000..2147483647)
----------->     (WARNING)  DB.ExecuteQuery: [18]DBExecuteError - 22003: setval: value 999999 is out of bounds for sequence "c_team_seq" (1000000..2147483647)
05:36:53.365    (INFO)     NativeSequence.AddLog: [18]0 -  -  - Sequence not Updated For :C_Team_SEQ
===========>     (SEVERE)   PostgreHelper.ExecuteReader: [18]42P01: relation "c_teamforecast_v_seq" does not exist

POSITION: 16 [Query DR] SELECT nextval('C_TEAMFORECAST_V_SEQ')
===========>     (SEVERE)   PostgreHelper.ExecuteReader: [18]42P01: relation "c_teamforecast_v_seq" does not exist

POSITION: 16 [Query DR] SELECT nextval('C_TEAMFORECAST_V_SEQ')
===========>     (SEVERE)   DB.GetSQLValue: [18]SELECT nextval('C_TEAMFORECAST_V_SEQ') => 42P01: relation "c_teamforecast_v_seq" does not exist

POSITION: 16
===========>     (SEVERE)   DB.ExecuteQuery: [18] => 22003: setval: value 999999 is out of bounds for sequence "c_teammember_seq" (1000000..2147483647)
----------->     (WARNING)  DB.ExecuteQuery: [18]DBExecuteError - 22003: setval: value 999999 is out of bounds for sequence "c_teammember_seq" (1000000..2147483647)
05:36:53.365    (INFO)     NativeSequence.AddLog: [18]0 -  -  - Sequence not Updated For :C_TeamMember_SEQ
===========>     (SEVERE)   DB.ExecuteQuery: [18] => 22003: setval: value 999999 is out of bounds for sequence "c_termrule_seq" (1000000..2147483647)
----------->     (WARNING)  DB.ExecuteQuery: [18]DBExecuteError - 22003: setval: value 999999 is out of bounds for sequence "c_termrule_seq" (1000000..2147483647)
05:36:53.365    (INFO)     NativeSequence.AddLog: [18]0 -  -  - Sequence not Updated For :C_TermRule_SEQ
===========>     (SEVERE)   DB.ExecuteQuery: [18] => 22003: setval: value 999999 is out of bounds for sequence "c_uom_productbarcode_seq" (1000000..2147483647)
----------->     (WARNING)  DB.ExecuteQuery: [18]DBExecuteError - 22003: setval: value 999999 is out of bounds for sequence "c_uom_productbarcode_seq" (1000000..2147483647)
05:36:53.365    (INFO)     NativeSequence.AddLog: [18]0 -  -  - Sequence not Updated For :C_UOM_ProductBarcode_SEQ
===========>     (SEVERE)   PostgreHelper.ExecuteReader: [18]42703: column "c_uom_trl_id" does not exist

POSITION: 12 [Query DR] SELECT MAX(C_UOM_Trl_ID) FROM C_UOM_Trl
===========>     (SEVERE)   PostgreHelper.ExecuteReader: [18]42703: column "c_uom_trl_id" does not exist

POSITION: 12 [Query DR] SELECT MAX(C_UOM_Trl_ID) FROM C_UOM_Trl
===========>     (SEVERE)   DB.GetSQLValue: [18]SELECT MAX(C_UOM_Trl_ID) FROM C_UOM_Trl => 42703: column "c_uom_trl_id" does not exist

POSITION: 12
===========>     (SEVERE)   DB.ExecuteQuery: [18] => 22003: setval: value 999999 is out of bounds for sequence "c_uom_trl_seq" (1000000..2147483647)
----------->     (WARNING)  DB.ExecuteQuery: [18]DBExecuteError - 22003: setval: value 999999 is out of bounds for sequence "c_uom_trl_seq" (1000000..2147483647)
05:36:53.365    (INFO)     NativeSequence.AddLog: [18]0 -  -  - Sequence not Updated For :C_UOM_Trl_SEQ
===========>     (SEVERE)   DB.ExecuteQuery: [18] => 22003: setval: value 999999 is out of bounds for sequence "c_userremuneration_seq" (1000000..2147483647)
----------->     (WARNING)  DB.ExecuteQuery: [18]DBExecuteError - 22003: setval: value 999999 is out of bounds for sequence "c_userremuneration_seq" (1000000..2147483647)
05:36:53.365    (INFO)     NativeSequence.AddLog: [18]0 -  -  - Sequence not Updated For :C_UserRemuneration_SEQ
===========>     (SEVERE)   DB.ExecuteQuery: [18] => 22003: setval: value 999999 is out of bounds for sequence "c_withholding_seq" (1000000..2147483647)
----------->     (WARNING)  DB.ExecuteQuery: [18]DBExecuteError - 22003: setval: value 999999 is out of bounds for sequence "c_withholding_seq" (1000000..2147483647)
05:36:53.365    (INFO)     NativeSequence.AddLog: [18]0 -  -  - Sequence not Updated For :C_Withholding_SEQ
===========>     (SEVERE)   DB.ExecuteQuery: [18] => 22003: setval: value 999999 is out of bounds for sequence "c_withholding_acct_seq" (1000000..2147483647)
----------->     (WARNING)  DB.ExecuteQuery: [18]DBExecuteError - 22003: setval: value 999999 is out of bounds for sequence "c_withholding_acct_seq" (1000000..2147483647)
05:36:53.365    (INFO)     NativeSequence.AddLog: [18]0 -  -  - Sequence not Updated For :C_Withholding_Acct_SEQ
===========>     (SEVERE)   DB.ExecuteQuery: [18] => 22003: setval: value 999999 is out of bounds for sequence "c_withholdingcategory_seq" (1000000..2147483647)
----------->     (WARNING)  DB.ExecuteQuery: [18]DBExecuteError - 22003: setval: value 999999 is out of bounds for sequence "c_withholdingcategory_seq" (1000000..2147483647)
05:36:53.365    (INFO)     NativeSequence.AddLog: [18]0 -  -  - Sequence not Updated For :C_WithholdingCategory_SEQ
===========>     (SEVERE)   DB.ExecuteQuery: [18] => 22003: setval: value 999999 is out of bounds for sequence "cm_accesschat_seq" (1000000..2147483647)
----------->     (WARNING)  DB.ExecuteQuery: [18]DBExecuteError - 22003: setval: value 999999 is out of bounds for sequence "cm_accesschat_seq" (1000000..2147483647)
05:36:53.365    (INFO)     NativeSequence.AddLog: [18]0 -  -  - Sequence not Updated For :CM_AccessChat_SEQ
===========>     (SEVERE)   DB.ExecuteQuery: [18] => 22003: setval: value 999999 is out of bounds for sequence "cm_accesscontainer_seq" (1000000..2147483647)
----------->     (WARNING)  DB.ExecuteQuery: [18]DBExecuteError - 22003: setval: value 999999 is out of bounds for sequence "cm_accesscontainer_seq" (1000000..2147483647)
05:36:53.365    (INFO)     NativeSequence.AddLog: [18]0 -  -  - Sequence not Updated For :CM_AccessContainer_SEQ
===========>     (SEVERE)   DB.ExecuteQuery: [18] => 22003: setval: value 999999 is out of bounds for sequence "cm_accesslistbpgroup_seq" (1000000..2147483647)
----------->     (WARNING)  DB.ExecuteQuery: [18]DBExecuteError - 22003: setval: value 999999 is out of bounds for sequence "cm_accesslistbpgroup_seq" (1000000..2147483647)
05:36:53.365    (INFO)     NativeSequence.AddLog: [18]0 -  -  - Sequence not Updated For :CM_AccessListBPGroup_SEQ
===========>     (SEVERE)   DB.ExecuteQuery: [18] => 22003: setval: value 999999 is out of bounds for sequence "cm_accesslistrole_seq" (1000000..2147483647)
----------->     (WARNING)  DB.ExecuteQuery: [18]DBExecuteError - 22003: setval: value 999999 is out of bounds for sequence "cm_accesslistrole_seq" (1000000..2147483647)
05:36:53.365    (INFO)     NativeSequence.AddLog: [18]0 -  -  - Sequence not Updated For :CM_AccessListRole_SEQ
===========>     (SEVERE)   DB.ExecuteQuery: [18] => 22003: setval: value 999999 is out of bounds for sequence "cm_accessmedia_seq" (1000000..2147483647)
----------->     (WARNING)  DB.ExecuteQuery: [18]DBExecuteError - 22003: setval: value 999999 is out of bounds for sequence "cm_accessmedia_seq" (1000000..2147483647)
05:36:53.365    (INFO)     NativeSequence.AddLog: [18]0 -  -  - Sequence not Updated For :CM_AccessMedia_SEQ
===========>     (SEVERE)   DB.ExecuteQuery: [18] => 22003: setval: value 999999 is out of bounds for sequence "cm_accessnewschannel_seq" (1000000..2147483647)
----------->     (WARNING)  DB.ExecuteQuery: [18]DBExecuteError - 22003: setval: value 999999 is out of bounds for sequence "cm_accessnewschannel_seq" (1000000..2147483647)
05:36:53.365    (INFO)     NativeSequence.AddLog: [18]0 -  -  - Sequence not Updated For :CM_AccessNewsChannel_SEQ
===========>     (SEVERE)   DB.ExecuteQuery: [18] => 22003: setval: value 999999 is out of bounds for sequence "cm_accessprofile_seq" (1000000..2147483647)
----------->     (WARNING)  DB.ExecuteQuery: [18]DBExecuteError - 22003: setval: value 999999 is out of bounds for sequence "cm_accessprofile_seq" (1000000..2147483647)
05:36:53.365    (INFO)     NativeSequence.AddLog: [18]0 -  -  - Sequence not Updated For :CM_AccessProfile_SEQ
===========>     (SEVERE)   DB.ExecuteQuery: [18] => 22003: setval: value 999999 is out of bounds for sequence "cm_accessstage_seq" (1000000..2147483647)
----------->     (WARNING)  DB.ExecuteQuery: [18]DBExecuteError - 22003: setval: value 999999 is out of bounds for sequence "cm_accessstage_seq" (1000000..2147483647)
05:36:53.365    (INFO)     NativeSequence.AddLog: [18]0 -  -  - Sequence not Updated For :CM_AccessStage_SEQ
===========>     (SEVERE)   DB.ExecuteQuery: [18] => 22003: setval: value 999999 is out of bounds for sequence "cm_ad_seq" (1000000..2147483647)
----------->     (WARNING)  DB.ExecuteQuery: [18]DBExecuteError - 22003: setval: value 999999 is out of bounds for sequence "cm_ad_seq" (1000000..2147483647)
05:36:53.365    (INFO)     NativeSequence.AddLog: [18]0 -  -  - Sequence not Updated For :CM_Ad_SEQ
===========>     (SEVERE)   DB.ExecuteQuery: [18] => 22003: setval: value 999999 is out of bounds for sequence "cm_ad_cat_seq" (1000000..2147483647)
----------->     (WARNING)  DB.ExecuteQuery: [18]DBExecuteError - 22003: setval: value 999999 is out of bounds for sequence "cm_ad_cat_seq" (1000000..2147483647)
05:36:53.365    (INFO)     NativeSequence.AddLog: [18]0 -  -  - Sequence not Updated For :CM_Ad_Cat_SEQ
===========>     (SEVERE)   DB.ExecuteQuery: [18] => 22003: setval: value 999999 is out of bounds for sequence "cm_broadcastserver_seq" (1000000..2147483647)
----------->     (WARNING)  DB.ExecuteQuery: [18]DBExecuteError - 22003: setval: value 999999 is out of bounds for sequence "cm_broadcastserver_seq" (1000000..2147483647)
05:36:53.365    (INFO)     NativeSequence.AddLog: [18]0 -  -  - Sequence not Updated For :CM_BroadcastServer_SEQ
===========>     (SEVERE)   DB.ExecuteQuery: [18] => 22003: setval: value 999999 is out of bounds for sequence "cm_chattype_seq" (1000000..2147483647)
----------->     (WARNING)  DB.ExecuteQuery: [18]DBExecuteError - 22003: setval: value 999999 is out of bounds for sequence "cm_chattype_seq" (1000000..2147483647)
05:36:53.365    (INFO)     NativeSequence.AddLog: [18]0 -  -  - Sequence not Updated For :CM_ChatType_SEQ
===========>     (SEVERE)   DB.ExecuteQuery: [18] => 22003: setval: value 999999 is out of bounds for sequence "cm_chattypeupdate_seq" (1000000..2147483647)
----------->     (WARNING)  DB.ExecuteQuery: [18]DBExecuteError - 22003: setval: value 999999 is out of bounds for sequence "cm_chattypeupdate_seq" (1000000..2147483647)
05:36:53.365    (INFO)     NativeSequence.AddLog: [18]0 -  -  - Sequence not Updated For :CM_ChatTypeUpdate_SEQ
===========>     (SEVERE)   DB.ExecuteQuery: [18] => 22003: setval: value 999999 is out of bounds for sequence "cm_chatupdate_seq" (1000000..2147483647)
----------->     (WARNING)  DB.ExecuteQuery: [18]DBExecuteError - 22003: setval: value 999999 is out of bounds for sequence "cm_chatupdate_seq" (1000000..2147483647)
05:36:53.365    (INFO)     NativeSequence.AddLog: [18]0 -  -  - Sequence not Updated For :CM_ChatUpdate_SEQ
===========>     (SEVERE)   DB.ExecuteQuery: [18] => 22003: setval: value 999999 is out of bounds for sequence "cm_container_seq" (1000000..2147483647)
----------->     (WARNING)  DB.ExecuteQuery: [18]DBExecuteError - 22003: setval: value 999999 is out of bounds for sequence "cm_container_seq" (1000000..2147483647)
05:36:53.365    (INFO)     NativeSequence.AddLog: [18]0 -  -  - Sequence not Updated For :CM_Container_SEQ
===========>     (SEVERE)   DB.ExecuteQuery: [18] => 22003: setval: value 999999 is out of bounds for sequence "cm_container_element_seq" (1000000..2147483647)
----------->     (WARNING)  DB.ExecuteQuery: [18]DBExecuteError - 22003: setval: value 999999 is out of bounds for sequence "cm_container_element_seq" (1000000..2147483647)
05:36:53.365    (INFO)     NativeSequence.AddLog: [18]0 -  -  - Sequence not Updated For :CM_Container_Element_SEQ
===========>     (SEVERE)   PostgreHelper.ExecuteReader: [18]42703: column "cm_container_element_trl_id" does not exist

POSITION: 12 [Query DR] SELECT MAX(CM_Container_Element_Trl_ID) FROM CM_Container_Element_Trl
===========>     (SEVERE)   PostgreHelper.ExecuteReader: [18]42703: column "cm_container_element_trl_id" does not exist

POSITION: 12 [Query DR] SELECT MAX(CM_Container_Element_Trl_ID) FROM CM_Container_Element_Trl
===========>     (SEVERE)   DB.GetSQLValue: [18]SELECT MAX(CM_Container_Element_Trl_ID) FROM CM_Container_Element_Trl => 42703: column "cm_container_element_trl_id" does not exist

POSITION: 12
===========>     (SEVERE)   DB.ExecuteQuery: [18] => 22003: setval: value 999999 is out of bounds for sequence "cm_container_element_trl_seq" (1000000..2147483647)
----------->     (WARNING)  DB.ExecuteQuery: [18]DBExecuteError - 22003: setval: value 999999 is out of bounds for sequence "cm_container_element_trl_seq" (1000000..2147483647)
05:36:53.365    (INFO)     NativeSequence.AddLog: [18]0 -  -  - Sequence not Updated For :CM_Container_Element_Trl_SEQ
===========>     (SEVERE)   PostgreHelper.ExecuteReader: [18]42P01: relation "cm_container_index_seq" does not exist

POSITION: 16 [Query DR] SELECT nextval('CM_CONTAINER_INDEX_SEQ')
===========>     (SEVERE)   PostgreHelper.ExecuteReader: [18]42P01: relation "cm_container_index_seq" does not exist

POSITION: 16 [Query DR] SELECT nextval('CM_CONTAINER_INDEX_SEQ')
===========>     (SEVERE)   DB.GetSQLValue: [18]SELECT nextval('CM_CONTAINER_INDEX_SEQ') => 42P01: relation "cm_container_index_seq" does not exist

POSITION: 16
===========>     (SEVERE)   PostgreHelper.ExecuteReader: [18]42P01: relation "cm_container_todo_seq" does not exist

POSITION: 16 [Query DR] SELECT nextval('CM_CONTAINER_TODO_SEQ')
===========>     (SEVERE)   PostgreHelper.ExecuteReader: [18]42P01: relation "cm_container_todo_seq" does not exist

POSITION: 16 [Query DR] SELECT nextval('CM_CONTAINER_TODO_SEQ')
===========>     (SEVERE)   DB.GetSQLValue: [18]SELECT nextval('CM_CONTAINER_TODO_SEQ') => 42P01: relation "cm_container_todo_seq" does not exist

POSITION: 16
===========>     (SEVERE)   PostgreHelper.ExecuteReader: [18]42703: column "cm_container_trl_id" does not exist

POSITION: 12 [Query DR] SELECT MAX(CM_Container_Trl_ID) FROM CM_Container_Trl
===========>     (SEVERE)   PostgreHelper.ExecuteReader: [18]42703: column "cm_container_trl_id" does not exist

POSITION: 12 [Query DR] SELECT MAX(CM_Container_Trl_ID) FROM CM_Container_Trl
===========>     (SEVERE)   DB.GetSQLValue: [18]SELECT MAX(CM_Container_Trl_ID) FROM CM_Container_Trl => 42703: column "cm_container_trl_id" does not exist

POSITION: 12
===========>     (SEVERE)   DB.ExecuteQuery: [18] => 22003: setval: value 999999 is out of bounds for sequence "cm_container_trl_seq" (1000000..2147483647)
----------->     (WARNING)  DB.ExecuteQuery: [18]DBExecuteError - 22003: setval: value 999999 is out of bounds for sequence "cm_container_trl_seq" (1000000..2147483647)
05:36:53.365    (INFO)     NativeSequence.AddLog: [18]0 -  -  - Sequence not Updated For :CM_Container_Trl_SEQ
===========>     (SEVERE)   DB.ExecuteQuery: [18] => 22003: setval: value 999999 is out of bounds for sequence "cm_container_url_seq" (1000000..2147483647)
----------->     (WARNING)  DB.ExecuteQuery: [18]DBExecuteError - 22003: setval: value 999999 is out of bounds for sequence "cm_container_url_seq" (1000000..2147483647)
05:36:53.365    (INFO)     NativeSequence.AddLog: [18]0 -  -  - Sequence not Updated For :CM_Container_URL_SEQ
===========>     (SEVERE)   DB.ExecuteQuery: [18] => 22003: setval: value 999999 is out of bounds for sequence "cm_containerttable_seq" (1000000..2147483647)
----------->     (WARNING)  DB.ExecuteQuery: [18]DBExecuteError - 22003: setval: value 999999 is out of bounds for sequence "cm_containerttable_seq" (1000000..2147483647)
05:36:53.365    (INFO)     NativeSequence.AddLog: [18]0 -  -  - Sequence not Updated For :CM_ContainerTTable_SEQ
===========>     (SEVERE)   DB.ExecuteQuery: [18] => 22003: setval: value 999999 is out of bounds for sequence "cm_cstage_seq" (1000000..2147483647)
----------->     (WARNING)  DB.ExecuteQuery: [18]DBExecuteError - 22003: setval: value 999999 is out of bounds for sequence "cm_cstage_seq" (1000000..2147483647)
05:36:53.365    (INFO)     NativeSequence.AddLog: [18]0 -  -  - Sequence not Updated For :CM_CStage_SEQ
===========>     (SEVERE)   DB.ExecuteQuery: [18] => 22003: setval: value 999999 is out of bounds for sequence "cm_cstage_element_seq" (1000000..2147483647)
----------->     (WARNING)  DB.ExecuteQuery: [18]DBExecuteError - 22003: setval: value 999999 is out of bounds for sequence "cm_cstage_element_seq" (1000000..2147483647)
05:36:53.365    (INFO)     NativeSequence.AddLog: [18]0 -  -  - Sequence not Updated For :CM_CStage_Element_SEQ
===========>     (SEVERE)   PostgreHelper.ExecuteReader: [18]42703: column "cm_cstage_element_trl_id" does not exist

POSITION: 12 [Query DR] SELECT MAX(CM_CStage_Element_Trl_ID) FROM CM_CStage_Element_Trl
===========>     (SEVERE)   PostgreHelper.ExecuteReader: [18]42703: column "cm_cstage_element_trl_id" does not exist

POSITION: 12 [Query DR] SELECT MAX(CM_CStage_Element_Trl_ID) FROM CM_CStage_Element_Trl
===========>     (SEVERE)   DB.GetSQLValue: [18]SELECT MAX(CM_CStage_Element_Trl_ID) FROM CM_CStage_Element_Trl => 42703: column "cm_cstage_element_trl_id" does not exist

POSITION: 12
===========>     (SEVERE)   DB.ExecuteQuery: [18] => 22003: setval: value 999999 is out of bounds for sequence "cm_cstage_element_trl_seq" (1000000..2147483647)
----------->     (WARNING)  DB.ExecuteQuery: [18]DBExecuteError - 22003: setval: value 999999 is out of bounds for sequence "cm_cstage_element_trl_seq" (1000000..2147483647)
05:36:53.365    (INFO)     NativeSequence.AddLog: [18]0 -  -  - Sequence not Updated For :CM_CStage_Element_Trl_SEQ
===========>     (SEVERE)   PostgreHelper.ExecuteReader: [18]42703: column "cm_cstage_trl_id" does not exist

POSITION: 12 [Query DR] SELECT MAX(CM_CStage_Trl_ID) FROM CM_CStage_Trl
===========>     (SEVERE)   PostgreHelper.ExecuteReader: [18]42703: column "cm_cstage_trl_id" does not exist

POSITION: 12 [Query DR] SELECT MAX(CM_CStage_Trl_ID) FROM CM_CStage_Trl
===========>     (SEVERE)   DB.GetSQLValue: [18]SELECT MAX(CM_CStage_Trl_ID) FROM CM_CStage_Trl => 42703: column "cm_cstage_trl_id" does not exist

POSITION: 12
===========>     (SEVERE)   DB.ExecuteQuery: [18] => 22003: setval: value 999999 is out of bounds for sequence "cm_cstage_trl_seq" (1000000..2147483647)
----------->     (WARNING)  DB.ExecuteQuery: [18]DBExecuteError - 22003: setval: value 999999 is out of bounds for sequence "cm_cstage_trl_seq" (1000000..2147483647)
05:36:53.365    (INFO)     NativeSequence.AddLog: [18]0 -  -  - Sequence not Updated For :CM_CStage_Trl_SEQ
===========>     (SEVERE)   DB.ExecuteQuery: [18] => 22003: setval: value 999999 is out of bounds for sequence "cm_cstagettable_seq" (1000000..2147483647)
----------->     (WARNING)  DB.ExecuteQuery: [18]DBExecuteError - 22003: setval: value 999999 is out of bounds for sequence "cm_cstagettable_seq" (1000000..2147483647)
05:36:53.365    (INFO)     NativeSequence.AddLog: [18]0 -  -  - Sequence not Updated For :CM_CStageTTable_SEQ
===========>     (SEVERE)   PostgreHelper.ExecuteReader: [18]42P01: relation "cm_cstarge_element_trl_seq" does not exist

POSITION: 16 [Query DR] SELECT nextval('CM_CSTARGE_ELEMENT_TRL_SEQ')
===========>     (SEVERE)   PostgreHelper.ExecuteReader: [18]42P01: relation "cm_cstarge_element_trl_seq" does not exist

POSITION: 16 [Query DR] SELECT nextval('CM_CSTARGE_ELEMENT_TRL_SEQ')
===========>     (SEVERE)   DB.GetSQLValue: [18]SELECT nextval('CM_CSTARGE_ELEMENT_TRL_SEQ') => 42P01: relation "cm_cstarge_element_trl_seq" does not exist

POSITION: 16
===========>     (SEVERE)   DB.ExecuteQuery: [18] => 22003: setval: value 999999 is out of bounds for sequence "cm_media_seq" (1000000..2147483647)
----------->     (WARNING)  DB.ExecuteQuery: [18]DBExecuteError - 22003: setval: value 999999 is out of bounds for sequence "cm_media_seq" (1000000..2147483647)
05:36:53.365    (INFO)     NativeSequence.AddLog: [18]0 -  -  - Sequence not Updated For :CM_Media_SEQ
===========>     (SEVERE)   DB.ExecuteQuery: [18] => 22003: setval: value 999999 is out of bounds for sequence "cm_media_server_seq" (1000000..2147483647)
----------->     (WARNING)  DB.ExecuteQuery: [18]DBExecuteError - 22003: setval: value 999999 is out of bounds for sequence "cm_media_server_seq" (1000000..2147483647)
05:36:53.365    (INFO)     NativeSequence.AddLog: [18]0 -  -  - Sequence not Updated For :CM_Media_Server_SEQ
===========>     (SEVERE)   DB.ExecuteQuery: [18] => 22003: setval: value 999999 is out of bounds for sequence "cm_mediadeploy_seq" (1000000..2147483647)
----------->     (WARNING)  DB.ExecuteQuery: [18]DBExecuteError - 22003: setval: value 999999 is out of bounds for sequence "cm_mediadeploy_seq" (1000000..2147483647)
05:36:53.365    (INFO)     NativeSequence.AddLog: [18]0 -  -  - Sequence not Updated For :CM_MediaDeploy_SEQ
===========>     (SEVERE)   DB.ExecuteQuery: [18] => 22003: setval: value 999999 is out of bounds for sequence "cm_newschannel_seq" (1000000..2147483647)
----------->     (WARNING)  DB.ExecuteQuery: [18]DBExecuteError - 22003: setval: value 999999 is out of bounds for sequence "cm_newschannel_seq" (1000000..2147483647)
05:36:53.365    (INFO)     NativeSequence.AddLog: [18]0 -  -  - Sequence not Updated For :CM_NewsChannel_SEQ
===========>     (SEVERE)   DB.ExecuteQuery: [18] => 22003: setval: value 999999 is out of bounds for sequence "cm_newsitem_seq" (1000000..2147483647)
----------->     (WARNING)  DB.ExecuteQuery: [18]DBExecuteError - 22003: setval: value 999999 is out of bounds for sequence "cm_newsitem_seq" (1000000..2147483647)
05:36:53.365    (INFO)     NativeSequence.AddLog: [18]0 -  -  - Sequence not Updated For :CM_NewsItem_SEQ
===========>     (SEVERE)   DB.ExecuteQuery: [18] => 22003: setval: value 999999 is out of bounds for sequence "cm_template_ad_cat_seq" (1000000..2147483647)
----------->     (WARNING)  DB.ExecuteQuery: [18]DBExecuteError - 22003: setval: value 999999 is out of bounds for sequence "cm_template_ad_cat_seq" (1000000..2147483647)
05:36:53.365    (INFO)     NativeSequence.AddLog: [18]0 -  -  - Sequence not Updated For :CM_Template_Ad_Cat_SEQ
===========>     (SEVERE)   DB.ExecuteQuery: [18] => 22003: setval: value 999999 is out of bounds for sequence "cm_templatetable_seq" (1000000..2147483647)
----------->     (WARNING)  DB.ExecuteQuery: [18]DBExecuteError - 22003: setval: value 999999 is out of bounds for sequence "cm_templatetable_seq" (1000000..2147483647)
05:36:53.365    (INFO)     NativeSequence.AddLog: [18]0 -  -  - Sequence not Updated For :CM_TemplateTable_SEQ
===========>     (SEVERE)   DB.ExecuteQuery: [18] => 22003: setval: value 999999 is out of bounds for sequence "cm_webaccesslog_seq" (1000000..2147483647)
----------->     (WARNING)  DB.ExecuteQuery: [18]DBExecuteError - 22003: setval: value 999999 is out of bounds for sequence "cm_webaccesslog_seq" (1000000..2147483647)
05:36:53.365    (INFO)     NativeSequence.AddLog: [18]0 -  -  - Sequence not Updated For :CM_WebAccessLog_SEQ
===========>     (SEVERE)   DB.ExecuteQuery: [18] => 22003: setval: value 999999 is out of bounds for sequence "cm_webproject_seq" (1000000..2147483647)
----------->     (WARNING)  DB.ExecuteQuery: [18]DBExecuteError - 22003: setval: value 999999 is out of bounds for sequence "cm_webproject_seq" (1000000..2147483647)
05:36:53.365    (INFO)     NativeSequence.AddLog: [18]0 -  -  - Sequence not Updated For :CM_WebProject_SEQ
===========>     (SEVERE)   DB.ExecuteQuery: [18] => 22003: setval: value 999999 is out of bounds for sequence "cm_webproject_domain_seq" (1000000..2147483647)
----------->     (WARNING)  DB.ExecuteQuery: [18]DBExecuteError - 22003: setval: value 999999 is out of bounds for sequence "cm_webproject_domain_seq" (1000000..2147483647)
05:36:53.365    (INFO)     NativeSequence.AddLog: [18]0 -  -  - Sequence not Updated For :CM_WebProject_Domain_SEQ
===========>     (SEVERE)   DB.ExecuteQuery: [18] => 22003: setval: value 999999 is out of bounds for sequence "cm_wikitoken_seq" (1000000..2147483647)
----------->     (WARNING)  DB.ExecuteQuery: [18]DBExecuteError - 22003: setval: value 999999 is out of bounds for sequence "cm_wikitoken_seq" (1000000..2147483647)
05:36:53.365    (INFO)     NativeSequence.AddLog: [18]0 -  -  - Sequence not Updated For :CM_WikiToken_SEQ
===========>     (SEVERE)   PostgreHelper.ExecuteReader: [18]42P01: relation "cp_fk_seq" does not exist

POSITION: 16 [Query DR] SELECT nextval('CP_FK_SEQ')
===========>     (SEVERE)   PostgreHelper.ExecuteReader: [18]42P01: relation "cp_fk_seq" does not exist

POSITION: 16 [Query DR] SELECT nextval('CP_FK_SEQ')
===========>     (SEVERE)   DB.GetSQLValue: [18]SELECT nextval('CP_FK_SEQ') => 42P01: relation "cp_fk_seq" does not exist

POSITION: 16
===========>     (SEVERE)   PostgreHelper.ExecuteReader: [18]42P01: relation "cr_demandedproduct_v_seq" does not exist

POSITION: 16 [Query DR] SELECT nextval('CR_DEMANDEDPRODUCT_V_SEQ')
===========>     (SEVERE)   PostgreHelper.ExecuteReader: [18]42P01: relation "cr_demandedproduct_v_seq" does not exist

POSITION: 16 [Query DR] SELECT nextval('CR_DEMANDEDPRODUCT_V_SEQ')
===========>     (SEVERE)   DB.GetSQLValue: [18]SELECT nextval('CR_DEMANDEDPRODUCT_V_SEQ') => 42P01: relation "cr_demandedproduct_v_seq" does not exist

POSITION: 16
===========>     (SEVERE)   PostgreHelper.ExecuteReader: [18]42P01: relation "cr_highestsalesaccounts_v_seq" does not exist

POSITION: 16 [Query DR] SELECT nextval('CR_HIGHESTSALESACCOUNTS_V_SEQ')
===========>     (SEVERE)   PostgreHelper.ExecuteReader: [18]42P01: relation "cr_highestsalesaccounts_v_seq" does not exist

POSITION: 16 [Query DR] SELECT nextval('CR_HIGHESTSALESACCOUNTS_V_SEQ')
===========>     (SEVERE)   DB.GetSQLValue: [18]SELECT nextval('CR_HIGHESTSALESACCOUNTS_V_SEQ') => 42P01: relation "cr_highestsalesaccounts_v_seq" does not exist

POSITION: 16
===========>     (SEVERE)   PostgreHelper.ExecuteReader: [18]42P01: relation "cr_interestdetail_v_seq" does not exist

POSITION: 16 [Query DR] SELECT nextval('CR_INTERESTDETAIL_V_SEQ')
===========>     (SEVERE)   PostgreHelper.ExecuteReader: [18]42P01: relation "cr_interestdetail_v_seq" does not exist

POSITION: 16 [Query DR] SELECT nextval('CR_INTERESTDETAIL_V_SEQ')
===========>     (SEVERE)   DB.GetSQLValue: [18]SELECT nextval('CR_INTERESTDETAIL_V_SEQ') => 42P01: relation "cr_interestdetail_v_seq" does not exist

POSITION: 16
===========>     (SEVERE)   PostgreHelper.ExecuteReader: [18]42P01: relation "cr_interestdetails_v_seq" does not exist

POSITION: 16 [Query DR] SELECT nextval('CR_INTERESTDETAILS_V_SEQ')
===========>     (SEVERE)   PostgreHelper.ExecuteReader: [18]42P01: relation "cr_interestdetails_v_seq" does not exist

POSITION: 16 [Query DR] SELECT nextval('CR_INTERESTDETAILS_V_SEQ')
===========>     (SEVERE)   DB.GetSQLValue: [18]SELECT nextval('CR_INTERESTDETAILS_V_SEQ') => 42P01: relation "cr_interestdetails_v_seq" does not exist

POSITION: 16
===========>     (SEVERE)   PostgreHelper.ExecuteReader: [18]42P01: relation "cr_leaddetails_v_seq" does not exist

POSITION: 16 [Query DR] SELECT nextval('CR_LEADDETAILS_V_SEQ')
===========>     (SEVERE)   PostgreHelper.ExecuteReader: [18]42P01: relation "cr_leaddetails_v_seq" does not exist

POSITION: 16 [Query DR] SELECT nextval('CR_LEADDETAILS_V_SEQ')
===========>     (SEVERE)   DB.GetSQLValue: [18]SELECT nextval('CR_LEADDETAILS_V_SEQ') => 42P01: relation "cr_leaddetails_v_seq" does not exist

POSITION: 16
===========>     (SEVERE)   PostgreHelper.ExecuteReader: [18]42P01: relation "cr_masterforecast_v_seq" does not exist

POSITION: 16 [Query DR] SELECT nextval('CR_MASTERFORECAST_V_SEQ')
===========>     (SEVERE)   PostgreHelper.ExecuteReader: [18]42P01: relation "cr_masterforecast_v_seq" does not exist

POSITION: 16 [Query DR] SELECT nextval('CR_MASTERFORECAST_V_SEQ')
===========>     (SEVERE)   DB.GetSQLValue: [18]SELECT nextval('CR_MASTERFORECAST_V_SEQ') => 42P01: relation "cr_masterforecast_v_seq" does not exist

POSITION: 16
===========>     (SEVERE)   PostgreHelper.ExecuteReader: [18]42P01: relation "cr_openorder_v_seq" does not exist

POSITION: 16 [Query DR] SELECT nextval('CR_OPENORDER_V_SEQ')
===========>     (SEVERE)   PostgreHelper.ExecuteReader: [18]42P01: relation "cr_openorder_v_seq" does not exist

POSITION: 16 [Query DR] SELECT nextval('CR_OPENORDER_V_SEQ')
===========>     (SEVERE)   DB.GetSQLValue: [18]SELECT nextval('CR_OPENORDER_V_SEQ') => 42P01: relation "cr_openorder_v_seq" does not exist

POSITION: 16
===========>     (SEVERE)   PostgreHelper.ExecuteReader: [18]42P01: relation "cr_openquotation_v_seq" does not exist

POSITION: 16 [Query DR] SELECT nextval('CR_OPENQUOTATION_V_SEQ')
===========>     (SEVERE)   PostgreHelper.ExecuteReader: [18]42P01: relation "cr_openquotation_v_seq" does not exist

POSITION: 16 [Query DR] SELECT nextval('CR_OPENQUOTATION_V_SEQ')
===========>     (SEVERE)   DB.GetSQLValue: [18]SELECT nextval('CR_OPENQUOTATION_V_SEQ') => 42P01: relation "cr_openquotation_v_seq" does not exist

POSITION: 16
===========>     (SEVERE)   PostgreHelper.ExecuteReader: [18]42P01: relation "cr_opportunity_quotation_v_seq" does not exist

POSITION: 16 [Query DR] SELECT nextval('CR_OPPORTUNITY_QUOTATION_V_SEQ')
===========>     (SEVERE)   PostgreHelper.ExecuteReader: [18]42P01: relation "cr_opportunity_quotation_v_seq" does not exist

POSITION: 16 [Query DR] SELECT nextval('CR_OPPORTUNITY_QUOTATION_V_SEQ')
===========>     (SEVERE)   DB.GetSQLValue: [18]SELECT nextval('CR_OPPORTUNITY_QUOTATION_V_SEQ') => 42P01: relation "cr_opportunity_quotation_v_seq" does not exist

POSITION: 16
===========>     (SEVERE)   PostgreHelper.ExecuteReader: [18]42P01: relation "cr_opportunity_v_seq" does not exist

POSITION: 16 [Query DR] SELECT nextval('CR_OPPORTUNITY_V_SEQ')
===========>     (SEVERE)   PostgreHelper.ExecuteReader: [18]42P01: relation "cr_opportunity_v_seq" does not exist

POSITION: 16 [Query DR] SELECT nextval('CR_OPPORTUNITY_V_SEQ')
===========>     (SEVERE)   DB.GetSQLValue: [18]SELECT nextval('CR_OPPORTUNITY_V_SEQ') => 42P01: relation "cr_opportunity_v_seq" does not exist

POSITION: 16
===========>     (SEVERE)   PostgreHelper.ExecuteReader: [18]42P01: relation "cr_opportunityorder_v_seq" does not exist

POSITION: 16 [Query DR] SELECT nextval('CR_OPPORTUNITYORDER_V_SEQ')
===========>     (SEVERE)   PostgreHelper.ExecuteReader: [18]42P01: relation "cr_opportunityorder_v_seq" does not exist

POSITION: 16 [Query DR] SELECT nextval('CR_OPPORTUNITYORDER_V_SEQ')
===========>     (SEVERE)   DB.GetSQLValue: [18]SELECT nextval('CR_OPPORTUNITYORDER_V_SEQ') => 42P01: relation "cr_opportunityorder_v_seq" does not exist

POSITION: 16
===========>     (SEVERE)   PostgreHelper.ExecuteReader: [18]42P01: relation "cr_productdetails_v_seq" does not exist

POSITION: 16 [Query DR] SELECT nextval('CR_PRODUCTDETAILS_V_SEQ')
===========>     (SEVERE)   PostgreHelper.ExecuteReader: [18]42P01: relation "cr_productdetails_v_seq" does not exist

POSITION: 16 [Query DR] SELECT nextval('CR_PRODUCTDETAILS_V_SEQ')
===========>     (SEVERE)   DB.GetSQLValue: [18]SELECT nextval('CR_PRODUCTDETAILS_V_SEQ') => 42P01: relation "cr_productdetails_v_seq" does not exist

POSITION: 16
===========>     (SEVERE)   PostgreHelper.ExecuteReader: [18]42P01: relation "cr_prospect_v_seq" does not exist

POSITION: 16 [Query DR] SELECT nextval('CR_PROSPECT_V_SEQ')
===========>     (SEVERE)   PostgreHelper.ExecuteReader: [18]42P01: relation "cr_prospect_v_seq" does not exist

POSITION: 16 [Query DR] SELECT nextval('CR_PROSPECT_V_SEQ')
===========>     (SEVERE)   DB.GetSQLValue: [18]SELECT nextval('CR_PROSPECT_V_SEQ') => 42P01: relation "cr_prospect_v_seq" does not exist

POSITION: 16
===========>     (SEVERE)   PostgreHelper.ExecuteReader: [18]42P01: relation "cr_salesorderdetail_v_seq" does not exist

POSITION: 16 [Query DR] SELECT nextval('CR_SALESORDERDETAIL_V_SEQ')
===========>     (SEVERE)   PostgreHelper.ExecuteReader: [18]42P01: relation "cr_salesorderdetail_v_seq" does not exist

POSITION: 16 [Query DR] SELECT nextval('CR_SALESORDERDETAIL_V_SEQ')
===========>     (SEVERE)   DB.GetSQLValue: [18]SELECT nextval('CR_SALESORDERDETAIL_V_SEQ') => 42P01: relation "cr_salesorderdetail_v_seq" does not exist

POSITION: 16
===========>     (SEVERE)   PostgreHelper.ExecuteReader: [18]42P01: relation "cr_salesquotationdetail_v_seq" does not exist

POSITION: 16 [Query DR] SELECT nextval('CR_SALESQUOTATIONDETAIL_V_SEQ')
===========>     (SEVERE)   PostgreHelper.ExecuteReader: [18]42P01: relation "cr_salesquotationdetail_v_seq" does not exist

POSITION: 16 [Query DR] SELECT nextval('CR_SALESQUOTATIONDETAIL_V_SEQ')
===========>     (SEVERE)   DB.GetSQLValue: [18]SELECT nextval('CR_SALESQUOTATIONDETAIL_V_SEQ') => 42P01: relation "cr_salesquotationdetail_v_seq" does not exist

POSITION: 16
===========>     (SEVERE)   PostgreHelper.ExecuteReader: [18]42P01: relation "cr_servicecontract_v_seq" does not exist

POSITION: 16 [Query DR] SELECT nextval('CR_SERVICECONTRACT_V_SEQ')
===========>     (SEVERE)   PostgreHelper.ExecuteReader: [18]42P01: relation "cr_servicecontract_v_seq" does not exist

POSITION: 16 [Query DR] SELECT nextval('CR_SERVICECONTRACT_V_SEQ')
===========>     (SEVERE)   DB.GetSQLValue: [18]SELECT nextval('CR_SERVICECONTRACT_V_SEQ') => 42P01: relation "cr_servicecontract_v_seq" does not exist

POSITION: 16
===========>     (SEVERE)   PostgreHelper.ExecuteReader: [18]42P01: relation "detailedtb_v_seq" does not exist

POSITION: 16 [Query DR] SELECT nextval('DETAILEDTB_V_SEQ')
===========>     (SEVERE)   PostgreHelper.ExecuteReader: [18]42P01: relation "detailedtb_v_seq" does not exist

POSITION: 16 [Query DR] SELECT nextval('DETAILEDTB_V_SEQ')
===========>     (SEVERE)   DB.GetSQLValue: [18]SELECT nextval('DETAILEDTB_V_SEQ') => 42P01: relation "detailedtb_v_seq" does not exist

POSITION: 16
===========>     (SEVERE)   PostgreHelper.ExecuteReader: [18]42P01: relation "dtd001_internalusein_view_seq" does not exist

POSITION: 16 [Query DR] SELECT nextval('DTD001_INTERNALUSEIN_VIEW_SEQ')
===========>     (SEVERE)   PostgreHelper.ExecuteReader: [18]42P01: relation "dtd001_internalusein_view_seq" does not exist

POSITION: 16 [Query DR] SELECT nextval('DTD001_INTERNALUSEIN_VIEW_SEQ')
===========>     (SEVERE)   DB.GetSQLValue: [18]SELECT nextval('DTD001_INTERNALUSEIN_VIEW_SEQ') => 42P01: relation "dtd001_internalusein_view_seq" does not exist

POSITION: 16
===========>     (SEVERE)   PostgreHelper.ExecuteReader: [18]42P01: relation "dtd001_internaluseinl_view_seq" does not exist

POSITION: 16 [Query DR] SELECT nextval('DTD001_INTERNALUSEINL_VIEW_SEQ')
===========>     (SEVERE)   PostgreHelper.ExecuteReader: [18]42P01: relation "dtd001_internaluseinl_view_seq" does not exist

POSITION: 16 [Query DR] SELECT nextval('DTD001_INTERNALUSEINL_VIEW_SEQ')
===========>     (SEVERE)   DB.GetSQLValue: [18]SELECT nextval('DTD001_INTERNALUSEINL_VIEW_SEQ') => 42P01: relation "dtd001_internaluseinl_view_seq" does not exist

POSITION: 16
===========>     (SEVERE)   PostgreHelper.ExecuteReader: [18]42P01: relation "dtd001_inventorymove_v_seq" does not exist

POSITION: 16 [Query DR] SELECT nextval('DTD001_INVENTORYMOVE_V_SEQ')
===========>     (SEVERE)   PostgreHelper.ExecuteReader: [18]42P01: relation "dtd001_inventorymove_v_seq" does not exist

POSITION: 16 [Query DR] SELECT nextval('DTD001_INVENTORYMOVE_V_SEQ')
===========>     (SEVERE)   DB.GetSQLValue: [18]SELECT nextval('DTD001_INVENTORYMOVE_V_SEQ') => 42P01: relation "dtd001_inventorymove_v_seq" does not exist

POSITION: 16
===========>     (SEVERE)   DB.ExecuteQuery: [18] => 22003: setval: value 999999 is out of bounds for sequence "dtd001_inventorymove_view_seq" (1000000..2147483647)
----------->     (WARNING)  DB.ExecuteQuery: [18]DBExecuteError - 22003: setval: value 999999 is out of bounds for sequence "dtd001_inventorymove_view_seq" (1000000..2147483647)
05:36:53.365    (INFO)     NativeSequence.AddLog: [18]0 -  -  - Sequence not Updated For :DTD001_INVENTORYMOVE_VIEW_SEQ
===========>     (SEVERE)   PostgreHelper.ExecuteReader: [18]42P01: relation "dtd001_inventorymovel_view_seq" does not exist

POSITION: 16 [Query DR] SELECT nextval('DTD001_INVENTORYMOVEL_VIEW_SEQ')
===========>     (SEVERE)   PostgreHelper.ExecuteReader: [18]42P01: relation "dtd001_inventorymovel_view_seq" does not exist

POSITION: 16 [Query DR] SELECT nextval('DTD001_INVENTORYMOVEL_VIEW_SEQ')
===========>     (SEVERE)   DB.GetSQLValue: [18]SELECT nextval('DTD001_INVENTORYMOVEL_VIEW_SEQ') => 42P01: relation "dtd001_inventorymovel_view_seq" does not exist

POSITION: 16
===========>     (SEVERE)   PostgreHelper.ExecuteReader: [18]42P01: relation "dtd001_inventorymoveline_v_seq" does not exist

POSITION: 16 [Query DR] SELECT nextval('DTD001_INVENTORYMOVELINE_V_SEQ')
===========>     (SEVERE)   PostgreHelper.ExecuteReader: [18]42P01: relation "dtd001_inventorymoveline_v_seq" does not exist

POSITION: 16 [Query DR] SELECT nextval('DTD001_INVENTORYMOVELINE_V_SEQ')
===========>     (SEVERE)   DB.GetSQLValue: [18]SELECT nextval('DTD001_INVENTORYMOVELINE_V_SEQ') => 42P01: relation "dtd001_inventorymoveline_v_seq" does not exist

POSITION: 16
===========>     (SEVERE)   PostgreHelper.ExecuteReader: [18]42P01: relation "dtd001_openrequisition_v_seq" does not exist

POSITION: 16 [Query DR] SELECT nextval('DTD001_OPENREQUISITION_V_SEQ')
===========>     (SEVERE)   PostgreHelper.ExecuteReader: [18]42P01: relation "dtd001_openrequisition_v_seq" does not exist

POSITION: 16 [Query DR] SELECT nextval('DTD001_OPENREQUISITION_V_SEQ')
===========>     (SEVERE)   DB.GetSQLValue: [18]SELECT nextval('DTD001_OPENREQUISITION_V_SEQ') => 42P01: relation "dtd001_openrequisition_v_seq" does not exist

POSITION: 16
===========>     (SEVERE)   PostgreHelper.ExecuteReader: [18]42P01: relation "dtd001_packaging_v_seq" does not exist

POSITION: 16 [Query DR] SELECT nextval('DTD001_PACKAGING_V_SEQ')
===========>     (SEVERE)   PostgreHelper.ExecuteReader: [18]42P01: relation "dtd001_packaging_v_seq" does not exist

POSITION: 16 [Query DR] SELECT nextval('DTD001_PACKAGING_V_SEQ')
===========>     (SEVERE)   DB.GetSQLValue: [18]SELECT nextval('DTD001_PACKAGING_V_SEQ') => 42P01: relation "dtd001_packaging_v_seq" does not exist

POSITION: 16
===========>     (SEVERE)   PostgreHelper.ExecuteReader: [18]42P01: relation "dtd001_packaginglist_v_seq" does not exist

POSITION: 16 [Query DR] SELECT nextval('DTD001_PACKAGINGLIST_V_SEQ')
===========>     (SEVERE)   PostgreHelper.ExecuteReader: [18]42P01: relation "dtd001_packaginglist_v_seq" does not exist

POSITION: 16 [Query DR] SELECT nextval('DTD001_PACKAGINGLIST_V_SEQ')
===========>     (SEVERE)   DB.GetSQLValue: [18]SELECT nextval('DTD001_PACKAGINGLIST_V_SEQ') => 42P01: relation "dtd001_packaginglist_v_seq" does not exist

POSITION: 16
===========>     (SEVERE)   PostgreHelper.ExecuteReader: [18]42P01: relation "dtd001_packagingstores_v_seq" does not exist

POSITION: 16 [Query DR] SELECT nextval('DTD001_PACKAGINGSTORES_V_SEQ')
===========>     (SEVERE)   PostgreHelper.ExecuteReader: [18]42P01: relation "dtd001_packagingstores_v_seq" does not exist

POSITION: 16 [Query DR] SELECT nextval('DTD001_PACKAGINGSTORES_V_SEQ')
===========>     (SEVERE)   DB.GetSQLValue: [18]SELECT nextval('DTD001_PACKAGINGSTORES_V_SEQ') => 42P01: relation "dtd001_packagingstores_v_seq" does not exist

POSITION: 16
===========>     (SEVERE)   DB.ExecuteQuery: [18] => 22003: setval: value 999999 is out of bounds for sequence "dtd001_packing_seq" (1000000..2147483647)
----------->     (WARNING)  DB.ExecuteQuery: [18]DBExecuteError - 22003: setval: value 999999 is out of bounds for sequence "dtd001_packing_seq" (1000000..2147483647)
05:36:53.365    (INFO)     NativeSequence.AddLog: [18]0 -  -  - Sequence not Updated For :DTD001_Packing_SEQ
===========>     (SEVERE)   PostgreHelper.ExecuteReader: [18]42P01: relation "dtd001_packing_v_seq" does not exist

POSITION: 16 [Query DR] SELECT nextval('DTD001_PACKING_V_SEQ')
===========>     (SEVERE)   PostgreHelper.ExecuteReader: [18]42P01: relation "dtd001_packing_v_seq" does not exist

POSITION: 16 [Query DR] SELECT nextval('DTD001_PACKING_V_SEQ')
===========>     (SEVERE)   DB.GetSQLValue: [18]SELECT nextval('DTD001_PACKING_V_SEQ') => 42P01: relation "dtd001_packing_v_seq" does not exist

POSITION: 16
===========>     (SEVERE)   PostgreHelper.ExecuteReader: [18]42P01: relation "dtd001_packingline_v_seq" does not exist

POSITION: 16 [Query DR] SELECT nextval('DTD001_PACKINGLINE_V_SEQ')
===========>     (SEVERE)   PostgreHelper.ExecuteReader: [18]42P01: relation "dtd001_packingline_v_seq" does not exist

POSITION: 16 [Query DR] SELECT nextval('DTD001_PACKINGLINE_V_SEQ')
===========>     (SEVERE)   DB.GetSQLValue: [18]SELECT nextval('DTD001_PACKINGLINE_V_SEQ') => 42P01: relation "dtd001_packingline_v_seq" does not exist

POSITION: 16
===========>     (SEVERE)   DB.ExecuteQuery: [18] => 22003: setval: value 999999 is out of bounds for sequence "dtd001_productsticker_seq" (1000000..2147483647)
----------->     (WARNING)  DB.ExecuteQuery: [18]DBExecuteError - 22003: setval: value 999999 is out of bounds for sequence "dtd001_productsticker_seq" (1000000..2147483647)
05:36:53.365    (INFO)     NativeSequence.AddLog: [18]0 -  -  - Sequence not Updated For :DTD001_ProductSticker_SEQ
===========>     (SEVERE)   DB.ExecuteQuery: [18] => 22003: setval: value 999999 is out of bounds for sequence "dtd001_productstickerline_seq" (1000000..2147483647)
----------->     (WARNING)  DB.ExecuteQuery: [18]DBExecuteError - 22003: setval: value 999999 is out of bounds for sequence "dtd001_productstickerline_seq" (1000000..2147483647)
05:36:53.365    (INFO)     NativeSequence.AddLog: [18]0 -  -  - Sequence not Updated For :DTD001_ProductStickerLine_SEQ
===========>     (SEVERE)   PostgreHelper.ExecuteReader: [18]42P01: relation "dtd001_purchaseorder_v_seq" does not exist

POSITION: 16 [Query DR] SELECT nextval('DTD001_PURCHASEORDER_V_SEQ')
===========>     (SEVERE)   PostgreHelper.ExecuteReader: [18]42P01: relation "dtd001_purchaseorder_v_seq" does not exist

POSITION: 16 [Query DR] SELECT nextval('DTD001_PURCHASEORDER_V_SEQ')
===========>     (SEVERE)   DB.GetSQLValue: [18]SELECT nextval('DTD001_PURCHASEORDER_V_SEQ') => 42P01: relation "dtd001_purchaseorder_v_seq" does not exist

POSITION: 16
===========>     (SEVERE)   PostgreHelper.ExecuteReader: [18]42P01: relation "dtd001_purchaseorderline_v_seq" does not exist

POSITION: 16 [Query DR] SELECT nextval('DTD001_PURCHASEORDERLINE_V_SEQ')
===========>     (SEVERE)   PostgreHelper.ExecuteReader: [18]42P01: relation "dtd001_purchaseorderline_v_seq" does not exist

POSITION: 16 [Query DR] SELECT nextval('DTD001_PURCHASEORDERLINE_V_SEQ')
===========>     (SEVERE)   DB.GetSQLValue: [18]SELECT nextval('DTD001_PURCHASEORDERLINE_V_SEQ') => 42P01: relation "dtd001_purchaseorderline_v_seq" does not exist

POSITION: 16
===========>     (SEVERE)   PostgreHelper.ExecuteReader: [18]42P01: relation "dtd001_purchaseordertax_v_seq" does not exist

POSITION: 16 [Query DR] SELECT nextval('DTD001_PURCHASEORDERTAX_V_SEQ')
===========>     (SEVERE)   PostgreHelper.ExecuteReader: [18]42P01: relation "dtd001_purchaseordertax_v_seq" does not exist

POSITION: 16 [Query DR] SELECT nextval('DTD001_PURCHASEORDERTAX_V_SEQ')
===========>     (SEVERE)   DB.GetSQLValue: [18]SELECT nextval('DTD001_PURCHASEORDERTAX_V_SEQ') => 42P01: relation "dtd001_purchaseordertax_v_seq" does not exist

POSITION: 16
===========>     (SEVERE)   PostgreHelper.ExecuteReader: [18]42P01: relation "dtd001_requisition_v_seq" does not exist

POSITION: 16 [Query DR] SELECT nextval('DTD001_REQUISITION_V_SEQ')
===========>     (SEVERE)   PostgreHelper.ExecuteReader: [18]42P01: relation "dtd001_requisition_v_seq" does not exist

POSITION: 16 [Query DR] SELECT nextval('DTD001_REQUISITION_V_SEQ')
===========>     (SEVERE)   DB.GetSQLValue: [18]SELECT nextval('DTD001_REQUISITION_V_SEQ') => 42P01: relation "dtd001_requisition_v_seq" does not exist

POSITION: 16
===========>     (SEVERE)   PostgreHelper.ExecuteReader: [18]42P01: relation "dtd001_requisitionline_v_seq" does not exist

POSITION: 16 [Query DR] SELECT nextval('DTD001_REQUISITIONLINE_V_SEQ')
===========>     (SEVERE)   PostgreHelper.ExecuteReader: [18]42P01: relation "dtd001_requisitionline_v_seq" does not exist

POSITION: 16 [Query DR] SELECT nextval('DTD001_REQUISITIONLINE_V_SEQ')
===========>     (SEVERE)   DB.GetSQLValue: [18]SELECT nextval('DTD001_REQUISITIONLINE_V_SEQ') => 42P01: relation "dtd001_requisitionline_v_seq" does not exist

POSITION: 16
===========>     (SEVERE)   PostgreHelper.ExecuteReader: [18]42P01: relation "dtd001_requisitionsales_v_seq" does not exist

POSITION: 16 [Query DR] SELECT nextval('DTD001_REQUISITIONSALES_V_SEQ')
===========>     (SEVERE)   PostgreHelper.ExecuteReader: [18]42P01: relation "dtd001_requisitionsales_v_seq" does not exist

POSITION: 16 [Query DR] SELECT nextval('DTD001_REQUISITIONSALES_V_SEQ')
===========>     (SEVERE)   DB.GetSQLValue: [18]SELECT nextval('DTD001_REQUISITIONSALES_V_SEQ') => 42P01: relation "dtd001_requisitionsales_v_seq" does not exist

POSITION: 16
===========>     (SEVERE)   PostgreHelper.ExecuteReader: [18]42P01: relation "dtd001_salesorderreq_v_seq" does not exist

POSITION: 16 [Query DR] SELECT nextval('DTD001_SALESORDERREQ_V_SEQ')
===========>     (SEVERE)   PostgreHelper.ExecuteReader: [18]42P01: relation "dtd001_salesorderreq_v_seq" does not exist

POSITION: 16 [Query DR] SELECT nextval('DTD001_SALESORDERREQ_V_SEQ')
===========>     (SEVERE)   DB.GetSQLValue: [18]SELECT nextval('DTD001_SALESORDERREQ_V_SEQ') => 42P01: relation "dtd001_salesorderreq_v_seq" does not exist

POSITION: 16
===========>     (SEVERE)   PostgreHelper.ExecuteReader: [18]42P01: relation "dtd001_salesorderreqoem_v_seq" does not exist

POSITION: 16 [Query DR] SELECT nextval('DTD001_SALESORDERREQOEM_V_SEQ')
===========>     (SEVERE)   PostgreHelper.ExecuteReader: [18]42P01: relation "dtd001_salesorderreqoem_v_seq" does not exist

POSITION: 16 [Query DR] SELECT nextval('DTD001_SALESORDERREQOEM_V_SEQ')
===========>     (SEVERE)   DB.GetSQLValue: [18]SELECT nextval('DTD001_SALESORDERREQOEM_V_SEQ') => 42P01: relation "dtd001_salesorderreqoem_v_seq" does not exist

POSITION: 16
===========>     (SEVERE)   PostgreHelper.ExecuteReader: [18]42P01: relation "dtd001_salesreport_v_seq" does not exist

POSITION: 16 [Query DR] SELECT nextval('DTD001_SALESREPORT_V_SEQ')
===========>     (SEVERE)   PostgreHelper.ExecuteReader: [18]42P01: relation "dtd001_salesreport_v_seq" does not exist

POSITION: 16 [Query DR] SELECT nextval('DTD001_SALESREPORT_V_SEQ')
===========>     (SEVERE)   DB.GetSQLValue: [18]SELECT nextval('DTD001_SALESREPORT_V_SEQ') => 42P01: relation "dtd001_salesreport_v_seq" does not exist

POSITION: 16
===========>     (SEVERE)   PostgreHelper.ExecuteReader: [18]42P01: relation "dtd001_stockagingreport_v_seq" does not exist

POSITION: 16 [Query DR] SELECT nextval('DTD001_STOCKAGINGREPORT_V_SEQ')
===========>     (SEVERE)   PostgreHelper.ExecuteReader: [18]42P01: relation "dtd001_stockagingreport_v_seq" does not exist

POSITION: 16 [Query DR] SELECT nextval('DTD001_STOCKAGINGREPORT_V_SEQ')
===========>     (SEVERE)   DB.GetSQLValue: [18]SELECT nextval('DTD001_STOCKAGINGREPORT_V_SEQ') => 42P01: relation "dtd001_stockagingreport_v_seq" does not exist

POSITION: 16
===========>     (SEVERE)   DB.ExecuteQuery: [18] => 22003: setval: value 999999 is out of bounds for sequence "dtd001_tempopenreq_seq" (1000000..2147483647)
----------->     (WARNING)  DB.ExecuteQuery: [18]DBExecuteError - 22003: setval: value 999999 is out of bounds for sequence "dtd001_tempopenreq_seq" (1000000..2147483647)
05:36:54.365    (INFO)     NativeSequence.AddLog: [18]0 -  -  - Sequence not Updated For :DTD001_TEMPOPENREQ_SEQ
===========>     (SEVERE)   DB.ExecuteQuery: [18] => 22003: setval: value 999999 is out of bounds for sequence "fact_acct_balance_seq" (1000000..2147483647)
----------->     (WARNING)  DB.ExecuteQuery: [18]DBExecuteError - 22003: setval: value 999999 is out of bounds for sequence "fact_acct_balance_seq" (1000000..2147483647)
05:36:54.365    (INFO)     NativeSequence.AddLog: [18]0 -  -  - Sequence not Updated For :Fact_Acct_Balance_SEQ
===========>     (SEVERE)   DB.ExecuteQuery: [18] => 22003: setval: value 999999 is out of bounds for sequence "gl_assignacctschema_seq" (1000000..2147483647)
----------->     (WARNING)  DB.ExecuteQuery: [18]DBExecuteError - 22003: setval: value 999999 is out of bounds for sequence "gl_assignacctschema_seq" (1000000..2147483647)
05:36:54.365    (INFO)     NativeSequence.AddLog: [18]0 -  -  - Sequence not Updated For :GL_AssignAcctSchema_SEQ
===========>     (SEVERE)   DB.ExecuteQuery: [18] => 22003: setval: value 999999 is out of bounds for sequence "gl_budget_seq" (1000000..2147483647)
----------->     (WARNING)  DB.ExecuteQuery: [18]DBExecuteError - 22003: setval: value 999999 is out of bounds for sequence "gl_budget_seq" (1000000..2147483647)
05:36:54.365    (INFO)     NativeSequence.AddLog: [18]0 -  -  - Sequence not Updated For :GL_Budget_SEQ
===========>     (SEVERE)   DB.ExecuteQuery: [18] => 22003: setval: value 999999 is out of bounds for sequence "gl_budgetcontrol_seq" (1000000..2147483647)
----------->     (WARNING)  DB.ExecuteQuery: [18]DBExecuteError - 22003: setval: value 999999 is out of bounds for sequence "gl_budgetcontrol_seq" (1000000..2147483647)
05:36:54.365    (INFO)     NativeSequence.AddLog: [18]0 -  -  - Sequence not Updated For :GL_BudgetControl_SEQ
===========>     (SEVERE)   DB.ExecuteQuery: [18] => 22003: setval: value 999999 is out of bounds for sequence "gl_budgetcontroldimension_seq" (1000000..2147483647)
----------->     (WARNING)  DB.ExecuteQuery: [18]DBExecuteError - 22003: setval: value 999999 is out of bounds for sequence "gl_budgetcontroldimension_seq" (1000000..2147483647)
05:36:54.365    (INFO)     NativeSequence.AddLog: [18]0 -  -  - Sequence not Updated For :GL_BudgetControlDimension_SEQ
===========>     (SEVERE)   DB.ExecuteQuery: [18] => 22003: setval: value 999999 is out of bounds for sequence "gl_distribution_seq" (1000000..2147483647)
----------->     (WARNING)  DB.ExecuteQuery: [18]DBExecuteError - 22003: setval: value 999999 is out of bounds for sequence "gl_distribution_seq" (1000000..2147483647)
05:36:54.365    (INFO)     NativeSequence.AddLog: [18]0 -  -  - Sequence not Updated For :GL_Distribution_SEQ
===========>     (SEVERE)   DB.ExecuteQuery: [18] => 22003: setval: value 999999 is out of bounds for sequence "gl_distributionline_seq" (1000000..2147483647)
----------->     (WARNING)  DB.ExecuteQuery: [18]DBExecuteError - 22003: setval: value 999999 is out of bounds for sequence "gl_distributionline_seq" (1000000..2147483647)
05:36:54.365    (INFO)     NativeSequence.AddLog: [18]0 -  -  - Sequence not Updated For :GL_DistributionLine_SEQ
===========>     (SEVERE)   DB.ExecuteQuery: [18] => 22003: setval: value 999999 is out of bounds for sequence "gl_fund_seq" (1000000..2147483647)
----------->     (WARNING)  DB.ExecuteQuery: [18]DBExecuteError - 22003: setval: value 999999 is out of bounds for sequence "gl_fund_seq" (1000000..2147483647)
05:36:54.365    (INFO)     NativeSequence.AddLog: [18]0 -  -  - Sequence not Updated For :GL_Fund_SEQ
===========>     (SEVERE)   DB.ExecuteQuery: [18] => 22003: setval: value 999999 is out of bounds for sequence "gl_fundrestriction_seq" (1000000..2147483647)
----------->     (WARNING)  DB.ExecuteQuery: [18]DBExecuteError - 22003: setval: value 999999 is out of bounds for sequence "gl_fundrestriction_seq" (1000000..2147483647)
05:36:54.365    (INFO)     NativeSequence.AddLog: [18]0 -  -  - Sequence not Updated For :GL_FundRestriction_SEQ
===========>     (SEVERE)   PostgreHelper.ExecuteReader: [18]42P01: relation "gl_journalline_acct_v_seq" does not exist

POSITION: 16 [Query DR] SELECT nextval('GL_JOURNALLINE_ACCT_V_SEQ')
===========>     (SEVERE)   PostgreHelper.ExecuteReader: [18]42P01: relation "gl_journalline_acct_v_seq" does not exist

POSITION: 16 [Query DR] SELECT nextval('GL_JOURNALLINE_ACCT_V_SEQ')
===========>     (SEVERE)   DB.GetSQLValue: [18]SELECT nextval('GL_JOURNALLINE_ACCT_V_SEQ') => 42P01: relation "gl_journalline_acct_v_seq" does not exist

POSITION: 16
===========>     (SEVERE)   DB.ExecuteQuery: [18] => 22003: setval: value 999999 is out of bounds for sequence "gl_linedimension_seq" (1000000..2147483647)
----------->     (WARNING)  DB.ExecuteQuery: [18]DBExecuteError - 22003: setval: value 999999 is out of bounds for sequence "gl_linedimension_seq" (1000000..2147483647)
05:36:54.365    (INFO)     NativeSequence.AddLog: [18]0 -  -  - Sequence not Updated For :GL_LineDimension_SEQ
===========>     (SEVERE)   DB.ExecuteQuery: [18] => 22003: setval: value 999999 is out of bounds for sequence "gl_redistribution_seq" (1000000..2147483647)
----------->     (WARNING)  DB.ExecuteQuery: [18]DBExecuteError - 22003: setval: value 999999 is out of bounds for sequence "gl_redistribution_seq" (1000000..2147483647)
05:36:54.365    (INFO)     NativeSequence.AddLog: [18]0 -  -  - Sequence not Updated For :GL_ReDistribution_SEQ
===========>     (SEVERE)   DB.ExecuteQuery: [18] => 22003: setval: value 999999 is out of bounds for sequence "gl_redistributionline_seq" (1000000..2147483647)
----------->     (WARNING)  DB.ExecuteQuery: [18]DBExecuteError - 22003: setval: value 999999 is out of bounds for sequence "gl_redistributionline_seq" (1000000..2147483647)
05:36:54.365    (INFO)     NativeSequence.AddLog: [18]0 -  -  - Sequence not Updated For :GL_ReDistributionLine_SEQ
===========>     (SEVERE)   DB.ExecuteQuery: [18] => 22003: setval: value 999999 is out of bounds for sequence "i_bankstatement_seq" (1000000..2147483647)
----------->     (WARNING)  DB.ExecuteQuery: [18]DBExecuteError - 22003: setval: value 999999 is out of bounds for sequence "i_bankstatement_seq" (1000000..2147483647)
05:36:54.365    (INFO)     NativeSequence.AddLog: [18]0 -  -  - Sequence not Updated For :I_BankStatement_SEQ
===========>     (SEVERE)   DB.ExecuteQuery: [18] => 22003: setval: value 999999 is out of bounds for sequence "i_bomproduct_seq" (1000000..2147483647)
----------->     (WARNING)  DB.ExecuteQuery: [18]DBExecuteError - 22003: setval: value 999999 is out of bounds for sequence "i_bomproduct_seq" (1000000..2147483647)
05:36:54.365    (INFO)     NativeSequence.AddLog: [18]0 -  -  - Sequence not Updated For :I_BOMProduct_SEQ
===========>     (SEVERE)   DB.ExecuteQuery: [18] => 22003: setval: value 999999 is out of bounds for sequence "i_contact_seq" (1000000..2147483647)
----------->     (WARNING)  DB.ExecuteQuery: [18]DBExecuteError - 22003: setval: value 999999 is out of bounds for sequence "i_contact_seq" (1000000..2147483647)
05:36:54.365    (INFO)     NativeSequence.AddLog: [18]0 -  -  - Sequence not Updated For :I_Contact_SEQ
===========>     (SEVERE)   DB.ExecuteQuery: [18] => 22003: setval: value 999999 is out of bounds for sequence "i_conversion_rate_seq" (1000000..2147483647)
----------->     (WARNING)  DB.ExecuteQuery: [18]DBExecuteError - 22003: setval: value 999999 is out of bounds for sequence "i_conversion_rate_seq" (1000000..2147483647)
05:36:54.365    (INFO)     NativeSequence.AddLog: [18]0 -  -  - Sequence not Updated For :I_Conversion_Rate_SEQ
===========>     (SEVERE)   DB.ExecuteQuery: [18] => 22003: setval: value 999999 is out of bounds for sequence "i_gljournal_seq" (1000000..2147483647)
----------->     (WARNING)  DB.ExecuteQuery: [18]DBExecuteError - 22003: setval: value 999999 is out of bounds for sequence "i_gljournal_seq" (1000000..2147483647)
05:36:54.365    (INFO)     NativeSequence.AddLog: [18]0 -  -  - Sequence not Updated For :I_GLJournal_SEQ
===========>     (SEVERE)   DB.ExecuteQuery: [18] => 22003: setval: value 999999 is out of bounds for sequence "i_inoutlineconfirm_seq" (1000000..2147483647)
----------->     (WARNING)  DB.ExecuteQuery: [18]DBExecuteError - 22003: setval: value 999999 is out of bounds for sequence "i_inoutlineconfirm_seq" (1000000..2147483647)
05:36:54.365    (INFO)     NativeSequence.AddLog: [18]0 -  -  - Sequence not Updated For :I_InOutLineConfirm_SEQ
===========>     (SEVERE)   DB.ExecuteQuery: [18] => 22003: setval: value 999999 is out of bounds for sequence "i_inventory_seq" (1000000..2147483647)
----------->     (WARNING)  DB.ExecuteQuery: [18]DBExecuteError - 22003: setval: value 999999 is out of bounds for sequence "i_inventory_seq" (1000000..2147483647)
05:36:54.365    (INFO)     NativeSequence.AddLog: [18]0 -  -  - Sequence not Updated For :I_Inventory_SEQ
===========>     (SEVERE)   DB.ExecuteQuery: [18] => 22003: setval: value 999999 is out of bounds for sequence "i_invoice_seq" (1000000..2147483647)
----------->     (WARNING)  DB.ExecuteQuery: [18]DBExecuteError - 22003: setval: value 999999 is out of bounds for sequence "i_invoice_seq" (1000000..2147483647)
05:36:54.365    (INFO)     NativeSequence.AddLog: [18]0 -  -  - Sequence not Updated For :I_Invoice_SEQ
===========>     (SEVERE)   DB.ExecuteQuery: [18] => 22003: setval: value 999999 is out of bounds for sequence "i_order_seq" (1000000..2147483647)
----------->     (WARNING)  DB.ExecuteQuery: [18]DBExecuteError - 22003: setval: value 999999 is out of bounds for sequence "i_order_seq" (1000000..2147483647)
05:36:54.365    (INFO)     NativeSequence.AddLog: [18]0 -  -  - Sequence not Updated For :I_Order_SEQ
===========>     (SEVERE)   DB.ExecuteQuery: [18] => 22003: setval: value 999999 is out of bounds for sequence "i_payment_seq" (1000000..2147483647)
----------->     (WARNING)  DB.ExecuteQuery: [18]DBExecuteError - 22003: setval: value 999999 is out of bounds for sequence "i_payment_seq" (1000000..2147483647)
05:36:54.365    (INFO)     NativeSequence.AddLog: [18]0 -  -  - Sequence not Updated For :I_Payment_SEQ
===========>     (SEVERE)   DB.ExecuteQuery: [18] => 22003: setval: value 999999 is out of bounds for sequence "i_productcost_seq" (1000000..2147483647)
----------->     (WARNING)  DB.ExecuteQuery: [18]DBExecuteError - 22003: setval: value 999999 is out of bounds for sequence "i_productcost_seq" (1000000..2147483647)
05:36:54.365    (INFO)     NativeSequence.AddLog: [18]0 -  -  - Sequence not Updated For :I_ProductCost_SEQ
===========>     (SEVERE)   DB.ExecuteQuery: [18] => 22003: setval: value 999999 is out of bounds for sequence "i_reportline_seq" (1000000..2147483647)
----------->     (WARNING)  DB.ExecuteQuery: [18]DBExecuteError - 22003: setval: value 999999 is out of bounds for sequence "i_reportline_seq" (1000000..2147483647)
05:36:54.365    (INFO)     NativeSequence.AddLog: [18]0 -  -  - Sequence not Updated For :I_ReportLine_SEQ
===========>     (SEVERE)   DB.ExecuteQuery: [18] => 22003: setval: value 999999 is out of bounds for sequence "i_request_seq" (1000000..2147483647)
----------->     (WARNING)  DB.ExecuteQuery: [18]DBExecuteError - 22003: setval: value 999999 is out of bounds for sequence "i_request_seq" (1000000..2147483647)
05:36:54.365    (INFO)     NativeSequence.AddLog: [18]0 -  -  - Sequence not Updated For :I_Request_SEQ
===========>     (SEVERE)   DB.ExecuteQuery: [18] => 22003: setval: value 999999 is out of bounds for sequence "i_tlelement_trl_seq" (1000000..2147483647)
----------->     (WARNING)  DB.ExecuteQuery: [18]DBExecuteError - 22003: setval: value 999999 is out of bounds for sequence "i_tlelement_trl_seq" (1000000..2147483647)
05:36:54.365    (INFO)     NativeSequence.AddLog: [18]0 -  -  - Sequence not Updated For :I_TLElement_Trl_SEQ
===========>     (SEVERE)   DB.ExecuteQuery: [18] => 22003: setval: value 999999 is out of bounds for sequence "i_tlfield_trl_seq" (1000000..2147483647)
----------->     (WARNING)  DB.ExecuteQuery: [18]DBExecuteError - 22003: setval: value 999999 is out of bounds for sequence "i_tlfield_trl_seq" (1000000..2147483647)
05:36:54.365    (INFO)     NativeSequence.AddLog: [18]0 -  -  - Sequence not Updated For :I_TLField_Trl_SEQ
===========>     (SEVERE)   DB.ExecuteQuery: [18] => 22003: setval: value 999999 is out of bounds for sequence "i_tlfieldgroup_trl_seq" (1000000..2147483647)
----------->     (WARNING)  DB.ExecuteQuery: [18]DBExecuteError - 22003: setval: value 999999 is out of bounds for sequence "i_tlfieldgroup_trl_seq" (1000000..2147483647)
05:36:54.365    (INFO)     NativeSequence.AddLog: [18]0 -  -  - Sequence not Updated For :I_TLFieldGroup_Trl_SEQ
===========>     (SEVERE)   DB.ExecuteQuery: [18] => 22003: setval: value 999999 is out of bounds for sequence "i_tlform_trl_seq" (1000000..2147483647)
----------->     (WARNING)  DB.ExecuteQuery: [18]DBExecuteError - 22003: setval: value 999999 is out of bounds for sequence "i_tlform_trl_seq" (1000000..2147483647)
05:36:54.365    (INFO)     NativeSequence.AddLog: [18]0 -  -  - Sequence not Updated For :I_TLForm_Trl_SEQ
===========>     (SEVERE)   DB.ExecuteQuery: [18] => 22003: setval: value 999999 is out of bounds for sequence "i_tllanguage_seq" (1000000..2147483647)
----------->     (WARNING)  DB.ExecuteQuery: [18]DBExecuteError - 22003: setval: value 999999 is out of bounds for sequence "i_tllanguage_seq" (1000000..2147483647)
05:36:54.365    (INFO)     NativeSequence.AddLog: [18]0 -  -  - Sequence not Updated For :I_TLLanguage_SEQ
===========>     (SEVERE)   DB.ExecuteQuery: [18] => 22003: setval: value 999999 is out of bounds for sequence "i_tlmenu_trl_seq" (1000000..2147483647)
----------->     (WARNING)  DB.ExecuteQuery: [18]DBExecuteError - 22003: setval: value 999999 is out of bounds for sequence "i_tlmenu_trl_seq" (1000000..2147483647)
05:36:54.365    (INFO)     NativeSequence.AddLog: [18]0 -  -  - Sequence not Updated For :I_TLMenu_Trl_SEQ
===========>     (SEVERE)   DB.ExecuteQuery: [18] => 22003: setval: value 999999 is out of bounds for sequence "i_tlmessage_trl_seq" (1000000..2147483647)
----------->     (WARNING)  DB.ExecuteQuery: [18]DBExecuteError - 22003: setval: value 999999 is out of bounds for sequence "i_tlmessage_trl_seq" (1000000..2147483647)
05:36:54.365    (INFO)     NativeSequence.AddLog: [18]0 -  -  - Sequence not Updated For :I_TLMessage_Trl_SEQ
===========>     (SEVERE)   DB.ExecuteQuery: [18] => 22003: setval: value 999999 is out of bounds for sequence "i_tlprocess_trl_seq" (1000000..2147483647)
----------->     (WARNING)  DB.ExecuteQuery: [18]DBExecuteError - 22003: setval: value 999999 is out of bounds for sequence "i_tlprocess_trl_seq" (1000000..2147483647)
05:36:54.365    (INFO)     NativeSequence.AddLog: [18]0 -  -  - Sequence not Updated For :I_TLProcess_Trl_SEQ
===========>     (SEVERE)   DB.ExecuteQuery: [18] => 22003: setval: value 999999 is out of bounds for sequence "i_tlref_list_trl_seq" (1000000..2147483647)
----------->     (WARNING)  DB.ExecuteQuery: [18]DBExecuteError - 22003: setval: value 999999 is out of bounds for sequence "i_tlref_list_trl_seq" (1000000..2147483647)
05:36:54.365    (INFO)     NativeSequence.AddLog: [18]0 -  -  - Sequence not Updated For :I_TLRef_List_Trl_SEQ
===========>     (SEVERE)   DB.ExecuteQuery: [18] => 22003: setval: value 999999 is out of bounds for sequence "i_tltab_trl_seq" (1000000..2147483647)
----------->     (WARNING)  DB.ExecuteQuery: [18]DBExecuteError - 22003: setval: value 999999 is out of bounds for sequence "i_tltab_trl_seq" (1000000..2147483647)
05:36:54.365    (INFO)     NativeSequence.AddLog: [18]0 -  -  - Sequence not Updated For :I_TLTab_Trl_SEQ
===========>     (SEVERE)   DB.ExecuteQuery: [18] => 22003: setval: value 999999 is out of bounds for sequence "i_tltask_trl_seq" (1000000..2147483647)
----------->     (WARNING)  DB.ExecuteQuery: [18]DBExecuteError - 22003: setval: value 999999 is out of bounds for sequence "i_tltask_trl_seq" (1000000..2147483647)
05:36:54.365    (INFO)     NativeSequence.AddLog: [18]0 -  -  - Sequence not Updated For :I_TLTask_Trl_SEQ
===========>     (SEVERE)   DB.ExecuteQuery: [18] => 22003: setval: value 999999 is out of bounds for sequence "i_tlwf_node_trl_seq" (1000000..2147483647)
----------->     (WARNING)  DB.ExecuteQuery: [18]DBExecuteError - 22003: setval: value 999999 is out of bounds for sequence "i_tlwf_node_trl_seq" (1000000..2147483647)
05:36:54.365    (INFO)     NativeSequence.AddLog: [18]0 -  -  - Sequence not Updated For :I_TLWF_Node_Trl_SEQ
===========>     (SEVERE)   DB.ExecuteQuery: [18] => 22003: setval: value 999999 is out of bounds for sequence "i_tlwindow_trl_seq" (1000000..2147483647)
----------->     (WARNING)  DB.ExecuteQuery: [18]DBExecuteError - 22003: setval: value 999999 is out of bounds for sequence "i_tlwindow_trl_seq" (1000000..2147483647)
05:36:54.365    (INFO)     NativeSequence.AddLog: [18]0 -  -  - Sequence not Updated For :I_TLWindow_Trl_SEQ
===========>     (SEVERE)   DB.ExecuteQuery: [18] => 22003: setval: value 999999 is out of bounds for sequence "i_tlworkflow_trl_seq" (1000000..2147483647)
----------->     (WARNING)  DB.ExecuteQuery: [18]DBExecuteError - 22003: setval: value 999999 is out of bounds for sequence "i_tlworkflow_trl_seq" (1000000..2147483647)
05:36:54.365    (INFO)     NativeSequence.AddLog: [18]0 -  -  - Sequence not Updated For :I_TLWorkflow_Trl_SEQ
===========>     (SEVERE)   DB.ExecuteQuery: [18] => 22003: setval: value 999999 is out of bounds for sequence "ip_requirement_seq" (1000000..2147483647)
----------->     (WARNING)  DB.ExecuteQuery: [18]DBExecuteError - 22003: setval: value 999999 is out of bounds for sequence "ip_requirement_seq" (1000000..2147483647)
05:36:54.365    (INFO)     NativeSequence.AddLog: [18]0 -  -  - Sequence not Updated For :IP_Requirement_SEQ
===========>     (SEVERE)   DB.ExecuteQuery: [18] => 22003: setval: value 999999 is out of bounds for sequence "k_category_seq" (1000000..2147483647)
----------->     (WARNING)  DB.ExecuteQuery: [18]DBExecuteError - 22003: setval: value 999999 is out of bounds for sequence "k_category_seq" (1000000..2147483647)
05:36:54.365    (INFO)     NativeSequence.AddLog: [18]0 -  -  - Sequence not Updated For :K_Category_SEQ
===========>     (SEVERE)   DB.ExecuteQuery: [18] => 22003: setval: value 999999 is out of bounds for sequence "k_categoryvalue_seq" (1000000..2147483647)
----------->     (WARNING)  DB.ExecuteQuery: [18]DBExecuteError - 22003: setval: value 999999 is out of bounds for sequence "k_categoryvalue_seq" (1000000..2147483647)
05:36:54.365    (INFO)     NativeSequence.AddLog: [18]0 -  -  - Sequence not Updated For :K_CategoryValue_SEQ
===========>     (SEVERE)   DB.ExecuteQuery: [18] => 22003: setval: value 999999 is out of bounds for sequence "k_comment_seq" (1000000..2147483647)
----------->     (WARNING)  DB.ExecuteQuery: [18]DBExecuteError - 22003: setval: value 999999 is out of bounds for sequence "k_comment_seq" (1000000..2147483647)
05:36:54.365    (INFO)     NativeSequence.AddLog: [18]0 -  -  - Sequence not Updated For :K_Comment_SEQ
===========>     (SEVERE)   DB.ExecuteQuery: [18] => 22003: setval: value 999999 is out of bounds for sequence "k_entry_seq" (1000000..2147483647)
----------->     (WARNING)  DB.ExecuteQuery: [18]DBExecuteError - 22003: setval: value 999999 is out of bounds for sequence "k_entry_seq" (1000000..2147483647)
05:36:54.365    (INFO)     NativeSequence.AddLog: [18]0 -  -  - Sequence not Updated For :K_Entry_SEQ
===========>     (SEVERE)   DB.ExecuteQuery: [18] => 22003: setval: value 999999 is out of bounds for sequence "k_entrycategory_seq" (1000000..2147483647)
----------->     (WARNING)  DB.ExecuteQuery: [18]DBExecuteError - 22003: setval: value 999999 is out of bounds for sequence "k_entrycategory_seq" (1000000..2147483647)
05:36:54.365    (INFO)     NativeSequence.AddLog: [18]0 -  -  - Sequence not Updated For :K_EntryCategory_SEQ
===========>     (SEVERE)   DB.ExecuteQuery: [18] => 22003: setval: value 999999 is out of bounds for sequence "k_entryrelated_seq" (1000000..2147483647)
----------->     (WARNING)  DB.ExecuteQuery: [18]DBExecuteError - 22003: setval: value 999999 is out of bounds for sequence "k_entryrelated_seq" (1000000..2147483647)
05:36:54.365    (INFO)     NativeSequence.AddLog: [18]0 -  -  - Sequence not Updated For :K_EntryRelated_SEQ
===========>     (SEVERE)   DB.ExecuteQuery: [18] => 22003: setval: value 999999 is out of bounds for sequence "k_index_seq" (1000000..2147483647)
----------->     (WARNING)  DB.ExecuteQuery: [18]DBExecuteError - 22003: setval: value 999999 is out of bounds for sequence "k_index_seq" (1000000..2147483647)
05:36:54.365    (INFO)     NativeSequence.AddLog: [18]0 -  -  - Sequence not Updated For :K_Index_SEQ
===========>     (SEVERE)   DB.ExecuteQuery: [18] => 22003: setval: value 999999 is out of bounds for sequence "k_indexlog_seq" (1000000..2147483647)
----------->     (WARNING)  DB.ExecuteQuery: [18]DBExecuteError - 22003: setval: value 999999 is out of bounds for sequence "k_indexlog_seq" (1000000..2147483647)
05:36:54.365    (INFO)     NativeSequence.AddLog: [18]0 -  -  - Sequence not Updated For :K_IndexLog_SEQ
===========>     (SEVERE)   DB.ExecuteQuery: [18] => 22003: setval: value 999999 is out of bounds for sequence "k_indexstop_seq" (1000000..2147483647)
----------->     (WARNING)  DB.ExecuteQuery: [18]DBExecuteError - 22003: setval: value 999999 is out of bounds for sequence "k_indexstop_seq" (1000000..2147483647)
05:36:54.365    (INFO)     NativeSequence.AddLog: [18]0 -  -  - Sequence not Updated For :K_IndexStop_SEQ
===========>     (SEVERE)   DB.ExecuteQuery: [18] => 22003: setval: value 999999 is out of bounds for sequence "k_source_seq" (1000000..2147483647)
----------->     (WARNING)  DB.ExecuteQuery: [18]DBExecuteError - 22003: setval: value 999999 is out of bounds for sequence "k_source_seq" (1000000..2147483647)
05:36:54.365    (INFO)     NativeSequence.AddLog: [18]0 -  -  - Sequence not Updated For :K_Source_SEQ
===========>     (SEVERE)   DB.ExecuteQuery: [18] => 22003: setval: value 999999 is out of bounds for sequence "k_synonym_seq" (1000000..2147483647)
----------->     (WARNING)  DB.ExecuteQuery: [18]DBExecuteError - 22003: setval: value 999999 is out of bounds for sequence "k_synonym_seq" (1000000..2147483647)
05:36:54.365    (INFO)     NativeSequence.AddLog: [18]0 -  -  - Sequence not Updated For :K_Synonym_SEQ
===========>     (SEVERE)   DB.ExecuteQuery: [18] => 22003: setval: value 999999 is out of bounds for sequence "k_topic_seq" (1000000..2147483647)
----------->     (WARNING)  DB.ExecuteQuery: [18]DBExecuteError - 22003: setval: value 999999 is out of bounds for sequence "k_topic_seq" (1000000..2147483647)
05:36:54.365    (INFO)     NativeSequence.AddLog: [18]0 -  -  - Sequence not Updated For :K_Topic_SEQ
===========>     (SEVERE)   DB.ExecuteQuery: [18] => 22003: setval: value 999999 is out of bounds for sequence "k_type_seq" (1000000..2147483647)
----------->     (WARNING)  DB.ExecuteQuery: [18]DBExecuteError - 22003: setval: value 999999 is out of bounds for sequence "k_type_seq" (1000000..2147483647)
05:36:54.365    (INFO)     NativeSequence.AddLog: [18]0 -  -  - Sequence not Updated For :K_Type_SEQ
===========>     (SEVERE)   PostgreHelper.ExecuteReader: [18]42P01: relation "lead_seq" does not exist

POSITION: 16 [Query DR] SELECT nextval('LEAD_SEQ')
===========>     (SEVERE)   PostgreHelper.ExecuteReader: [18]42P01: relation "lead_seq" does not exist

POSITION: 16 [Query DR] SELECT nextval('LEAD_SEQ')
===========>     (SEVERE)   DB.GetSQLValue: [18]SELECT nextval('LEAD_SEQ') => 42P01: relation "lead_seq" does not exist

POSITION: 16
===========>     (SEVERE)   DB.ExecuteQuery: [18] => 22003: setval: value 999999 is out of bounds for sequence "m_attributeinstance_seq" (1000000..2147483647)
----------->     (WARNING)  DB.ExecuteQuery: [18]DBExecuteError - 22003: setval: value 999999 is out of bounds for sequence "m_attributeinstance_seq" (1000000..2147483647)
05:36:54.365    (INFO)     NativeSequence.AddLog: [18]0 -  -  - Sequence not Updated For :M_AttributeInstance_SEQ
===========>     (SEVERE)   DB.ExecuteQuery: [18] => 22003: setval: value 999999 is out of bounds for sequence "m_attributesearch_seq" (1000000..2147483647)
----------->     (WARNING)  DB.ExecuteQuery: [18]DBExecuteError - 22003: setval: value 999999 is out of bounds for sequence "m_attributesearch_seq" (1000000..2147483647)
05:36:54.365    (INFO)     NativeSequence.AddLog: [18]0 -  -  - Sequence not Updated For :M_AttributeSearch_SEQ
===========>     (SEVERE)   PostgreHelper.ExecuteReader: [18]42P01: relation "m_attributesetctlexclude_seq" does not exist

POSITION: 16 [Query DR] SELECT nextval('M_ATTRIBUTESETCTLEXCLUDE_SEQ')
===========>     (SEVERE)   PostgreHelper.ExecuteReader: [18]42P01: relation "m_attributesetctlexclude_seq" does not exist

POSITION: 16 [Query DR] SELECT nextval('M_ATTRIBUTESETCTLEXCLUDE_SEQ')
===========>     (SEVERE)   DB.GetSQLValue: [18]SELECT nextval('M_ATTRIBUTESETCTLEXCLUDE_SEQ') => 42P01: relation "m_attributesetctlexclude_seq" does not exist

POSITION: 16
===========>     (SEVERE)   DB.ExecuteQuery: [18] => 22003: setval: value 999999 is out of bounds for sequence "m_attributesetexclude_seq" (1000000..2147483647)
----------->     (WARNING)  DB.ExecuteQuery: [18]DBExecuteError - 22003: setval: value 999999 is out of bounds for sequence "m_attributesetexclude_seq" (1000000..2147483647)
05:36:54.365    (INFO)     NativeSequence.AddLog: [18]0 -  -  - Sequence not Updated For :M_AttributeSetExclude_SEQ
===========>     (SEVERE)   DB.ExecuteQuery: [18] => 22003: setval: value 999999 is out of bounds for sequence "m_attributeuse_seq" (1000000..2147483647)
----------->     (WARNING)  DB.ExecuteQuery: [18]DBExecuteError - 22003: setval: value 999999 is out of bounds for sequence "m_attributeuse_seq" (1000000..2147483647)
05:36:54.365    (INFO)     NativeSequence.AddLog: [18]0 -  -  - Sequence not Updated For :M_AttributeUse_SEQ
===========>     (SEVERE)   DB.ExecuteQuery: [18] => 22003: setval: value 999999 is out of bounds for sequence "m_bomalternative_seq" (1000000..2147483647)
----------->     (WARNING)  DB.ExecuteQuery: [18]DBExecuteError - 22003: setval: value 999999 is out of bounds for sequence "m_bomalternative_seq" (1000000..2147483647)
05:36:54.365    (INFO)     NativeSequence.AddLog: [18]0 -  -  - Sequence not Updated For :M_BOMAlternative_SEQ
===========>     (SEVERE)   DB.ExecuteQuery: [18] => 22003: setval: value 999999 is out of bounds for sequence "m_brand_seq" (1000000..2147483647)
----------->     (WARNING)  DB.ExecuteQuery: [18]DBExecuteError - 22003: setval: value 999999 is out of bounds for sequence "m_brand_seq" (1000000..2147483647)
05:36:55.365    (INFO)     NativeSequence.AddLog: [18]0 -  -  - Sequence not Updated For :M_Brand_SEQ
===========>     (SEVERE)   DB.ExecuteQuery: [18] => 22003: setval: value 999999 is out of bounds for sequence "m_changenotice_seq" (1000000..2147483647)
----------->     (WARNING)  DB.ExecuteQuery: [18]DBExecuteError - 22003: setval: value 999999 is out of bounds for sequence "m_changenotice_seq" (1000000..2147483647)
05:36:55.365    (INFO)     NativeSequence.AddLog: [18]0 -  -  - Sequence not Updated For :M_ChangeNotice_SEQ
===========>     (SEVERE)   DB.ExecuteQuery: [18] => 22003: setval: value 999999 is out of bounds for sequence "m_changerequest_seq" (1000000..2147483647)
----------->     (WARNING)  DB.ExecuteQuery: [18]DBExecuteError - 22003: setval: value 999999 is out of bounds for sequence "m_changerequest_seq" (1000000..2147483647)
05:36:55.365    (INFO)     NativeSequence.AddLog: [18]0 -  -  - Sequence not Updated For :M_ChangeRequest_SEQ
===========>     (SEVERE)   DB.ExecuteQuery: [18] => 22003: setval: value 999999 is out of bounds for sequence "m_containerstorage_seq" (1000000..2147483647)
----------->     (WARNING)  DB.ExecuteQuery: [18]DBExecuteError - 22003: setval: value 999999 is out of bounds for sequence "m_containerstorage_seq" (1000000..2147483647)
05:36:55.365    (INFO)     NativeSequence.AddLog: [18]0 -  -  - Sequence not Updated For :M_ContainerStorage_SEQ
===========>     (SEVERE)   DB.ExecuteQuery: [18] => 22003: setval: value 999999 is out of bounds for sequence "m_cost_foreigncurrency_seq" (1000000..2147483647)
----------->     (WARNING)  DB.ExecuteQuery: [18]DBExecuteError - 22003: setval: value 999999 is out of bounds for sequence "m_cost_foreigncurrency_seq" (1000000..2147483647)
05:36:55.365    (INFO)     NativeSequence.AddLog: [18]0 -  -  - Sequence not Updated For :M_Cost_ForeignCurrency_SEQ
===========>     (SEVERE)   DB.ExecuteQuery: [18] => 22003: setval: value 999999 is out of bounds for sequence "m_costelementdetail_seq" (1000000..2147483647)
----------->     (WARNING)  DB.ExecuteQuery: [18]DBExecuteError - 22003: setval: value 999999 is out of bounds for sequence "m_costelementdetail_seq" (1000000..2147483647)
05:36:55.365    (INFO)     NativeSequence.AddLog: [18]0 -  -  - Sequence not Updated For :M_CostElementDetail_SEQ
===========>     (SEVERE)   DB.ExecuteQuery: [18] => 22003: setval: value 999999 is out of bounds for sequence "m_costelementline_seq" (1000000..2147483647)
----------->     (WARNING)  DB.ExecuteQuery: [18]DBExecuteError - 22003: setval: value 999999 is out of bounds for sequence "m_costelementline_seq" (1000000..2147483647)
05:36:55.365    (INFO)     NativeSequence.AddLog: [18]0 -  -  - Sequence not Updated For :M_CostElementLine_SEQ
===========>     (SEVERE)   DB.ExecuteQuery: [18] => 22003: setval: value 999999 is out of bounds for sequence "m_costqueuetransaction_seq" (1000000..2147483647)
----------->     (WARNING)  DB.ExecuteQuery: [18]DBExecuteError - 22003: setval: value 999999 is out of bounds for sequence "m_costqueuetransaction_seq" (1000000..2147483647)
05:36:55.365    (INFO)     NativeSequence.AddLog: [18]0 -  -  - Sequence not Updated For :M_CostQueueTransaction_SEQ
===========>     (SEVERE)   DB.ExecuteQuery: [18] => 22003: setval: value 999999 is out of bounds for sequence "m_costupdate_seq" (1000000..2147483647)
----------->     (WARNING)  DB.ExecuteQuery: [18]DBExecuteError - 22003: setval: value 999999 is out of bounds for sequence "m_costupdate_seq" (1000000..2147483647)
05:36:55.365    (INFO)     NativeSequence.AddLog: [18]0 -  -  - Sequence not Updated For :M_CostUpdate_SEQ
===========>     (SEVERE)   DB.ExecuteQuery: [18] => 22003: setval: value 999999 is out of bounds for sequence "m_costupdateline_seq" (1000000..2147483647)
----------->     (WARNING)  DB.ExecuteQuery: [18]DBExecuteError - 22003: setval: value 999999 is out of bounds for sequence "m_costupdateline_seq" (1000000..2147483647)
05:36:55.365    (INFO)     NativeSequence.AddLog: [18]0 -  -  - Sequence not Updated For :M_CostUpdateLine_SEQ
===========>     (SEVERE)   DB.ExecuteQuery: [18] => 22003: setval: value 999999 is out of bounds for sequence "m_customtariff_seq" (1000000..2147483647)
----------->     (WARNING)  DB.ExecuteQuery: [18]DBExecuteError - 22003: setval: value 999999 is out of bounds for sequence "m_customtariff_seq" (1000000..2147483647)
05:36:55.365    (INFO)     NativeSequence.AddLog: [18]0 -  -  - Sequence not Updated For :M_CustomTariff_SEQ
===========>     (SEVERE)   DB.ExecuteQuery: [18] => 22003: setval: value 999999 is out of bounds for sequence "m_demand_seq" (1000000..2147483647)
----------->     (WARNING)  DB.ExecuteQuery: [18]DBExecuteError - 22003: setval: value 999999 is out of bounds for sequence "m_demand_seq" (1000000..2147483647)
05:36:55.365    (INFO)     NativeSequence.AddLog: [18]0 -  -  - Sequence not Updated For :M_Demand_SEQ
===========>     (SEVERE)   DB.ExecuteQuery: [18] => 22003: setval: value 999999 is out of bounds for sequence "m_demanddetail_seq" (1000000..2147483647)
----------->     (WARNING)  DB.ExecuteQuery: [18]DBExecuteError - 22003: setval: value 999999 is out of bounds for sequence "m_demanddetail_seq" (1000000..2147483647)
05:36:55.365    (INFO)     NativeSequence.AddLog: [18]0 -  -  - Sequence not Updated For :M_DemandDetail_SEQ
===========>     (SEVERE)   DB.ExecuteQuery: [18] => 22003: setval: value 999999 is out of bounds for sequence "m_demandline_seq" (1000000..2147483647)
----------->     (WARNING)  DB.ExecuteQuery: [18]DBExecuteError - 22003: setval: value 999999 is out of bounds for sequence "m_demandline_seq" (1000000..2147483647)
05:36:55.365    (INFO)     NativeSequence.AddLog: [18]0 -  -  - Sequence not Updated For :M_DemandLine_SEQ
===========>     (SEVERE)   DB.ExecuteQuery: [18] => 22003: setval: value 999999 is out of bounds for sequence "m_distributionrun_seq" (1000000..2147483647)
----------->     (WARNING)  DB.ExecuteQuery: [18]DBExecuteError - 22003: setval: value 999999 is out of bounds for sequence "m_distributionrun_seq" (1000000..2147483647)
05:36:55.365    (INFO)     NativeSequence.AddLog: [18]0 -  -  - Sequence not Updated For :M_DistributionRun_SEQ
===========>     (SEVERE)   PostgreHelper.ExecuteReader: [18]42P01: relation "m_edi_seq" does not exist

POSITION: 16 [Query DR] SELECT nextval('M_EDI_SEQ')
===========>     (SEVERE)   PostgreHelper.ExecuteReader: [18]42P01: relation "m_edi_seq" does not exist

POSITION: 16 [Query DR] SELECT nextval('M_EDI_SEQ')
===========>     (SEVERE)   DB.GetSQLValue: [18]SELECT nextval('M_EDI_SEQ') => 42P01: relation "m_edi_seq" does not exist

POSITION: 16
===========>     (SEVERE)   PostgreHelper.ExecuteReader: [18]42P01: relation "m_edi_info_seq" does not exist

POSITION: 16 [Query DR] SELECT nextval('M_EDI_INFO_SEQ')
===========>     (SEVERE)   PostgreHelper.ExecuteReader: [18]42P01: relation "m_edi_info_seq" does not exist

POSITION: 16 [Query DR] SELECT nextval('M_EDI_INFO_SEQ')
===========>     (SEVERE)   DB.GetSQLValue: [18]SELECT nextval('M_EDI_INFO_SEQ') => 42P01: relation "m_edi_info_seq" does not exist

POSITION: 16
===========>     (SEVERE)   DB.ExecuteQuery: [18] => 22003: setval: value 999999 is out of bounds for sequence "m_forecast_seq" (1000000..2147483647)
----------->     (WARNING)  DB.ExecuteQuery: [18]DBExecuteError - 22003: setval: value 999999 is out of bounds for sequence "m_forecast_seq" (1000000..2147483647)
05:36:55.365    (INFO)     NativeSequence.AddLog: [18]0 -  -  - Sequence not Updated For :M_Forecast_SEQ
===========>     (SEVERE)   DB.ExecuteQuery: [18] => 22003: setval: value 999999 is out of bounds for sequence "m_forecastline_seq" (1000000..2147483647)
----------->     (WARNING)  DB.ExecuteQuery: [18]DBExecuteError - 22003: setval: value 999999 is out of bounds for sequence "m_forecastline_seq" (1000000..2147483647)
05:36:55.365    (INFO)     NativeSequence.AddLog: [18]0 -  -  - Sequence not Updated For :M_ForecastLine_SEQ
===========>     (SEVERE)   DB.ExecuteQuery: [18] => 22003: setval: value 999999 is out of bounds for sequence "m_freightimpact_seq" (1000000..2147483647)
----------->     (WARNING)  DB.ExecuteQuery: [18]DBExecuteError - 22003: setval: value 999999 is out of bounds for sequence "m_freightimpact_seq" (1000000..2147483647)
05:36:55.365    (INFO)     NativeSequence.AddLog: [18]0 -  -  - Sequence not Updated For :M_FreightImpact_SEQ
===========>     (SEVERE)   PostgreHelper.ExecuteReader: [18]42P01: relation "m_inout_candidate_v_seq" does not exist

POSITION: 16 [Query DR] SELECT nextval('M_INOUT_CANDIDATE_V_SEQ')
===========>     (SEVERE)   PostgreHelper.ExecuteReader: [18]42P01: relation "m_inout_candidate_v_seq" does not exist

POSITION: 16 [Query DR] SELECT nextval('M_INOUT_CANDIDATE_V_SEQ')
===========>     (SEVERE)   DB.GetSQLValue: [18]SELECT nextval('M_INOUT_CANDIDATE_V_SEQ') => 42P01: relation "m_inout_candidate_v_seq" does not exist

POSITION: 16
===========>     (SEVERE)   PostgreHelper.ExecuteReader: [18]42P01: relation "m_inout_header_v_seq" does not exist

POSITION: 16 [Query DR] SELECT nextval('M_INOUT_HEADER_V_SEQ')
===========>     (SEVERE)   PostgreHelper.ExecuteReader: [18]42P01: relation "m_inout_header_v_seq" does not exist

POSITION: 16 [Query DR] SELECT nextval('M_INOUT_HEADER_V_SEQ')
===========>     (SEVERE)   DB.GetSQLValue: [18]SELECT nextval('M_INOUT_HEADER_V_SEQ') => 42P01: relation "m_inout_header_v_seq" does not exist

POSITION: 16
===========>     (SEVERE)   PostgreHelper.ExecuteReader: [18]42P01: relation "m_inout_header_vt_seq" does not exist

POSITION: 16 [Query DR] SELECT nextval('M_INOUT_HEADER_VT_SEQ')
===========>     (SEVERE)   PostgreHelper.ExecuteReader: [18]42P01: relation "m_inout_header_vt_seq" does not exist

POSITION: 16 [Query DR] SELECT nextval('M_INOUT_HEADER_VT_SEQ')
===========>     (SEVERE)   DB.GetSQLValue: [18]SELECT nextval('M_INOUT_HEADER_VT_SEQ') => 42P01: relation "m_inout_header_vt_seq" does not exist

POSITION: 16
===========>     (SEVERE)   PostgreHelper.ExecuteReader: [18]42P01: relation "m_inout_line_v_seq" does not exist

POSITION: 16 [Query DR] SELECT nextval('M_INOUT_LINE_V_SEQ')
===========>     (SEVERE)   PostgreHelper.ExecuteReader: [18]42P01: relation "m_inout_line_v_seq" does not exist

POSITION: 16 [Query DR] SELECT nextval('M_INOUT_LINE_V_SEQ')
===========>     (SEVERE)   DB.GetSQLValue: [18]SELECT nextval('M_INOUT_LINE_V_SEQ') => 42P01: relation "m_inout_line_v_seq" does not exist

POSITION: 16
===========>     (SEVERE)   PostgreHelper.ExecuteReader: [18]42P01: relation "m_inout_line_vt_seq" does not exist

POSITION: 16 [Query DR] SELECT nextval('M_INOUT_LINE_VT_SEQ')
===========>     (SEVERE)   PostgreHelper.ExecuteReader: [18]42P01: relation "m_inout_line_vt_seq" does not exist

POSITION: 16 [Query DR] SELECT nextval('M_INOUT_LINE_VT_SEQ')
===========>     (SEVERE)   DB.GetSQLValue: [18]SELECT nextval('M_INOUT_LINE_VT_SEQ') => 42P01: relation "m_inout_line_vt_seq" does not exist

POSITION: 16
===========>     (SEVERE)   PostgreHelper.ExecuteReader: [18]42P01: relation "m_inout_lineconfirm_v_seq" does not exist

POSITION: 16 [Query DR] SELECT nextval('M_INOUT_LINECONFIRM_V_SEQ')
===========>     (SEVERE)   PostgreHelper.ExecuteReader: [18]42P01: relation "m_inout_lineconfirm_v_seq" does not exist

POSITION: 16 [Query DR] SELECT nextval('M_INOUT_LINECONFIRM_V_SEQ')
===========>     (SEVERE)   DB.GetSQLValue: [18]SELECT nextval('M_INOUT_LINECONFIRM_V_SEQ') => 42P01: relation "m_inout_lineconfirm_v_seq" does not exist

POSITION: 16
===========>     (SEVERE)   PostgreHelper.ExecuteReader: [18]42P01: relation "m_inout_lineconfirm_vt_seq" does not exist

POSITION: 16 [Query DR] SELECT nextval('M_INOUT_LINECONFIRM_VT_SEQ')
===========>     (SEVERE)   PostgreHelper.ExecuteReader: [18]42P01: relation "m_inout_lineconfirm_vt_seq" does not exist

POSITION: 16 [Query DR] SELECT nextval('M_INOUT_LINECONFIRM_VT_SEQ')
===========>     (SEVERE)   DB.GetSQLValue: [18]SELECT nextval('M_INOUT_LINECONFIRM_VT_SEQ') => 42P01: relation "m_inout_lineconfirm_vt_seq" does not exist

POSITION: 16
===========>     (SEVERE)   PostgreHelper.ExecuteReader: [18]42P01: relation "m_inoutconfirm_v_seq" does not exist

POSITION: 16 [Query DR] SELECT nextval('M_INOUTCONFIRM_V_SEQ')
===========>     (SEVERE)   PostgreHelper.ExecuteReader: [18]42P01: relation "m_inoutconfirm_v_seq" does not exist

POSITION: 16 [Query DR] SELECT nextval('M_INOUTCONFIRM_V_SEQ')
===========>     (SEVERE)   DB.GetSQLValue: [18]SELECT nextval('M_INOUTCONFIRM_V_SEQ') => 42P01: relation "m_inoutconfirm_v_seq" does not exist

POSITION: 16
===========>     (SEVERE)   PostgreHelper.ExecuteReader: [18]42P01: relation "m_inoutconfirm_vt_seq" does not exist

POSITION: 16 [Query DR] SELECT nextval('M_INOUTCONFIRM_VT_SEQ')
===========>     (SEVERE)   PostgreHelper.ExecuteReader: [18]42P01: relation "m_inoutconfirm_vt_seq" does not exist

POSITION: 16 [Query DR] SELECT nextval('M_INOUTCONFIRM_VT_SEQ')
===========>     (SEVERE)   DB.GetSQLValue: [18]SELECT nextval('M_INOUTCONFIRM_VT_SEQ') => 42P01: relation "m_inoutconfirm_vt_seq" does not exist

POSITION: 16
===========>     (SEVERE)   PostgreHelper.ExecuteReader: [18]42P01: relation "m_inoutlinema_v_seq" does not exist

POSITION: 16 [Query DR] SELECT nextval('M_INOUTLINEMA_V_SEQ')
===========>     (SEVERE)   PostgreHelper.ExecuteReader: [18]42P01: relation "m_inoutlinema_v_seq" does not exist

POSITION: 16 [Query DR] SELECT nextval('M_INOUTLINEMA_V_SEQ')
===========>     (SEVERE)   DB.GetSQLValue: [18]SELECT nextval('M_INOUTLINEMA_V_SEQ') => 42P01: relation "m_inoutlinema_v_seq" does not exist

POSITION: 16
===========>     (SEVERE)   PostgreHelper.ExecuteReader: [18]42P01: relation "m_inoutlinema_vt_seq" does not exist

POSITION: 16 [Query DR] SELECT nextval('M_INOUTLINEMA_VT_SEQ')
===========>     (SEVERE)   PostgreHelper.ExecuteReader: [18]42P01: relation "m_inoutlinema_vt_seq" does not exist

POSITION: 16 [Query DR] SELECT nextval('M_INOUTLINEMA_VT_SEQ')
===========>     (SEVERE)   DB.GetSQLValue: [18]SELECT nextval('M_INOUTLINEMA_VT_SEQ') => 42P01: relation "m_inoutlinema_vt_seq" does not exist

POSITION: 16
===========>     (SEVERE)   DB.ExecuteQuery: [18] => 22003: setval: value 999999 is out of bounds for sequence "m_inventorylinema_seq" (1000000..2147483647)
----------->     (WARNING)  DB.ExecuteQuery: [18]DBExecuteError - 22003: setval: value 999999 is out of bounds for sequence "m_inventorylinema_seq" (1000000..2147483647)
05:36:55.365    (INFO)     NativeSequence.AddLog: [18]0 -  -  - Sequence not Updated For :M_InventoryLineMA_SEQ
===========>     (SEVERE)   DB.ExecuteQuery: [18] => 22003: setval: value 999999 is out of bounds for sequence "m_inventoryrevaluation_seq" (1000000..2147483647)
----------->     (WARNING)  DB.ExecuteQuery: [18]DBExecuteError - 22003: setval: value 999999 is out of bounds for sequence "m_inventoryrevaluation_seq" (1000000..2147483647)
05:36:55.365    (INFO)     NativeSequence.AddLog: [18]0 -  -  - Sequence not Updated For :M_InventoryRevaluation_SEQ
===========>     (SEVERE)   DB.ExecuteQuery: [18] => 22003: setval: value 999999 is out of bounds for sequence "m_lotctlexclude_seq" (1000000..2147483647)
----------->     (WARNING)  DB.ExecuteQuery: [18]DBExecuteError - 22003: setval: value 999999 is out of bounds for sequence "m_lotctlexclude_seq" (1000000..2147483647)
05:36:56.365    (INFO)     NativeSequence.AddLog: [18]0 -  -  - Sequence not Updated For :M_LotCtlExclude_SEQ
===========>     (SEVERE)   DB.ExecuteQuery: [18] => 22003: setval: value 999999 is out of bounds for sequence "m_manufacturer_seq" (1000000..2147483647)
----------->     (WARNING)  DB.ExecuteQuery: [18]DBExecuteError - 22003: setval: value 999999 is out of bounds for sequence "m_manufacturer_seq" (1000000..2147483647)
05:36:56.365    (INFO)     NativeSequence.AddLog: [18]0 -  -  - Sequence not Updated For :M_Manufacturer_SEQ
===========>     (SEVERE)   DB.ExecuteQuery: [18] => 22003: setval: value 999999 is out of bounds for sequence "m_matchinvcosttrack_seq" (1000000..2147483647)
----------->     (WARNING)  DB.ExecuteQuery: [18]DBExecuteError - 22003: setval: value 999999 is out of bounds for sequence "m_matchinvcosttrack_seq" (1000000..2147483647)
05:36:56.365    (INFO)     NativeSequence.AddLog: [18]0 -  -  - Sequence not Updated For :M_MatchInvCostTrack_SEQ
===========>     (SEVERE)   DB.ExecuteQuery: [18] => 22003: setval: value 999999 is out of bounds for sequence "m_movementlinema_seq" (1000000..2147483647)
----------->     (WARNING)  DB.ExecuteQuery: [18]DBExecuteError - 22003: setval: value 999999 is out of bounds for sequence "m_movementlinema_seq" (1000000..2147483647)
05:36:56.365    (INFO)     NativeSequence.AddLog: [18]0 -  -  - Sequence not Updated For :M_MovementLineMA_SEQ
===========>     (SEVERE)   PostgreHelper.ExecuteReader: [18]42P01: relation "m_movementlinema_v_seq" does not exist

POSITION: 16 [Query DR] SELECT nextval('M_MOVEMENTLINEMA_V_SEQ')
===========>     (SEVERE)   PostgreHelper.ExecuteReader: [18]42P01: relation "m_movementlinema_v_seq" does not exist

POSITION: 16 [Query DR] SELECT nextval('M_MOVEMENTLINEMA_V_SEQ')
===========>     (SEVERE)   DB.GetSQLValue: [18]SELECT nextval('M_MOVEMENTLINEMA_V_SEQ') => 42P01: relation "m_movementlinema_v_seq" does not exist

POSITION: 16
===========>     (SEVERE)   PostgreHelper.ExecuteReader: [18]42P01: relation "m_movementlinema_vt_seq" does not exist

POSITION: 16 [Query DR] SELECT nextval('M_MOVEMENTLINEMA_VT_SEQ')
===========>     (SEVERE)   PostgreHelper.ExecuteReader: [18]42P01: relation "m_movementlinema_vt_seq" does not exist

POSITION: 16 [Query DR] SELECT nextval('M_MOVEMENTLINEMA_VT_SEQ')
===========>     (SEVERE)   DB.GetSQLValue: [18]SELECT nextval('M_MOVEMENTLINEMA_VT_SEQ') => 42P01: relation "m_movementlinema_vt_seq" does not exist

POSITION: 16
===========>     (SEVERE)   PostgreHelper.ExecuteReader: [18]42703: column "m_product_category_trl_id" does not exist

POSITION: 12 [Query DR] SELECT MAX(M_Product_Category_Trl_ID) FROM M_Product_Category_Trl
===========>     (SEVERE)   PostgreHelper.ExecuteReader: [18]42703: column "m_product_category_trl_id" does not exist

POSITION: 12 [Query DR] SELECT MAX(M_Product_Category_Trl_ID) FROM M_Product_Category_Trl
===========>     (SEVERE)   DB.GetSQLValue: [18]SELECT MAX(M_Product_Category_Trl_ID) FROM M_Product_Category_Trl => 42703: column "m_product_category_trl_id" does not exist

POSITION: 12
===========>     (SEVERE)   DB.ExecuteQuery: [18] => 22003: setval: value 999999 is out of bounds for sequence "m_product_category_trl_seq" (1000000..2147483647)
----------->     (WARNING)  DB.ExecuteQuery: [18]DBExecuteError - 22003: setval: value 999999 is out of bounds for sequence "m_product_category_trl_seq" (1000000..2147483647)
05:36:56.365    (INFO)     NativeSequence.AddLog: [18]0 -  -  - Sequence not Updated For :M_Product_Category_Trl_SEQ
===========>     (SEVERE)   PostgreHelper.ExecuteReader: [18]42703: column "m_product_trl_id" does not exist

POSITION: 12 [Query DR] SELECT MAX(M_Product_Trl_ID) FROM M_Product_Trl
===========>     (SEVERE)   PostgreHelper.ExecuteReader: [18]42703: column "m_product_trl_id" does not exist

POSITION: 12 [Query DR] SELECT MAX(M_Product_Trl_ID) FROM M_Product_Trl
===========>     (SEVERE)   DB.GetSQLValue: [18]SELECT MAX(M_Product_Trl_ID) FROM M_Product_Trl => 42703: column "m_product_trl_id" does not exist

POSITION: 12
===========>     (SEVERE)   DB.ExecuteQuery: [18] => 22003: setval: value 999999 is out of bounds for sequence "m_product_trl_seq" (1000000..2147483647)
----------->     (WARNING)  DB.ExecuteQuery: [18]DBExecuteError - 22003: setval: value 999999 is out of bounds for sequence "m_product_trl_seq" (1000000..2147483647)
05:36:56.365    (INFO)     NativeSequence.AddLog: [18]0 -  -  - Sequence not Updated For :M_Product_Trl_SEQ
===========>     (SEVERE)   DB.ExecuteQuery: [18] => 22003: setval: value 999999 is out of bounds for sequence "m_productattributeimage_seq" (1000000..2147483647)
----------->     (WARNING)  DB.ExecuteQuery: [18]DBExecuteError - 22003: setval: value 999999 is out of bounds for sequence "m_productattributeimage_seq" (1000000..2147483647)
05:36:56.365    (INFO)     NativeSequence.AddLog: [18]0 -  -  - Sequence not Updated For :M_ProductAttributeImage_SEQ
===========>     (SEVERE)   DB.ExecuteQuery: [18] => 22003: setval: value 999999 is out of bounds for sequence "m_productattributes_seq" (1000000..2147483647)
----------->     (WARNING)  DB.ExecuteQuery: [18]DBExecuteError - 22003: setval: value 999999 is out of bounds for sequence "m_productattributes_seq" (1000000..2147483647)
05:36:56.365    (INFO)     NativeSequence.AddLog: [18]0 -  -  - Sequence not Updated For :M_ProductAttributes_SEQ
===========>     (SEVERE)   DB.ExecuteQuery: [18] => 22003: setval: value 999999 is out of bounds for sequence "m_productcontainer_seq" (1000000..2147483647)
----------->     (WARNING)  DB.ExecuteQuery: [18]DBExecuteError - 22003: setval: value 999999 is out of bounds for sequence "m_productcontainer_seq" (1000000..2147483647)
05:36:56.365    (INFO)     NativeSequence.AddLog: [18]0 -  -  - Sequence not Updated For :M_ProductContainer_SEQ
===========>     (SEVERE)   DB.ExecuteQuery: [18] => 22003: setval: value 999999 is out of bounds for sequence "m_productdownload_seq" (1000000..2147483647)
----------->     (WARNING)  DB.ExecuteQuery: [18]DBExecuteError - 22003: setval: value 999999 is out of bounds for sequence "m_productdownload_seq" (1000000..2147483647)
05:36:56.365    (INFO)     NativeSequence.AddLog: [18]0 -  -  - Sequence not Updated For :M_ProductDownload_SEQ
===========>     (SEVERE)   DB.ExecuteQuery: [18] => 22003: setval: value 999999 is out of bounds for sequence "m_productionlinema_seq" (1000000..2147483647)
----------->     (WARNING)  DB.ExecuteQuery: [18]DBExecuteError - 22003: setval: value 999999 is out of bounds for sequence "m_productionlinema_seq" (1000000..2147483647)
05:36:56.365    (INFO)     NativeSequence.AddLog: [18]0 -  -  - Sequence not Updated For :M_ProductionLineMA_SEQ
===========>     (SEVERE)   PostgreHelper.ExecuteReader: [18]42P01: relation "m_productlocator_v_seq" does not exist

POSITION: 16 [Query DR] SELECT nextval('M_PRODUCTLOCATOR_V_SEQ')
===========>     (SEVERE)   PostgreHelper.ExecuteReader: [18]42P01: relation "m_productlocator_v_seq" does not exist

POSITION: 16 [Query DR] SELECT nextval('M_PRODUCTLOCATOR_V_SEQ')
===========>     (SEVERE)   DB.GetSQLValue: [18]SELECT nextval('M_PRODUCTLOCATOR_V_SEQ') => 42P01: relation "m_productlocator_v_seq" does not exist

POSITION: 16
===========>     (SEVERE)   DB.ExecuteQuery: [18] => 22003: setval: value 999999 is out of bounds for sequence "m_productoperation_seq" (1000000..2147483647)
----------->     (WARNING)  DB.ExecuteQuery: [18]DBExecuteError - 22003: setval: value 999999 is out of bounds for sequence "m_productoperation_seq" (1000000..2147483647)
05:36:56.365    (INFO)     NativeSequence.AddLog: [18]0 -  -  - Sequence not Updated For :M_ProductOperation_SEQ
===========>     (SEVERE)   DB.ExecuteQuery: [18] => 22003: setval: value 999999 is out of bounds for sequence "m_productstocksummary_seq" (1000000..2147483647)
----------->     (WARNING)  DB.ExecuteQuery: [18]DBExecuteError - 22003: setval: value 999999 is out of bounds for sequence "m_productstocksummary_seq" (1000000..2147483647)
05:36:57.365    (INFO)     NativeSequence.AddLog: [18]0 -  -  - Sequence not Updated For :M_ProductStockSummary_SEQ
===========>     (SEVERE)   DB.ExecuteQuery: [18] => 22003: setval: value 999999 is out of bounds for sequence "m_revaluationacctschema_seq" (1000000..2147483647)
----------->     (WARNING)  DB.ExecuteQuery: [18]DBExecuteError - 22003: setval: value 999999 is out of bounds for sequence "m_revaluationacctschema_seq" (1000000..2147483647)
05:36:57.365    (INFO)     NativeSequence.AddLog: [18]0 -  -  - Sequence not Updated For :M_RevaluationAcctSchema_SEQ
===========>     (SEVERE)   DB.ExecuteQuery: [18] => 22003: setval: value 999999 is out of bounds for sequence "m_revaluationline_seq" (1000000..2147483647)
----------->     (WARNING)  DB.ExecuteQuery: [18]DBExecuteError - 22003: setval: value 999999 is out of bounds for sequence "m_revaluationline_seq" (1000000..2147483647)
05:36:57.365    (INFO)     NativeSequence.AddLog: [18]0 -  -  - Sequence not Updated For :M_RevaluationLine_SEQ
===========>     (SEVERE)   DB.ExecuteQuery: [18] => 22003: setval: value 999999 is out of bounds for sequence "m_sernoctl_seq" (1000000..2147483647)
----------->     (WARNING)  DB.ExecuteQuery: [18]DBExecuteError - 22003: setval: value 999999 is out of bounds for sequence "m_sernoctl_seq" (1000000..2147483647)
05:36:57.365    (INFO)     NativeSequence.AddLog: [18]0 -  -  - Sequence not Updated For :M_SerNoCtl_SEQ
===========>     (SEVERE)   DB.ExecuteQuery: [18] => 22003: setval: value 999999 is out of bounds for sequence "m_sernoctl_no_seq" (1000000..2147483647)
----------->     (WARNING)  DB.ExecuteQuery: [18]DBExecuteError - 22003: setval: value 999999 is out of bounds for sequence "m_sernoctl_no_seq" (1000000..2147483647)
05:36:57.365    (INFO)     NativeSequence.AddLog: [18]0 -  -  - Sequence not Updated For :M_SerNoCtl_No_SEQ
===========>     (SEVERE)   DB.ExecuteQuery: [18] => 22003: setval: value 999999 is out of bounds for sequence "m_sernoctlexclude_seq" (1000000..2147483647)
----------->     (WARNING)  DB.ExecuteQuery: [18]DBExecuteError - 22003: setval: value 999999 is out of bounds for sequence "m_sernoctlexclude_seq" (1000000..2147483647)
05:36:57.365    (INFO)     NativeSequence.AddLog: [18]0 -  -  - Sequence not Updated For :M_SerNoCtlExclude_SEQ
===========>     (SEVERE)   PostgreHelper.ExecuteReader: [18]42P01: relation "m_sernoexclude_seq" does not exist

POSITION: 16 [Query DR] SELECT nextval('M_SERNOEXCLUDE_SEQ')
===========>     (SEVERE)   PostgreHelper.ExecuteReader: [18]42P01: relation "m_sernoexclude_seq" does not exist

POSITION: 16 [Query DR] SELECT nextval('M_SERNOEXCLUDE_SEQ')
===========>     (SEVERE)   DB.GetSQLValue: [18]SELECT nextval('M_SERNOEXCLUDE_SEQ') => 42P01: relation "m_sernoexclude_seq" does not exist

POSITION: 16
===========>     (SEVERE)   DB.ExecuteQuery: [18] => 22003: setval: value 999999 is out of bounds for sequence "m_substitute_seq" (1000000..2147483647)
----------->     (WARNING)  DB.ExecuteQuery: [18]DBExecuteError - 22003: setval: value 999999 is out of bounds for sequence "m_substitute_seq" (1000000..2147483647)
05:36:57.365    (INFO)     NativeSequence.AddLog: [18]0 -  -  - Sequence not Updated For :M_Substitute_SEQ
===========>     (SEVERE)   PostgreHelper.ExecuteReader: [18]42P01: relation "m_tasklistaddresslabel_v_seq" does not exist

POSITION: 16 [Query DR] SELECT nextval('M_TASKLISTADDRESSLABEL_V_SEQ')
===========>     (SEVERE)   PostgreHelper.ExecuteReader: [18]42P01: relation "m_tasklistaddresslabel_v_seq" does not exist

POSITION: 16 [Query DR] SELECT nextval('M_TASKLISTADDRESSLABEL_V_SEQ')
===========>     (SEVERE)   DB.GetSQLValue: [18]SELECT nextval('M_TASKLISTADDRESSLABEL_V_SEQ') => 42P01: relation "m_tasklistaddresslabel_v_seq" does not exist

POSITION: 16
===========>     (SEVERE)   PostgreHelper.ExecuteReader: [18]42P01: relation "m_tasklistline_v_seq" does not exist

POSITION: 16 [Query DR] SELECT nextval('M_TASKLISTLINE_V_SEQ')
===========>     (SEVERE)   PostgreHelper.ExecuteReader: [18]42P01: relation "m_tasklistline_v_seq" does not exist

POSITION: 16 [Query DR] SELECT nextval('M_TASKLISTLINE_V_SEQ')
===========>     (SEVERE)   DB.GetSQLValue: [18]SELECT nextval('M_TASKLISTLINE_V_SEQ') => 42P01: relation "m_tasklistline_v_seq" does not exist

POSITION: 16
===========>     (SEVERE)   PostgreHelper.ExecuteReader: [18]42P01: relation "m_transaction_v_seq" does not exist

POSITION: 16 [Query DR] SELECT nextval('M_TRANSACTION_V_SEQ')
===========>     (SEVERE)   PostgreHelper.ExecuteReader: [18]42P01: relation "m_transaction_v_seq" does not exist

POSITION: 16 [Query DR] SELECT nextval('M_TRANSACTION_V_SEQ')
===========>     (SEVERE)   DB.GetSQLValue: [18]SELECT nextval('M_TRANSACTION_V_SEQ') => 42P01: relation "m_transaction_v_seq" does not exist

POSITION: 16
===========>     (SEVERE)   DB.ExecuteQuery: [18] => 22003: setval: value 999999 is out of bounds for sequence "m_transactionallocation_seq" (1000000..2147483647)
----------->     (WARNING)  DB.ExecuteQuery: [18]DBExecuteError - 22003: setval: value 999999 is out of bounds for sequence "m_transactionallocation_seq" (1000000..2147483647)
05:36:57.365    (INFO)     NativeSequence.AddLog: [18]0 -  -  - Sequence not Updated For :M_TransactionAllocation_SEQ
===========>     (SEVERE)   DB.ExecuteQuery: [18] => 22003: setval: value 999999 is out of bounds for sequence "m_transactionsummary_seq" (1000000..2147483647)
----------->     (WARNING)  DB.ExecuteQuery: [18]DBExecuteError - 22003: setval: value 999999 is out of bounds for sequence "m_transactionsummary_seq" (1000000..2147483647)
05:36:57.365    (INFO)     NativeSequence.AddLog: [18]0 -  -  - Sequence not Updated For :M_TransactionSummary_SEQ
===========>     (SEVERE)   DB.ExecuteQuery: [18] => 22003: setval: value 999999 is out of bounds for sequence "m_warehousetaskma_seq" (1000000..2147483647)
----------->     (WARNING)  DB.ExecuteQuery: [18]DBExecuteError - 22003: setval: value 999999 is out of bounds for sequence "m_warehousetaskma_seq" (1000000..2147483647)
05:36:57.365    (INFO)     NativeSequence.AddLog: [18]0 -  -  - Sequence not Updated For :M_WarehouseTaskMA_SEQ
===========>     (SEVERE)   DB.ExecuteQuery: [18] => 22003: setval: value 999999 is out of bounds for sequence "m_workordertransactionlinema_seq" (1000000..2147483647)
----------->     (WARNING)  DB.ExecuteQuery: [18]DBExecuteError - 22003: setval: value 999999 is out of bounds for sequence "m_workordertransactionlinema_seq" (1000000..2147483647)
05:36:57.365    (INFO)     NativeSequence.AddLog: [18]0 -  -  - Sequence not Updated For :M_WorkOrderTransactionLineMA_SEQ
===========>     (SEVERE)   DB.ExecuteQuery: [18] => 22003: setval: value 999999 is out of bounds for sequence "market_modinslog_seq" (1000000..2147483647)
----------->     (WARNING)  DB.ExecuteQuery: [18]DBExecuteError - 22003: setval: value 999999 is out of bounds for sequence "market_modinslog_seq" (1000000..2147483647)
05:36:58.365    (INFO)     NativeSequence.AddLog: [18]0 -  -  - Sequence not Updated For :Market_ModInsLog_SEQ
===========>     (SEVERE)   DB.ExecuteQuery: [18] => 22003: setval: value 999999 is out of bounds for sequence "market_modinslogline_seq" (1000000..2147483647)
----------->     (WARNING)  DB.ExecuteQuery: [18]DBExecuteError - 22003: setval: value 999999 is out of bounds for sequence "market_modinslogline_seq" (1000000..2147483647)
05:36:58.365    (INFO)     NativeSequence.AddLog: [18]0 -  -  - Sequence not Updated For :Market_ModInsLogLine_SEQ
===========>     (SEVERE)   DB.ExecuteQuery: [18] => 22003: setval: value 999999 is out of bounds for sequence "officememo_seq" (1000000..2147483647)
----------->     (WARNING)  DB.ExecuteQuery: [18]DBExecuteError - 22003: setval: value 999999 is out of bounds for sequence "officememo_seq" (1000000..2147483647)
05:36:58.365    (INFO)     NativeSequence.AddLog: [18]0 -  -  - Sequence not Updated For :OfficeMemo_SEQ
===========>     (SEVERE)   DB.ExecuteQuery: [18] => 22003: setval: value 999999 is out of bounds for sequence "pa_achievement_seq" (1000000..2147483647)
----------->     (WARNING)  DB.ExecuteQuery: [18]DBExecuteError - 22003: setval: value 999999 is out of bounds for sequence "pa_achievement_seq" (1000000..2147483647)
05:36:58.365    (INFO)     NativeSequence.AddLog: [18]0 -  -  - Sequence not Updated For :PA_Achievement_SEQ
===========>     (SEVERE)   DB.ExecuteQuery: [18] => 22003: setval: value 999999 is out of bounds for sequence "pa_benchmark_seq" (1000000..2147483647)
----------->     (WARNING)  DB.ExecuteQuery: [18]DBExecuteError - 22003: setval: value 999999 is out of bounds for sequence "pa_benchmark_seq" (1000000..2147483647)
05:36:58.365    (INFO)     NativeSequence.AddLog: [18]0 -  -  - Sequence not Updated For :PA_Benchmark_SEQ
===========>     (SEVERE)   DB.ExecuteQuery: [18] => 22003: setval: value 999999 is out of bounds for sequence "pa_benchmarkdata_seq" (1000000..2147483647)
----------->     (WARNING)  DB.ExecuteQuery: [18]DBExecuteError - 22003: setval: value 999999 is out of bounds for sequence "pa_benchmarkdata_seq" (1000000..2147483647)
05:36:58.365    (INFO)     NativeSequence.AddLog: [18]0 -  -  - Sequence not Updated For :PA_BenchmarkData_SEQ
===========>     (SEVERE)   PostgreHelper.ExecuteReader: [18]42P01: relation "pa_color_seq" does not exist

POSITION: 16 [Query DR] SELECT nextval('PA_COLOR_SEQ')
===========>     (SEVERE)   PostgreHelper.ExecuteReader: [18]42P01: relation "pa_color_seq" does not exist

POSITION: 16 [Query DR] SELECT nextval('PA_COLOR_SEQ')
===========>     (SEVERE)   DB.GetSQLValue: [18]SELECT nextval('PA_COLOR_SEQ') => 42P01: relation "pa_color_seq" does not exist

POSITION: 16
===========>     (SEVERE)   DB.ExecuteQuery: [18] => 22003: setval: value 999999 is out of bounds for sequence "pa_colorschema_seq" (1000000..2147483647)
----------->     (WARNING)  DB.ExecuteQuery: [18]DBExecuteError - 22003: setval: value 999999 is out of bounds for sequence "pa_colorschema_seq" (1000000..2147483647)
05:36:58.365    (INFO)     NativeSequence.AddLog: [18]0 -  -  - Sequence not Updated For :PA_ColorSchema_SEQ
===========>     (SEVERE)   DB.ExecuteQuery: [18] => 22003: setval: value 999999 is out of bounds for sequence "pa_ratio_seq" (1000000..2147483647)
----------->     (WARNING)  DB.ExecuteQuery: [18]DBExecuteError - 22003: setval: value 999999 is out of bounds for sequence "pa_ratio_seq" (1000000..2147483647)
05:36:58.365    (INFO)     NativeSequence.AddLog: [18]0 -  -  - Sequence not Updated For :PA_Ratio_SEQ
===========>     (SEVERE)   DB.ExecuteQuery: [18] => 22003: setval: value 999999 is out of bounds for sequence "pa_ratioelement_seq" (1000000..2147483647)
----------->     (WARNING)  DB.ExecuteQuery: [18]DBExecuteError - 22003: setval: value 999999 is out of bounds for sequence "pa_ratioelement_seq" (1000000..2147483647)
05:36:58.365    (INFO)     NativeSequence.AddLog: [18]0 -  -  - Sequence not Updated For :PA_RatioElement_SEQ
===========>     (SEVERE)   DB.ExecuteQuery: [18] => 22003: setval: value 999999 is out of bounds for sequence "pa_sla_criteria_seq" (1000000..2147483647)
----------->     (WARNING)  DB.ExecuteQuery: [18]DBExecuteError - 22003: setval: value 999999 is out of bounds for sequence "pa_sla_criteria_seq" (1000000..2147483647)
05:36:58.365    (INFO)     NativeSequence.AddLog: [18]0 -  -  - Sequence not Updated For :PA_SLA_Criteria_SEQ
===========>     (SEVERE)   DB.ExecuteQuery: [18] => 22003: setval: value 999999 is out of bounds for sequence "pa_sla_goal_seq" (1000000..2147483647)
----------->     (WARNING)  DB.ExecuteQuery: [18]DBExecuteError - 22003: setval: value 999999 is out of bounds for sequence "pa_sla_goal_seq" (1000000..2147483647)
05:36:58.365    (INFO)     NativeSequence.AddLog: [18]0 -  -  - Sequence not Updated For :PA_SLA_Goal_SEQ
===========>     (SEVERE)   DB.ExecuteQuery: [18] => 22003: setval: value 999999 is out of bounds for sequence "pa_sla_measure_seq" (1000000..2147483647)
----------->     (WARNING)  DB.ExecuteQuery: [18]DBExecuteError - 22003: setval: value 999999 is out of bounds for sequence "pa_sla_measure_seq" (1000000..2147483647)
05:36:58.365    (INFO)     NativeSequence.AddLog: [18]0 -  -  - Sequence not Updated For :PA_SLA_Measure_SEQ
===========>     (SEVERE)   PostgreHelper.ExecuteReader: [18]42P01: relation "payslipheader_seq" does not exist

POSITION: 16 [Query DR] SELECT nextval('PAYSLIPHEADER_SEQ')
===========>     (SEVERE)   PostgreHelper.ExecuteReader: [18]42P01: relation "payslipheader_seq" does not exist

POSITION: 16 [Query DR] SELECT nextval('PAYSLIPHEADER_SEQ')
===========>     (SEVERE)   DB.GetSQLValue: [18]SELECT nextval('PAYSLIPHEADER_SEQ') => 42P01: relation "payslipheader_seq" does not exist

POSITION: 16
===========>     (SEVERE)   PostgreHelper.ExecuteReader: [18]42P01: relation "paysliplineheader_seq" does not exist

POSITION: 16 [Query DR] SELECT nextval('PAYSLIPLINEHEADER_SEQ')
===========>     (SEVERE)   PostgreHelper.ExecuteReader: [18]42P01: relation "paysliplineheader_seq" does not exist

POSITION: 16 [Query DR] SELECT nextval('PAYSLIPLINEHEADER_SEQ')
===========>     (SEVERE)   DB.GetSQLValue: [18]SELECT nextval('PAYSLIPLINEHEADER_SEQ') => 42P01: relation "paysliplineheader_seq" does not exist

POSITION: 16
===========>     (SEVERE)   PostgreHelper.ExecuteReader: [18]42P01: relation "profitloss_v_seq" does not exist

POSITION: 16 [Query DR] SELECT nextval('PROFITLOSS_V_SEQ')
===========>     (SEVERE)   PostgreHelper.ExecuteReader: [18]42P01: relation "profitloss_v_seq" does not exist

POSITION: 16 [Query DR] SELECT nextval('PROFITLOSS_V_SEQ')
===========>     (SEVERE)   DB.GetSQLValue: [18]SELECT nextval('PROFITLOSS_V_SEQ') => 42P01: relation "profitloss_v_seq" does not exist

POSITION: 16
===========>     (SEVERE)   DB.ExecuteQuery: [18] => 22003: setval: value 999999 is out of bounds for sequence "r_category_seq" (1000000..2147483647)
----------->     (WARNING)  DB.ExecuteQuery: [18]DBExecuteError - 22003: setval: value 999999 is out of bounds for sequence "r_category_seq" (1000000..2147483647)
05:36:58.365    (INFO)     NativeSequence.AddLog: [18]0 -  -  - Sequence not Updated For :R_Category_SEQ
===========>     (SEVERE)   DB.ExecuteQuery: [18] => 22003: setval: value 999999 is out of bounds for sequence "r_categoryupdates_seq" (1000000..2147483647)
----------->     (WARNING)  DB.ExecuteQuery: [18]DBExecuteError - 22003: setval: value 999999 is out of bounds for sequence "r_categoryupdates_seq" (1000000..2147483647)
05:36:58.365    (INFO)     NativeSequence.AddLog: [18]0 -  -  - Sequence not Updated For :R_CategoryUpdates_SEQ
===========>     (SEVERE)   DB.ExecuteQuery: [18] => 22003: setval: value 999999 is out of bounds for sequence "r_contactinterest_seq" (1000000..2147483647)
----------->     (WARNING)  DB.ExecuteQuery: [18]DBExecuteError - 22003: setval: value 999999 is out of bounds for sequence "r_contactinterest_seq" (1000000..2147483647)
05:36:58.365    (INFO)     NativeSequence.AddLog: [18]0 -  -  - Sequence not Updated For :R_ContactInterest_SEQ
===========>     (SEVERE)   DB.ExecuteQuery: [18] => 22003: setval: value 999999 is out of bounds for sequence "r_group_seq" (1000000..2147483647)
----------->     (WARNING)  DB.ExecuteQuery: [18]DBExecuteError - 22003: setval: value 999999 is out of bounds for sequence "r_group_seq" (1000000..2147483647)
05:36:58.365    (INFO)     NativeSequence.AddLog: [18]0 -  -  - Sequence not Updated For :R_Group_SEQ
===========>     (SEVERE)   DB.ExecuteQuery: [18] => 22003: setval: value 999999 is out of bounds for sequence "r_groupupdates_seq" (1000000..2147483647)
----------->     (WARNING)  DB.ExecuteQuery: [18]DBExecuteError - 22003: setval: value 999999 is out of bounds for sequence "r_groupupdates_seq" (1000000..2147483647)
05:36:58.365    (INFO)     NativeSequence.AddLog: [18]0 -  -  - Sequence not Updated For :R_GroupUpdates_SEQ
===========>     (SEVERE)   DB.ExecuteQuery: [18] => 22003: setval: value 999999 is out of bounds for sequence "r_issueknown_seq" (1000000..2147483647)
----------->     (WARNING)  DB.ExecuteQuery: [18]DBExecuteError - 22003: setval: value 999999 is out of bounds for sequence "r_issueknown_seq" (1000000..2147483647)
05:36:58.365    (INFO)     NativeSequence.AddLog: [18]0 -  -  - Sequence not Updated For :R_IssueKnown_SEQ
===========>     (SEVERE)   DB.ExecuteQuery: [18] => 22003: setval: value 999999 is out of bounds for sequence "r_issueproject_seq" (1000000..2147483647)
----------->     (WARNING)  DB.ExecuteQuery: [18]DBExecuteError - 22003: setval: value 999999 is out of bounds for sequence "r_issueproject_seq" (1000000..2147483647)
05:36:58.365    (INFO)     NativeSequence.AddLog: [18]0 -  -  - Sequence not Updated For :R_IssueProject_SEQ
===========>     (SEVERE)   DB.ExecuteQuery: [18] => 22003: setval: value 999999 is out of bounds for sequence "r_issuerecommendation_seq" (1000000..2147483647)
----------->     (WARNING)  DB.ExecuteQuery: [18]DBExecuteError - 22003: setval: value 999999 is out of bounds for sequence "r_issuerecommendation_seq" (1000000..2147483647)
05:36:58.365    (INFO)     NativeSequence.AddLog: [18]0 -  -  - Sequence not Updated For :R_IssueRecommendation_SEQ
===========>     (SEVERE)   PostgreHelper.ExecuteReader: [18]42P01: relation "r_issuesource_seq" does not exist

POSITION: 16 [Query DR] SELECT nextval('R_ISSUESOURCE_SEQ')
===========>     (SEVERE)   PostgreHelper.ExecuteReader: [18]42P01: relation "r_issuesource_seq" does not exist

POSITION: 16 [Query DR] SELECT nextval('R_ISSUESOURCE_SEQ')
===========>     (SEVERE)   DB.GetSQLValue: [18]SELECT nextval('R_ISSUESOURCE_SEQ') => 42P01: relation "r_issuesource_seq" does not exist

POSITION: 16
===========>     (SEVERE)   DB.ExecuteQuery: [18] => 22003: setval: value 999999 is out of bounds for sequence "r_issuestatus_seq" (1000000..2147483647)
----------->     (WARNING)  DB.ExecuteQuery: [18]DBExecuteError - 22003: setval: value 999999 is out of bounds for sequence "r_issuestatus_seq" (1000000..2147483647)
05:36:58.365    (INFO)     NativeSequence.AddLog: [18]0 -  -  - Sequence not Updated For :R_IssueStatus_SEQ
===========>     (SEVERE)   DB.ExecuteQuery: [18] => 22003: setval: value 999999 is out of bounds for sequence "r_issuesystem_seq" (1000000..2147483647)
----------->     (WARNING)  DB.ExecuteQuery: [18]DBExecuteError - 22003: setval: value 999999 is out of bounds for sequence "r_issuesystem_seq" (1000000..2147483647)
05:36:58.365    (INFO)     NativeSequence.AddLog: [18]0 -  -  - Sequence not Updated For :R_IssueSystem_SEQ
===========>     (SEVERE)   DB.ExecuteQuery: [18] => 22003: setval: value 999999 is out of bounds for sequence "r_issueuser_seq" (1000000..2147483647)
----------->     (WARNING)  DB.ExecuteQuery: [18]DBExecuteError - 22003: setval: value 999999 is out of bounds for sequence "r_issueuser_seq" (1000000..2147483647)
05:36:58.365    (INFO)     NativeSequence.AddLog: [18]0 -  -  - Sequence not Updated For :R_IssueUser_SEQ
===========>     (SEVERE)   PostgreHelper.ExecuteReader: [18]42703: column "r_mailtext_trl_id" does not exist

POSITION: 12 [Query DR] SELECT MAX(R_MailText_Trl_ID) FROM R_MailText_Trl
===========>     (SEVERE)   PostgreHelper.ExecuteReader: [18]42703: column "r_mailtext_trl_id" does not exist

POSITION: 12 [Query DR] SELECT MAX(R_MailText_Trl_ID) FROM R_MailText_Trl
===========>     (SEVERE)   DB.GetSQLValue: [18]SELECT MAX(R_MailText_Trl_ID) FROM R_MailText_Trl => 42703: column "r_mailtext_trl_id" does not exist

POSITION: 12
===========>     (SEVERE)   DB.ExecuteQuery: [18] => 22003: setval: value 999999 is out of bounds for sequence "r_mailtext_trl_seq" (1000000..2147483647)
----------->     (WARNING)  DB.ExecuteQuery: [18]DBExecuteError - 22003: setval: value 999999 is out of bounds for sequence "r_mailtext_trl_seq" (1000000..2147483647)
05:36:58.365    (INFO)     NativeSequence.AddLog: [18]0 -  -  - Sequence not Updated For :R_MailText_Trl_SEQ
===========>     (SEVERE)   PostgreHelper.ExecuteReader: [18]42P01: relation "r_request_v_seq" does not exist

POSITION: 16 [Query DR] SELECT nextval('R_REQUEST_V_SEQ')
===========>     (SEVERE)   PostgreHelper.ExecuteReader: [18]42P01: relation "r_request_v_seq" does not exist

POSITION: 16 [Query DR] SELECT nextval('R_REQUEST_V_SEQ')
===========>     (SEVERE)   DB.GetSQLValue: [18]SELECT nextval('R_REQUEST_V_SEQ') => 42P01: relation "r_request_v_seq" does not exist

POSITION: 16
===========>     (SEVERE)   DB.ExecuteQuery: [18] => 22003: setval: value 999999 is out of bounds for sequence "r_requestprocessor_route_seq" (1000000..2147483647)
----------->     (WARNING)  DB.ExecuteQuery: [18]DBExecuteError - 22003: setval: value 999999 is out of bounds for sequence "r_requestprocessor_route_seq" (1000000..2147483647)
05:36:58.365    (INFO)     NativeSequence.AddLog: [18]0 -  -  - Sequence not Updated For :R_RequestProcessor_Route_SEQ
===========>     (SEVERE)   DB.ExecuteQuery: [18] => 22003: setval: value 999999 is out of bounds for sequence "r_requestproduct_seq" (1000000..2147483647)
----------->     (WARNING)  DB.ExecuteQuery: [18]DBExecuteError - 22003: setval: value 999999 is out of bounds for sequence "r_requestproduct_seq" (1000000..2147483647)
05:36:58.365    (INFO)     NativeSequence.AddLog: [18]0 -  -  - Sequence not Updated For :R_RequestProduct_SEQ
===========>     (SEVERE)   DB.ExecuteQuery: [18] => 22003: setval: value 999999 is out of bounds for sequence "r_requestupdates_seq" (1000000..2147483647)
----------->     (WARNING)  DB.ExecuteQuery: [18]DBExecuteError - 22003: setval: value 999999 is out of bounds for sequence "r_requestupdates_seq" (1000000..2147483647)
05:36:58.365    (INFO)     NativeSequence.AddLog: [18]0 -  -  - Sequence not Updated For :R_RequestUpdates_SEQ
===========>     (SEVERE)   DB.ExecuteQuery: [18] => 22003: setval: value 999999 is out of bounds for sequence "r_resolution_seq" (1000000..2147483647)
----------->     (WARNING)  DB.ExecuteQuery: [18]DBExecuteError - 22003: setval: value 999999 is out of bounds for sequence "r_resolution_seq" (1000000..2147483647)
05:36:58.365    (INFO)     NativeSequence.AddLog: [18]0 -  -  - Sequence not Updated For :R_Resolution_SEQ
===========>     (SEVERE)   PostgreHelper.ExecuteReader: [18]42P01: relation "r_resourceplancost_seq" does not exist

POSITION: 16 [Query DR] SELECT nextval('R_RESOURCEPLANCOST_SEQ')
===========>     (SEVERE)   PostgreHelper.ExecuteReader: [18]42P01: relation "r_resourceplancost_seq" does not exist

POSITION: 16 [Query DR] SELECT nextval('R_RESOURCEPLANCOST_SEQ')
===========>     (SEVERE)   DB.GetSQLValue: [18]SELECT nextval('R_RESOURCEPLANCOST_SEQ') => 42P01: relation "r_resourceplancost_seq" does not exist

POSITION: 16
===========>     (SEVERE)   DB.ExecuteQuery: [18] => 22003: setval: value 999999 is out of bounds for sequence "r_standardresponse_seq" (1000000..2147483647)
----------->     (WARNING)  DB.ExecuteQuery: [18]DBExecuteError - 22003: setval: value 999999 is out of bounds for sequence "r_standardresponse_seq" (1000000..2147483647)
05:36:58.365    (INFO)     NativeSequence.AddLog: [18]0 -  -  - Sequence not Updated For :R_StandardResponse_SEQ
===========>     (SEVERE)   DB.ExecuteQuery: [18] => 22003: setval: value 999999 is out of bounds for sequence "r_status_seq" (1000000..2147483647)
----------->     (WARNING)  DB.ExecuteQuery: [18]DBExecuteError - 22003: setval: value 999999 is out of bounds for sequence "r_status_seq" (1000000..2147483647)
05:36:58.365    (INFO)     NativeSequence.AddLog: [18]0 -  -  - Sequence not Updated For :R_Status_SEQ
===========>     (SEVERE)   DB.ExecuteQuery: [18] => 22003: setval: value 999999 is out of bounds for sequence "rc_actionview_seq" (1000000..2147483647)
----------->     (WARNING)  DB.ExecuteQuery: [18]DBExecuteError - 22003: setval: value 999999 is out of bounds for sequence "rc_actionview_seq" (1000000..2147483647)
05:36:58.365    (INFO)     NativeSequence.AddLog: [18]0 -  -  - Sequence not Updated For :RC_ActionView_SEQ
===========>     (SEVERE)   DB.ExecuteQuery: [18] => 22003: setval: value 999999 is out of bounds for sequence "rc_kpirange_seq" (1000000..2147483647)
----------->     (WARNING)  DB.ExecuteQuery: [18]DBExecuteError - 22003: setval: value 999999 is out of bounds for sequence "rc_kpirange_seq" (1000000..2147483647)
05:36:58.365    (INFO)     NativeSequence.AddLog: [18]0 -  -  - Sequence not Updated For :RC_KPIRange_SEQ
===========>     (SEVERE)   PostgreHelper.ExecuteReader: [18]42P01: relation "rv_access_seq" does not exist

POSITION: 16 [Query DR] SELECT nextval('RV_ACCESS_SEQ')
===========>     (SEVERE)   PostgreHelper.ExecuteReader: [18]42P01: relation "rv_access_seq" does not exist

POSITION: 16 [Query DR] SELECT nextval('RV_ACCESS_SEQ')
===========>     (SEVERE)   DB.GetSQLValue: [18]SELECT nextval('RV_ACCESS_SEQ') => 42P01: relation "rv_access_seq" does not exist

POSITION: 16
===========>     (SEVERE)   PostgreHelper.ExecuteReader: [18]42P01: relation "rv_allocation_seq" does not exist

POSITION: 16 [Query DR] SELECT nextval('RV_ALLOCATION_SEQ')
===========>     (SEVERE)   PostgreHelper.ExecuteReader: [18]42P01: relation "rv_allocation_seq" does not exist

POSITION: 16 [Query DR] SELECT nextval('RV_ALLOCATION_SEQ')
===========>     (SEVERE)   DB.GetSQLValue: [18]SELECT nextval('RV_ALLOCATION_SEQ') => 42P01: relation "rv_allocation_seq" does not exist

POSITION: 16
===========>     (SEVERE)   PostgreHelper.ExecuteReader: [18]42P01: relation "rv_asset_customer_seq" does not exist

POSITION: 16 [Query DR] SELECT nextval('RV_ASSET_CUSTOMER_SEQ')
===========>     (SEVERE)   PostgreHelper.ExecuteReader: [18]42P01: relation "rv_asset_customer_seq" does not exist

POSITION: 16 [Query DR] SELECT nextval('RV_ASSET_CUSTOMER_SEQ')
===========>     (SEVERE)   DB.GetSQLValue: [18]SELECT nextval('RV_ASSET_CUSTOMER_SEQ') => 42P01: relation "rv_asset_customer_seq" does not exist

POSITION: 16
===========>     (SEVERE)   PostgreHelper.ExecuteReader: [18]42P01: relation "rv_asset_delivery_seq" does not exist

POSITION: 16 [Query DR] SELECT nextval('RV_ASSET_DELIVERY_SEQ')
===========>     (SEVERE)   PostgreHelper.ExecuteReader: [18]42P01: relation "rv_asset_delivery_seq" does not exist

POSITION: 16 [Query DR] SELECT nextval('RV_ASSET_DELIVERY_SEQ')
===========>     (SEVERE)   DB.GetSQLValue: [18]SELECT nextval('RV_ASSET_DELIVERY_SEQ') => 42P01: relation "rv_asset_delivery_seq" does not exist

POSITION: 16
===========>     (SEVERE)   PostgreHelper.ExecuteReader: [18]42P01: relation "rv_asset_summonth_seq" does not exist

POSITION: 16 [Query DR] SELECT nextval('RV_ASSET_SUMMONTH_SEQ')
===========>     (SEVERE)   PostgreHelper.ExecuteReader: [18]42P01: relation "rv_asset_summonth_seq" does not exist

POSITION: 16 [Query DR] SELECT nextval('RV_ASSET_SUMMONTH_SEQ')
===========>     (SEVERE)   DB.GetSQLValue: [18]SELECT nextval('RV_ASSET_SUMMONTH_SEQ') => 42P01: relation "rv_asset_summonth_seq" does not exist

POSITION: 16
===========>     (SEVERE)   PostgreHelper.ExecuteReader: [18]42P01: relation "rv_bpartner_seq" does not exist

POSITION: 16 [Query DR] SELECT nextval('RV_BPARTNER_SEQ')
===========>     (SEVERE)   PostgreHelper.ExecuteReader: [18]42P01: relation "rv_bpartner_seq" does not exist

POSITION: 16 [Query DR] SELECT nextval('RV_BPARTNER_SEQ')
===========>     (SEVERE)   DB.GetSQLValue: [18]SELECT nextval('RV_BPARTNER_SEQ') => 42P01: relation "rv_bpartner_seq" does not exist

POSITION: 16
===========>     (SEVERE)   PostgreHelper.ExecuteReader: [18]42P01: relation "rv_bpartner_seq" does not exist

POSITION: 16 [Query DR] SELECT nextval('RV_BPARTNER_SEQ')
===========>     (SEVERE)   PostgreHelper.ExecuteReader: [18]42P01: relation "rv_bpartner_seq" does not exist

POSITION: 16 [Query DR] SELECT nextval('RV_BPARTNER_SEQ')
===========>     (SEVERE)   DB.GetSQLValue: [18]SELECT nextval('RV_BPARTNER_SEQ') => 42P01: relation "rv_bpartner_seq" does not exist

POSITION: 16
===========>     (SEVERE)   PostgreHelper.ExecuteReader: [18]42P01: relation "rv_bpartneropen_seq" does not exist

POSITION: 16 [Query DR] SELECT nextval('RV_BPARTNEROPEN_SEQ')
===========>     (SEVERE)   PostgreHelper.ExecuteReader: [18]42P01: relation "rv_bpartneropen_seq" does not exist

POSITION: 16 [Query DR] SELECT nextval('RV_BPARTNEROPEN_SEQ')
===========>     (SEVERE)   DB.GetSQLValue: [18]SELECT nextval('RV_BPARTNEROPEN_SEQ') => 42P01: relation "rv_bpartneropen_seq" does not exist

POSITION: 16
===========>     (SEVERE)   PostgreHelper.ExecuteReader: [18]42P01: relation "rv_c_invoice_seq" does not exist

POSITION: 16 [Query DR] SELECT nextval('RV_C_INVOICE_SEQ')
===========>     (SEVERE)   PostgreHelper.ExecuteReader: [18]42P01: relation "rv_c_invoice_seq" does not exist

POSITION: 16 [Query DR] SELECT nextval('RV_C_INVOICE_SEQ')
===========>     (SEVERE)   DB.GetSQLValue: [18]SELECT nextval('RV_C_INVOICE_SEQ') => 42P01: relation "rv_c_invoice_seq" does not exist

POSITION: 16
===========>     (SEVERE)   PostgreHelper.ExecuteReader: [18]42P01: relation "rv_c_invoice_customerprodqtr_seq" does not exist

POSITION: 16 [Query DR] SELECT nextval('RV_C_INVOICE_CUSTOMERPRODQTR_SEQ')
===========>     (SEVERE)   PostgreHelper.ExecuteReader: [18]42P01: relation "rv_c_invoice_customerprodqtr_seq" does not exist

POSITION: 16 [Query DR] SELECT nextval('RV_C_INVOICE_CUSTOMERPRODQTR_SEQ')
===========>     (SEVERE)   DB.GetSQLValue: [18]SELECT nextval('RV_C_INVOICE_CUSTOMERPRODQTR_SEQ') => 42P01: relation "rv_c_invoice_customerprodqtr_seq" does not exist

POSITION: 16
===========>     (SEVERE)   PostgreHelper.ExecuteReader: [18]42P01: relation "rv_c_invoice_customervendqtr_seq" does not exist

POSITION: 16 [Query DR] SELECT nextval('RV_C_INVOICE_CUSTOMERVENDQTR_SEQ')
===========>     (SEVERE)   PostgreHelper.ExecuteReader: [18]42P01: relation "rv_c_invoice_customervendqtr_seq" does not exist

POSITION: 16 [Query DR] SELECT nextval('RV_C_INVOICE_CUSTOMERVENDQTR_SEQ')
===========>     (SEVERE)   DB.GetSQLValue: [18]SELECT nextval('RV_C_INVOICE_CUSTOMERVENDQTR_SEQ') => 42P01: relation "rv_c_invoice_customervendqtr_seq" does not exist

POSITION: 16
===========>     (SEVERE)   PostgreHelper.ExecuteReader: [18]42P01: relation "rv_c_invoice_day_seq" does not exist

POSITION: 16 [Query DR] SELECT nextval('RV_C_INVOICE_DAY_SEQ')
===========>     (SEVERE)   PostgreHelper.ExecuteReader: [18]42P01: relation "rv_c_invoice_day_seq" does not exist

POSITION: 16 [Query DR] SELECT nextval('RV_C_INVOICE_DAY_SEQ')
===========>     (SEVERE)   DB.GetSQLValue: [18]SELECT nextval('RV_C_INVOICE_DAY_SEQ') => 42P01: relation "rv_c_invoice_day_seq" does not exist

POSITION: 16
===========>     (SEVERE)   PostgreHelper.ExecuteReader: [18]42P01: relation "rv_c_invoice_month_seq" does not exist

POSITION: 16 [Query DR] SELECT nextval('RV_C_INVOICE_MONTH_SEQ')
===========>     (SEVERE)   PostgreHelper.ExecuteReader: [18]42P01: relation "rv_c_invoice_month_seq" does not exist

POSITION: 16 [Query DR] SELECT nextval('RV_C_INVOICE_MONTH_SEQ')
===========>     (SEVERE)   DB.GetSQLValue: [18]SELECT nextval('RV_C_INVOICE_MONTH_SEQ') => 42P01: relation "rv_c_invoice_month_seq" does not exist

POSITION: 16
===========>     (SEVERE)   PostgreHelper.ExecuteReader: [18]42P01: relation "rv_c_invoice_prodmonth_seq" does not exist

POSITION: 16 [Query DR] SELECT nextval('RV_C_INVOICE_PRODMONTH_SEQ')
===========>     (SEVERE)   PostgreHelper.ExecuteReader: [18]42P01: relation "rv_c_invoice_prodmonth_seq" does not exist

POSITION: 16 [Query DR] SELECT nextval('RV_C_INVOICE_PRODMONTH_SEQ')
===========>     (SEVERE)   DB.GetSQLValue: [18]SELECT nextval('RV_C_INVOICE_PRODMONTH_SEQ') => 42P01: relation "rv_c_invoice_prodmonth_seq" does not exist

POSITION: 16
===========>     (SEVERE)   PostgreHelper.ExecuteReader: [18]42P01: relation "rv_c_invoice_productmonth_seq" does not exist

POSITION: 16 [Query DR] SELECT nextval('RV_C_INVOICE_PRODUCTMONTH_SEQ')
===========>     (SEVERE)   PostgreHelper.ExecuteReader: [18]42P01: relation "rv_c_invoice_productmonth_seq" does not exist

POSITION: 16 [Query DR] SELECT nextval('RV_C_INVOICE_PRODUCTMONTH_SEQ')
===========>     (SEVERE)   DB.GetSQLValue: [18]SELECT nextval('RV_C_INVOICE_PRODUCTMONTH_SEQ') => 42P01: relation "rv_c_invoice_productmonth_seq" does not exist

POSITION: 16
===========>     (SEVERE)   PostgreHelper.ExecuteReader: [18]42P01: relation "rv_c_invoice_productqtr_seq" does not exist

POSITION: 16 [Query DR] SELECT nextval('RV_C_INVOICE_PRODUCTQTR_SEQ')
===========>     (SEVERE)   PostgreHelper.ExecuteReader: [18]42P01: relation "rv_c_invoice_productqtr_seq" does not exist

POSITION: 16 [Query DR] SELECT nextval('RV_C_INVOICE_PRODUCTQTR_SEQ')
===========>     (SEVERE)   DB.GetSQLValue: [18]SELECT nextval('RV_C_INVOICE_PRODUCTQTR_SEQ') => 42P01: relation "rv_c_invoice_productqtr_seq" does not exist

POSITION: 16
===========>     (SEVERE)   PostgreHelper.ExecuteReader: [18]42P01: relation "rv_c_invoice_prodweek_seq" does not exist

POSITION: 16 [Query DR] SELECT nextval('RV_C_INVOICE_PRODWEEK_SEQ')
===========>     (SEVERE)   PostgreHelper.ExecuteReader: [18]42P01: relation "rv_c_invoice_prodweek_seq" does not exist

POSITION: 16 [Query DR] SELECT nextval('RV_C_INVOICE_PRODWEEK_SEQ')
===========>     (SEVERE)   DB.GetSQLValue: [18]SELECT nextval('RV_C_INVOICE_PRODWEEK_SEQ') => 42P01: relation "rv_c_invoice_prodweek_seq" does not exist

POSITION: 16
===========>     (SEVERE)   PostgreHelper.ExecuteReader: [18]42P01: relation "rv_c_invoice_vendormonth_seq" does not exist

POSITION: 16 [Query DR] SELECT nextval('RV_C_INVOICE_VENDORMONTH_SEQ')
===========>     (SEVERE)   PostgreHelper.ExecuteReader: [18]42P01: relation "rv_c_invoice_vendormonth_seq" does not exist

POSITION: 16 [Query DR] SELECT nextval('RV_C_INVOICE_VENDORMONTH_SEQ')
===========>     (SEVERE)   DB.GetSQLValue: [18]SELECT nextval('RV_C_INVOICE_VENDORMONTH_SEQ') => 42P01: relation "rv_c_invoice_vendormonth_seq" does not exist

POSITION: 16
===========>     (SEVERE)   PostgreHelper.ExecuteReader: [18]42P01: relation "rv_c_invoice_week_seq" does not exist

POSITION: 16 [Query DR] SELECT nextval('RV_C_INVOICE_WEEK_SEQ')
===========>     (SEVERE)   PostgreHelper.ExecuteReader: [18]42P01: relation "rv_c_invoice_week_seq" does not exist

POSITION: 16 [Query DR] SELECT nextval('RV_C_INVOICE_WEEK_SEQ')
===========>     (SEVERE)   DB.GetSQLValue: [18]SELECT nextval('RV_C_INVOICE_WEEK_SEQ') => 42P01: relation "rv_c_invoice_week_seq" does not exist

POSITION: 16
===========>     (SEVERE)   PostgreHelper.ExecuteReader: [18]42P01: relation "rv_c_invoiceline_seq" does not exist

POSITION: 16 [Query DR] SELECT nextval('RV_C_INVOICELINE_SEQ')
===========>     (SEVERE)   PostgreHelper.ExecuteReader: [18]42P01: relation "rv_c_invoiceline_seq" does not exist

POSITION: 16 [Query DR] SELECT nextval('RV_C_INVOICELINE_SEQ')
===========>     (SEVERE)   DB.GetSQLValue: [18]SELECT nextval('RV_C_INVOICELINE_SEQ') => 42P01: relation "rv_c_invoiceline_seq" does not exist

POSITION: 16
===========>     (SEVERE)   PostgreHelper.ExecuteReader: [18]42P01: relation "rv_c_invoicelinerpt_seq" does not exist

POSITION: 16 [Query DR] SELECT nextval('RV_C_INVOICELINERPT_SEQ')
===========>     (SEVERE)   PostgreHelper.ExecuteReader: [18]42P01: relation "rv_c_invoicelinerpt_seq" does not exist

POSITION: 16 [Query DR] SELECT nextval('RV_C_INVOICELINERPT_SEQ')
===========>     (SEVERE)   DB.GetSQLValue: [18]SELECT nextval('RV_C_INVOICELINERPT_SEQ') => 42P01: relation "rv_c_invoicelinerpt_seq" does not exist

POSITION: 16
===========>     (SEVERE)   PostgreHelper.ExecuteReader: [18]42P01: relation "rv_c_invoicetax_seq" does not exist

POSITION: 16 [Query DR] SELECT nextval('RV_C_INVOICETAX_SEQ')
===========>     (SEVERE)   PostgreHelper.ExecuteReader: [18]42P01: relation "rv_c_invoicetax_seq" does not exist

POSITION: 16 [Query DR] SELECT nextval('RV_C_INVOICETAX_SEQ')
===========>     (SEVERE)   DB.GetSQLValue: [18]SELECT nextval('RV_C_INVOICETAX_SEQ') => 42P01: relation "rv_c_invoicetax_seq" does not exist

POSITION: 16
===========>     (SEVERE)   PostgreHelper.ExecuteReader: [18]42P01: relation "rv_c_rfq_unanswered_seq" does not exist

POSITION: 16 [Query DR] SELECT nextval('RV_C_RFQ_UNANSWERED_SEQ')
===========>     (SEVERE)   PostgreHelper.ExecuteReader: [18]42P01: relation "rv_c_rfq_unanswered_seq" does not exist

POSITION: 16 [Query DR] SELECT nextval('RV_C_RFQ_UNANSWERED_SEQ')
===========>     (SEVERE)   DB.GetSQLValue: [18]SELECT nextval('RV_C_RFQ_UNANSWERED_SEQ') => 42P01: relation "rv_c_rfq_unanswered_seq" does not exist

POSITION: 16
===========>     (SEVERE)   PostgreHelper.ExecuteReader: [18]42P01: relation "rv_c_rfqresponse_seq" does not exist

POSITION: 16 [Query DR] SELECT nextval('RV_C_RFQRESPONSE_SEQ')
===========>     (SEVERE)   PostgreHelper.ExecuteReader: [18]42P01: relation "rv_c_rfqresponse_seq" does not exist

POSITION: 16 [Query DR] SELECT nextval('RV_C_RFQRESPONSE_SEQ')
===========>     (SEVERE)   DB.GetSQLValue: [18]SELECT nextval('RV_C_RFQRESPONSE_SEQ') => 42P01: relation "rv_c_rfqresponse_seq" does not exist

POSITION: 16
===========>     (SEVERE)   PostgreHelper.ExecuteReader: [18]42P01: relation "rv_cash_detail_seq" does not exist

POSITION: 16 [Query DR] SELECT nextval('RV_CASH_DETAIL_SEQ')
===========>     (SEVERE)   PostgreHelper.ExecuteReader: [18]42P01: relation "rv_cash_detail_seq" does not exist

POSITION: 16 [Query DR] SELECT nextval('RV_CASH_DETAIL_SEQ')
===========>     (SEVERE)   DB.GetSQLValue: [18]SELECT nextval('RV_CASH_DETAIL_SEQ') => 42P01: relation "rv_cash_detail_seq" does not exist

POSITION: 16
===========>     (SEVERE)   PostgreHelper.ExecuteReader: [18]42P01: relation "rv_checkprint_header_seq" does not exist

POSITION: 16 [Query DR] SELECT nextval('RV_CHECKPRINT_HEADER_SEQ')
===========>     (SEVERE)   PostgreHelper.ExecuteReader: [18]42P01: relation "rv_checkprint_header_seq" does not exist

POSITION: 16 [Query DR] SELECT nextval('RV_CHECKPRINT_HEADER_SEQ')
===========>     (SEVERE)   DB.GetSQLValue: [18]SELECT nextval('RV_CHECKPRINT_HEADER_SEQ') => 42P01: relation "rv_checkprint_header_seq" does not exist

POSITION: 16
===========>     (SEVERE)   PostgreHelper.ExecuteReader: [18]42P01: relation "rv_checkprint_line_seq" does not exist

POSITION: 16 [Query DR] SELECT nextval('RV_CHECKPRINT_LINE_SEQ')
===========>     (SEVERE)   PostgreHelper.ExecuteReader: [18]42P01: relation "rv_checkprint_line_seq" does not exist

POSITION: 16 [Query DR] SELECT nextval('RV_CHECKPRINT_LINE_SEQ')
===========>     (SEVERE)   DB.GetSQLValue: [18]SELECT nextval('RV_CHECKPRINT_LINE_SEQ') => 42P01: relation "rv_checkprint_line_seq" does not exist

POSITION: 16
===========>     (SEVERE)   PostgreHelper.ExecuteReader: [18]42P01: relation "rv_click_month_seq" does not exist

POSITION: 16 [Query DR] SELECT nextval('RV_CLICK_MONTH_SEQ')
===========>     (SEVERE)   PostgreHelper.ExecuteReader: [18]42P01: relation "rv_click_month_seq" does not exist

POSITION: 16 [Query DR] SELECT nextval('RV_CLICK_MONTH_SEQ')
===========>     (SEVERE)   DB.GetSQLValue: [18]SELECT nextval('RV_CLICK_MONTH_SEQ') => 42P01: relation "rv_click_month_seq" does not exist

POSITION: 16
===========>     (SEVERE)   PostgreHelper.ExecuteReader: [18]42P01: relation "rv_click_unprocessed_seq" does not exist

POSITION: 16 [Query DR] SELECT nextval('RV_CLICK_UNPROCESSED_SEQ')
===========>     (SEVERE)   PostgreHelper.ExecuteReader: [18]42P01: relation "rv_click_unprocessed_seq" does not exist

POSITION: 16 [Query DR] SELECT nextval('RV_CLICK_UNPROCESSED_SEQ')
===========>     (SEVERE)   DB.GetSQLValue: [18]SELECT nextval('RV_CLICK_UNPROCESSED_SEQ') => 42P01: relation "rv_click_unprocessed_seq" does not exist

POSITION: 16
===========>     (SEVERE)   PostgreHelper.ExecuteReader: [18]42P01: relation "rv_commissionrundetail_seq" does not exist

POSITION: 16 [Query DR] SELECT nextval('RV_COMMISSIONRUNDETAIL_SEQ')
===========>     (SEVERE)   PostgreHelper.ExecuteReader: [18]42P01: relation "rv_commissionrundetail_seq" does not exist

POSITION: 16 [Query DR] SELECT nextval('RV_COMMISSIONRUNDETAIL_SEQ')
===========>     (SEVERE)   DB.GetSQLValue: [18]SELECT nextval('RV_COMMISSIONRUNDETAIL_SEQ') => 42P01: relation "rv_commissionrundetail_seq" does not exist

POSITION: 16
===========>     (SEVERE)   PostgreHelper.ExecuteReader: [18]42P01: relation "rv_cost_seq" does not exist

POSITION: 16 [Query DR] SELECT nextval('RV_COST_SEQ')
===========>     (SEVERE)   PostgreHelper.ExecuteReader: [18]42P01: relation "rv_cost_seq" does not exist

POSITION: 16 [Query DR] SELECT nextval('RV_COST_SEQ')
===========>     (SEVERE)   DB.GetSQLValue: [18]SELECT nextval('RV_COST_SEQ') => 42P01: relation "rv_cost_seq" does not exist

POSITION: 16
===========>     (SEVERE)   PostgreHelper.ExecuteReader: [18]42P01: relation "rv_costdetail_seq" does not exist

POSITION: 16 [Query DR] SELECT nextval('RV_COSTDETAIL_SEQ')
===========>     (SEVERE)   PostgreHelper.ExecuteReader: [18]42P01: relation "rv_costdetail_seq" does not exist

POSITION: 16 [Query DR] SELECT nextval('RV_COSTDETAIL_SEQ')
===========>     (SEVERE)   DB.GetSQLValue: [18]SELECT nextval('RV_COSTDETAIL_SEQ') => 42P01: relation "rv_costdetail_seq" does not exist

POSITION: 16
===========>     (SEVERE)   PostgreHelper.ExecuteReader: [18]42P01: relation "rv_costsummary_seq" does not exist

POSITION: 16 [Query DR] SELECT nextval('RV_COSTSUMMARY_SEQ')
===========>     (SEVERE)   PostgreHelper.ExecuteReader: [18]42P01: relation "rv_costsummary_seq" does not exist

POSITION: 16 [Query DR] SELECT nextval('RV_COSTSUMMARY_SEQ')
===========>     (SEVERE)   DB.GetSQLValue: [18]SELECT nextval('RV_COSTSUMMARY_SEQ') => 42P01: relation "rv_costsummary_seq" does not exist

POSITION: 16
===========>     (SEVERE)   PostgreHelper.ExecuteReader: [18]42P01: relation "rv_fact_acct_day_seq" does not exist

POSITION: 16 [Query DR] SELECT nextval('RV_FACT_ACCT_DAY_SEQ')
===========>     (SEVERE)   PostgreHelper.ExecuteReader: [18]42P01: relation "rv_fact_acct_day_seq" does not exist

POSITION: 16 [Query DR] SELECT nextval('RV_FACT_ACCT_DAY_SEQ')
===========>     (SEVERE)   DB.GetSQLValue: [18]SELECT nextval('RV_FACT_ACCT_DAY_SEQ') => 42P01: relation "rv_fact_acct_day_seq" does not exist

POSITION: 16
===========>     (SEVERE)   PostgreHelper.ExecuteReader: [18]42P01: relation "rv_fact_acct_period_seq" does not exist

POSITION: 16 [Query DR] SELECT nextval('RV_FACT_ACCT_PERIOD_SEQ')
===========>     (SEVERE)   PostgreHelper.ExecuteReader: [18]42P01: relation "rv_fact_acct_period_seq" does not exist

POSITION: 16 [Query DR] SELECT nextval('RV_FACT_ACCT_PERIOD_SEQ')
===========>     (SEVERE)   DB.GetSQLValue: [18]SELECT nextval('RV_FACT_ACCT_PERIOD_SEQ') => 42P01: relation "rv_fact_acct_period_seq" does not exist

POSITION: 16
===========>     (SEVERE)   PostgreHelper.ExecuteReader: [18]42P01: relation "rv_inoutconfirm_seq" does not exist

POSITION: 16 [Query DR] SELECT nextval('RV_INOUTCONFIRM_SEQ')
===========>     (SEVERE)   PostgreHelper.ExecuteReader: [18]42P01: relation "rv_inoutconfirm_seq" does not exist

POSITION: 16 [Query DR] SELECT nextval('RV_INOUTCONFIRM_SEQ')
===========>     (SEVERE)   DB.GetSQLValue: [18]SELECT nextval('RV_INOUTCONFIRM_SEQ') => 42P01: relation "rv_inoutconfirm_seq" does not exist

POSITION: 16
===========>     (SEVERE)   PostgreHelper.ExecuteReader: [18]42P01: relation "rv_inoutdetails_seq" does not exist

POSITION: 16 [Query DR] SELECT nextval('RV_INOUTDETAILS_SEQ')
===========>     (SEVERE)   PostgreHelper.ExecuteReader: [18]42P01: relation "rv_inoutdetails_seq" does not exist

POSITION: 16 [Query DR] SELECT nextval('RV_INOUTDETAILS_SEQ')
===========>     (SEVERE)   DB.GetSQLValue: [18]SELECT nextval('RV_INOUTDETAILS_SEQ') => 42P01: relation "rv_inoutdetails_seq" does not exist

POSITION: 16
===========>     (SEVERE)   PostgreHelper.ExecuteReader: [18]42P01: relation "rv_inoutlineconfirm_seq" does not exist

POSITION: 16 [Query DR] SELECT nextval('RV_INOUTLINECONFIRM_SEQ')
===========>     (SEVERE)   PostgreHelper.ExecuteReader: [18]42P01: relation "rv_inoutlineconfirm_seq" does not exist

POSITION: 16 [Query DR] SELECT nextval('RV_INOUTLINECONFIRM_SEQ')
===========>     (SEVERE)   DB.GetSQLValue: [18]SELECT nextval('RV_INOUTLINECONFIRM_SEQ') => 42P01: relation "rv_inoutlineconfirm_seq" does not exist

POSITION: 16
===========>     (SEVERE)   PostgreHelper.ExecuteReader: [18]42P01: relation "rv_invoice_detail_seq" does not exist

POSITION: 16 [Query DR] SELECT nextval('RV_INVOICE_DETAIL_SEQ')
===========>     (SEVERE)   PostgreHelper.ExecuteReader: [18]42P01: relation "rv_invoice_detail_seq" does not exist

POSITION: 16 [Query DR] SELECT nextval('RV_INVOICE_DETAIL_SEQ')
===========>     (SEVERE)   DB.GetSQLValue: [18]SELECT nextval('RV_INVOICE_DETAIL_SEQ') => 42P01: relation "rv_invoice_detail_seq" does not exist

POSITION: 16
===========>     (SEVERE)   PostgreHelper.ExecuteReader: [18]42P01: relation "rv_lead_month_seq" does not exist

POSITION: 16 [Query DR] SELECT nextval('RV_LEAD_MONTH_SEQ')
===========>     (SEVERE)   PostgreHelper.ExecuteReader: [18]42P01: relation "rv_lead_month_seq" does not exist

POSITION: 16 [Query DR] SELECT nextval('RV_LEAD_MONTH_SEQ')
===========>     (SEVERE)   DB.GetSQLValue: [18]SELECT nextval('RV_LEAD_MONTH_SEQ') => 42P01: relation "rv_lead_month_seq" does not exist

POSITION: 16
===========>     (SEVERE)   PostgreHelper.ExecuteReader: [18]42P01: relation "rv_lead_week_seq" does not exist

POSITION: 16 [Query DR] SELECT nextval('RV_LEAD_WEEK_SEQ')
===========>     (SEVERE)   PostgreHelper.ExecuteReader: [18]42P01: relation "rv_lead_week_seq" does not exist

POSITION: 16 [Query DR] SELECT nextval('RV_LEAD_WEEK_SEQ')
===========>     (SEVERE)   DB.GetSQLValue: [18]SELECT nextval('RV_LEAD_WEEK_SEQ') => 42P01: relation "rv_lead_week_seq" does not exist

POSITION: 16
===========>     (SEVERE)   PostgreHelper.ExecuteReader: [18]42P01: relation "rv_m_requisition_seq" does not exist

POSITION: 16 [Query DR] SELECT nextval('RV_M_REQUISITION_SEQ')
===========>     (SEVERE)   PostgreHelper.ExecuteReader: [18]42P01: relation "rv_m_requisition_seq" does not exist

POSITION: 16 [Query DR] SELECT nextval('RV_M_REQUISITION_SEQ')
===========>     (SEVERE)   DB.GetSQLValue: [18]SELECT nextval('RV_M_REQUISITION_SEQ') => 42P01: relation "rv_m_requisition_seq" does not exist

POSITION: 16
===========>     (SEVERE)   PostgreHelper.ExecuteReader: [18]42P01: relation "rv_m_transaction_seq" does not exist

POSITION: 16 [Query DR] SELECT nextval('RV_M_TRANSACTION_SEQ')
===========>     (SEVERE)   PostgreHelper.ExecuteReader: [18]42P01: relation "rv_m_transaction_seq" does not exist

POSITION: 16 [Query DR] SELECT nextval('RV_M_TRANSACTION_SEQ')
===========>     (SEVERE)   DB.GetSQLValue: [18]SELECT nextval('RV_M_TRANSACTION_SEQ') => 42P01: relation "rv_m_transaction_seq" does not exist

POSITION: 16
===========>     (SEVERE)   PostgreHelper.ExecuteReader: [18]42P01: relation "rv_m_transaction_sum_seq" does not exist

POSITION: 16 [Query DR] SELECT nextval('RV_M_TRANSACTION_SUM_SEQ')
===========>     (SEVERE)   PostgreHelper.ExecuteReader: [18]42P01: relation "rv_m_transaction_sum_seq" does not exist

POSITION: 16 [Query DR] SELECT nextval('RV_M_TRANSACTION_SUM_SEQ')
===========>     (SEVERE)   DB.GetSQLValue: [18]SELECT nextval('RV_M_TRANSACTION_SUM_SEQ') => 42P01: relation "rv_m_transaction_sum_seq" does not exist

POSITION: 16
===========>     (SEVERE)   PostgreHelper.ExecuteReader: [18]42P01: relation "rv_openitem_seq" does not exist

POSITION: 16 [Query DR] SELECT nextval('RV_OPENITEM_SEQ')
===========>     (SEVERE)   PostgreHelper.ExecuteReader: [18]42P01: relation "rv_openitem_seq" does not exist

POSITION: 16 [Query DR] SELECT nextval('RV_OPENITEM_SEQ')
===========>     (SEVERE)   DB.GetSQLValue: [18]SELECT nextval('RV_OPENITEM_SEQ') => 42P01: relation "rv_openitem_seq" does not exist

POSITION: 16
===========>     (SEVERE)   PostgreHelper.ExecuteReader: [18]42P01: relation "rv_order_seq" does not exist

POSITION: 16 [Query DR] SELECT nextval('RV_ORDER_SEQ')
===========>     (SEVERE)   PostgreHelper.ExecuteReader: [18]42P01: relation "rv_order_seq" does not exist

POSITION: 16 [Query DR] SELECT nextval('RV_ORDER_SEQ')
===========>     (SEVERE)   DB.GetSQLValue: [18]SELECT nextval('RV_ORDER_SEQ') => 42P01: relation "rv_order_seq" does not exist

POSITION: 16
===========>     (SEVERE)   PostgreHelper.ExecuteReader: [18]42P01: relation "rv_orderdetail_seq" does not exist

POSITION: 16 [Query DR] SELECT nextval('RV_ORDERDETAIL_SEQ')
===========>     (SEVERE)   PostgreHelper.ExecuteReader: [18]42P01: relation "rv_orderdetail_seq" does not exist

POSITION: 16 [Query DR] SELECT nextval('RV_ORDERDETAIL_SEQ')
===========>     (SEVERE)   DB.GetSQLValue: [18]SELECT nextval('RV_ORDERDETAIL_SEQ') => 42P01: relation "rv_orderdetail_seq" does not exist

POSITION: 16
===========>     (SEVERE)   PostgreHelper.ExecuteReader: [18]42P01: relation "rv_payment_seq" does not exist

POSITION: 16 [Query DR] SELECT nextval('RV_PAYMENT_SEQ')
===========>     (SEVERE)   PostgreHelper.ExecuteReader: [18]42P01: relation "rv_payment_seq" does not exist

POSITION: 16 [Query DR] SELECT nextval('RV_PAYMENT_SEQ')
===========>     (SEVERE)   DB.GetSQLValue: [18]SELECT nextval('RV_PAYMENT_SEQ') => 42P01: relation "rv_payment_seq" does not exist

POSITION: 16
===========>     (SEVERE)   PostgreHelper.ExecuteReader: [18]42P01: relation "rv_printformatdetail_seq" does not exist

POSITION: 16 [Query DR] SELECT nextval('RV_PRINTFORMATDETAIL_SEQ')
===========>     (SEVERE)   PostgreHelper.ExecuteReader: [18]42P01: relation "rv_printformatdetail_seq" does not exist

POSITION: 16 [Query DR] SELECT nextval('RV_PRINTFORMATDETAIL_SEQ')
===========>     (SEVERE)   DB.GetSQLValue: [18]SELECT nextval('RV_PRINTFORMATDETAIL_SEQ') => 42P01: relation "rv_printformatdetail_seq" does not exist

POSITION: 16
===========>     (SEVERE)   PostgreHelper.ExecuteReader: [18]42P01: relation "rv_product_costing_seq" does not exist

POSITION: 16 [Query DR] SELECT nextval('RV_PRODUCT_COSTING_SEQ')
===========>     (SEVERE)   PostgreHelper.ExecuteReader: [18]42P01: relation "rv_product_costing_seq" does not exist

POSITION: 16 [Query DR] SELECT nextval('RV_PRODUCT_COSTING_SEQ')
===========>     (SEVERE)   DB.GetSQLValue: [18]SELECT nextval('RV_PRODUCT_COSTING_SEQ') => 42P01: relation "rv_product_costing_seq" does not exist

POSITION: 16
===========>     (SEVERE)   PostgreHelper.ExecuteReader: [18]42P01: relation "rv_project_details_seq" does not exist

POSITION: 16 [Query DR] SELECT nextval('RV_PROJECT_DETAILS_SEQ')
===========>     (SEVERE)   PostgreHelper.ExecuteReader: [18]42P01: relation "rv_project_details_seq" does not exist

POSITION: 16 [Query DR] SELECT nextval('RV_PROJECT_DETAILS_SEQ')
===========>     (SEVERE)   DB.GetSQLValue: [18]SELECT nextval('RV_PROJECT_DETAILS_SEQ') => 42P01: relation "rv_project_details_seq" does not exist

POSITION: 16
===========>     (SEVERE)   PostgreHelper.ExecuteReader: [18]42P01: relation "rv_projectcycle_seq" does not exist

POSITION: 16 [Query DR] SELECT nextval('RV_PROJECTCYCLE_SEQ')
===========>     (SEVERE)   PostgreHelper.ExecuteReader: [18]42P01: relation "rv_projectcycle_seq" does not exist

POSITION: 16 [Query DR] SELECT nextval('RV_PROJECTCYCLE_SEQ')
===========>     (SEVERE)   DB.GetSQLValue: [18]SELECT nextval('RV_PROJECTCYCLE_SEQ') => 42P01: relation "rv_projectcycle_seq" does not exist

POSITION: 16
===========>     (SEVERE)   PostgreHelper.ExecuteReader: [18]42P01: relation "rv_projectlineissue_seq" does not exist

POSITION: 16 [Query DR] SELECT nextval('RV_PROJECTLINEISSUE_SEQ')
===========>     (SEVERE)   PostgreHelper.ExecuteReader: [18]42P01: relation "rv_projectlineissue_seq" does not exist

POSITION: 16 [Query DR] SELECT nextval('RV_PROJECTLINEISSUE_SEQ')
===========>     (SEVERE)   DB.GetSQLValue: [18]SELECT nextval('RV_PROJECTLINEISSUE_SEQ') => 42P01: relation "rv_projectlineissue_seq" does not exist

POSITION: 16
===========>     (SEVERE)   PostgreHelper.ExecuteReader: [18]42P01: relation "rv_receiptnotmatched_seq" does not exist

POSITION: 16 [Query DR] SELECT nextval('RV_RECEIPTNOTMATCHED_SEQ')
===========>     (SEVERE)   PostgreHelper.ExecuteReader: [18]42P01: relation "rv_receiptnotmatched_seq" does not exist

POSITION: 16 [Query DR] SELECT nextval('RV_RECEIPTNOTMATCHED_SEQ')
===========>     (SEVERE)   DB.GetSQLValue: [18]SELECT nextval('RV_RECEIPTNOTMATCHED_SEQ') => 42P01: relation "rv_receiptnotmatched_seq" does not exist

POSITION: 16
===========>     (SEVERE)   PostgreHelper.ExecuteReader: [18]42P01: relation "rv_request_count_by_bp_seq" does not exist

POSITION: 16 [Query DR] SELECT nextval('RV_REQUEST_COUNT_BY_BP_SEQ')
===========>     (SEVERE)   PostgreHelper.ExecuteReader: [18]42P01: relation "rv_request_count_by_bp_seq" does not exist

POSITION: 16 [Query DR] SELECT nextval('RV_REQUEST_COUNT_BY_BP_SEQ')
===========>     (SEVERE)   DB.GetSQLValue: [18]SELECT nextval('RV_REQUEST_COUNT_BY_BP_SEQ') => 42P01: relation "rv_request_count_by_bp_seq" does not exist

POSITION: 16
===========>     (SEVERE)   PostgreHelper.ExecuteReader: [18]42P01: relation "rv_request_count_by_reqtype_seq" does not exist

POSITION: 16 [Query DR] SELECT nextval('RV_REQUEST_COUNT_BY_REQTYPE_SEQ')
===========>     (SEVERE)   PostgreHelper.ExecuteReader: [18]42P01: relation "rv_request_count_by_reqtype_seq" does not exist

POSITION: 16 [Query DR] SELECT nextval('RV_REQUEST_COUNT_BY_REQTYPE_SEQ')
===========>     (SEVERE)   DB.GetSQLValue: [18]SELECT nextval('RV_REQUEST_COUNT_BY_REQTYPE_SEQ') => 42P01: relation "rv_request_count_by_reqtype_seq" does not exist

POSITION: 16
===========>     (SEVERE)   PostgreHelper.ExecuteReader: [18]42P01: relation "rv_request_stats_by_bp_seq" does not exist

POSITION: 16 [Query DR] SELECT nextval('RV_REQUEST_STATS_BY_BP_SEQ')
===========>     (SEVERE)   PostgreHelper.ExecuteReader: [18]42P01: relation "rv_request_stats_by_bp_seq" does not exist

POSITION: 16 [Query DR] SELECT nextval('RV_REQUEST_STATS_BY_BP_SEQ')
===========>     (SEVERE)   DB.GetSQLValue: [18]SELECT nextval('RV_REQUEST_STATS_BY_BP_SEQ') => 42P01: relation "rv_request_stats_by_bp_seq" does not exist

POSITION: 16
===========>     (SEVERE)   PostgreHelper.ExecuteReader: [18]42P01: relation "rv_request_stats_by_bp2_seq" does not exist

POSITION: 16 [Query DR] SELECT nextval('RV_REQUEST_STATS_BY_BP2_SEQ')
===========>     (SEVERE)   PostgreHelper.ExecuteReader: [18]42P01: relation "rv_request_stats_by_bp2_seq" does not exist

POSITION: 16 [Query DR] SELECT nextval('RV_REQUEST_STATS_BY_BP2_SEQ')
===========>     (SEVERE)   DB.GetSQLValue: [18]SELECT nextval('RV_REQUEST_STATS_BY_BP2_SEQ') => 42P01: relation "rv_request_stats_by_bp2_seq" does not exist

POSITION: 16
===========>     (SEVERE)   PostgreHelper.ExecuteReader: [18]42P01: relation "rv_request_stats_by_reqtype_seq" does not exist

POSITION: 16 [Query DR] SELECT nextval('RV_REQUEST_STATS_BY_REQTYPE_SEQ')
===========>     (SEVERE)   PostgreHelper.ExecuteReader: [18]42P01: relation "rv_request_stats_by_reqtype_seq" does not exist

POSITION: 16 [Query DR] SELECT nextval('RV_REQUEST_STATS_BY_REQTYPE_SEQ')
===========>     (SEVERE)   DB.GetSQLValue: [18]SELECT nextval('RV_REQUEST_STATS_BY_REQTYPE_SEQ') => 42P01: relation "rv_request_stats_by_reqtype_seq" does not exist

POSITION: 16
===========>     (SEVERE)   PostgreHelper.ExecuteReader: [18]42P01: relation "rv_request_stats_by_reqtype2_seq" does not exist

POSITION: 16 [Query DR] SELECT nextval('RV_REQUEST_STATS_BY_REQTYPE2_SEQ')
===========>     (SEVERE)   PostgreHelper.ExecuteReader: [18]42P01: relation "rv_request_stats_by_reqtype2_seq" does not exist

POSITION: 16 [Query DR] SELECT nextval('RV_REQUEST_STATS_BY_REQTYPE2_SEQ')
===========>     (SEVERE)   DB.GetSQLValue: [18]SELECT nextval('RV_REQUEST_STATS_BY_REQTYPE2_SEQ') => 42P01: relation "rv_request_stats_by_reqtype2_seq" does not exist

POSITION: 16
===========>     (SEVERE)   PostgreHelper.ExecuteReader: [18]42P01: relation "rv_requestupdates_seq" does not exist

POSITION: 16 [Query DR] SELECT nextval('RV_REQUESTUPDATES_SEQ')
===========>     (SEVERE)   PostgreHelper.ExecuteReader: [18]42P01: relation "rv_requestupdates_seq" does not exist

POSITION: 16 [Query DR] SELECT nextval('RV_REQUESTUPDATES_SEQ')
===========>     (SEVERE)   DB.GetSQLValue: [18]SELECT nextval('RV_REQUESTUPDATES_SEQ') => 42P01: relation "rv_requestupdates_seq" does not exist

POSITION: 16
===========>     (SEVERE)   PostgreHelper.ExecuteReader: [18]42P01: relation "rv_requestupdates_only_seq" does not exist

POSITION: 16 [Query DR] SELECT nextval('RV_REQUESTUPDATES_ONLY_SEQ')
===========>     (SEVERE)   PostgreHelper.ExecuteReader: [18]42P01: relation "rv_requestupdates_only_seq" does not exist

POSITION: 16 [Query DR] SELECT nextval('RV_REQUESTUPDATES_ONLY_SEQ')
===========>     (SEVERE)   DB.GetSQLValue: [18]SELECT nextval('RV_REQUESTUPDATES_ONLY_SEQ') => 42P01: relation "rv_requestupdates_only_seq" does not exist

POSITION: 16
===========>     (SEVERE)   PostgreHelper.ExecuteReader: [18]42P01: relation "rv_storage_seq" does not exist

POSITION: 16 [Query DR] SELECT nextval('RV_STORAGE_SEQ')
===========>     (SEVERE)   PostgreHelper.ExecuteReader: [18]42P01: relation "rv_storage_seq" does not exist

POSITION: 16 [Query DR] SELECT nextval('RV_STORAGE_SEQ')
===========>     (SEVERE)   DB.GetSQLValue: [18]SELECT nextval('RV_STORAGE_SEQ') => 42P01: relation "rv_storage_seq" does not exist

POSITION: 16
===========>     (SEVERE)   PostgreHelper.ExecuteReader: [18]42P01: relation "rv_transaction_seq" does not exist

POSITION: 16 [Query DR] SELECT nextval('RV_TRANSACTION_SEQ')
===========>     (SEVERE)   PostgreHelper.ExecuteReader: [18]42P01: relation "rv_transaction_seq" does not exist

POSITION: 16 [Query DR] SELECT nextval('RV_TRANSACTION_SEQ')
===========>     (SEVERE)   DB.GetSQLValue: [18]SELECT nextval('RV_TRANSACTION_SEQ') => 42P01: relation "rv_transaction_seq" does not exist

POSITION: 16
===========>     (SEVERE)   PostgreHelper.ExecuteReader: [18]42P01: relation "rv_unposted_seq" does not exist

POSITION: 16 [Query DR] SELECT nextval('RV_UNPOSTED_SEQ')
===========>     (SEVERE)   PostgreHelper.ExecuteReader: [18]42P01: relation "rv_unposted_seq" does not exist

POSITION: 16 [Query DR] SELECT nextval('RV_UNPOSTED_SEQ')
===========>     (SEVERE)   DB.GetSQLValue: [18]SELECT nextval('RV_UNPOSTED_SEQ') => 42P01: relation "rv_unposted_seq" does not exist

POSITION: 16
===========>     (SEVERE)   PostgreHelper.ExecuteReader: [18]42P01: relation "rv_warehouseprice_seq" does not exist

POSITION: 16 [Query DR] SELECT nextval('RV_WAREHOUSEPRICE_SEQ')
===========>     (SEVERE)   PostgreHelper.ExecuteReader: [18]42P01: relation "rv_warehouseprice_seq" does not exist

POSITION: 16 [Query DR] SELECT nextval('RV_WAREHOUSEPRICE_SEQ')
===========>     (SEVERE)   DB.GetSQLValue: [18]SELECT nextval('RV_WAREHOUSEPRICE_SEQ') => 42P01: relation "rv_warehouseprice_seq" does not exist

POSITION: 16
===========>     (SEVERE)   DB.ExecuteQuery: [18] => 22003: setval: value 999999 is out of bounds for sequence "s_expensetype_seq" (1000000..2147483647)
----------->     (WARNING)  DB.ExecuteQuery: [18]DBExecuteError - 22003: setval: value 999999 is out of bounds for sequence "s_expensetype_seq" (1000000..2147483647)
05:36:59.365    (INFO)     NativeSequence.AddLog: [18]0 -  -  - Sequence not Updated For :S_ExpenseType_SEQ
===========>     (SEVERE)   DB.ExecuteQuery: [18] => 22003: setval: value 999999 is out of bounds for sequence "s_resourceassignment_seq" (1000000..2147483647)
----------->     (WARNING)  DB.ExecuteQuery: [18]DBExecuteError - 22003: setval: value 999999 is out of bounds for sequence "s_resourceassignment_seq" (1000000..2147483647)
05:36:59.365    (INFO)     NativeSequence.AddLog: [18]0 -  -  - Sequence not Updated For :S_ResourceAssignment_SEQ
===========>     (SEVERE)   DB.ExecuteQuery: [18] => 22003: setval: value 999999 is out of bounds for sequence "s_resourceunavailable_seq" (1000000..2147483647)
----------->     (WARNING)  DB.ExecuteQuery: [18]DBExecuteError - 22003: setval: value 999999 is out of bounds for sequence "s_resourceunavailable_seq" (1000000..2147483647)
05:36:59.365    (INFO)     NativeSequence.AddLog: [18]0 -  -  - Sequence not Updated For :S_ResourceUnAvailable_SEQ
===========>     (SEVERE)   DB.ExecuteQuery: [18] => 22003: setval: value 999999 is out of bounds for sequence "s_timetype_seq" (1000000..2147483647)
----------->     (WARNING)  DB.ExecuteQuery: [18]DBExecuteError - 22003: setval: value 999999 is out of bounds for sequence "s_timetype_seq" (1000000..2147483647)
05:36:59.365    (INFO)     NativeSequence.AddLog: [18]0 -  -  - Sequence not Updated For :S_TimeType_SEQ
===========>     (SEVERE)   DB.ExecuteQuery: [18] => 22003: setval: value 999999 is out of bounds for sequence "s_training_seq" (1000000..2147483647)
----------->     (WARNING)  DB.ExecuteQuery: [18]DBExecuteError - 22003: setval: value 999999 is out of bounds for sequence "s_training_seq" (1000000..2147483647)
05:36:59.365    (INFO)     NativeSequence.AddLog: [18]0 -  -  - Sequence not Updated For :S_Training_SEQ
===========>     (SEVERE)   DB.ExecuteQuery: [18] => 22003: setval: value 999999 is out of bounds for sequence "s_training_class_seq" (1000000..2147483647)
----------->     (WARNING)  DB.ExecuteQuery: [18]DBExecuteError - 22003: setval: value 999999 is out of bounds for sequence "s_training_class_seq" (1000000..2147483647)
05:36:59.365    (INFO)     NativeSequence.AddLog: [18]0 -  -  - Sequence not Updated For :S_Training_Class_SEQ
===========>     (SEVERE)   DB.ExecuteQuery: [18] => 22003: setval: value 999999 is out of bounds for sequence "serversettings_seq" (1000000..2147483647)
----------->     (WARNING)  DB.ExecuteQuery: [18]DBExecuteError - 22003: setval: value 999999 is out of bounds for sequence "serversettings_seq" (1000000..2147483647)
05:36:59.365    (INFO)     NativeSequence.AddLog: [18]0 -  -  - Sequence not Updated For :ServerSettings_SEQ
===========>     (SEVERE)   PostgreHelper.ExecuteReader: [18]42P01: relation "statement_v_seq" does not exist

POSITION: 16 [Query DR] SELECT nextval('STATEMENT_V_SEQ')
===========>     (SEVERE)   PostgreHelper.ExecuteReader: [18]42P01: relation "statement_v_seq" does not exist

POSITION: 16 [Query DR] SELECT nextval('STATEMENT_V_SEQ')
===========>     (SEVERE)   DB.GetSQLValue: [18]SELECT nextval('STATEMENT_V_SEQ') => 42P01: relation "statement_v_seq" does not exist

POSITION: 16
===========>     (SEVERE)   DB.ExecuteQuery: [18] => 22003: setval: value 999999 is out of bounds for sequence "t_aging_seq" (1000000..2147483647)
----------->     (WARNING)  DB.ExecuteQuery: [18]DBExecuteError - 22003: setval: value 999999 is out of bounds for sequence "t_aging_seq" (1000000..2147483647)
05:36:59.365    (INFO)     NativeSequence.AddLog: [18]0 -  -  - Sequence not Updated For :T_Aging_SEQ
===========>     (SEVERE)   PostgreHelper.ExecuteReader: [18]42P01: relation "t_balsheet_seq" does not exist

POSITION: 16 [Query DR] SELECT nextval('T_BALSHEET_SEQ')
===========>     (SEVERE)   PostgreHelper.ExecuteReader: [18]42P01: relation "t_balsheet_seq" does not exist

POSITION: 16 [Query DR] SELECT nextval('T_BALSHEET_SEQ')
===========>     (SEVERE)   DB.GetSQLValue: [18]SELECT nextval('T_BALSHEET_SEQ') => 42P01: relation "t_balsheet_seq" does not exist

POSITION: 16
===========>     (SEVERE)   DB.ExecuteQuery: [18] => 22003: setval: value 999999 is out of bounds for sequence "t_bomdetails_seq" (1000000..2147483647)
----------->     (WARNING)  DB.ExecuteQuery: [18]DBExecuteError - 22003: setval: value 999999 is out of bounds for sequence "t_bomdetails_seq" (1000000..2147483647)
05:36:59.365    (INFO)     NativeSequence.AddLog: [18]0 -  -  - Sequence not Updated For :T_BOMDetails_SEQ
===========>     (SEVERE)   DB.ExecuteQuery: [18] => 22003: setval: value 999999 is out of bounds for sequence "t_crystalparameters_seq" (1000000..2147483647)
----------->     (WARNING)  DB.ExecuteQuery: [18]DBExecuteError - 22003: setval: value 999999 is out of bounds for sequence "t_crystalparameters_seq" (1000000..2147483647)
05:36:59.365    (INFO)     NativeSequence.AddLog: [18]0 -  -  - Sequence not Updated For :T_CrystalParameters_SEQ
===========>     (SEVERE)   DB.ExecuteQuery: [18] => 22003: setval: value 999999 is out of bounds for sequence "t_distributionrundetail_seq" (1000000..2147483647)
----------->     (WARNING)  DB.ExecuteQuery: [18]DBExecuteError - 22003: setval: value 999999 is out of bounds for sequence "t_distributionrundetail_seq" (1000000..2147483647)
05:36:59.365    (INFO)     NativeSequence.AddLog: [18]0 -  -  - Sequence not Updated For :T_DistributionRunDetail_SEQ
===========>     (SEVERE)   DB.ExecuteQuery: [18] => 22003: setval: value 999999 is out of bounds for sequence "t_impformat_seq" (1000000..2147483647)
----------->     (WARNING)  DB.ExecuteQuery: [18]DBExecuteError - 22003: setval: value 999999 is out of bounds for sequence "t_impformat_seq" (1000000..2147483647)
05:36:59.365    (INFO)     NativeSequence.AddLog: [18]0 -  -  - Sequence not Updated For :T_ImpFormat_SEQ
===========>     (SEVERE)   DB.ExecuteQuery: [18] => 22003: setval: value 999999 is out of bounds for sequence "t_inventoryvalue_seq" (1000000..2147483647)
----------->     (WARNING)  DB.ExecuteQuery: [18]DBExecuteError - 22003: setval: value 999999 is out of bounds for sequence "t_inventoryvalue_seq" (1000000..2147483647)
05:36:59.365    (INFO)     NativeSequence.AddLog: [18]0 -  -  - Sequence not Updated For :T_InventoryValue_SEQ
===========>     (SEVERE)   DB.ExecuteQuery: [18] => 22003: setval: value 999999 is out of bounds for sequence "t_invoicegl_seq" (1000000..2147483647)
----------->     (WARNING)  DB.ExecuteQuery: [18]DBExecuteError - 22003: setval: value 999999 is out of bounds for sequence "t_invoicegl_seq" (1000000..2147483647)
05:36:59.365    (INFO)     NativeSequence.AddLog: [18]0 -  -  - Sequence not Updated For :T_InvoiceGL_SEQ
===========>     (SEVERE)   PostgreHelper.ExecuteReader: [18]42P01: relation "t_invoicegl_v_seq" does not exist

POSITION: 16 [Query DR] SELECT nextval('T_INVOICEGL_V_SEQ')
===========>     (SEVERE)   PostgreHelper.ExecuteReader: [18]42P01: relation "t_invoicegl_v_seq" does not exist

POSITION: 16 [Query DR] SELECT nextval('T_INVOICEGL_V_SEQ')
===========>     (SEVERE)   DB.GetSQLValue: [18]SELECT nextval('T_INVOICEGL_V_SEQ') => 42P01: relation "t_invoicegl_v_seq" does not exist

POSITION: 16
===========>     (SEVERE)   PostgreHelper.ExecuteReader: [18]42P01: relation "t_invoicegl_v___seq" does not exist

POSITION: 16 [Query DR] SELECT nextval('T_INVOICEGL_V___SEQ')
===========>     (SEVERE)   PostgreHelper.ExecuteReader: [18]42P01: relation "t_invoicegl_v___seq" does not exist

POSITION: 16 [Query DR] SELECT nextval('T_INVOICEGL_V___SEQ')
===========>     (SEVERE)   DB.GetSQLValue: [18]SELECT nextval('T_INVOICEGL_V___SEQ') => 42P01: relation "t_invoicegl_v___seq" does not exist

POSITION: 16
===========>     (SEVERE)   PostgreHelper.ExecuteReader: [18]42P01: relation "t_invoicegl_vt_seq" does not exist

POSITION: 16 [Query DR] SELECT nextval('T_INVOICEGL_VT_SEQ')
===========>     (SEVERE)   PostgreHelper.ExecuteReader: [18]42P01: relation "t_invoicegl_vt_seq" does not exist

POSITION: 16 [Query DR] SELECT nextval('T_INVOICEGL_VT_SEQ')
===========>     (SEVERE)   DB.GetSQLValue: [18]SELECT nextval('T_INVOICEGL_VT_SEQ') => 42P01: relation "t_invoicegl_vt_seq" does not exist

POSITION: 16
===========>     (SEVERE)   DB.ExecuteQuery: [18] => 22003: setval: value 999999 is out of bounds for sequence "t_ledgerstatement_seq" (1000000..2147483647)
----------->     (WARNING)  DB.ExecuteQuery: [18]DBExecuteError - 22003: setval: value 999999 is out of bounds for sequence "t_ledgerstatement_seq" (1000000..2147483647)
05:36:59.365    (INFO)     NativeSequence.AddLog: [18]0 -  -  - Sequence not Updated For :T_LEDGERSTATEMENT_SEQ
===========>     (SEVERE)   DB.ExecuteQuery: [18] => 22003: setval: value 999999 is out of bounds for sequence "t_locatorvisits_seq" (1000000..2147483647)
----------->     (WARNING)  DB.ExecuteQuery: [18]DBExecuteError - 22003: setval: value 999999 is out of bounds for sequence "t_locatorvisits_seq" (1000000..2147483647)
05:36:59.365    (INFO)     NativeSequence.AddLog: [18]0 -  -  - Sequence not Updated For :T_LocatorVisits_SEQ
===========>     (SEVERE)   DB.ExecuteQuery: [18] => 22003: setval: value 999999 is out of bounds for sequence "t_replenish_seq" (1000000..2147483647)
----------->     (WARNING)  DB.ExecuteQuery: [18]DBExecuteError - 22003: setval: value 999999 is out of bounds for sequence "t_replenish_seq" (1000000..2147483647)
05:36:59.365    (INFO)     NativeSequence.AddLog: [18]0 -  -  - Sequence not Updated For :T_Replenish_SEQ
===========>     (SEVERE)   DB.ExecuteQuery: [18] => 22003: setval: value 999999 is out of bounds for sequence "t_report_seq" (1000000..2147483647)
----------->     (WARNING)  DB.ExecuteQuery: [18]DBExecuteError - 22003: setval: value 999999 is out of bounds for sequence "t_report_seq" (1000000..2147483647)
05:36:59.365    (INFO)     NativeSequence.AddLog: [18]0 -  -  - Sequence not Updated For :T_Report_SEQ
===========>     (SEVERE)   DB.ExecuteQuery: [18] => 22003: setval: value 999999 is out of bounds for sequence "t_reportstatement_seq" (1000000..2147483647)
----------->     (WARNING)  DB.ExecuteQuery: [18]DBExecuteError - 22003: setval: value 999999 is out of bounds for sequence "t_reportstatement_seq" (1000000..2147483647)
05:36:59.365    (INFO)     NativeSequence.AddLog: [18]0 -  -  - Sequence not Updated For :T_ReportStatement_SEQ
===========>     (SEVERE)   DB.ExecuteQuery: [18] => 22003: setval: value 999999 is out of bounds for sequence "t_selection_seq" (1000000..2147483647)
----------->     (WARNING)  DB.ExecuteQuery: [18]DBExecuteError - 22003: setval: value 999999 is out of bounds for sequence "t_selection_seq" (1000000..2147483647)
05:36:59.365    (INFO)     NativeSequence.AddLog: [18]0 -  -  - Sequence not Updated For :T_Selection_SEQ
===========>     (SEVERE)   DB.ExecuteQuery: [18] => 22003: setval: value 999999 is out of bounds for sequence "t_selection2_seq" (1000000..2147483647)
----------->     (WARNING)  DB.ExecuteQuery: [18]DBExecuteError - 22003: setval: value 999999 is out of bounds for sequence "t_selection2_seq" (1000000..2147483647)
05:36:59.365    (INFO)     NativeSequence.AddLog: [18]0 -  -  - Sequence not Updated For :T_Selection2_SEQ
===========>     (SEVERE)   DB.ExecuteQuery: [18] => 22003: setval: value 999999 is out of bounds for sequence "t_spool_seq" (1000000..2147483647)
----------->     (WARNING)  DB.ExecuteQuery: [18]DBExecuteError - 22003: setval: value 999999 is out of bounds for sequence "t_spool_seq" (1000000..2147483647)
05:36:59.365    (INFO)     NativeSequence.AddLog: [18]0 -  -  - Sequence not Updated For :T_Spool_SEQ
===========>     (SEVERE)   DB.ExecuteQuery: [18] => 22003: setval: value 999999 is out of bounds for sequence "t_taskhandlerperf_seq" (1000000..2147483647)
----------->     (WARNING)  DB.ExecuteQuery: [18]DBExecuteError - 22003: setval: value 999999 is out of bounds for sequence "t_taskhandlerperf_seq" (1000000..2147483647)
05:36:59.365    (INFO)     NativeSequence.AddLog: [18]0 -  -  - Sequence not Updated For :T_TaskHandlerPerf_SEQ
===========>     (SEVERE)   DB.ExecuteQuery: [18] => 22003: setval: value 999999 is out of bounds for sequence "t_temp_costdetail_seq" (1000000..2147483647)
----------->     (WARNING)  DB.ExecuteQuery: [18]DBExecuteError - 22003: setval: value 999999 is out of bounds for sequence "t_temp_costdetail_seq" (1000000..2147483647)
05:36:59.365    (INFO)     NativeSequence.AddLog: [18]0 -  -  - Sequence not Updated For :T_Temp_CostDetail_SEQ
===========>     (SEVERE)   DB.ExecuteQuery: [18] => 22003: setval: value 999999 is out of bounds for sequence "t_tempprodsticker_seq" (1000000..2147483647)
----------->     (WARNING)  DB.ExecuteQuery: [18]DBExecuteError - 22003: setval: value 999999 is out of bounds for sequence "t_tempprodsticker_seq" (1000000..2147483647)
05:36:59.365    (INFO)     NativeSequence.AddLog: [18]0 -  -  - Sequence not Updated For :T_TempProdSticker_SEQ
===========>     (SEVERE)   DB.ExecuteQuery: [18] => 22003: setval: value 999999 is out of bounds for sequence "t_transaction_seq" (1000000..2147483647)
----------->     (WARNING)  DB.ExecuteQuery: [18]DBExecuteError - 22003: setval: value 999999 is out of bounds for sequence "t_transaction_seq" (1000000..2147483647)
05:36:59.365    (INFO)     NativeSequence.AddLog: [18]0 -  -  - Sequence not Updated For :T_Transaction_SEQ
===========>     (SEVERE)   DB.ExecuteQuery: [18] => 22003: setval: value 999999 is out of bounds for sequence "t_trialbalance_seq" (1000000..2147483647)
----------->     (WARNING)  DB.ExecuteQuery: [18]DBExecuteError - 22003: setval: value 999999 is out of bounds for sequence "t_trialbalance_seq" (1000000..2147483647)
05:36:59.365    (INFO)     NativeSequence.AddLog: [18]0 -  -  - Sequence not Updated For :T_TrialBalance_SEQ
===========>     (SEVERE)   DB.ExecuteQuery: [18] => 22003: setval: value 999999 is out of bounds for sequence "t_warehousestock_seq" (1000000..2147483647)
----------->     (WARNING)  DB.ExecuteQuery: [18]DBExecuteError - 22003: setval: value 999999 is out of bounds for sequence "t_warehousestock_seq" (1000000..2147483647)
05:36:59.365    (INFO)     NativeSequence.AddLog: [18]0 -  -  - Sequence not Updated For :T_WarehouseStock_SEQ
===========>     (SEVERE)   DB.ExecuteQuery: [18] => 22003: setval: value 999999 is out of bounds for sequence "test_seq" (1000000..2147483647)
----------->     (WARNING)  DB.ExecuteQuery: [18]DBExecuteError - 22003: setval: value 999999 is out of bounds for sequence "test_seq" (1000000..2147483647)
05:36:59.365    (INFO)     NativeSequence.AddLog: [18]0 -  -  - Sequence not Updated For :Test_SEQ
===========>     (SEVERE)   DB.ExecuteQuery: [18] => 22003: setval: value 999999 is out of bounds for sequence "tire_storage_seq" (1000000..2147483647)
----------->     (WARNING)  DB.ExecuteQuery: [18]DBExecuteError - 22003: setval: value 999999 is out of bounds for sequence "tire_storage_seq" (1000000..2147483647)
05:36:59.365    (INFO)     NativeSequence.AddLog: [18]0 -  -  - Sequence not Updated For :TIRE_Storage_SEQ
===========>     (SEVERE)   PostgreHelper.ExecuteReader: [18]42P01: relation "trlbalsummary_v_seq" does not exist

POSITION: 16 [Query DR] SELECT nextval('TRLBALSUMMARY_V_SEQ')
===========>     (SEVERE)   PostgreHelper.ExecuteReader: [18]42P01: relation "trlbalsummary_v_seq" does not exist

POSITION: 16 [Query DR] SELECT nextval('TRLBALSUMMARY_V_SEQ')
===========>     (SEVERE)   DB.GetSQLValue: [18]SELECT nextval('TRLBALSUMMARY_V_SEQ') => 42P01: relation "trlbalsummary_v_seq" does not exist

POSITION: 16
===========>     (SEVERE)   DB.ExecuteQuery: [18] => 22003: setval: value 999999 is out of bounds for sequence "va009_bankpaymentclass_seq" (1000000..2147483647)
----------->     (WARNING)  DB.ExecuteQuery: [18]DBExecuteError - 22003: setval: value 999999 is out of bounds for sequence "va009_bankpaymentclass_seq" (1000000..2147483647)
05:36:59.365    (INFO)     NativeSequence.AddLog: [18]0 -  -  - Sequence not Updated For :VA009_BankPaymentClass_SEQ
===========>     (SEVERE)   DB.ExecuteQuery: [18] => 22003: setval: value 999999 is out of bounds for sequence "va009_batch_seq" (1000000..2147483647)
----------->     (WARNING)  DB.ExecuteQuery: [18]DBExecuteError - 22003: setval: value 999999 is out of bounds for sequence "va009_batch_seq" (1000000..2147483647)
05:36:59.365    (INFO)     NativeSequence.AddLog: [18]0 -  -  - Sequence not Updated For :VA009_Batch_SEQ
===========>     (SEVERE)   DB.ExecuteQuery: [18] => 22003: setval: value 999999 is out of bounds for sequence "va009_batchlinedetails_seq" (1000000..2147483647)
----------->     (WARNING)  DB.ExecuteQuery: [18]DBExecuteError - 22003: setval: value 999999 is out of bounds for sequence "va009_batchlinedetails_seq" (1000000..2147483647)
05:36:59.365    (INFO)     NativeSequence.AddLog: [18]0 -  -  - Sequence not Updated For :VA009_BatchLineDetails_SEQ
===========>     (SEVERE)   DB.ExecuteQuery: [18] => 22003: setval: value 999999 is out of bounds for sequence "va009_batchlines_seq" (1000000..2147483647)
----------->     (WARNING)  DB.ExecuteQuery: [18]DBExecuteError - 22003: setval: value 999999 is out of bounds for sequence "va009_batchlines_seq" (1000000..2147483647)
05:36:59.365    (INFO)     NativeSequence.AddLog: [18]0 -  -  - Sequence not Updated For :VA009_BatchLines_SEQ
===========>     (SEVERE)   DB.ExecuteQuery: [18] => 22003: setval: value 999999 is out of bounds for sequence "va009_bpmandate_seq" (1000000..2147483647)
----------->     (WARNING)  DB.ExecuteQuery: [18]DBExecuteError - 22003: setval: value 999999 is out of bounds for sequence "va009_bpmandate_seq" (1000000..2147483647)
05:36:59.365    (INFO)     NativeSequence.AddLog: [18]0 -  -  - Sequence not Updated For :VA009_BPMandate_SEQ
===========>     (SEVERE)   PostgreHelper.ExecuteReader: [18]42P01: relation "va009_checkdetailreport_v_seq" does not exist

POSITION: 16 [Query DR] SELECT nextval('VA009_CHECKDETAILREPORT_V_SEQ')
===========>     (SEVERE)   PostgreHelper.ExecuteReader: [18]42P01: relation "va009_checkdetailreport_v_seq" does not exist

POSITION: 16 [Query DR] SELECT nextval('VA009_CHECKDETAILREPORT_V_SEQ')
===========>     (SEVERE)   DB.GetSQLValue: [18]SELECT nextval('VA009_CHECKDETAILREPORT_V_SEQ') => 42P01: relation "va009_checkdetailreport_v_seq" does not exist

POSITION: 16
===========>     (SEVERE)   DB.ExecuteQuery: [18] => 22003: setval: value 999999 is out of bounds for sequence "va009_checkprintsetting_seq" (1000000..2147483647)
----------->     (WARNING)  DB.ExecuteQuery: [18]DBExecuteError - 22003: setval: value 999999 is out of bounds for sequence "va009_checkprintsetting_seq" (1000000..2147483647)
05:36:59.365    (INFO)     NativeSequence.AddLog: [18]0 -  -  - Sequence not Updated For :VA009_CheckPrintSetting_SEQ
===========>     (SEVERE)   PostgreHelper.ExecuteReader: [18]42P01: relation "va009_checkvalid_v_seq" does not exist

POSITION: 16 [Query DR] SELECT nextval('VA009_CHECKVALID_V_SEQ')
===========>     (SEVERE)   PostgreHelper.ExecuteReader: [18]42P01: relation "va009_checkvalid_v_seq" does not exist

POSITION: 16 [Query DR] SELECT nextval('VA009_CHECKVALID_V_SEQ')
===========>     (SEVERE)   DB.GetSQLValue: [18]SELECT nextval('VA009_CHECKVALID_V_SEQ') => 42P01: relation "va009_checkvalid_v_seq" does not exist

POSITION: 16
===========>     (SEVERE)   PostgreHelper.ExecuteReader: [18]42P01: relation "va009_customerpaymentrpt_v_seq" does not exist

POSITION: 16 [Query DR] SELECT nextval('VA009_CUSTOMERPAYMENTRPT_V_SEQ')
===========>     (SEVERE)   PostgreHelper.ExecuteReader: [18]42P01: relation "va009_customerpaymentrpt_v_seq" does not exist

POSITION: 16 [Query DR] SELECT nextval('VA009_CUSTOMERPAYMENTRPT_V_SEQ')
===========>     (SEVERE)   DB.GetSQLValue: [18]SELECT nextval('VA009_CUSTOMERPAYMENTRPT_V_SEQ') => 42P01: relation "va009_customerpaymentrpt_v_seq" does not exist

POSITION: 16
===========>     (SEVERE)   PostgreHelper.ExecuteReader: [18]42P01: relation "va009_custpaymentcurr_v_seq" does not exist

POSITION: 16 [Query DR] SELECT nextval('VA009_CUSTPAYMENTCURR_V_SEQ')
===========>     (SEVERE)   PostgreHelper.ExecuteReader: [18]42P01: relation "va009_custpaymentcurr_v_seq" does not exist

POSITION: 16 [Query DR] SELECT nextval('VA009_CUSTPAYMENTCURR_V_SEQ')
===========>     (SEVERE)   DB.GetSQLValue: [18]SELECT nextval('VA009_CUSTPAYMENTCURR_V_SEQ') => 42P01: relation "va009_custpaymentcurr_v_seq" does not exist

POSITION: 16
===========>     (SEVERE)   DB.ExecuteQuery: [18] => 22003: setval: value 999999 is out of bounds for sequence "va009_docprintconfig_seq" (1000000..2147483647)
----------->     (WARNING)  DB.ExecuteQuery: [18]DBExecuteError - 22003: setval: value 999999 is out of bounds for sequence "va009_docprintconfig_seq" (1000000..2147483647)
05:36:59.365    (INFO)     NativeSequence.AddLog: [18]0 -  -  - Sequence not Updated For :VA009_DocPrintConfig_SEQ
===========>     (SEVERE)   PostgreHelper.ExecuteReader: [18]42P01: relation "va009_invoicedetails_v_seq" does not exist

POSITION: 16 [Query DR] SELECT nextval('VA009_INVOICEDETAILS_V_SEQ')
===========>     (SEVERE)   PostgreHelper.ExecuteReader: [18]42P01: relation "va009_invoicedetails_v_seq" does not exist

POSITION: 16 [Query DR] SELECT nextval('VA009_INVOICEDETAILS_V_SEQ')
===========>     (SEVERE)   DB.GetSQLValue: [18]SELECT nextval('VA009_INVOICEDETAILS_V_SEQ') => 42P01: relation "va009_invoicedetails_v_seq" does not exist

POSITION: 16
===========>     (SEVERE)   DB.ExecuteQuery: [18] => 22003: setval: value 999999 is out of bounds for sequence "va009_paymentbatchlog_seq" (1000000..2147483647)
----------->     (WARNING)  DB.ExecuteQuery: [18]DBExecuteError - 22003: setval: value 999999 is out of bounds for sequence "va009_paymentbatchlog_seq" (1000000..2147483647)
05:36:59.365    (INFO)     NativeSequence.AddLog: [18]0 -  -  - Sequence not Updated For :VA009_PaymentBatchLog_SEQ
===========>     (SEVERE)   DB.ExecuteQuery: [18] => 22003: setval: value 999999 is out of bounds for sequence "va009_paymentclass_seq" (1000000..2147483647)
----------->     (WARNING)  DB.ExecuteQuery: [18]DBExecuteError - 22003: setval: value 999999 is out of bounds for sequence "va009_paymentclass_seq" (1000000..2147483647)
05:36:59.365    (INFO)     NativeSequence.AddLog: [18]0 -  -  - Sequence not Updated For :VA009_PaymentClass_SEQ
===========>     (SEVERE)   PostgreHelper.ExecuteReader: [18]42P01: relation "va009_paymentdetails_v_seq" does not exist

POSITION: 16 [Query DR] SELECT nextval('VA009_PAYMENTDETAILS_V_SEQ')
===========>     (SEVERE)   PostgreHelper.ExecuteReader: [18]42P01: relation "va009_paymentdetails_v_seq" does not exist

POSITION: 16 [Query DR] SELECT nextval('VA009_PAYMENTDETAILS_V_SEQ')
===========>     (SEVERE)   DB.GetSQLValue: [18]SELECT nextval('VA009_PAYMENTDETAILS_V_SEQ') => 42P01: relation "va009_paymentdetails_v_seq" does not exist

POSITION: 16
===========>     (SEVERE)   PostgreHelper.ExecuteReader: [18]42P01: relation "va009_paymentsmry_v_seq" does not exist

POSITION: 16 [Query DR] SELECT nextval('VA009_PAYMENTSMRY_V_SEQ')
===========>     (SEVERE)   PostgreHelper.ExecuteReader: [18]42P01: relation "va009_paymentsmry_v_seq" does not exist

POSITION: 16 [Query DR] SELECT nextval('VA009_PAYMENTSMRY_V_SEQ')
===========>     (SEVERE)   DB.GetSQLValue: [18]SELECT nextval('VA009_PAYMENTSMRY_V_SEQ') => 42P01: relation "va009_paymentsmry_v_seq" does not exist

POSITION: 16
===========>     (SEVERE)   DB.ExecuteQuery: [18] => 22003: setval: value 999999 is out of bounds for sequence "va009_t_checkprintpreview_seq" (1000000..2147483647)
----------->     (WARNING)  DB.ExecuteQuery: [18]DBExecuteError - 22003: setval: value 999999 is out of bounds for sequence "va009_t_checkprintpreview_seq" (1000000..2147483647)
05:36:59.365    (INFO)     NativeSequence.AddLog: [18]0 -  -  - Sequence not Updated For :VA009_T_CheckPrintPreview_SEQ
===========>     (SEVERE)   PostgreHelper.ExecuteReader: [18]42P01: relation "va009_vendorpaymentrpt_v_seq" does not exist

POSITION: 16 [Query DR] SELECT nextval('VA009_VENDORPAYMENTRPT_V_SEQ')
===========>     (SEVERE)   PostgreHelper.ExecuteReader: [18]42P01: relation "va009_vendorpaymentrpt_v_seq" does not exist

POSITION: 16 [Query DR] SELECT nextval('VA009_VENDORPAYMENTRPT_V_SEQ')
===========>     (SEVERE)   DB.GetSQLValue: [18]SELECT nextval('VA009_VENDORPAYMENTRPT_V_SEQ') => 42P01: relation "va009_vendorpaymentrpt_v_seq" does not exist

POSITION: 16
===========>     (SEVERE)   PostgreHelper.ExecuteReader: [18]42P01: relation "va009_vendorpaymentrptsub_v_seq" does not exist

POSITION: 16 [Query DR] SELECT nextval('VA009_VENDORPAYMENTRPTSUB_V_SEQ')
===========>     (SEVERE)   PostgreHelper.ExecuteReader: [18]42P01: relation "va009_vendorpaymentrptsub_v_seq" does not exist

POSITION: 16 [Query DR] SELECT nextval('VA009_VENDORPAYMENTRPTSUB_V_SEQ')
===========>     (SEVERE)   DB.GetSQLValue: [18]SELECT nextval('VA009_VENDORPAYMENTRPTSUB_V_SEQ') => 42P01: relation "va009_vendorpaymentrptsub_v_seq" does not exist

POSITION: 16
===========>     (SEVERE)   DB.ExecuteQuery: [18] => 22003: setval: value 999999 is out of bounds for sequence "va012_bankstatementclass_seq" (1000000..2147483647)
----------->     (WARNING)  DB.ExecuteQuery: [18]DBExecuteError - 22003: setval: value 999999 is out of bounds for sequence "va012_bankstatementclass_seq" (1000000..2147483647)
05:36:59.365    (INFO)     NativeSequence.AddLog: [18]0 -  -  - Sequence not Updated For :VA012_BankStatementClass_SEQ
===========>     (SEVERE)   DB.ExecuteQuery: [18] => 22003: setval: value 999999 is out of bounds for sequence "va012_statementclass_seq" (1000000..2147483647)
----------->     (WARNING)  DB.ExecuteQuery: [18]DBExecuteError - 22003: setval: value 999999 is out of bounds for sequence "va012_statementclass_seq" (1000000..2147483647)
05:36:59.365    (INFO)     NativeSequence.AddLog: [18]0 -  -  - Sequence not Updated For :VA012_StatementClass_SEQ
===========>     (SEVERE)   DB.ExecuteQuery: [18] => 22003: setval: value 999999 is out of bounds for sequence "va012_tempstatement_seq" (1000000..2147483647)
----------->     (WARNING)  DB.ExecuteQuery: [18]DBExecuteError - 22003: setval: value 999999 is out of bounds for sequence "va012_tempstatement_seq" (1000000..2147483647)
05:36:59.365    (INFO)     NativeSequence.AddLog: [18]0 -  -  - Sequence not Updated For :VA012_TempStatement_SEQ
===========>     (SEVERE)   DB.ExecuteQuery: [18] => 22003: setval: value 999999 is out of bounds for sequence "va017_icici_payment_seq" (1000000..2147483647)
----------->     (WARNING)  DB.ExecuteQuery: [18]DBExecuteError - 22003: setval: value 999999 is out of bounds for sequence "va017_icici_payment_seq" (1000000..2147483647)
05:36:59.365    (INFO)     NativeSequence.AddLog: [18]0 -  -  - Sequence not Updated For :VA017_ICICI_Payment_SEQ
===========>     (SEVERE)   DB.ExecuteQuery: [18] => 22003: setval: value 999999 is out of bounds for sequence "va025_discountcombination_seq" (1000000..2147483647)
----------->     (WARNING)  DB.ExecuteQuery: [18]DBExecuteError - 22003: setval: value 999999 is out of bounds for sequence "va025_discountcombination_seq" (1000000..2147483647)
05:36:59.365    (INFO)     NativeSequence.AddLog: [18]0 -  -  - Sequence not Updated For :VA025_DiscountCombination_SEQ
===========>     (SEVERE)   PostgreHelper.ExecuteReader: [18]42P01: relation "va034_paymentdetails_v_seq" does not exist

POSITION: 16 [Query DR] SELECT nextval('VA034_PAYMENTDETAILS_V_SEQ')
===========>     (SEVERE)   PostgreHelper.ExecuteReader: [18]42P01: relation "va034_paymentdetails_v_seq" does not exist

POSITION: 16 [Query DR] SELECT nextval('VA034_PAYMENTDETAILS_V_SEQ')
===========>     (SEVERE)   DB.GetSQLValue: [18]SELECT nextval('VA034_PAYMENTDETAILS_V_SEQ') => 42P01: relation "va034_paymentdetails_v_seq" does not exist

POSITION: 16
===========>     (SEVERE)   DB.ExecuteQuery: [18] => 22003: setval: value 999999 is out of bounds for sequence "va048_callconnection_seq" (1000000..2147483647)
----------->     (WARNING)  DB.ExecuteQuery: [18]DBExecuteError - 22003: setval: value 999999 is out of bounds for sequence "va048_callconnection_seq" (1000000..2147483647)
05:36:59.365    (INFO)     NativeSequence.AddLog: [18]0 -  -  - Sequence not Updated For :VA048_CallConnection_SEQ
===========>     (SEVERE)   DB.ExecuteQuery: [18] => 22003: setval: value 999999 is out of bounds for sequence "vactwz_clientcurrency_seq" (1000000..2147483647)
----------->     (WARNING)  DB.ExecuteQuery: [18]DBExecuteError - 22003: setval: value 999999 is out of bounds for sequence "vactwz_clientcurrency_seq" (1000000..2147483647)
05:36:59.365    (INFO)     NativeSequence.AddLog: [18]0 -  -  - Sequence not Updated For :VACTWZ_ClientCurrency_SEQ
===========>     (SEVERE)   DB.ExecuteQuery: [18] => 22003: setval: value 999999 is out of bounds for sequence "vadb_chartexcelfile_seq" (1000000..2147483647)
----------->     (WARNING)  DB.ExecuteQuery: [18]DBExecuteError - 22003: setval: value 999999 is out of bounds for sequence "vadb_chartexcelfile_seq" (1000000..2147483647)
05:36:59.365    (INFO)     NativeSequence.AddLog: [18]0 -  -  - Sequence not Updated For :VADB_ChartExcelFile_SEQ
===========>     (SEVERE)   DB.ExecuteQuery: [18] => 22003: setval: value 999999 is out of bounds for sequence "vadb_excelchartseries_seq" (1000000..2147483647)
----------->     (WARNING)  DB.ExecuteQuery: [18]DBExecuteError - 22003: setval: value 999999 is out of bounds for sequence "vadb_excelchartseries_seq" (1000000..2147483647)
05:36:59.365    (INFO)     NativeSequence.AddLog: [18]0 -  -  - Sequence not Updated For :VADB_ExcelChartSeries_SEQ
===========>     (SEVERE)   DB.ExecuteQuery: [18] => 22003: setval: value 999999 is out of bounds for sequence "vadb_filter_seq" (1000000..2147483647)
----------->     (WARNING)  DB.ExecuteQuery: [18]DBExecuteError - 22003: setval: value 999999 is out of bounds for sequence "vadb_filter_seq" (1000000..2147483647)
05:36:59.365    (INFO)     NativeSequence.AddLog: [18]0 -  -  - Sequence not Updated For :VADB_Filter_SEQ
===========>     (SEVERE)   DB.ExecuteQuery: [18] => 22003: setval: value 999999 is out of bounds for sequence "vadb_filterline_seq" (1000000..2147483647)
----------->     (WARNING)  DB.ExecuteQuery: [18]DBExecuteError - 22003: setval: value 999999 is out of bounds for sequence "vadb_filterline_seq" (1000000..2147483647)
05:36:59.365    (INFO)     NativeSequence.AddLog: [18]0 -  -  - Sequence not Updated For :VADB_FilterLine_SEQ
===========>     (SEVERE)   DB.ExecuteQuery: [18] => 22003: setval: value 999999 is out of bounds for sequence "vahruae_gosirule_seq" (1000000..2147483647)
----------->     (WARNING)  DB.ExecuteQuery: [18]DBExecuteError - 22003: setval: value 999999 is out of bounds for sequence "vahruae_gosirule_seq" (1000000..2147483647)
05:36:59.365    (INFO)     NativeSequence.AddLog: [18]0 -  -  - Sequence not Updated For :VAHRUAE_GOSIRule_SEQ
===========>     (SEVERE)   DB.ExecuteQuery: [18] => 22003: setval: value 999999 is out of bounds for sequence "vahruae_indeminityrule_seq" (1000000..2147483647)
----------->     (WARNING)  DB.ExecuteQuery: [18]DBExecuteError - 22003: setval: value 999999 is out of bounds for sequence "vahruae_indeminityrule_seq" (1000000..2147483647)
05:36:59.365    (INFO)     NativeSequence.AddLog: [18]0 -  -  - Sequence not Updated For :VAHRUAE_IndeminityRule_SEQ
===========>     (SEVERE)   DB.ExecuteQuery: [18] => 22003: setval: value 999999 is out of bounds for sequence "vaicnt_inventorycount_seq" (1000000..2147483647)
----------->     (WARNING)  DB.ExecuteQuery: [18]DBExecuteError - 22003: setval: value 999999 is out of bounds for sequence "vaicnt_inventorycount_seq" (1000000..2147483647)
05:36:59.365    (INFO)     NativeSequence.AddLog: [18]0 -  -  - Sequence not Updated For :VAICNT_InventoryCount_SEQ
===========>     (SEVERE)   DB.ExecuteQuery: [18] => 22003: setval: value 999999 is out of bounds for sequence "vaicnt_inventorycountline_seq" (1000000..2147483647)
----------->     (WARNING)  DB.ExecuteQuery: [18]DBExecuteError - 22003: setval: value 999999 is out of bounds for sequence "vaicnt_inventorycountline_seq" (1000000..2147483647)
05:36:59.365    (INFO)     NativeSequence.AddLog: [18]0 -  -  - Sequence not Updated For :VAICNT_InventoryCountLine_SEQ
===========>     (SEVERE)   DB.ExecuteQuery: [18] => 22003: setval: value 999999 is out of bounds for sequence "vapos_posterminal_seq" (1000000..2147483647)
----------->     (WARNING)  DB.ExecuteQuery: [18]DBExecuteError - 22003: setval: value 999999 is out of bounds for sequence "vapos_posterminal_seq" (1000000..2147483647)
05:36:59.365    (INFO)     NativeSequence.AddLog: [18]0 -  -  - Sequence not Updated For :VAPOS_POSTerminal_SEQ
===========>     (SEVERE)   DB.ExecuteQuery: [18] => 22003: setval: value 999999 is out of bounds for sequence "vaprc_exception_seq" (1000000..2147483647)
----------->     (WARNING)  DB.ExecuteQuery: [18]DBExecuteError - 22003: setval: value 999999 is out of bounds for sequence "vaprc_exception_seq" (1000000..2147483647)
05:36:59.365    (INFO)     NativeSequence.AddLog: [18]0 -  -  - Sequence not Updated For :VAPRC_Exception_SEQ
===========>     (SEVERE)   PostgreHelper.ExecuteReader: [18]42P01: relation "vaprc_expiry_v_seq" does not exist

POSITION: 16 [Query DR] SELECT nextval('VAPRC_EXPIRY_V_SEQ')
===========>     (SEVERE)   PostgreHelper.ExecuteReader: [18]42P01: relation "vaprc_expiry_v_seq" does not exist

POSITION: 16 [Query DR] SELECT nextval('VAPRC_EXPIRY_V_SEQ')
===========>     (SEVERE)   DB.GetSQLValue: [18]SELECT nextval('VAPRC_EXPIRY_V_SEQ') => 42P01: relation "vaprc_expiry_v_seq" does not exist

POSITION: 16
===========>     (SEVERE)   DB.ExecuteQuery: [18] => 22003: setval: value 999999 is out of bounds for sequence "vaprc_temp_expiryreport_seq" (1000000..2147483647)
----------->     (WARNING)  DB.ExecuteQuery: [18]DBExecuteError - 22003: setval: value 999999 is out of bounds for sequence "vaprc_temp_expiryreport_seq" (1000000..2147483647)
05:36:59.365    (INFO)     NativeSequence.AddLog: [18]0 -  -  - Sequence not Updated For :VAPRC_TEMP_EXPIRYREPORT_SEQ
===========>     (SEVERE)   PostgreHelper.ExecuteReader: [18]42P01: relation "varpt_acctpayrec_v_seq" does not exist

POSITION: 16 [Query DR] SELECT nextval('VARPT_ACCTPAYREC_V_SEQ')
===========>     (SEVERE)   PostgreHelper.ExecuteReader: [18]42P01: relation "varpt_acctpayrec_v_seq" does not exist

POSITION: 16 [Query DR] SELECT nextval('VARPT_ACCTPAYREC_V_SEQ')
===========>     (SEVERE)   DB.GetSQLValue: [18]SELECT nextval('VARPT_ACCTPAYREC_V_SEQ') => 42P01: relation "varpt_acctpayrec_v_seq" does not exist

POSITION: 16
===========>     (SEVERE)   DB.ExecuteQuery: [18] => 22003: setval: value 999999 is out of bounds for sequence "varpt_agdpayanalybucket_seq" (1000000..2147483647)
----------->     (WARNING)  DB.ExecuteQuery: [18]DBExecuteError - 22003: setval: value 999999 is out of bounds for sequence "varpt_agdpayanalybucket_seq" (1000000..2147483647)
05:36:59.365    (INFO)     NativeSequence.AddLog: [18]0 -  -  - Sequence not Updated For :VARPT_AgdPayAnalyBucket_SEQ
===========>     (SEVERE)   DB.ExecuteQuery: [18] => 22003: setval: value 999999 is out of bounds for sequence "varpt_agedpayableanalysis_seq" (1000000..2147483647)
----------->     (WARNING)  DB.ExecuteQuery: [18]DBExecuteError - 22003: setval: value 999999 is out of bounds for sequence "varpt_agedpayableanalysis_seq" (1000000..2147483647)
05:36:59.365    (INFO)     NativeSequence.AddLog: [18]0 -  -  - Sequence not Updated For :VARPT_AgedPayableAnalysis_SEQ
===========>     (SEVERE)   DB.ExecuteQuery: [18] => 22003: setval: value 999999 is out of bounds for sequence "varpt_agedpurchaseorder_seq" (1000000..2147483647)
----------->     (WARNING)  DB.ExecuteQuery: [18]DBExecuteError - 22003: setval: value 999999 is out of bounds for sequence "varpt_agedpurchaseorder_seq" (1000000..2147483647)
05:36:59.365    (INFO)     NativeSequence.AddLog: [18]0 -  -  - Sequence not Updated For :VARPT_AGEDPURCHASEORDER_SEQ
===========>     (SEVERE)   PostgreHelper.ExecuteReader: [18]42P01: relation "varpt_agedpurordsub_v_seq" does not exist

POSITION: 16 [Query DR] SELECT nextval('VARPT_AGEDPURORDSUB_V_SEQ')
===========>     (SEVERE)   PostgreHelper.ExecuteReader: [18]42P01: relation "varpt_agedpurordsub_v_seq" does not exist

POSITION: 16 [Query DR] SELECT nextval('VARPT_AGEDPURORDSUB_V_SEQ')
===========>     (SEVERE)   DB.GetSQLValue: [18]SELECT nextval('VARPT_AGEDPURORDSUB_V_SEQ') => 42P01: relation "varpt_agedpurordsub_v_seq" does not exist

POSITION: 16
===========>     (SEVERE)   DB.ExecuteQuery: [18] => 22003: setval: value 999999 is out of bounds for sequence "varpt_agedreceivableanalysis_seq" (1000000..2147483647)
----------->     (WARNING)  DB.ExecuteQuery: [18]DBExecuteError - 22003: setval: value 999999 is out of bounds for sequence "varpt_agedreceivableanalysis_seq" (1000000..2147483647)
05:36:59.365    (INFO)     NativeSequence.AddLog: [18]0 -  -  - Sequence not Updated For :VARPT_AgedReceivableAnalysis_SEQ
===========>     (SEVERE)   DB.ExecuteQuery: [18] => 22003: setval: value 999999 is out of bounds for sequence "varpt_agedsalesorder_seq" (1000000..2147483647)
----------->     (WARNING)  DB.ExecuteQuery: [18]DBExecuteError - 22003: setval: value 999999 is out of bounds for sequence "varpt_agedsalesorder_seq" (1000000..2147483647)
05:36:59.365    (INFO)     NativeSequence.AddLog: [18]0 -  -  - Sequence not Updated For :VARPT_AGEDSALESORDER_SEQ
===========>     (SEVERE)   PostgreHelper.ExecuteReader: [18]42P01: relation "varpt_agedsalessub_v_seq" does not exist

POSITION: 16 [Query DR] SELECT nextval('VARPT_AGEDSALESSUB_V_SEQ')
===========>     (SEVERE)   PostgreHelper.ExecuteReader: [18]42P01: relation "varpt_agedsalessub_v_seq" does not exist

POSITION: 16 [Query DR] SELECT nextval('VARPT_AGEDSALESSUB_V_SEQ')
===========>     (SEVERE)   DB.GetSQLValue: [18]SELECT nextval('VARPT_AGEDSALESSUB_V_SEQ') => 42P01: relation "varpt_agedsalessub_v_seq" does not exist

POSITION: 16
===========>     (SEVERE)   DB.ExecuteQuery: [18] => 22003: setval: value 999999 is out of bounds for sequence "varpt_agingbucket_seq" (1000000..2147483647)
----------->     (WARNING)  DB.ExecuteQuery: [18]DBExecuteError - 22003: setval: value 999999 is out of bounds for sequence "varpt_agingbucket_seq" (1000000..2147483647)
05:36:59.365    (INFO)     NativeSequence.AddLog: [18]0 -  -  - Sequence not Updated For :VARPT_AgingBucket_SEQ
===========>     (SEVERE)   DB.ExecuteQuery: [18] => 22003: setval: value 999999 is out of bounds for sequence "varpt_agingdetails_seq" (1000000..2147483647)
----------->     (WARNING)  DB.ExecuteQuery: [18]DBExecuteError - 22003: setval: value 999999 is out of bounds for sequence "varpt_agingdetails_seq" (1000000..2147483647)
05:36:59.365    (INFO)     NativeSequence.AddLog: [18]0 -  -  - Sequence not Updated For :VARPT_AgingDetails_SEQ
===========>     (SEVERE)   PostgreHelper.ExecuteReader: [18]42P01: relation "varpt_apsaletax_t_v_seq" does not exist

POSITION: 16 [Query DR] SELECT nextval('VARPT_APSALETAX_T_V_SEQ')
===========>     (SEVERE)   PostgreHelper.ExecuteReader: [18]42P01: relation "varpt_apsaletax_t_v_seq" does not exist

POSITION: 16 [Query DR] SELECT nextval('VARPT_APSALETAX_T_V_SEQ')
===========>     (SEVERE)   DB.GetSQLValue: [18]SELECT nextval('VARPT_APSALETAX_T_V_SEQ') => 42P01: relation "varpt_apsaletax_t_v_seq" does not exist

POSITION: 16
===========>     (SEVERE)   PostgreHelper.ExecuteReader: [18]42P01: relation "varpt_apsaletaxrpt_v_seq" does not exist

POSITION: 16 [Query DR] SELECT nextval('VARPT_APSALETAXRPT_V_SEQ')
===========>     (SEVERE)   PostgreHelper.ExecuteReader: [18]42P01: relation "varpt_apsaletaxrpt_v_seq" does not exist

POSITION: 16 [Query DR] SELECT nextval('VARPT_APSALETAXRPT_V_SEQ')
===========>     (SEVERE)   DB.GetSQLValue: [18]SELECT nextval('VARPT_APSALETAXRPT_V_SEQ') => 42P01: relation "varpt_apsaletaxrpt_v_seq" does not exist

POSITION: 16
===========>     (SEVERE)   PostgreHelper.ExecuteReader: [18]42P01: relation "varpt_apunalloactedpayment_v_seq" does not exist

POSITION: 16 [Query DR] SELECT nextval('VARPT_APUNALLOACTEDPAYMENT_V_SEQ')
===========>     (SEVERE)   PostgreHelper.ExecuteReader: [18]42P01: relation "varpt_apunalloactedpayment_v_seq" does not exist

POSITION: 16 [Query DR] SELECT nextval('VARPT_APUNALLOACTEDPAYMENT_V_SEQ')
===========>     (SEVERE)   DB.GetSQLValue: [18]SELECT nextval('VARPT_APUNALLOACTEDPAYMENT_V_SEQ') => 42P01: relation "varpt_apunalloactedpayment_v_seq" does not exist

POSITION: 16
===========>     (SEVERE)   PostgreHelper.ExecuteReader: [18]42P01: relation "varpt_arsalestax_v_seq" does not exist

POSITION: 16 [Query DR] SELECT nextval('VARPT_ARSALESTAX_V_SEQ')
===========>     (SEVERE)   PostgreHelper.ExecuteReader: [18]42P01: relation "varpt_arsalestax_v_seq" does not exist

POSITION: 16 [Query DR] SELECT nextval('VARPT_ARSALESTAX_V_SEQ')
===========>     (SEVERE)   DB.GetSQLValue: [18]SELECT nextval('VARPT_ARSALESTAX_V_SEQ') => 42P01: relation "varpt_arsalestax_v_seq" does not exist

POSITION: 16
===========>     (SEVERE)   PostgreHelper.ExecuteReader: [18]42P01: relation "varpt_arsaletax_t_v_seq" does not exist

POSITION: 16 [Query DR] SELECT nextval('VARPT_ARSALETAX_T_V_SEQ')
===========>     (SEVERE)   PostgreHelper.ExecuteReader: [18]42P01: relation "varpt_arsaletax_t_v_seq" does not exist

POSITION: 16 [Query DR] SELECT nextval('VARPT_ARSALETAX_T_V_SEQ')
===========>     (SEVERE)   DB.GetSQLValue: [18]SELECT nextval('VARPT_ARSALETAX_T_V_SEQ') => 42P01: relation "varpt_arsaletax_t_v_seq" does not exist

POSITION: 16
===========>     (SEVERE)   PostgreHelper.ExecuteReader: [18]42P01: relation "varpt_arunallocatedrecipt_v_seq" does not exist

POSITION: 16 [Query DR] SELECT nextval('VARPT_ARUNALLOCATEDRECIPT_V_SEQ')
===========>     (SEVERE)   PostgreHelper.ExecuteReader: [18]42P01: relation "varpt_arunallocatedrecipt_v_seq" does not exist

POSITION: 16 [Query DR] SELECT nextval('VARPT_ARUNALLOCATEDRECIPT_V_SEQ')
===========>     (SEVERE)   DB.GetSQLValue: [18]SELECT nextval('VARPT_ARUNALLOCATEDRECIPT_V_SEQ') => 42P01: relation "varpt_arunallocatedrecipt_v_seq" does not exist

POSITION: 16
===========>     (SEVERE)   PostgreHelper.ExecuteReader: [18]42P01: relation "varpt_arunallocatedreciptsub_v_seq" does not exist

POSITION: 16 [Query DR] SELECT nextval('VARPT_ARUNALLOCATEDRECIPTSUB_V_SEQ')
===========>     (SEVERE)   PostgreHelper.ExecuteReader: [18]42P01: relation "varpt_arunallocatedreciptsub_v_seq" does not exist

POSITION: 16 [Query DR] SELECT nextval('VARPT_ARUNALLOCATEDRECIPTSUB_V_SEQ')
===========>     (SEVERE)   DB.GetSQLValue: [18]SELECT nextval('VARPT_ARUNALLOCATEDRECIPTSUB_V_SEQ') => 42P01: relation "varpt_arunallocatedreciptsub_v_seq" does not exist

POSITION: 16
===========>     (SEVERE)   PostgreHelper.ExecuteReader: [18]42P01: relation "varpt_assetregister_seq" does not exist

POSITION: 16 [Query DR] SELECT nextval('VARPT_ASSETREGISTER_SEQ')
===========>     (SEVERE)   PostgreHelper.ExecuteReader: [18]42P01: relation "varpt_assetregister_seq" does not exist

POSITION: 16 [Query DR] SELECT nextval('VARPT_ASSETREGISTER_SEQ')
===========>     (SEVERE)   DB.GetSQLValue: [18]SELECT nextval('VARPT_ASSETREGISTER_SEQ') => 42P01: relation "varpt_assetregister_seq" does not exist

POSITION: 16
===========>     (SEVERE)   DB.ExecuteQuery: [18] => 22003: setval: value 999999 is out of bounds for sequence "varpt_availabletoship_temp_seq" (1000000..2147483647)
----------->     (WARNING)  DB.ExecuteQuery: [18]DBExecuteError - 22003: setval: value 999999 is out of bounds for sequence "varpt_availabletoship_temp_seq" (1000000..2147483647)
05:36:59.365    (INFO)     NativeSequence.AddLog: [18]0 -  -  - Sequence not Updated For :VARPT_AvailableToShip_Temp_SEQ
===========>     (SEVERE)   PostgreHelper.ExecuteReader: [18]42P01: relation "varpt_availabletoship_v_seq" does not exist

POSITION: 16 [Query DR] SELECT nextval('VARPT_AVAILABLETOSHIP_V_SEQ')
===========>     (SEVERE)   PostgreHelper.ExecuteReader: [18]42P01: relation "varpt_availabletoship_v_seq" does not exist

POSITION: 16 [Query DR] SELECT nextval('VARPT_AVAILABLETOSHIP_V_SEQ')
===========>     (SEVERE)   DB.GetSQLValue: [18]SELECT nextval('VARPT_AVAILABLETOSHIP_V_SEQ') => 42P01: relation "varpt_availabletoship_v_seq" does not exist

POSITION: 16
===========>     (SEVERE)   PostgreHelper.ExecuteReader: [18]42P01: relation "varpt_availabletoshipsub_v_seq" does not exist

POSITION: 16 [Query DR] SELECT nextval('VARPT_AVAILABLETOSHIPSUB_V_SEQ')
===========>     (SEVERE)   PostgreHelper.ExecuteReader: [18]42P01: relation "varpt_availabletoshipsub_v_seq" does not exist

POSITION: 16 [Query DR] SELECT nextval('VARPT_AVAILABLETOSHIPSUB_V_SEQ')
===========>     (SEVERE)   DB.GetSQLValue: [18]SELECT nextval('VARPT_AVAILABLETOSHIPSUB_V_SEQ') => 42P01: relation "varpt_availabletoshipsub_v_seq" does not exist

POSITION: 16
===========>     (SEVERE)   PostgreHelper.ExecuteReader: [18]42P01: relation "varpt_banktrnsacthdr_v_seq" does not exist

POSITION: 16 [Query DR] SELECT nextval('VARPT_BANKTRNSACTHDR_V_SEQ')
===========>     (SEVERE)   PostgreHelper.ExecuteReader: [18]42P01: relation "varpt_banktrnsacthdr_v_seq" does not exist

POSITION: 16 [Query DR] SELECT nextval('VARPT_BANKTRNSACTHDR_V_SEQ')
===========>     (SEVERE)   DB.GetSQLValue: [18]SELECT nextval('VARPT_BANKTRNSACTHDR_V_SEQ') => 42P01: relation "varpt_banktrnsacthdr_v_seq" does not exist

POSITION: 16
===========>     (SEVERE)   PostgreHelper.ExecuteReader: [18]42P01: relation "varpt_banktrnsactline_v_seq" does not exist

POSITION: 16 [Query DR] SELECT nextval('VARPT_BANKTRNSACTLINE_V_SEQ')
===========>     (SEVERE)   PostgreHelper.ExecuteReader: [18]42P01: relation "varpt_banktrnsactline_v_seq" does not exist

POSITION: 16 [Query DR] SELECT nextval('VARPT_BANKTRNSACTLINE_V_SEQ')
===========>     (SEVERE)   DB.GetSQLValue: [18]SELECT nextval('VARPT_BANKTRNSACTLINE_V_SEQ') => 42P01: relation "varpt_banktrnsactline_v_seq" does not exist

POSITION: 16
===========>     (SEVERE)   PostgreHelper.ExecuteReader: [18]42P01: relation "varpt_blanketpo_v_seq" does not exist

POSITION: 16 [Query DR] SELECT nextval('VARPT_BLANKETPO_V_SEQ')
===========>     (SEVERE)   PostgreHelper.ExecuteReader: [18]42P01: relation "varpt_blanketpo_v_seq" does not exist

POSITION: 16 [Query DR] SELECT nextval('VARPT_BLANKETPO_V_SEQ')
===========>     (SEVERE)   DB.GetSQLValue: [18]SELECT nextval('VARPT_BLANKETPO_V_SEQ') => 42P01: relation "varpt_blanketpo_v_seq" does not exist

POSITION: 16
===========>     (SEVERE)   PostgreHelper.ExecuteReader: [18]42P01: relation "varpt_blanketpoline_v_seq" does not exist

POSITION: 16 [Query DR] SELECT nextval('VARPT_BLANKETPOLINE_V_SEQ')
===========>     (SEVERE)   PostgreHelper.ExecuteReader: [18]42P01: relation "varpt_blanketpoline_v_seq" does not exist

POSITION: 16 [Query DR] SELECT nextval('VARPT_BLANKETPOLINE_V_SEQ')
===========>     (SEVERE)   DB.GetSQLValue: [18]SELECT nextval('VARPT_BLANKETPOLINE_V_SEQ') => 42P01: relation "varpt_blanketpoline_v_seq" does not exist

POSITION: 16
===========>     (SEVERE)   PostgreHelper.ExecuteReader: [18]42P01: relation "varpt_blanketpotax_v_seq" does not exist

POSITION: 16 [Query DR] SELECT nextval('VARPT_BLANKETPOTAX_V_SEQ')
===========>     (SEVERE)   PostgreHelper.ExecuteReader: [18]42P01: relation "varpt_blanketpotax_v_seq" does not exist

POSITION: 16 [Query DR] SELECT nextval('VARPT_BLANKETPOTAX_V_SEQ')
===========>     (SEVERE)   DB.GetSQLValue: [18]SELECT nextval('VARPT_BLANKETPOTAX_V_SEQ') => 42P01: relation "varpt_blanketpotax_v_seq" does not exist

POSITION: 16
===========>     (SEVERE)   PostgreHelper.ExecuteReader: [18]42P01: relation "varpt_blanketso_v_seq" does not exist

POSITION: 16 [Query DR] SELECT nextval('VARPT_BLANKETSO_V_SEQ')
===========>     (SEVERE)   PostgreHelper.ExecuteReader: [18]42P01: relation "varpt_blanketso_v_seq" does not exist

POSITION: 16 [Query DR] SELECT nextval('VARPT_BLANKETSO_V_SEQ')
===========>     (SEVERE)   DB.GetSQLValue: [18]SELECT nextval('VARPT_BLANKETSO_V_SEQ') => 42P01: relation "varpt_blanketso_v_seq" does not exist

POSITION: 16
===========>     (SEVERE)   PostgreHelper.ExecuteReader: [18]42P01: relation "varpt_blanketsoline_v_seq" does not exist

POSITION: 16 [Query DR] SELECT nextval('VARPT_BLANKETSOLINE_V_SEQ')
===========>     (SEVERE)   PostgreHelper.ExecuteReader: [18]42P01: relation "varpt_blanketsoline_v_seq" does not exist

POSITION: 16 [Query DR] SELECT nextval('VARPT_BLANKETSOLINE_V_SEQ')
===========>     (SEVERE)   DB.GetSQLValue: [18]SELECT nextval('VARPT_BLANKETSOLINE_V_SEQ') => 42P01: relation "varpt_blanketsoline_v_seq" does not exist

POSITION: 16
===========>     (SEVERE)   PostgreHelper.ExecuteReader: [18]42P01: relation "varpt_blanketsotax_v_seq" does not exist

POSITION: 16 [Query DR] SELECT nextval('VARPT_BLANKETSOTAX_V_SEQ')
===========>     (SEVERE)   PostgreHelper.ExecuteReader: [18]42P01: relation "varpt_blanketsotax_v_seq" does not exist

POSITION: 16 [Query DR] SELECT nextval('VARPT_BLANKETSOTAX_V_SEQ')
===========>     (SEVERE)   DB.GetSQLValue: [18]SELECT nextval('VARPT_BLANKETSOTAX_V_SEQ') => 42P01: relation "varpt_blanketsotax_v_seq" does not exist

POSITION: 16
===========>     (SEVERE)   PostgreHelper.ExecuteReader: [18]42P01: relation "varpt_c_invoiceclinec_vw_seq" does not exist

POSITION: 16 [Query DR] SELECT nextval('VARPT_C_INVOICECLINEC_VW_SEQ')
===========>     (SEVERE)   PostgreHelper.ExecuteReader: [18]42P01: relation "varpt_c_invoiceclinec_vw_seq" does not exist

POSITION: 16 [Query DR] SELECT nextval('VARPT_C_INVOICECLINEC_VW_SEQ')
===========>     (SEVERE)   DB.GetSQLValue: [18]SELECT nextval('VARPT_C_INVOICECLINEC_VW_SEQ') => 42P01: relation "varpt_c_invoiceclinec_vw_seq" does not exist

POSITION: 16
===========>     (SEVERE)   PostgreHelper.ExecuteReader: [18]42P01: relation "varpt_c_invoiceclinevenc_vw_seq" does not exist

POSITION: 16 [Query DR] SELECT nextval('VARPT_C_INVOICECLINEVENC_VW_SEQ')
===========>     (SEVERE)   PostgreHelper.ExecuteReader: [18]42P01: relation "varpt_c_invoiceclinevenc_vw_seq" does not exist

POSITION: 16 [Query DR] SELECT nextval('VARPT_C_INVOICECLINEVENC_VW_SEQ')
===========>     (SEVERE)   DB.GetSQLValue: [18]SELECT nextval('VARPT_C_INVOICECLINEVENC_VW_SEQ') => 42P01: relation "varpt_c_invoiceclinevenc_vw_seq" does not exist

POSITION: 16
===========>     (SEVERE)   PostgreHelper.ExecuteReader: [18]42P01: relation "varpt_c_invoicectax_v_seq" does not exist

POSITION: 16 [Query DR] SELECT nextval('VARPT_C_INVOICECTAX_V_SEQ')
===========>     (SEVERE)   PostgreHelper.ExecuteReader: [18]42P01: relation "varpt_c_invoicectax_v_seq" does not exist

POSITION: 16 [Query DR] SELECT nextval('VARPT_C_INVOICECTAX_V_SEQ')
===========>     (SEVERE)   DB.GetSQLValue: [18]SELECT nextval('VARPT_C_INVOICECTAX_V_SEQ') => 42P01: relation "varpt_c_invoicectax_v_seq" does not exist

POSITION: 16
===========>     (SEVERE)   PostgreHelper.ExecuteReader: [18]42P01: relation "varpt_c_invoicectaxven_v_seq" does not exist

POSITION: 16 [Query DR] SELECT nextval('VARPT_C_INVOICECTAXVEN_V_SEQ')
===========>     (SEVERE)   PostgreHelper.ExecuteReader: [18]42P01: relation "varpt_c_invoicectaxven_v_seq" does not exist

POSITION: 16 [Query DR] SELECT nextval('VARPT_C_INVOICECTAXVEN_V_SEQ')
===========>     (SEVERE)   DB.GetSQLValue: [18]SELECT nextval('VARPT_C_INVOICECTAXVEN_V_SEQ') => 42P01: relation "varpt_c_invoicectaxven_v_seq" does not exist

POSITION: 16
===========>     (SEVERE)   PostgreHelper.ExecuteReader: [18]42P01: relation "varpt_c_invoiceheader_v_seq" does not exist

POSITION: 16 [Query DR] SELECT nextval('VARPT_C_INVOICEHEADER_V_SEQ')
===========>     (SEVERE)   PostgreHelper.ExecuteReader: [18]42P01: relation "varpt_c_invoiceheader_v_seq" does not exist

POSITION: 16 [Query DR] SELECT nextval('VARPT_C_INVOICEHEADER_V_SEQ')
===========>     (SEVERE)   DB.GetSQLValue: [18]SELECT nextval('VARPT_C_INVOICEHEADER_V_SEQ') => 42P01: relation "varpt_c_invoiceheader_v_seq" does not exist

POSITION: 16
===========>     (SEVERE)   PostgreHelper.ExecuteReader: [18]42P01: relation "varpt_c_invoicvenheader_v_seq" does not exist

POSITION: 16 [Query DR] SELECT nextval('VARPT_C_INVOICVENHEADER_V_SEQ')
===========>     (SEVERE)   PostgreHelper.ExecuteReader: [18]42P01: relation "varpt_c_invoicvenheader_v_seq" does not exist

POSITION: 16 [Query DR] SELECT nextval('VARPT_C_INVOICVENHEADER_V_SEQ')
===========>     (SEVERE)   DB.GetSQLValue: [18]SELECT nextval('VARPT_C_INVOICVENHEADER_V_SEQ') => 42P01: relation "varpt_c_invoicvenheader_v_seq" does not exist

POSITION: 16
===========>     (SEVERE)   PostgreHelper.ExecuteReader: [18]42P01: relation "varpt_campaign_v_seq" does not exist

POSITION: 16 [Query DR] SELECT nextval('VARPT_CAMPAIGN_V_SEQ')
===========>     (SEVERE)   PostgreHelper.ExecuteReader: [18]42P01: relation "varpt_campaign_v_seq" does not exist

POSITION: 16 [Query DR] SELECT nextval('VARPT_CAMPAIGN_V_SEQ')
===========>     (SEVERE)   DB.GetSQLValue: [18]SELECT nextval('VARPT_CAMPAIGN_V_SEQ') => 42P01: relation "varpt_campaign_v_seq" does not exist

POSITION: 16
===========>     (SEVERE)   PostgreHelper.ExecuteReader: [18]42P01: relation "varpt_campaignline_v_seq" does not exist

POSITION: 16 [Query DR] SELECT nextval('VARPT_CAMPAIGNLINE_V_SEQ')
===========>     (SEVERE)   PostgreHelper.ExecuteReader: [18]42P01: relation "varpt_campaignline_v_seq" does not exist

POSITION: 16 [Query DR] SELECT nextval('VARPT_CAMPAIGNLINE_V_SEQ')
===========>     (SEVERE)   DB.GetSQLValue: [18]SELECT nextval('VARPT_CAMPAIGNLINE_V_SEQ') => 42P01: relation "varpt_campaignline_v_seq" does not exist

POSITION: 16
===========>     (SEVERE)   PostgreHelper.ExecuteReader: [18]42P01: relation "varpt_cashjheader_v_seq" does not exist

POSITION: 16 [Query DR] SELECT nextval('VARPT_CASHJHEADER_V_SEQ')
===========>     (SEVERE)   PostgreHelper.ExecuteReader: [18]42P01: relation "varpt_cashjheader_v_seq" does not exist

POSITION: 16 [Query DR] SELECT nextval('VARPT_CASHJHEADER_V_SEQ')
===========>     (SEVERE)   DB.GetSQLValue: [18]SELECT nextval('VARPT_CASHJHEADER_V_SEQ') => 42P01: relation "varpt_cashjheader_v_seq" does not exist

POSITION: 16
===========>     (SEVERE)   PostgreHelper.ExecuteReader: [18]42P01: relation "varpt_cashjline_v_seq" does not exist

POSITION: 16 [Query DR] SELECT nextval('VARPT_CASHJLINE_V_SEQ')
===========>     (SEVERE)   PostgreHelper.ExecuteReader: [18]42P01: relation "varpt_cashjline_v_seq" does not exist

POSITION: 16 [Query DR] SELECT nextval('VARPT_CASHJLINE_V_SEQ')
===========>     (SEVERE)   DB.GetSQLValue: [18]SELECT nextval('VARPT_CASHJLINE_V_SEQ') => 42P01: relation "varpt_cashjline_v_seq" does not exist

POSITION: 16
===========>     (SEVERE)   PostgreHelper.ExecuteReader: [18]42P01: relation "varpt_cashjournal_v_seq" does not exist

POSITION: 16 [Query DR] SELECT nextval('VARPT_CASHJOURNAL_V_SEQ')
===========>     (SEVERE)   PostgreHelper.ExecuteReader: [18]42P01: relation "varpt_cashjournal_v_seq" does not exist

POSITION: 16 [Query DR] SELECT nextval('VARPT_CASHJOURNAL_V_SEQ')
===========>     (SEVERE)   DB.GetSQLValue: [18]SELECT nextval('VARPT_CASHJOURNAL_V_SEQ') => 42P01: relation "varpt_cashjournal_v_seq" does not exist

POSITION: 16
===========>     (SEVERE)   PostgreHelper.ExecuteReader: [18]42P01: relation "varpt_cashjournalheader_v_seq" does not exist

POSITION: 16 [Query DR] SELECT nextval('VARPT_CASHJOURNALHEADER_V_SEQ')
===========>     (SEVERE)   PostgreHelper.ExecuteReader: [18]42P01: relation "varpt_cashjournalheader_v_seq" does not exist

POSITION: 16 [Query DR] SELECT nextval('VARPT_CASHJOURNALHEADER_V_SEQ')
===========>     (SEVERE)   DB.GetSQLValue: [18]SELECT nextval('VARPT_CASHJOURNALHEADER_V_SEQ') => 42P01: relation "varpt_cashjournalheader_v_seq" does not exist

POSITION: 16
===========>     (SEVERE)   PostgreHelper.ExecuteReader: [18]42P01: relation "varpt_cashjournalheaderl_v_seq" does not exist

POSITION: 16 [Query DR] SELECT nextval('VARPT_CASHJOURNALHEADERL_V_SEQ')
===========>     (SEVERE)   PostgreHelper.ExecuteReader: [18]42P01: relation "varpt_cashjournalheaderl_v_seq" does not exist

POSITION: 16 [Query DR] SELECT nextval('VARPT_CASHJOURNALHEADERL_V_SEQ')
===========>     (SEVERE)   DB.GetSQLValue: [18]SELECT nextval('VARPT_CASHJOURNALHEADERL_V_SEQ') => 42P01: relation "varpt_cashjournalheaderl_v_seq" does not exist

POSITION: 16
===========>     (SEVERE)   PostgreHelper.ExecuteReader: [18]42P01: relation "varpt_cashjournalline_v_seq" does not exist

POSITION: 16 [Query DR] SELECT nextval('VARPT_CASHJOURNALLINE_V_SEQ')
===========>     (SEVERE)   PostgreHelper.ExecuteReader: [18]42P01: relation "varpt_cashjournalline_v_seq" does not exist

POSITION: 16 [Query DR] SELECT nextval('VARPT_CASHJOURNALLINE_V_SEQ')
===========>     (SEVERE)   DB.GetSQLValue: [18]SELECT nextval('VARPT_CASHJOURNALLINE_V_SEQ') => 42P01: relation "varpt_cashjournalline_v_seq" does not exist

POSITION: 16
===========>     (SEVERE)   PostgreHelper.ExecuteReader: [18]42P01: relation "varpt_cashjrnlrpthdr_v_seq" does not exist

POSITION: 16 [Query DR] SELECT nextval('VARPT_CASHJRNLRPTHDR_V_SEQ')
===========>     (SEVERE)   PostgreHelper.ExecuteReader: [18]42P01: relation "varpt_cashjrnlrpthdr_v_seq" does not exist

POSITION: 16 [Query DR] SELECT nextval('VARPT_CASHJRNLRPTHDR_V_SEQ')
===========>     (SEVERE)   DB.GetSQLValue: [18]SELECT nextval('VARPT_CASHJRNLRPTHDR_V_SEQ') => 42P01: relation "varpt_cashjrnlrpthdr_v_seq" does not exist

POSITION: 16
===========>     (SEVERE)   PostgreHelper.ExecuteReader: [18]42P01: relation "varpt_cashjrnlrptline_v_seq" does not exist

POSITION: 16 [Query DR] SELECT nextval('VARPT_CASHJRNLRPTLINE_V_SEQ')
===========>     (SEVERE)   PostgreHelper.ExecuteReader: [18]42P01: relation "varpt_cashjrnlrptline_v_seq" does not exist

POSITION: 16 [Query DR] SELECT nextval('VARPT_CASHJRNLRPTLINE_V_SEQ')
===========>     (SEVERE)   DB.GetSQLValue: [18]SELECT nextval('VARPT_CASHJRNLRPTLINE_V_SEQ') => 42P01: relation "varpt_cashjrnlrptline_v_seq" does not exist

POSITION: 16
===========>     (SEVERE)   PostgreHelper.ExecuteReader: [18]42P01: relation "varpt_cashlineformat_v_seq" does not exist

POSITION: 16 [Query DR] SELECT nextval('VARPT_CASHLINEFORMAT_V_SEQ')
===========>     (SEVERE)   PostgreHelper.ExecuteReader: [18]42P01: relation "varpt_cashlineformat_v_seq" does not exist

POSITION: 16 [Query DR] SELECT nextval('VARPT_CASHLINEFORMAT_V_SEQ')
===========>     (SEVERE)   DB.GetSQLValue: [18]SELECT nextval('VARPT_CASHLINEFORMAT_V_SEQ') => 42P01: relation "varpt_cashlineformat_v_seq" does not exist

POSITION: 16
===========>     (SEVERE)   PostgreHelper.ExecuteReader: [18]42P01: relation "varpt_cashlinereport_v_seq" does not exist

POSITION: 16 [Query DR] SELECT nextval('VARPT_CASHLINEREPORT_V_SEQ')
===========>     (SEVERE)   PostgreHelper.ExecuteReader: [18]42P01: relation "varpt_cashlinereport_v_seq" does not exist

POSITION: 16 [Query DR] SELECT nextval('VARPT_CASHLINEREPORT_V_SEQ')
===========>     (SEVERE)   DB.GetSQLValue: [18]SELECT nextval('VARPT_CASHLINEREPORT_V_SEQ') => 42P01: relation "varpt_cashlinereport_v_seq" does not exist

POSITION: 16
===========>     (SEVERE)   PostgreHelper.ExecuteReader: [18]42P01: relation "varpt_ccsrep_v_seq" does not exist

POSITION: 16 [Query DR] SELECT nextval('VARPT_CCSREP_V_SEQ')
===========>     (SEVERE)   PostgreHelper.ExecuteReader: [18]42P01: relation "varpt_ccsrep_v_seq" does not exist

POSITION: 16 [Query DR] SELECT nextval('VARPT_CCSREP_V_SEQ')
===========>     (SEVERE)   DB.GetSQLValue: [18]SELECT nextval('VARPT_CCSREP_V_SEQ') => 42P01: relation "varpt_ccsrep_v_seq" does not exist

POSITION: 16
===========>     (SEVERE)   PostgreHelper.ExecuteReader: [18]42P01: relation "varpt_costanalysis_v_seq" does not exist

POSITION: 16 [Query DR] SELECT nextval('VARPT_COSTANALYSIS_V_SEQ')
===========>     (SEVERE)   PostgreHelper.ExecuteReader: [18]42P01: relation "varpt_costanalysis_v_seq" does not exist

POSITION: 16 [Query DR] SELECT nextval('VARPT_COSTANALYSIS_V_SEQ')
===========>     (SEVERE)   DB.GetSQLValue: [18]SELECT nextval('VARPT_COSTANALYSIS_V_SEQ') => 42P01: relation "varpt_costanalysis_v_seq" does not exist

POSITION: 16
===========>     (SEVERE)   PostgreHelper.ExecuteReader: [18]42P01: relation "varpt_creditnotedetail_v_seq" does not exist

POSITION: 16 [Query DR] SELECT nextval('VARPT_CREDITNOTEDETAIL_V_SEQ')
===========>     (SEVERE)   PostgreHelper.ExecuteReader: [18]42P01: relation "varpt_creditnotedetail_v_seq" does not exist

POSITION: 16 [Query DR] SELECT nextval('VARPT_CREDITNOTEDETAIL_V_SEQ')
===========>     (SEVERE)   DB.GetSQLValue: [18]SELECT nextval('VARPT_CREDITNOTEDETAIL_V_SEQ') => 42P01: relation "varpt_creditnotedetail_v_seq" does not exist

POSITION: 16
===========>     (SEVERE)   PostgreHelper.ExecuteReader: [18]42P01: relation "varpt_creditnotesubrpt_v_seq" does not exist

POSITION: 16 [Query DR] SELECT nextval('VARPT_CREDITNOTESUBRPT_V_SEQ')
===========>     (SEVERE)   PostgreHelper.ExecuteReader: [18]42P01: relation "varpt_creditnotesubrpt_v_seq" does not exist

POSITION: 16 [Query DR] SELECT nextval('VARPT_CREDITNOTESUBRPT_V_SEQ')
===========>     (SEVERE)   DB.GetSQLValue: [18]SELECT nextval('VARPT_CREDITNOTESUBRPT_V_SEQ') => 42P01: relation "varpt_creditnotesubrpt_v_seq" does not exist

POSITION: 16
===========>     (SEVERE)   PostgreHelper.ExecuteReader: [18]42P01: relation "varpt_currentshortstock_v_seq" does not exist

POSITION: 16 [Query DR] SELECT nextval('VARPT_CURRENTSHORTSTOCK_V_SEQ')
===========>     (SEVERE)   PostgreHelper.ExecuteReader: [18]42P01: relation "varpt_currentshortstock_v_seq" does not exist

POSITION: 16 [Query DR] SELECT nextval('VARPT_CURRENTSHORTSTOCK_V_SEQ')
===========>     (SEVERE)   DB.GetSQLValue: [18]SELECT nextval('VARPT_CURRENTSHORTSTOCK_V_SEQ') => 42P01: relation "varpt_currentshortstock_v_seq" does not exist

POSITION: 16
===========>     (SEVERE)   PostgreHelper.ExecuteReader: [18]42P01: relation "varpt_custmrrma_v_seq" does not exist

POSITION: 16 [Query DR] SELECT nextval('VARPT_CUSTMRRMA_V_SEQ')
===========>     (SEVERE)   PostgreHelper.ExecuteReader: [18]42P01: relation "varpt_custmrrma_v_seq" does not exist

POSITION: 16 [Query DR] SELECT nextval('VARPT_CUSTMRRMA_V_SEQ')
===========>     (SEVERE)   DB.GetSQLValue: [18]SELECT nextval('VARPT_CUSTMRRMA_V_SEQ') => 42P01: relation "varpt_custmrrma_v_seq" does not exist

POSITION: 16
===========>     (SEVERE)   PostgreHelper.ExecuteReader: [18]42P01: relation "varpt_custmrrmalie_v_seq" does not exist

POSITION: 16 [Query DR] SELECT nextval('VARPT_CUSTMRRMALIE_V_SEQ')
===========>     (SEVERE)   PostgreHelper.ExecuteReader: [18]42P01: relation "varpt_custmrrmalie_v_seq" does not exist

POSITION: 16 [Query DR] SELECT nextval('VARPT_CUSTMRRMALIE_V_SEQ')
===========>     (SEVERE)   DB.GetSQLValue: [18]SELECT nextval('VARPT_CUSTMRRMALIE_V_SEQ') => 42P01: relation "varpt_custmrrmalie_v_seq" does not exist

POSITION: 16
===========>     (SEVERE)   PostgreHelper.ExecuteReader: [18]42P01: relation "varpt_customerbaldet_v_seq" does not exist

POSITION: 16 [Query DR] SELECT nextval('VARPT_CUSTOMERBALDET_V_SEQ')
===========>     (SEVERE)   PostgreHelper.ExecuteReader: [18]42P01: relation "varpt_customerbaldet_v_seq" does not exist

POSITION: 16 [Query DR] SELECT nextval('VARPT_CUSTOMERBALDET_V_SEQ')
===========>     (SEVERE)   DB.GetSQLValue: [18]SELECT nextval('VARPT_CUSTOMERBALDET_V_SEQ') => 42P01: relation "varpt_customerbaldet_v_seq" does not exist

POSITION: 16
===========>     (SEVERE)   PostgreHelper.ExecuteReader: [18]42P01: relation "varpt_customerbalsum_v_seq" does not exist

POSITION: 16 [Query DR] SELECT nextval('VARPT_CUSTOMERBALSUM_V_SEQ')
===========>     (SEVERE)   PostgreHelper.ExecuteReader: [18]42P01: relation "varpt_customerbalsum_v_seq" does not exist

POSITION: 16 [Query DR] SELECT nextval('VARPT_CUSTOMERBALSUM_V_SEQ')
===========>     (SEVERE)   DB.GetSQLValue: [18]SELECT nextval('VARPT_CUSTOMERBALSUM_V_SEQ') => 42P01: relation "varpt_customerbalsum_v_seq" does not exist

POSITION: 16
===========>     (SEVERE)   PostgreHelper.ExecuteReader: [18]42P01: relation "varpt_customerdetails_v_seq" does not exist

POSITION: 16 [Query DR] SELECT nextval('VARPT_CUSTOMERDETAILS_V_SEQ')
===========>     (SEVERE)   PostgreHelper.ExecuteReader: [18]42P01: relation "varpt_customerdetails_v_seq" does not exist

POSITION: 16 [Query DR] SELECT nextval('VARPT_CUSTOMERDETAILS_V_SEQ')
===========>     (SEVERE)   DB.GetSQLValue: [18]SELECT nextval('VARPT_CUSTOMERDETAILS_V_SEQ') => 42P01: relation "varpt_customerdetails_v_seq" does not exist

POSITION: 16
===========>     (SEVERE)   PostgreHelper.ExecuteReader: [18]42P01: relation "varpt_customerreturn_v_seq" does not exist

POSITION: 16 [Query DR] SELECT nextval('VARPT_CUSTOMERRETURN_V_SEQ')
===========>     (SEVERE)   PostgreHelper.ExecuteReader: [18]42P01: relation "varpt_customerreturn_v_seq" does not exist

POSITION: 16 [Query DR] SELECT nextval('VARPT_CUSTOMERRETURN_V_SEQ')
===========>     (SEVERE)   DB.GetSQLValue: [18]SELECT nextval('VARPT_CUSTOMERRETURN_V_SEQ') => 42P01: relation "varpt_customerreturn_v_seq" does not exist

POSITION: 16
===========>     (SEVERE)   PostgreHelper.ExecuteReader: [18]42P01: relation "varpt_customerrma_v_seq" does not exist

POSITION: 16 [Query DR] SELECT nextval('VARPT_CUSTOMERRMA_V_SEQ')
===========>     (SEVERE)   PostgreHelper.ExecuteReader: [18]42P01: relation "varpt_customerrma_v_seq" does not exist

POSITION: 16 [Query DR] SELECT nextval('VARPT_CUSTOMERRMA_V_SEQ')
===========>     (SEVERE)   DB.GetSQLValue: [18]SELECT nextval('VARPT_CUSTOMERRMA_V_SEQ') => 42P01: relation "varpt_customerrma_v_seq" does not exist

POSITION: 16
===========>     (SEVERE)   PostgreHelper.ExecuteReader: [18]42P01: relation "varpt_customertoreturn_v_seq" does not exist

POSITION: 16 [Query DR] SELECT nextval('VARPT_CUSTOMERTORETURN_V_SEQ')
===========>     (SEVERE)   PostgreHelper.ExecuteReader: [18]42P01: relation "varpt_customertoreturn_v_seq" does not exist

POSITION: 16 [Query DR] SELECT nextval('VARPT_CUSTOMERTORETURN_V_SEQ')
===========>     (SEVERE)   DB.GetSQLValue: [18]SELECT nextval('VARPT_CUSTOMERTORETURN_V_SEQ') => 42P01: relation "varpt_customertoreturn_v_seq" does not exist

POSITION: 16
===========>     (SEVERE)   PostgreHelper.ExecuteReader: [18]42P01: relation "varpt_customertoreturnline_v_seq" does not exist

POSITION: 16 [Query DR] SELECT nextval('VARPT_CUSTOMERTORETURNLINE_V_SEQ')
===========>     (SEVERE)   PostgreHelper.ExecuteReader: [18]42P01: relation "varpt_customertoreturnline_v_seq" does not exist

POSITION: 16 [Query DR] SELECT nextval('VARPT_CUSTOMERTORETURNLINE_V_SEQ')
===========>     (SEVERE)   DB.GetSQLValue: [18]SELECT nextval('VARPT_CUSTOMERTORETURNLINE_V_SEQ') => 42P01: relation "varpt_customertoreturnline_v_seq" does not exist

POSITION: 16
===========>     (SEVERE)   PostgreHelper.ExecuteReader: [18]42P01: relation "varpt_custrma_sub_v_seq" does not exist

POSITION: 16 [Query DR] SELECT nextval('VARPT_CUSTRMA_SUB_V_SEQ')
===========>     (SEVERE)   PostgreHelper.ExecuteReader: [18]42P01: relation "varpt_custrma_sub_v_seq" does not exist

POSITION: 16 [Query DR] SELECT nextval('VARPT_CUSTRMA_SUB_V_SEQ')
===========>     (SEVERE)   DB.GetSQLValue: [18]SELECT nextval('VARPT_CUSTRMA_SUB_V_SEQ') => 42P01: relation "varpt_custrma_sub_v_seq" does not exist

POSITION: 16
===========>     (SEVERE)   PostgreHelper.ExecuteReader: [18]42P01: relation "varpt_custrmatax_v_seq" does not exist

POSITION: 16 [Query DR] SELECT nextval('VARPT_CUSTRMATAX_V_SEQ')
===========>     (SEVERE)   PostgreHelper.ExecuteReader: [18]42P01: relation "varpt_custrmatax_v_seq" does not exist

POSITION: 16 [Query DR] SELECT nextval('VARPT_CUSTRMATAX_V_SEQ')
===========>     (SEVERE)   DB.GetSQLValue: [18]SELECT nextval('VARPT_CUSTRMATAX_V_SEQ') => 42P01: relation "varpt_custrmatax_v_seq" does not exist

POSITION: 16
===========>     (SEVERE)   PostgreHelper.ExecuteReader: [18]42P01: relation "varpt_debitnotedetail_v_seq" does not exist

POSITION: 16 [Query DR] SELECT nextval('VARPT_DEBITNOTEDETAIL_V_SEQ')
===========>     (SEVERE)   PostgreHelper.ExecuteReader: [18]42P01: relation "varpt_debitnotedetail_v_seq" does not exist

POSITION: 16 [Query DR] SELECT nextval('VARPT_DEBITNOTEDETAIL_V_SEQ')
===========>     (SEVERE)   DB.GetSQLValue: [18]SELECT nextval('VARPT_DEBITNOTEDETAIL_V_SEQ') => 42P01: relation "varpt_debitnotedetail_v_seq" does not exist

POSITION: 16
===========>     (SEVERE)   PostgreHelper.ExecuteReader: [18]42P01: relation "varpt_debitnotedetailrpt_v_seq" does not exist

POSITION: 16 [Query DR] SELECT nextval('VARPT_DEBITNOTEDETAILRPT_V_SEQ')
===========>     (SEVERE)   PostgreHelper.ExecuteReader: [18]42P01: relation "varpt_debitnotedetailrpt_v_seq" does not exist

POSITION: 16 [Query DR] SELECT nextval('VARPT_DEBITNOTEDETAILRPT_V_SEQ')
===========>     (SEVERE)   DB.GetSQLValue: [18]SELECT nextval('VARPT_DEBITNOTEDETAILRPT_V_SEQ') => 42P01: relation "varpt_debitnotedetailrpt_v_seq" does not exist

POSITION: 16
===========>     (SEVERE)   PostgreHelper.ExecuteReader: [18]42P01: relation "varpt_debitnotesubrpt_v_seq" does not exist

POSITION: 16 [Query DR] SELECT nextval('VARPT_DEBITNOTESUBRPT_V_SEQ')
===========>     (SEVERE)   PostgreHelper.ExecuteReader: [18]42P01: relation "varpt_debitnotesubrpt_v_seq" does not exist

POSITION: 16 [Query DR] SELECT nextval('VARPT_DEBITNOTESUBRPT_V_SEQ')
===========>     (SEVERE)   DB.GetSQLValue: [18]SELECT nextval('VARPT_DEBITNOTESUBRPT_V_SEQ') => 42P01: relation "varpt_debitnotesubrpt_v_seq" does not exist

POSITION: 16
===========>     (SEVERE)   PostgreHelper.ExecuteReader: [18]42P01: relation "varpt_dunentrylinepay_v_seq" does not exist

POSITION: 16 [Query DR] SELECT nextval('VARPT_DUNENTRYLINEPAY_V_SEQ')
===========>     (SEVERE)   PostgreHelper.ExecuteReader: [18]42P01: relation "varpt_dunentrylinepay_v_seq" does not exist

POSITION: 16 [Query DR] SELECT nextval('VARPT_DUNENTRYLINEPAY_V_SEQ')
===========>     (SEVERE)   DB.GetSQLValue: [18]SELECT nextval('VARPT_DUNENTRYLINEPAY_V_SEQ') => 42P01: relation "varpt_dunentrylinepay_v_seq" does not exist

POSITION: 16
===========>     (SEVERE)   PostgreHelper.ExecuteReader: [18]42P01: relation "varpt_dunningentry_v_seq" does not exist

POSITION: 16 [Query DR] SELECT nextval('VARPT_DUNNINGENTRY_V_SEQ')
===========>     (SEVERE)   PostgreHelper.ExecuteReader: [18]42P01: relation "varpt_dunningentry_v_seq" does not exist

POSITION: 16 [Query DR] SELECT nextval('VARPT_DUNNINGENTRY_V_SEQ')
===========>     (SEVERE)   DB.GetSQLValue: [18]SELECT nextval('VARPT_DUNNINGENTRY_V_SEQ') => 42P01: relation "varpt_dunningentry_v_seq" does not exist

POSITION: 16
===========>     (SEVERE)   PostgreHelper.ExecuteReader: [18]42P01: relation "varpt_dunningentryhead_v_seq" does not exist

POSITION: 16 [Query DR] SELECT nextval('VARPT_DUNNINGENTRYHEAD_V_SEQ')
===========>     (SEVERE)   PostgreHelper.ExecuteReader: [18]42P01: relation "varpt_dunningentryhead_v_seq" does not exist

POSITION: 16 [Query DR] SELECT nextval('VARPT_DUNNINGENTRYHEAD_V_SEQ')
===========>     (SEVERE)   DB.GetSQLValue: [18]SELECT nextval('VARPT_DUNNINGENTRYHEAD_V_SEQ') => 42P01: relation "varpt_dunningentryhead_v_seq" does not exist

POSITION: 16
===========>     (SEVERE)   PostgreHelper.ExecuteReader: [18]42P01: relation "varpt_dunningentryline_v_seq" does not exist

POSITION: 16 [Query DR] SELECT nextval('VARPT_DUNNINGENTRYLINE_V_SEQ')
===========>     (SEVERE)   PostgreHelper.ExecuteReader: [18]42P01: relation "varpt_dunningentryline_v_seq" does not exist

POSITION: 16 [Query DR] SELECT nextval('VARPT_DUNNINGENTRYLINE_V_SEQ')
===========>     (SEVERE)   DB.GetSQLValue: [18]SELECT nextval('VARPT_DUNNINGENTRYLINE_V_SEQ') => 42P01: relation "varpt_dunningentryline_v_seq" does not exist

POSITION: 16
===========>     (SEVERE)   PostgreHelper.ExecuteReader: [18]42P01: relation "varpt_expectedmaterial_v_seq" does not exist

POSITION: 16 [Query DR] SELECT nextval('VARPT_EXPECTEDMATERIAL_V_SEQ')
===========>     (SEVERE)   PostgreHelper.ExecuteReader: [18]42P01: relation "varpt_expectedmaterial_v_seq" does not exist

POSITION: 16 [Query DR] SELECT nextval('VARPT_EXPECTEDMATERIAL_V_SEQ')
===========>     (SEVERE)   DB.GetSQLValue: [18]SELECT nextval('VARPT_EXPECTEDMATERIAL_V_SEQ') => 42P01: relation "varpt_expectedmaterial_v_seq" does not exist

POSITION: 16
===========>     (SEVERE)   PostgreHelper.ExecuteReader: [18]42P01: relation "varpt_expectedshipment_v_seq" does not exist

POSITION: 16 [Query DR] SELECT nextval('VARPT_EXPECTEDSHIPMENT_V_SEQ')
===========>     (SEVERE)   PostgreHelper.ExecuteReader: [18]42P01: relation "varpt_expectedshipment_v_seq" does not exist

POSITION: 16 [Query DR] SELECT nextval('VARPT_EXPECTEDSHIPMENT_V_SEQ')
===========>     (SEVERE)   DB.GetSQLValue: [18]SELECT nextval('VARPT_EXPECTEDSHIPMENT_V_SEQ') => 42P01: relation "varpt_expectedshipment_v_seq" does not exist

POSITION: 16
===========>     (SEVERE)   PostgreHelper.ExecuteReader: [18]42P01: relation "varpt_financialreport_v_seq" does not exist

POSITION: 16 [Query DR] SELECT nextval('VARPT_FINANCIALREPORT_V_SEQ')
===========>     (SEVERE)   PostgreHelper.ExecuteReader: [18]42P01: relation "varpt_financialreport_v_seq" does not exist

POSITION: 16 [Query DR] SELECT nextval('VARPT_FINANCIALREPORT_V_SEQ')
===========>     (SEVERE)   DB.GetSQLValue: [18]SELECT nextval('VARPT_FINANCIALREPORT_V_SEQ') => 42P01: relation "varpt_financialreport_v_seq" does not exist

POSITION: 16
===========>     (SEVERE)   PostgreHelper.ExecuteReader: [18]42P01: relation "varpt_financialreportasset_v_seq" does not exist

POSITION: 16 [Query DR] SELECT nextval('VARPT_FINANCIALREPORTASSET_V_SEQ')
===========>     (SEVERE)   PostgreHelper.ExecuteReader: [18]42P01: relation "varpt_financialreportasset_v_seq" does not exist

POSITION: 16 [Query DR] SELECT nextval('VARPT_FINANCIALREPORTASSET_V_SEQ')
===========>     (SEVERE)   DB.GetSQLValue: [18]SELECT nextval('VARPT_FINANCIALREPORTASSET_V_SEQ') => 42P01: relation "varpt_financialreportasset_v_seq" does not exist

POSITION: 16
===========>     (SEVERE)   PostgreHelper.ExecuteReader: [18]42P01: relation "varpt_financialreportlia_v_seq" does not exist

POSITION: 16 [Query DR] SELECT nextval('VARPT_FINANCIALREPORTLIA_V_SEQ')
===========>     (SEVERE)   PostgreHelper.ExecuteReader: [18]42P01: relation "varpt_financialreportlia_v_seq" does not exist

POSITION: 16 [Query DR] SELECT nextval('VARPT_FINANCIALREPORTLIA_V_SEQ')
===========>     (SEVERE)   DB.GetSQLValue: [18]SELECT nextval('VARPT_FINANCIALREPORTLIA_V_SEQ') => 42P01: relation "varpt_financialreportlia_v_seq" does not exist

POSITION: 16
===========>     (SEVERE)   DB.ExecuteQuery: [18] => 22003: setval: value 999999 is out of bounds for sequence "varpt_glstatacct_seq" (1000000..2147483647)
----------->     (WARNING)  DB.ExecuteQuery: [18]DBExecuteError - 22003: setval: value 999999 is out of bounds for sequence "varpt_glstatacct_seq" (1000000..2147483647)
05:36:59.365    (INFO)     NativeSequence.AddLog: [18]0 -  -  - Sequence not Updated For :VARPT_GLStatAcct_SEQ
===========>     (SEVERE)   PostgreHelper.ExecuteReader: [18]42P01: relation "varpt_glstatacct_v_seq" does not exist

POSITION: 16 [Query DR] SELECT nextval('VARPT_GLSTATACCT_V_SEQ')
===========>     (SEVERE)   PostgreHelper.ExecuteReader: [18]42P01: relation "varpt_glstatacct_v_seq" does not exist

POSITION: 16 [Query DR] SELECT nextval('VARPT_GLSTATACCT_V_SEQ')
===========>     (SEVERE)   DB.GetSQLValue: [18]SELECT nextval('VARPT_GLSTATACCT_V_SEQ') => 42P01: relation "varpt_glstatacct_v_seq" does not exist

POSITION: 16
===========>     (SEVERE)   PostgreHelper.ExecuteReader: [18]42P01: relation "varpt_goodsdetail_v_seq" does not exist

POSITION: 16 [Query DR] SELECT nextval('VARPT_GOODSDETAIL_V_SEQ')
===========>     (SEVERE)   PostgreHelper.ExecuteReader: [18]42P01: relation "varpt_goodsdetail_v_seq" does not exist

POSITION: 16 [Query DR] SELECT nextval('VARPT_GOODSDETAIL_V_SEQ')
===========>     (SEVERE)   DB.GetSQLValue: [18]SELECT nextval('VARPT_GOODSDETAIL_V_SEQ') => 42P01: relation "varpt_goodsdetail_v_seq" does not exist

POSITION: 16
===========>     (SEVERE)   PostgreHelper.ExecuteReader: [18]42P01: relation "varpt_internaluseinv_v_seq" does not exist

POSITION: 16 [Query DR] SELECT nextval('VARPT_INTERNALUSEINV_V_SEQ')
===========>     (SEVERE)   PostgreHelper.ExecuteReader: [18]42P01: relation "varpt_internaluseinv_v_seq" does not exist

POSITION: 16 [Query DR] SELECT nextval('VARPT_INTERNALUSEINV_V_SEQ')
===========>     (SEVERE)   DB.GetSQLValue: [18]SELECT nextval('VARPT_INTERNALUSEINV_V_SEQ') => 42P01: relation "varpt_internaluseinv_v_seq" does not exist

POSITION: 16
===========>     (SEVERE)   PostgreHelper.ExecuteReader: [18]42P01: relation "varpt_internaluseinvline_v_seq" does not exist

POSITION: 16 [Query DR] SELECT nextval('VARPT_INTERNALUSEINVLINE_V_SEQ')
===========>     (SEVERE)   PostgreHelper.ExecuteReader: [18]42P01: relation "varpt_internaluseinvline_v_seq" does not exist

POSITION: 16 [Query DR] SELECT nextval('VARPT_INTERNALUSEINVLINE_V_SEQ')
===========>     (SEVERE)   DB.GetSQLValue: [18]SELECT nextval('VARPT_INTERNALUSEINVLINE_V_SEQ') => 42P01: relation "varpt_internaluseinvline_v_seq" does not exist

POSITION: 16
===========>     (SEVERE)   PostgreHelper.ExecuteReader: [18]42P01: relation "varpt_inventoryadjustment_v_seq" does not exist

POSITION: 16 [Query DR] SELECT nextval('VARPT_INVENTORYADJUSTMENT_V_SEQ')
===========>     (SEVERE)   PostgreHelper.ExecuteReader: [18]42P01: relation "varpt_inventoryadjustment_v_seq" does not exist

POSITION: 16 [Query DR] SELECT nextval('VARPT_INVENTORYADJUSTMENT_V_SEQ')
===========>     (SEVERE)   DB.GetSQLValue: [18]SELECT nextval('VARPT_INVENTORYADJUSTMENT_V_SEQ') => 42P01: relation "varpt_inventoryadjustment_v_seq" does not exist

POSITION: 16
===========>     (SEVERE)   PostgreHelper.ExecuteReader: [18]42P01: relation "varpt_inventoryconjuction_v_seq" does not exist

POSITION: 16 [Query DR] SELECT nextval('VARPT_INVENTORYCONJUCTION_V_SEQ')
===========>     (SEVERE)   PostgreHelper.ExecuteReader: [18]42P01: relation "varpt_inventoryconjuction_v_seq" does not exist

POSITION: 16 [Query DR] SELECT nextval('VARPT_INVENTORYCONJUCTION_V_SEQ')
===========>     (SEVERE)   DB.GetSQLValue: [18]SELECT nextval('VARPT_INVENTORYCONJUCTION_V_SEQ') => 42P01: relation "varpt_inventoryconjuction_v_seq" does not exist

POSITION: 16
===========>     (SEVERE)   PostgreHelper.ExecuteReader: [18]42P01: relation "varpt_inventorymove_v_seq" does not exist

POSITION: 16 [Query DR] SELECT nextval('VARPT_INVENTORYMOVE_V_SEQ')
===========>     (SEVERE)   PostgreHelper.ExecuteReader: [18]42P01: relation "varpt_inventorymove_v_seq" does not exist

POSITION: 16 [Query DR] SELECT nextval('VARPT_INVENTORYMOVE_V_SEQ')
===========>     (SEVERE)   DB.GetSQLValue: [18]SELECT nextval('VARPT_INVENTORYMOVE_V_SEQ') => 42P01: relation "varpt_inventorymove_v_seq" does not exist

POSITION: 16
===========>     (SEVERE)   PostgreHelper.ExecuteReader: [18]42P01: relation "varpt_inventorymoveline_v_seq" does not exist

POSITION: 16 [Query DR] SELECT nextval('VARPT_INVENTORYMOVELINE_V_SEQ')
===========>     (SEVERE)   PostgreHelper.ExecuteReader: [18]42P01: relation "varpt_inventorymoveline_v_seq" does not exist

POSITION: 16 [Query DR] SELECT nextval('VARPT_INVENTORYMOVELINE_V_SEQ')
===========>     (SEVERE)   DB.GetSQLValue: [18]SELECT nextval('VARPT_INVENTORYMOVELINE_V_SEQ') => 42P01: relation "varpt_inventorymoveline_v_seq" does not exist

POSITION: 16
===========>     (SEVERE)   PostgreHelper.ExecuteReader: [18]42P01: relation "varpt_invoiceheader_v_seq" does not exist

POSITION: 16 [Query DR] SELECT nextval('VARPT_INVOICEHEADER_V_SEQ')
===========>     (SEVERE)   PostgreHelper.ExecuteReader: [18]42P01: relation "varpt_invoiceheader_v_seq" does not exist

POSITION: 16 [Query DR] SELECT nextval('VARPT_INVOICEHEADER_V_SEQ')
===========>     (SEVERE)   DB.GetSQLValue: [18]SELECT nextval('VARPT_INVOICEHEADER_V_SEQ') => 42P01: relation "varpt_invoiceheader_v_seq" does not exist

POSITION: 16
===========>     (SEVERE)   PostgreHelper.ExecuteReader: [18]42P01: relation "varpt_invoiceline_v_seq" does not exist

POSITION: 16 [Query DR] SELECT nextval('VARPT_INVOICELINE_V_SEQ')
===========>     (SEVERE)   PostgreHelper.ExecuteReader: [18]42P01: relation "varpt_invoiceline_v_seq" does not exist

POSITION: 16 [Query DR] SELECT nextval('VARPT_INVOICELINE_V_SEQ')
===========>     (SEVERE)   DB.GetSQLValue: [18]SELECT nextval('VARPT_INVOICELINE_V_SEQ') => 42P01: relation "varpt_invoiceline_v_seq" does not exist

POSITION: 16
===========>     (SEVERE)   PostgreHelper.ExecuteReader: [18]42P01: relation "varpt_invoicetax_v_seq" does not exist

POSITION: 16 [Query DR] SELECT nextval('VARPT_INVOICETAX_V_SEQ')
===========>     (SEVERE)   PostgreHelper.ExecuteReader: [18]42P01: relation "varpt_invoicetax_v_seq" does not exist

POSITION: 16 [Query DR] SELECT nextval('VARPT_INVOICETAX_V_SEQ')
===========>     (SEVERE)   DB.GetSQLValue: [18]SELECT nextval('VARPT_INVOICETAX_V_SEQ') => 42P01: relation "varpt_invoicetax_v_seq" does not exist

POSITION: 16
===========>     (SEVERE)   PostgreHelper.ExecuteReader: [18]42P01: relation "varpt_invoicetaxrpt_v_seq" does not exist

POSITION: 16 [Query DR] SELECT nextval('VARPT_INVOICETAXRPT_V_SEQ')
===========>     (SEVERE)   PostgreHelper.ExecuteReader: [18]42P01: relation "varpt_invoicetaxrpt_v_seq" does not exist

POSITION: 16 [Query DR] SELECT nextval('VARPT_INVOICETAXRPT_V_SEQ')
===========>     (SEVERE)   DB.GetSQLValue: [18]SELECT nextval('VARPT_INVOICETAXRPT_V_SEQ') => 42P01: relation "varpt_invoicetaxrpt_v_seq" does not exist

POSITION: 16
===========>     (SEVERE)   PostgreHelper.ExecuteReader: [18]42P01: relation "varpt_invoicetaxsum_v_seq" does not exist

POSITION: 16 [Query DR] SELECT nextval('VARPT_INVOICETAXSUM_V_SEQ')
===========>     (SEVERE)   PostgreHelper.ExecuteReader: [18]42P01: relation "varpt_invoicetaxsum_v_seq" does not exist

POSITION: 16 [Query DR] SELECT nextval('VARPT_INVOICETAXSUM_V_SEQ')
===========>     (SEVERE)   DB.GetSQLValue: [18]SELECT nextval('VARPT_INVOICETAXSUM_V_SEQ') => 42P01: relation "varpt_invoicetaxsum_v_seq" does not exist

POSITION: 16
===========>     (SEVERE)   PostgreHelper.ExecuteReader: [18]42P01: relation "varpt_invoicetaxtotal_v_seq" does not exist

POSITION: 16 [Query DR] SELECT nextval('VARPT_INVOICETAXTOTAL_V_SEQ')
===========>     (SEVERE)   PostgreHelper.ExecuteReader: [18]42P01: relation "varpt_invoicetaxtotal_v_seq" does not exist

POSITION: 16 [Query DR] SELECT nextval('VARPT_INVOICETAXTOTAL_V_SEQ')
===========>     (SEVERE)   DB.GetSQLValue: [18]SELECT nextval('VARPT_INVOICETAXTOTAL_V_SEQ') => 42P01: relation "varpt_invoicetaxtotal_v_seq" does not exist

POSITION: 16
===========>     (SEVERE)   PostgreHelper.ExecuteReader: [18]42P01: relation "varpt_journalline_v_seq" does not exist

POSITION: 16 [Query DR] SELECT nextval('VARPT_JOURNALLINE_V_SEQ')
===========>     (SEVERE)   PostgreHelper.ExecuteReader: [18]42P01: relation "varpt_journalline_v_seq" does not exist

POSITION: 16 [Query DR] SELECT nextval('VARPT_JOURNALLINE_V_SEQ')
===========>     (SEVERE)   DB.GetSQLValue: [18]SELECT nextval('VARPT_JOURNALLINE_V_SEQ') => 42P01: relation "varpt_journalline_v_seq" does not exist

POSITION: 16
===========>     (SEVERE)   PostgreHelper.ExecuteReader: [18]42P01: relation "varpt_journalreport_v_seq" does not exist

POSITION: 16 [Query DR] SELECT nextval('VARPT_JOURNALREPORT_V_SEQ')
===========>     (SEVERE)   PostgreHelper.ExecuteReader: [18]42P01: relation "varpt_journalreport_v_seq" does not exist

POSITION: 16 [Query DR] SELECT nextval('VARPT_JOURNALREPORT_V_SEQ')
===========>     (SEVERE)   DB.GetSQLValue: [18]SELECT nextval('VARPT_JOURNALREPORT_V_SEQ') => 42P01: relation "varpt_journalreport_v_seq" does not exist

POSITION: 16
===========>     (SEVERE)   PostgreHelper.ExecuteReader: [18]42P01: relation "varpt_journalvoucher_v_seq" does not exist

POSITION: 16 [Query DR] SELECT nextval('VARPT_JOURNALVOUCHER_V_SEQ')
===========>     (SEVERE)   PostgreHelper.ExecuteReader: [18]42P01: relation "varpt_journalvoucher_v_seq" does not exist

POSITION: 16 [Query DR] SELECT nextval('VARPT_JOURNALVOUCHER_V_SEQ')
===========>     (SEVERE)   DB.GetSQLValue: [18]SELECT nextval('VARPT_JOURNALVOUCHER_V_SEQ') => 42P01: relation "varpt_journalvoucher_v_seq" does not exist

POSITION: 16
===========>     (SEVERE)   PostgreHelper.ExecuteReader: [18]42P01: relation "varpt_journalvoucherline_v_seq" does not exist

POSITION: 16 [Query DR] SELECT nextval('VARPT_JOURNALVOUCHERLINE_V_SEQ')
===========>     (SEVERE)   PostgreHelper.ExecuteReader: [18]42P01: relation "varpt_journalvoucherline_v_seq" does not exist

POSITION: 16 [Query DR] SELECT nextval('VARPT_JOURNALVOUCHERLINE_V_SEQ')
===========>     (SEVERE)   DB.GetSQLValue: [18]SELECT nextval('VARPT_JOURNALVOUCHERLINE_V_SEQ') => 42P01: relation "varpt_journalvoucherline_v_seq" does not exist

POSITION: 16
===========>     (SEVERE)   PostgreHelper.ExecuteReader: [18]42P01: relation "varpt_ledgerstatement_v_seq" does not exist

POSITION: 16 [Query DR] SELECT nextval('VARPT_LEDGERSTATEMENT_V_SEQ')
===========>     (SEVERE)   PostgreHelper.ExecuteReader: [18]42P01: relation "varpt_ledgerstatement_v_seq" does not exist

POSITION: 16 [Query DR] SELECT nextval('VARPT_LEDGERSTATEMENT_V_SEQ')
===========>     (SEVERE)   DB.GetSQLValue: [18]SELECT nextval('VARPT_LEDGERSTATEMENT_V_SEQ') => 42P01: relation "varpt_ledgerstatement_v_seq" does not exist

POSITION: 16
===========>     (SEVERE)   PostgreHelper.ExecuteReader: [18]42P01: relation "varpt_materialreceipt_v_seq" does not exist

POSITION: 16 [Query DR] SELECT nextval('VARPT_MATERIALRECEIPT_V_SEQ')
===========>     (SEVERE)   PostgreHelper.ExecuteReader: [18]42P01: relation "varpt_materialreceipt_v_seq" does not exist

POSITION: 16 [Query DR] SELECT nextval('VARPT_MATERIALRECEIPT_V_SEQ')
===========>     (SEVERE)   DB.GetSQLValue: [18]SELECT nextval('VARPT_MATERIALRECEIPT_V_SEQ') => 42P01: relation "varpt_materialreceipt_v_seq" does not exist

POSITION: 16
===========>     (SEVERE)   PostgreHelper.ExecuteReader: [18]42P01: relation "varpt_materialreceiptline_v_seq" does not exist

POSITION: 16 [Query DR] SELECT nextval('VARPT_MATERIALRECEIPTLINE_V_SEQ')
===========>     (SEVERE)   PostgreHelper.ExecuteReader: [18]42P01: relation "varpt_materialreceiptline_v_seq" does not exist

POSITION: 16 [Query DR] SELECT nextval('VARPT_MATERIALRECEIPTLINE_V_SEQ')
===========>     (SEVERE)   DB.GetSQLValue: [18]SELECT nextval('VARPT_MATERIALRECEIPTLINE_V_SEQ') => 42P01: relation "varpt_materialreceiptline_v_seq" does not exist

POSITION: 16
===========>     (SEVERE)   PostgreHelper.ExecuteReader: [18]42P01: relation "varpt_monetaryitemreval_v_seq" does not exist

POSITION: 16 [Query DR] SELECT nextval('VARPT_MONETARYITEMREVAL_V_SEQ')
===========>     (SEVERE)   PostgreHelper.ExecuteReader: [18]42P01: relation "varpt_monetaryitemreval_v_seq" does not exist

POSITION: 16 [Query DR] SELECT nextval('VARPT_MONETARYITEMREVAL_V_SEQ')
===========>     (SEVERE)   DB.GetSQLValue: [18]SELECT nextval('VARPT_MONETARYITEMREVAL_V_SEQ') => 42P01: relation "varpt_monetaryitemreval_v_seq" does not exist

POSITION: 16
===========>     (SEVERE)   PostgreHelper.ExecuteReader: [18]42P01: relation "varpt_monthlyinvoicevendor_v_seq" does not exist

POSITION: 16 [Query DR] SELECT nextval('VARPT_MONTHLYINVOICEVENDOR_V_SEQ')
===========>     (SEVERE)   PostgreHelper.ExecuteReader: [18]42P01: relation "varpt_monthlyinvoicevendor_v_seq" does not exist

POSITION: 16 [Query DR] SELECT nextval('VARPT_MONTHLYINVOICEVENDOR_V_SEQ')
===========>     (SEVERE)   DB.GetSQLValue: [18]SELECT nextval('VARPT_MONTHLYINVOICEVENDOR_V_SEQ') => 42P01: relation "varpt_monthlyinvoicevendor_v_seq" does not exist

POSITION: 16
===========>     (SEVERE)   PostgreHelper.ExecuteReader: [18]42P01: relation "varpt_openitem_v_seq" does not exist

POSITION: 16 [Query DR] SELECT nextval('VARPT_OPENITEM_V_SEQ')
===========>     (SEVERE)   PostgreHelper.ExecuteReader: [18]42P01: relation "varpt_openitem_v_seq" does not exist

POSITION: 16 [Query DR] SELECT nextval('VARPT_OPENITEM_V_SEQ')
===========>     (SEVERE)   DB.GetSQLValue: [18]SELECT nextval('VARPT_OPENITEM_V_SEQ') => 42P01: relation "varpt_openitem_v_seq" does not exist

POSITION: 16
===========>     (SEVERE)   PostgreHelper.ExecuteReader: [18]42P01: relation "varpt_openpurchaseorder_v_seq" does not exist

POSITION: 16 [Query DR] SELECT nextval('VARPT_OPENPURCHASEORDER_V_SEQ')
===========>     (SEVERE)   PostgreHelper.ExecuteReader: [18]42P01: relation "varpt_openpurchaseorder_v_seq" does not exist

POSITION: 16 [Query DR] SELECT nextval('VARPT_OPENPURCHASEORDER_V_SEQ')
===========>     (SEVERE)   DB.GetSQLValue: [18]SELECT nextval('VARPT_OPENPURCHASEORDER_V_SEQ') => 42P01: relation "varpt_openpurchaseorder_v_seq" does not exist

POSITION: 16
===========>     (SEVERE)   PostgreHelper.ExecuteReader: [18]42P01: relation "varpt_opensalesorder_v_seq" does not exist

POSITION: 16 [Query DR] SELECT nextval('VARPT_OPENSALESORDER_V_SEQ')
===========>     (SEVERE)   PostgreHelper.ExecuteReader: [18]42P01: relation "varpt_opensalesorder_v_seq" does not exist

POSITION: 16 [Query DR] SELECT nextval('VARPT_OPENSALESORDER_V_SEQ')
===========>     (SEVERE)   DB.GetSQLValue: [18]SELECT nextval('VARPT_OPENSALESORDER_V_SEQ') => 42P01: relation "varpt_opensalesorder_v_seq" does not exist

POSITION: 16
===========>     (SEVERE)   PostgreHelper.ExecuteReader: [18]42P01: relation "varpt_opentrxrep_v_seq" does not exist

POSITION: 16 [Query DR] SELECT nextval('VARPT_OPENTRXREP_V_SEQ')
===========>     (SEVERE)   PostgreHelper.ExecuteReader: [18]42P01: relation "varpt_opentrxrep_v_seq" does not exist

POSITION: 16 [Query DR] SELECT nextval('VARPT_OPENTRXREP_V_SEQ')
===========>     (SEVERE)   DB.GetSQLValue: [18]SELECT nextval('VARPT_OPENTRXREP_V_SEQ') => 42P01: relation "varpt_opentrxrep_v_seq" does not exist

POSITION: 16
===========>     (SEVERE)   PostgreHelper.ExecuteReader: [18]42P01: relation "varpt_oppordetailrpt_v_seq" does not exist

POSITION: 16 [Query DR] SELECT nextval('VARPT_OPPORDETAILRPT_V_SEQ')
===========>     (SEVERE)   PostgreHelper.ExecuteReader: [18]42P01: relation "varpt_oppordetailrpt_v_seq" does not exist

POSITION: 16 [Query DR] SELECT nextval('VARPT_OPPORDETAILRPT_V_SEQ')
===========>     (SEVERE)   DB.GetSQLValue: [18]SELECT nextval('VARPT_OPPORDETAILRPT_V_SEQ') => 42P01: relation "varpt_oppordetailrpt_v_seq" does not exist

POSITION: 16
===========>     (SEVERE)   PostgreHelper.ExecuteReader: [18]42P01: relation "varpt_opportunity_v_seq" does not exist

POSITION: 16 [Query DR] SELECT nextval('VARPT_OPPORTUNITY_V_SEQ')
===========>     (SEVERE)   PostgreHelper.ExecuteReader: [18]42P01: relation "varpt_opportunity_v_seq" does not exist

POSITION: 16 [Query DR] SELECT nextval('VARPT_OPPORTUNITY_V_SEQ')
===========>     (SEVERE)   DB.GetSQLValue: [18]SELECT nextval('VARPT_OPPORTUNITY_V_SEQ') => 42P01: relation "varpt_opportunity_v_seq" does not exist

POSITION: 16
===========>     (SEVERE)   PostgreHelper.ExecuteReader: [18]42P01: relation "varpt_opportunityline_v_seq" does not exist

POSITION: 16 [Query DR] SELECT nextval('VARPT_OPPORTUNITYLINE_V_SEQ')
===========>     (SEVERE)   PostgreHelper.ExecuteReader: [18]42P01: relation "varpt_opportunityline_v_seq" does not exist

POSITION: 16 [Query DR] SELECT nextval('VARPT_OPPORTUNITYLINE_V_SEQ')
===========>     (SEVERE)   DB.GetSQLValue: [18]SELECT nextval('VARPT_OPPORTUNITYLINE_V_SEQ') => 42P01: relation "varpt_opportunityline_v_seq" does not exist

POSITION: 16
===========>     (SEVERE)   PostgreHelper.ExecuteReader: [18]42P01: relation "varpt_payment_v_seq" does not exist

POSITION: 16 [Query DR] SELECT nextval('VARPT_PAYMENT_V_SEQ')
===========>     (SEVERE)   PostgreHelper.ExecuteReader: [18]42P01: relation "varpt_payment_v_seq" does not exist

POSITION: 16 [Query DR] SELECT nextval('VARPT_PAYMENT_V_SEQ')
===========>     (SEVERE)   DB.GetSQLValue: [18]SELECT nextval('VARPT_PAYMENT_V_SEQ') => 42P01: relation "varpt_payment_v_seq" does not exist

POSITION: 16
===========>     (SEVERE)   PostgreHelper.ExecuteReader: [18]42P01: relation "varpt_paymentreport_v_seq" does not exist

POSITION: 16 [Query DR] SELECT nextval('VARPT_PAYMENTREPORT_V_SEQ')
===========>     (SEVERE)   PostgreHelper.ExecuteReader: [18]42P01: relation "varpt_paymentreport_v_seq" does not exist

POSITION: 16 [Query DR] SELECT nextval('VARPT_PAYMENTREPORT_V_SEQ')
===========>     (SEVERE)   DB.GetSQLValue: [18]SELECT nextval('VARPT_PAYMENTREPORT_V_SEQ') => 42P01: relation "varpt_paymentreport_v_seq" does not exist

POSITION: 16
===========>     (SEVERE)   PostgreHelper.ExecuteReader: [18]42P01: relation "varpt_paymentvoucher_v_seq" does not exist

POSITION: 16 [Query DR] SELECT nextval('VARPT_PAYMENTVOUCHER_V_SEQ')
===========>     (SEVERE)   PostgreHelper.ExecuteReader: [18]42P01: relation "varpt_paymentvoucher_v_seq" does not exist

POSITION: 16 [Query DR] SELECT nextval('VARPT_PAYMENTVOUCHER_V_SEQ')
===========>     (SEVERE)   DB.GetSQLValue: [18]SELECT nextval('VARPT_PAYMENTVOUCHER_V_SEQ') => 42P01: relation "varpt_paymentvoucher_v_seq" does not exist

POSITION: 16
===========>     (SEVERE)   PostgreHelper.ExecuteReader: [18]42P01: relation "varpt_physicalinventory_v_seq" does not exist

POSITION: 16 [Query DR] SELECT nextval('VARPT_PHYSICALINVENTORY_V_SEQ')
===========>     (SEVERE)   PostgreHelper.ExecuteReader: [18]42P01: relation "varpt_physicalinventory_v_seq" does not exist

POSITION: 16 [Query DR] SELECT nextval('VARPT_PHYSICALINVENTORY_V_SEQ')
===========>     (SEVERE)   DB.GetSQLValue: [18]SELECT nextval('VARPT_PHYSICALINVENTORY_V_SEQ') => 42P01: relation "varpt_physicalinventory_v_seq" does not exist

POSITION: 16
===========>     (SEVERE)   PostgreHelper.ExecuteReader: [18]42P01: relation "varpt_physicalinventoryline_v_seq" does not exist

POSITION: 16 [Query DR] SELECT nextval('VARPT_PHYSICALINVENTORYLINE_V_SEQ')
===========>     (SEVERE)   PostgreHelper.ExecuteReader: [18]42P01: relation "varpt_physicalinventoryline_v_seq" does not exist

POSITION: 16 [Query DR] SELECT nextval('VARPT_PHYSICALINVENTORYLINE_V_SEQ')
===========>     (SEVERE)   DB.GetSQLValue: [18]SELECT nextval('VARPT_PHYSICALINVENTORYLINE_V_SEQ') => 42P01: relation "varpt_physicalinventoryline_v_seq" does not exist

POSITION: 16
===========>     (SEVERE)   PostgreHelper.ExecuteReader: [18]42P01: relation "varpt_pobysupplier_seq" does not exist

POSITION: 16 [Query DR] SELECT nextval('VARPT_POBYSUPPLIER_SEQ')
===========>     (SEVERE)   PostgreHelper.ExecuteReader: [18]42P01: relation "varpt_pobysupplier_seq" does not exist

POSITION: 16 [Query DR] SELECT nextval('VARPT_POBYSUPPLIER_SEQ')
===========>     (SEVERE)   DB.GetSQLValue: [18]SELECT nextval('VARPT_POBYSUPPLIER_SEQ') => 42P01: relation "varpt_pobysupplier_seq" does not exist

POSITION: 16
===========>     (SEVERE)   PostgreHelper.ExecuteReader: [18]42P01: relation "varpt_proddetreport_v_seq" does not exist

POSITION: 16 [Query DR] SELECT nextval('VARPT_PRODDETREPORT_V_SEQ')
===========>     (SEVERE)   PostgreHelper.ExecuteReader: [18]42P01: relation "varpt_proddetreport_v_seq" does not exist

POSITION: 16 [Query DR] SELECT nextval('VARPT_PRODDETREPORT_V_SEQ')
===========>     (SEVERE)   DB.GetSQLValue: [18]SELECT nextval('VARPT_PRODDETREPORT_V_SEQ') => 42P01: relation "varpt_proddetreport_v_seq" does not exist

POSITION: 16
===========>     (SEVERE)   DB.ExecuteQuery: [18] => 22003: setval: value 999999 is out of bounds for sequence "varpt_prodtemp_seq" (1000000..2147483647)
----------->     (WARNING)  DB.ExecuteQuery: [18]DBExecuteError - 22003: setval: value 999999 is out of bounds for sequence "varpt_prodtemp_seq" (1000000..2147483647)
05:37:00.370    (INFO)     NativeSequence.AddLog: [18]0 -  -  - Sequence not Updated For :VARPT_ProdTemp_SEQ
===========>     (SEVERE)   DB.ExecuteQuery: [18] => 22003: setval: value 999999 is out of bounds for sequence "varpt_productstock_seq" (1000000..2147483647)
----------->     (WARNING)  DB.ExecuteQuery: [18]DBExecuteError - 22003: setval: value 999999 is out of bounds for sequence "varpt_productstock_seq" (1000000..2147483647)
05:37:00.370    (INFO)     NativeSequence.AddLog: [18]0 -  -  - Sequence not Updated For :VARPT_ProductStock_SEQ
===========>     (SEVERE)   PostgreHelper.ExecuteReader: [18]42P01: relation "varpt_prospectdet_v_seq" does not exist

POSITION: 16 [Query DR] SELECT nextval('VARPT_PROSPECTDET_V_SEQ')
===========>     (SEVERE)   PostgreHelper.ExecuteReader: [18]42P01: relation "varpt_prospectdet_v_seq" does not exist

POSITION: 16 [Query DR] SELECT nextval('VARPT_PROSPECTDET_V_SEQ')
===========>     (SEVERE)   DB.GetSQLValue: [18]SELECT nextval('VARPT_PROSPECTDET_V_SEQ') => 42P01: relation "varpt_prospectdet_v_seq" does not exist

POSITION: 16
===========>     (SEVERE)   PostgreHelper.ExecuteReader: [18]42P01: relation "varpt_prostockdet_v_seq" does not exist

POSITION: 16 [Query DR] SELECT nextval('VARPT_PROSTOCKDET_V_SEQ')
===========>     (SEVERE)   PostgreHelper.ExecuteReader: [18]42P01: relation "varpt_prostockdet_v_seq" does not exist

POSITION: 16 [Query DR] SELECT nextval('VARPT_PROSTOCKDET_V_SEQ')
===========>     (SEVERE)   DB.GetSQLValue: [18]SELECT nextval('VARPT_PROSTOCKDET_V_SEQ') => 42P01: relation "varpt_prostockdet_v_seq" does not exist

POSITION: 16
===========>     (SEVERE)   PostgreHelper.ExecuteReader: [18]42P01: relation "varpt_purchasejrnldetails_v_seq" does not exist

POSITION: 16 [Query DR] SELECT nextval('VARPT_PURCHASEJRNLDETAILS_V_SEQ')
===========>     (SEVERE)   PostgreHelper.ExecuteReader: [18]42P01: relation "varpt_purchasejrnldetails_v_seq" does not exist

POSITION: 16 [Query DR] SELECT nextval('VARPT_PURCHASEJRNLDETAILS_V_SEQ')
===========>     (SEVERE)   DB.GetSQLValue: [18]SELECT nextval('VARPT_PURCHASEJRNLDETAILS_V_SEQ') => 42P01: relation "varpt_purchasejrnldetails_v_seq" does not exist

POSITION: 16
===========>     (SEVERE)   PostgreHelper.ExecuteReader: [18]42P01: relation "varpt_purchaseorder_v_seq" does not exist

POSITION: 16 [Query DR] SELECT nextval('VARPT_PURCHASEORDER_V_SEQ')
===========>     (SEVERE)   PostgreHelper.ExecuteReader: [18]42P01: relation "varpt_purchaseorder_v_seq" does not exist

POSITION: 16 [Query DR] SELECT nextval('VARPT_PURCHASEORDER_V_SEQ')
===========>     (SEVERE)   DB.GetSQLValue: [18]SELECT nextval('VARPT_PURCHASEORDER_V_SEQ') => 42P01: relation "varpt_purchaseorder_v_seq" does not exist

POSITION: 16
===========>     (SEVERE)   PostgreHelper.ExecuteReader: [18]42P01: relation "varpt_purchaseorderline_v_seq" does not exist

POSITION: 16 [Query DR] SELECT nextval('VARPT_PURCHASEORDERLINE_V_SEQ')
===========>     (SEVERE)   PostgreHelper.ExecuteReader: [18]42P01: relation "varpt_purchaseorderline_v_seq" does not exist

POSITION: 16 [Query DR] SELECT nextval('VARPT_PURCHASEORDERLINE_V_SEQ')
===========>     (SEVERE)   DB.GetSQLValue: [18]SELECT nextval('VARPT_PURCHASEORDERLINE_V_SEQ') => 42P01: relation "varpt_purchaseorderline_v_seq" does not exist

POSITION: 16
===========>     (SEVERE)   PostgreHelper.ExecuteReader: [18]42P01: relation "varpt_purchaseorderstatus_v_seq" does not exist

POSITION: 16 [Query DR] SELECT nextval('VARPT_PURCHASEORDERSTATUS_V_SEQ')
===========>     (SEVERE)   PostgreHelper.ExecuteReader: [18]42P01: relation "varpt_purchaseorderstatus_v_seq" does not exist

POSITION: 16 [Query DR] SELECT nextval('VARPT_PURCHASEORDERSTATUS_V_SEQ')
===========>     (SEVERE)   DB.GetSQLValue: [18]SELECT nextval('VARPT_PURCHASEORDERSTATUS_V_SEQ') => 42P01: relation "varpt_purchaseorderstatus_v_seq" does not exist

POSITION: 16
===========>     (SEVERE)   PostgreHelper.ExecuteReader: [18]42P01: relation "varpt_purchaseorderstatussub_v_seq" does not exist

POSITION: 16 [Query DR] SELECT nextval('VARPT_PURCHASEORDERSTATUSSUB_V_SEQ')
===========>     (SEVERE)   PostgreHelper.ExecuteReader: [18]42P01: relation "varpt_purchaseorderstatussub_v_seq" does not exist

POSITION: 16 [Query DR] SELECT nextval('VARPT_PURCHASEORDERSTATUSSUB_V_SEQ')
===========>     (SEVERE)   DB.GetSQLValue: [18]SELECT nextval('VARPT_PURCHASEORDERSTATUSSUB_V_SEQ') => 42P01: relation "varpt_purchaseorderstatussub_v_seq" does not exist

POSITION: 16
===========>     (SEVERE)   PostgreHelper.ExecuteReader: [18]42P01: relation "varpt_purchaseordertax_v_seq" does not exist

POSITION: 16 [Query DR] SELECT nextval('VARPT_PURCHASEORDERTAX_V_SEQ')
===========>     (SEVERE)   PostgreHelper.ExecuteReader: [18]42P01: relation "varpt_purchaseordertax_v_seq" does not exist

POSITION: 16 [Query DR] SELECT nextval('VARPT_PURCHASEORDERTAX_V_SEQ')
===========>     (SEVERE)   DB.GetSQLValue: [18]SELECT nextval('VARPT_PURCHASEORDERTAX_V_SEQ') => 42P01: relation "varpt_purchaseordertax_v_seq" does not exist

POSITION: 16
===========>     (SEVERE)   PostgreHelper.ExecuteReader: [18]42P01: relation "varpt_purchaseregister_v_seq" does not exist

POSITION: 16 [Query DR] SELECT nextval('VARPT_PURCHASEREGISTER_V_SEQ')
===========>     (SEVERE)   PostgreHelper.ExecuteReader: [18]42P01: relation "varpt_purchaseregister_v_seq" does not exist

POSITION: 16 [Query DR] SELECT nextval('VARPT_PURCHASEREGISTER_V_SEQ')
===========>     (SEVERE)   DB.GetSQLValue: [18]SELECT nextval('VARPT_PURCHASEREGISTER_V_SEQ') => 42P01: relation "varpt_purchaseregister_v_seq" does not exist

POSITION: 16
===========>     (SEVERE)   PostgreHelper.ExecuteReader: [18]42P01: relation "varpt_purchaseregisterreport_v_seq" does not exist

POSITION: 16 [Query DR] SELECT nextval('VARPT_PURCHASEREGISTERREPORT_V_SEQ')
===========>     (SEVERE)   PostgreHelper.ExecuteReader: [18]42P01: relation "varpt_purchaseregisterreport_v_seq" does not exist

POSITION: 16 [Query DR] SELECT nextval('VARPT_PURCHASEREGISTERREPORT_V_SEQ')
===========>     (SEVERE)   DB.GetSQLValue: [18]SELECT nextval('VARPT_PURCHASEREGISTERREPORT_V_SEQ') => 42P01: relation "varpt_purchaseregisterreport_v_seq" does not exist

POSITION: 16
===========>     (SEVERE)   PostgreHelper.ExecuteReader: [18]42P01: relation "varpt_purchaseregistersubrpt_v_seq" does not exist

POSITION: 16 [Query DR] SELECT nextval('VARPT_PURCHASEREGISTERSUBRPT_V_SEQ')
===========>     (SEVERE)   PostgreHelper.ExecuteReader: [18]42P01: relation "varpt_purchaseregistersubrpt_v_seq" does not exist

POSITION: 16 [Query DR] SELECT nextval('VARPT_PURCHASEREGISTERSUBRPT_V_SEQ')
===========>     (SEVERE)   DB.GetSQLValue: [18]SELECT nextval('VARPT_PURCHASEREGISTERSUBRPT_V_SEQ') => 42P01: relation "varpt_purchaseregistersubrpt_v_seq" does not exist

POSITION: 16
===========>     (SEVERE)   PostgreHelper.ExecuteReader: [18]42P01: relation "varpt_purchaseregsubbrrt_v_seq" does not exist

POSITION: 16 [Query DR] SELECT nextval('VARPT_PURCHASEREGSUBBRRT_V_SEQ')
===========>     (SEVERE)   PostgreHelper.ExecuteReader: [18]42P01: relation "varpt_purchaseregsubbrrt_v_seq" does not exist

POSITION: 16 [Query DR] SELECT nextval('VARPT_PURCHASEREGSUBBRRT_V_SEQ')
===========>     (SEVERE)   DB.GetSQLValue: [18]SELECT nextval('VARPT_PURCHASEREGSUBBRRT_V_SEQ') => 42P01: relation "varpt_purchaseregsubbrrt_v_seq" does not exist

POSITION: 16
===========>     (SEVERE)   PostgreHelper.ExecuteReader: [18]42P01: relation "varpt_quoteexpiration_v_seq" does not exist

POSITION: 16 [Query DR] SELECT nextval('VARPT_QUOTEEXPIRATION_V_SEQ')
===========>     (SEVERE)   PostgreHelper.ExecuteReader: [18]42P01: relation "varpt_quoteexpiration_v_seq" does not exist

POSITION: 16 [Query DR] SELECT nextval('VARPT_QUOTEEXPIRATION_V_SEQ')
===========>     (SEVERE)   DB.GetSQLValue: [18]SELECT nextval('VARPT_QUOTEEXPIRATION_V_SEQ') => 42P01: relation "varpt_quoteexpiration_v_seq" does not exist

POSITION: 16
===========>     (SEVERE)   PostgreHelper.ExecuteReader: [18]42P01: relation "varpt_receiptforecast_v_seq" does not exist

POSITION: 16 [Query DR] SELECT nextval('VARPT_RECEIPTFORECAST_V_SEQ')
===========>     (SEVERE)   PostgreHelper.ExecuteReader: [18]42P01: relation "varpt_receiptforecast_v_seq" does not exist

POSITION: 16 [Query DR] SELECT nextval('VARPT_RECEIPTFORECAST_V_SEQ')
===========>     (SEVERE)   DB.GetSQLValue: [18]SELECT nextval('VARPT_RECEIPTFORECAST_V_SEQ') => 42P01: relation "varpt_receiptforecast_v_seq" does not exist

POSITION: 16
===========>     (SEVERE)   PostgreHelper.ExecuteReader: [18]42P01: relation "varpt_receiptnotmatched_v_seq" does not exist

POSITION: 16 [Query DR] SELECT nextval('VARPT_RECEIPTNOTMATCHED_V_SEQ')
===========>     (SEVERE)   PostgreHelper.ExecuteReader: [18]42P01: relation "varpt_receiptnotmatched_v_seq" does not exist

POSITION: 16 [Query DR] SELECT nextval('VARPT_RECEIPTNOTMATCHED_V_SEQ')
===========>     (SEVERE)   DB.GetSQLValue: [18]SELECT nextval('VARPT_RECEIPTNOTMATCHED_V_SEQ') => 42P01: relation "varpt_receiptnotmatched_v_seq" does not exist

POSITION: 16
===========>     (SEVERE)   PostgreHelper.ExecuteReader: [18]42P01: relation "varpt_reconappaysub_v_seq" does not exist

POSITION: 16 [Query DR] SELECT nextval('VARPT_RECONAPPAYSUB_V_SEQ')
===========>     (SEVERE)   PostgreHelper.ExecuteReader: [18]42P01: relation "varpt_reconappaysub_v_seq" does not exist

POSITION: 16 [Query DR] SELECT nextval('VARPT_RECONAPPAYSUB_V_SEQ')
===========>     (SEVERE)   DB.GetSQLValue: [18]SELECT nextval('VARPT_RECONAPPAYSUB_V_SEQ') => 42P01: relation "varpt_reconappaysub_v_seq" does not exist

POSITION: 16
===========>     (SEVERE)   PostgreHelper.ExecuteReader: [18]42P01: relation "varpt_reconarpaysub_v_seq" does not exist

POSITION: 16 [Query DR] SELECT nextval('VARPT_RECONARPAYSUB_V_SEQ')
===========>     (SEVERE)   PostgreHelper.ExecuteReader: [18]42P01: relation "varpt_reconarpaysub_v_seq" does not exist

POSITION: 16 [Query DR] SELECT nextval('VARPT_RECONARPAYSUB_V_SEQ')
===========>     (SEVERE)   DB.GetSQLValue: [18]SELECT nextval('VARPT_RECONARPAYSUB_V_SEQ') => 42P01: relation "varpt_reconarpaysub_v_seq" does not exist

POSITION: 16
===========>     (SEVERE)   PostgreHelper.ExecuteReader: [18]42P01: relation "varpt_reconciledappayment_seq" does not exist

POSITION: 16 [Query DR] SELECT nextval('VARPT_RECONCILEDAPPAYMENT_SEQ')
===========>     (SEVERE)   PostgreHelper.ExecuteReader: [18]42P01: relation "varpt_reconciledappayment_seq" does not exist

POSITION: 16 [Query DR] SELECT nextval('VARPT_RECONCILEDAPPAYMENT_SEQ')
===========>     (SEVERE)   DB.GetSQLValue: [18]SELECT nextval('VARPT_RECONCILEDAPPAYMENT_SEQ') => 42P01: relation "varpt_reconciledappayment_seq" does not exist

POSITION: 16
===========>     (SEVERE)   PostgreHelper.ExecuteReader: [18]42P01: relation "varpt_reconciledarpayment_seq" does not exist

POSITION: 16 [Query DR] SELECT nextval('VARPT_RECONCILEDARPAYMENT_SEQ')
===========>     (SEVERE)   PostgreHelper.ExecuteReader: [18]42P01: relation "varpt_reconciledarpayment_seq" does not exist

POSITION: 16 [Query DR] SELECT nextval('VARPT_RECONCILEDARPAYMENT_SEQ')
===========>     (SEVERE)   DB.GetSQLValue: [18]SELECT nextval('VARPT_RECONCILEDARPAYMENT_SEQ') => 42P01: relation "varpt_reconciledarpayment_seq" does not exist

POSITION: 16
===========>     (SEVERE)   PostgreHelper.ExecuteReader: [18]42P01: relation "varpt_requisition_v_seq" does not exist

POSITION: 16 [Query DR] SELECT nextval('VARPT_REQUISITION_V_SEQ')
===========>     (SEVERE)   PostgreHelper.ExecuteReader: [18]42P01: relation "varpt_requisition_v_seq" does not exist

POSITION: 16 [Query DR] SELECT nextval('VARPT_REQUISITION_V_SEQ')
===========>     (SEVERE)   DB.GetSQLValue: [18]SELECT nextval('VARPT_REQUISITION_V_SEQ') => 42P01: relation "varpt_requisition_v_seq" does not exist

POSITION: 16
===========>     (SEVERE)   PostgreHelper.ExecuteReader: [18]42P01: relation "varpt_requisitionline_v_seq" does not exist

POSITION: 16 [Query DR] SELECT nextval('VARPT_REQUISITIONLINE_V_SEQ')
===========>     (SEVERE)   PostgreHelper.ExecuteReader: [18]42P01: relation "varpt_requisitionline_v_seq" does not exist

POSITION: 16 [Query DR] SELECT nextval('VARPT_REQUISITIONLINE_V_SEQ')
===========>     (SEVERE)   DB.GetSQLValue: [18]SELECT nextval('VARPT_REQUISITIONLINE_V_SEQ') => 42P01: relation "varpt_requisitionline_v_seq" does not exist

POSITION: 16
===========>     (SEVERE)   PostgreHelper.ExecuteReader: [18]42P01: relation "varpt_returntovendor_v_seq" does not exist

POSITION: 16 [Query DR] SELECT nextval('VARPT_RETURNTOVENDOR_V_SEQ')
===========>     (SEVERE)   PostgreHelper.ExecuteReader: [18]42P01: relation "varpt_returntovendor_v_seq" does not exist

POSITION: 16 [Query DR] SELECT nextval('VARPT_RETURNTOVENDOR_V_SEQ')
===========>     (SEVERE)   DB.GetSQLValue: [18]SELECT nextval('VARPT_RETURNTOVENDOR_V_SEQ') => 42P01: relation "varpt_returntovendor_v_seq" does not exist

POSITION: 16
===========>     (SEVERE)   PostgreHelper.ExecuteReader: [18]42P01: relation "varpt_returntovendorline_v_seq" does not exist

POSITION: 16 [Query DR] SELECT nextval('VARPT_RETURNTOVENDORLINE_V_SEQ')
===========>     (SEVERE)   PostgreHelper.ExecuteReader: [18]42P01: relation "varpt_returntovendorline_v_seq" does not exist

POSITION: 16 [Query DR] SELECT nextval('VARPT_RETURNTOVENDORLINE_V_SEQ')
===========>     (SEVERE)   DB.GetSQLValue: [18]SELECT nextval('VARPT_RETURNTOVENDORLINE_V_SEQ') => 42P01: relation "varpt_returntovendorline_v_seq" does not exist

POSITION: 16
===========>     (SEVERE)   PostgreHelper.ExecuteReader: [18]42P01: relation "varpt_salequotationline_v_seq" does not exist

POSITION: 16 [Query DR] SELECT nextval('VARPT_SALEQUOTATIONLINE_V_SEQ')
===========>     (SEVERE)   PostgreHelper.ExecuteReader: [18]42P01: relation "varpt_salequotationline_v_seq" does not exist

POSITION: 16 [Query DR] SELECT nextval('VARPT_SALEQUOTATIONLINE_V_SEQ')
===========>     (SEVERE)   DB.GetSQLValue: [18]SELECT nextval('VARPT_SALEQUOTATIONLINE_V_SEQ') => 42P01: relation "varpt_salequotationline_v_seq" does not exist

POSITION: 16
===========>     (SEVERE)   PostgreHelper.ExecuteReader: [18]42P01: relation "varpt_salesbyprod_v_seq" does not exist

POSITION: 16 [Query DR] SELECT nextval('VARPT_SALESBYPROD_V_SEQ')
===========>     (SEVERE)   PostgreHelper.ExecuteReader: [18]42P01: relation "varpt_salesbyprod_v_seq" does not exist

POSITION: 16 [Query DR] SELECT nextval('VARPT_SALESBYPROD_V_SEQ')
===========>     (SEVERE)   DB.GetSQLValue: [18]SELECT nextval('VARPT_SALESBYPROD_V_SEQ') => 42P01: relation "varpt_salesbyprod_v_seq" does not exist

POSITION: 16
===========>     (SEVERE)   PostgreHelper.ExecuteReader: [18]42P01: relation "varpt_salesbyprodorg_v_seq" does not exist

POSITION: 16 [Query DR] SELECT nextval('VARPT_SALESBYPRODORG_V_SEQ')
===========>     (SEVERE)   PostgreHelper.ExecuteReader: [18]42P01: relation "varpt_salesbyprodorg_v_seq" does not exist

POSITION: 16 [Query DR] SELECT nextval('VARPT_SALESBYPRODORG_V_SEQ')
===========>     (SEVERE)   DB.GetSQLValue: [18]SELECT nextval('VARPT_SALESBYPRODORG_V_SEQ') => 42P01: relation "varpt_salesbyprodorg_v_seq" does not exist

POSITION: 16
===========>     (SEVERE)   PostgreHelper.ExecuteReader: [18]42P01: relation "varpt_salesdetailregister_v_seq" does not exist

POSITION: 16 [Query DR] SELECT nextval('VARPT_SALESDETAILREGISTER_V_SEQ')
===========>     (SEVERE)   PostgreHelper.ExecuteReader: [18]42P01: relation "varpt_salesdetailregister_v_seq" does not exist

POSITION: 16 [Query DR] SELECT nextval('VARPT_SALESDETAILREGISTER_V_SEQ')
===========>     (SEVERE)   DB.GetSQLValue: [18]SELECT nextval('VARPT_SALESDETAILREGISTER_V_SEQ') => 42P01: relation "varpt_salesdetailregister_v_seq" does not exist

POSITION: 16
===========>     (SEVERE)   PostgreHelper.ExecuteReader: [18]42P01: relation "varpt_salesjrnldetails_v_seq" does not exist

POSITION: 16 [Query DR] SELECT nextval('VARPT_SALESJRNLDETAILS_V_SEQ')
===========>     (SEVERE)   PostgreHelper.ExecuteReader: [18]42P01: relation "varpt_salesjrnldetails_v_seq" does not exist

POSITION: 16 [Query DR] SELECT nextval('VARPT_SALESJRNLDETAILS_V_SEQ')
===========>     (SEVERE)   DB.GetSQLValue: [18]SELECT nextval('VARPT_SALESJRNLDETAILS_V_SEQ') => 42P01: relation "varpt_salesjrnldetails_v_seq" does not exist

POSITION: 16
===========>     (SEVERE)   PostgreHelper.ExecuteReader: [18]42P01: relation "varpt_salesmargin_v_seq" does not exist

POSITION: 16 [Query DR] SELECT nextval('VARPT_SALESMARGIN_V_SEQ')
===========>     (SEVERE)   PostgreHelper.ExecuteReader: [18]42P01: relation "varpt_salesmargin_v_seq" does not exist

POSITION: 16 [Query DR] SELECT nextval('VARPT_SALESMARGIN_V_SEQ')
===========>     (SEVERE)   DB.GetSQLValue: [18]SELECT nextval('VARPT_SALESMARGIN_V_SEQ') => 42P01: relation "varpt_salesmargin_v_seq" does not exist

POSITION: 16
===========>     (SEVERE)   PostgreHelper.ExecuteReader: [18]42P01: relation "varpt_salesorder_v_seq" does not exist

POSITION: 16 [Query DR] SELECT nextval('VARPT_SALESORDER_V_SEQ')
===========>     (SEVERE)   PostgreHelper.ExecuteReader: [18]42P01: relation "varpt_salesorder_v_seq" does not exist

POSITION: 16 [Query DR] SELECT nextval('VARPT_SALESORDER_V_SEQ')
===========>     (SEVERE)   DB.GetSQLValue: [18]SELECT nextval('VARPT_SALESORDER_V_SEQ') => 42P01: relation "varpt_salesorder_v_seq" does not exist

POSITION: 16
===========>     (SEVERE)   PostgreHelper.ExecuteReader: [18]42P01: relation "varpt_salesorderline_v_seq" does not exist

POSITION: 16 [Query DR] SELECT nextval('VARPT_SALESORDERLINE_V_SEQ')
===========>     (SEVERE)   PostgreHelper.ExecuteReader: [18]42P01: relation "varpt_salesorderline_v_seq" does not exist

POSITION: 16 [Query DR] SELECT nextval('VARPT_SALESORDERLINE_V_SEQ')
===========>     (SEVERE)   DB.GetSQLValue: [18]SELECT nextval('VARPT_SALESORDERLINE_V_SEQ') => 42P01: relation "varpt_salesorderline_v_seq" does not exist

POSITION: 16
===========>     (SEVERE)   PostgreHelper.ExecuteReader: [18]42P01: relation "varpt_salesorderstatus_v_seq" does not exist

POSITION: 16 [Query DR] SELECT nextval('VARPT_SALESORDERSTATUS_V_SEQ')
===========>     (SEVERE)   PostgreHelper.ExecuteReader: [18]42P01: relation "varpt_salesorderstatus_v_seq" does not exist

POSITION: 16 [Query DR] SELECT nextval('VARPT_SALESORDERSTATUS_V_SEQ')
===========>     (SEVERE)   DB.GetSQLValue: [18]SELECT nextval('VARPT_SALESORDERSTATUS_V_SEQ') => 42P01: relation "varpt_salesorderstatus_v_seq" does not exist

POSITION: 16
===========>     (SEVERE)   PostgreHelper.ExecuteReader: [18]42P01: relation "varpt_salesordertax_v_seq" does not exist

POSITION: 16 [Query DR] SELECT nextval('VARPT_SALESORDERTAX_V_SEQ')
===========>     (SEVERE)   PostgreHelper.ExecuteReader: [18]42P01: relation "varpt_salesordertax_v_seq" does not exist

POSITION: 16 [Query DR] SELECT nextval('VARPT_SALESORDERTAX_V_SEQ')
===========>     (SEVERE)   DB.GetSQLValue: [18]SELECT nextval('VARPT_SALESORDERTAX_V_SEQ') => 42P01: relation "varpt_salesordertax_v_seq" does not exist

POSITION: 16
===========>     (SEVERE)   PostgreHelper.ExecuteReader: [18]42P01: relation "varpt_salesquotation_v_seq" does not exist

POSITION: 16 [Query DR] SELECT nextval('VARPT_SALESQUOTATION_V_SEQ')
===========>     (SEVERE)   PostgreHelper.ExecuteReader: [18]42P01: relation "varpt_salesquotation_v_seq" does not exist

POSITION: 16 [Query DR] SELECT nextval('VARPT_SALESQUOTATION_V_SEQ')
===========>     (SEVERE)   DB.GetSQLValue: [18]SELECT nextval('VARPT_SALESQUOTATION_V_SEQ') => 42P01: relation "varpt_salesquotation_v_seq" does not exist

POSITION: 16
===========>     (SEVERE)   PostgreHelper.ExecuteReader: [18]42P01: relation "varpt_salesquotationtax_v_seq" does not exist

POSITION: 16 [Query DR] SELECT nextval('VARPT_SALESQUOTATIONTAX_V_SEQ')
===========>     (SEVERE)   PostgreHelper.ExecuteReader: [18]42P01: relation "varpt_salesquotationtax_v_seq" does not exist

POSITION: 16 [Query DR] SELECT nextval('VARPT_SALESQUOTATIONTAX_V_SEQ')
===========>     (SEVERE)   DB.GetSQLValue: [18]SELECT nextval('VARPT_SALESQUOTATIONTAX_V_SEQ') => 42P01: relation "varpt_salesquotationtax_v_seq" does not exist

POSITION: 16
===========>     (SEVERE)   PostgreHelper.ExecuteReader: [18]42P01: relation "varpt_salesregister_v_seq" does not exist

POSITION: 16 [Query DR] SELECT nextval('VARPT_SALESREGISTER_V_SEQ')
===========>     (SEVERE)   PostgreHelper.ExecuteReader: [18]42P01: relation "varpt_salesregister_v_seq" does not exist

POSITION: 16 [Query DR] SELECT nextval('VARPT_SALESREGISTER_V_SEQ')
===========>     (SEVERE)   DB.GetSQLValue: [18]SELECT nextval('VARPT_SALESREGISTER_V_SEQ') => 42P01: relation "varpt_salesregister_v_seq" does not exist

POSITION: 16
===========>     (SEVERE)   PostgreHelper.ExecuteReader: [18]42P01: relation "varpt_salesregistertot_v_seq" does not exist

POSITION: 16 [Query DR] SELECT nextval('VARPT_SALESREGISTERTOT_V_SEQ')
===========>     (SEVERE)   PostgreHelper.ExecuteReader: [18]42P01: relation "varpt_salesregistertot_v_seq" does not exist

POSITION: 16 [Query DR] SELECT nextval('VARPT_SALESREGISTERTOT_V_SEQ')
===========>     (SEVERE)   DB.GetSQLValue: [18]SELECT nextval('VARPT_SALESREGISTERTOT_V_SEQ') => 42P01: relation "varpt_salesregistertot_v_seq" does not exist

POSITION: 16
===========>     (SEVERE)   PostgreHelper.ExecuteReader: [18]42P01: relation "varpt_salessummary_v_seq" does not exist

POSITION: 16 [Query DR] SELECT nextval('VARPT_SALESSUMMARY_V_SEQ')
===========>     (SEVERE)   PostgreHelper.ExecuteReader: [18]42P01: relation "varpt_salessummary_v_seq" does not exist

POSITION: 16 [Query DR] SELECT nextval('VARPT_SALESSUMMARY_V_SEQ')
===========>     (SEVERE)   DB.GetSQLValue: [18]SELECT nextval('VARPT_SALESSUMMARY_V_SEQ') => 42P01: relation "varpt_salessummary_v_seq" does not exist

POSITION: 16
===========>     (SEVERE)   DB.ExecuteQuery: [18] => 22003: setval: value 999999 is out of bounds for sequence "varpt_salesummary_seq" (1000000..2147483647)
----------->     (WARNING)  DB.ExecuteQuery: [18]DBExecuteError - 22003: setval: value 999999 is out of bounds for sequence "varpt_salesummary_seq" (1000000..2147483647)
05:37:00.370    (INFO)     NativeSequence.AddLog: [18]0 -  -  - Sequence not Updated For :VARPT_SaleSummary_SEQ
===========>     (SEVERE)   PostgreHelper.ExecuteReader: [18]42P01: relation "varpt_servicecontract_v_seq" does not exist

POSITION: 16 [Query DR] SELECT nextval('VARPT_SERVICECONTRACT_V_SEQ')
===========>     (SEVERE)   PostgreHelper.ExecuteReader: [18]42P01: relation "varpt_servicecontract_v_seq" does not exist

POSITION: 16 [Query DR] SELECT nextval('VARPT_SERVICECONTRACT_V_SEQ')
===========>     (SEVERE)   DB.GetSQLValue: [18]SELECT nextval('VARPT_SERVICECONTRACT_V_SEQ') => 42P01: relation "varpt_servicecontract_v_seq" does not exist

POSITION: 16
===========>     (SEVERE)   PostgreHelper.ExecuteReader: [18]42P01: relation "varpt_servicecontractline_v_seq" does not exist

POSITION: 16 [Query DR] SELECT nextval('VARPT_SERVICECONTRACTLINE_V_SEQ')
===========>     (SEVERE)   PostgreHelper.ExecuteReader: [18]42P01: relation "varpt_servicecontractline_v_seq" does not exist

POSITION: 16 [Query DR] SELECT nextval('VARPT_SERVICECONTRACTLINE_V_SEQ')
===========>     (SEVERE)   DB.GetSQLValue: [18]SELECT nextval('VARPT_SERVICECONTRACTLINE_V_SEQ') => 42P01: relation "varpt_servicecontractline_v_seq" does not exist

POSITION: 16
===========>     (SEVERE)   PostgreHelper.ExecuteReader: [18]42P01: relation "varpt_servicecontracttax_v_seq" does not exist

POSITION: 16 [Query DR] SELECT nextval('VARPT_SERVICECONTRACTTAX_V_SEQ')
===========>     (SEVERE)   PostgreHelper.ExecuteReader: [18]42P01: relation "varpt_servicecontracttax_v_seq" does not exist

POSITION: 16 [Query DR] SELECT nextval('VARPT_SERVICECONTRACTTAX_V_SEQ')
===========>     (SEVERE)   DB.GetSQLValue: [18]SELECT nextval('VARPT_SERVICECONTRACTTAX_V_SEQ') => 42P01: relation "varpt_servicecontracttax_v_seq" does not exist

POSITION: 16
===========>     (SEVERE)   PostgreHelper.ExecuteReader: [18]42P01: relation "varpt_shipment_v_seq" does not exist

POSITION: 16 [Query DR] SELECT nextval('VARPT_SHIPMENT_V_SEQ')
===========>     (SEVERE)   PostgreHelper.ExecuteReader: [18]42P01: relation "varpt_shipment_v_seq" does not exist

POSITION: 16 [Query DR] SELECT nextval('VARPT_SHIPMENT_V_SEQ')
===========>     (SEVERE)   DB.GetSQLValue: [18]SELECT nextval('VARPT_SHIPMENT_V_SEQ') => 42P01: relation "varpt_shipment_v_seq" does not exist

POSITION: 16
===========>     (SEVERE)   PostgreHelper.ExecuteReader: [18]42P01: relation "varpt_shipmentdetail_v_seq" does not exist

POSITION: 16 [Query DR] SELECT nextval('VARPT_SHIPMENTDETAIL_V_SEQ')
===========>     (SEVERE)   PostgreHelper.ExecuteReader: [18]42P01: relation "varpt_shipmentdetail_v_seq" does not exist

POSITION: 16 [Query DR] SELECT nextval('VARPT_SHIPMENTDETAIL_V_SEQ')
===========>     (SEVERE)   DB.GetSQLValue: [18]SELECT nextval('VARPT_SHIPMENTDETAIL_V_SEQ') => 42P01: relation "varpt_shipmentdetail_v_seq" does not exist

POSITION: 16
===========>     (SEVERE)   PostgreHelper.ExecuteReader: [18]42P01: relation "varpt_shipmentline_v_seq" does not exist

POSITION: 16 [Query DR] SELECT nextval('VARPT_SHIPMENTLINE_V_SEQ')
===========>     (SEVERE)   PostgreHelper.ExecuteReader: [18]42P01: relation "varpt_shipmentline_v_seq" does not exist

POSITION: 16 [Query DR] SELECT nextval('VARPT_SHIPMENTLINE_V_SEQ')
===========>     (SEVERE)   DB.GetSQLValue: [18]SELECT nextval('VARPT_SHIPMENTLINE_V_SEQ') => 42P01: relation "varpt_shipmentline_v_seq" does not exist

POSITION: 16
===========>     (SEVERE)   DB.ExecuteQuery: [18] => 22003: setval: value 999999 is out of bounds for sequence "varpt_soprofitability_seq" (1000000..2147483647)
----------->     (WARNING)  DB.ExecuteQuery: [18]DBExecuteError - 22003: setval: value 999999 is out of bounds for sequence "varpt_soprofitability_seq" (1000000..2147483647)
05:37:00.370    (INFO)     NativeSequence.AddLog: [18]0 -  -  - Sequence not Updated For :VARPT_SOPROFITABILITY_SEQ
===========>     (SEVERE)   PostgreHelper.ExecuteReader: [18]42P01: relation "varpt_sostatussub_v_seq" does not exist

POSITION: 16 [Query DR] SELECT nextval('VARPT_SOSTATUSSUB_V_SEQ')
===========>     (SEVERE)   PostgreHelper.ExecuteReader: [18]42P01: relation "varpt_sostatussub_v_seq" does not exist

POSITION: 16 [Query DR] SELECT nextval('VARPT_SOSTATUSSUB_V_SEQ')
===========>     (SEVERE)   DB.GetSQLValue: [18]SELECT nextval('VARPT_SOSTATUSSUB_V_SEQ') => 42P01: relation "varpt_sostatussub_v_seq" does not exist

POSITION: 16
===========>     (SEVERE)   PostgreHelper.ExecuteReader: [18]42P01: relation "varpt_stockdet_v_seq" does not exist

POSITION: 16 [Query DR] SELECT nextval('VARPT_STOCKDET_V_SEQ')
===========>     (SEVERE)   PostgreHelper.ExecuteReader: [18]42P01: relation "varpt_stockdet_v_seq" does not exist

POSITION: 16 [Query DR] SELECT nextval('VARPT_STOCKDET_V_SEQ')
===========>     (SEVERE)   DB.GetSQLValue: [18]SELECT nextval('VARPT_STOCKDET_V_SEQ') => 42P01: relation "varpt_stockdet_v_seq" does not exist

POSITION: 16
===========>     (SEVERE)   PostgreHelper.ExecuteReader: [18]42P01: relation "varpt_stockdetrpt_v_seq" does not exist

POSITION: 16 [Query DR] SELECT nextval('VARPT_STOCKDETRPT_V_SEQ')
===========>     (SEVERE)   PostgreHelper.ExecuteReader: [18]42P01: relation "varpt_stockdetrpt_v_seq" does not exist

POSITION: 16 [Query DR] SELECT nextval('VARPT_STOCKDETRPT_V_SEQ')
===========>     (SEVERE)   DB.GetSQLValue: [18]SELECT nextval('VARPT_STOCKDETRPT_V_SEQ') => 42P01: relation "varpt_stockdetrpt_v_seq" does not exist

POSITION: 16
===========>     (SEVERE)   PostgreHelper.ExecuteReader: [18]42P01: relation "varpt_stockdetww_v_seq" does not exist

POSITION: 16 [Query DR] SELECT nextval('VARPT_STOCKDETWW_V_SEQ')
===========>     (SEVERE)   PostgreHelper.ExecuteReader: [18]42P01: relation "varpt_stockdetww_v_seq" does not exist

POSITION: 16 [Query DR] SELECT nextval('VARPT_STOCKDETWW_V_SEQ')
===========>     (SEVERE)   DB.GetSQLValue: [18]SELECT nextval('VARPT_STOCKDETWW_V_SEQ') => 42P01: relation "varpt_stockdetww_v_seq" does not exist

POSITION: 16
===========>     (SEVERE)   PostgreHelper.ExecuteReader: [18]42P01: relation "varpt_storagedetail_v_seq" does not exist

POSITION: 16 [Query DR] SELECT nextval('VARPT_STORAGEDETAIL_V_SEQ')
===========>     (SEVERE)   PostgreHelper.ExecuteReader: [18]42P01: relation "varpt_storagedetail_v_seq" does not exist

POSITION: 16 [Query DR] SELECT nextval('VARPT_STORAGEDETAIL_V_SEQ')
===========>     (SEVERE)   DB.GetSQLValue: [18]SELECT nextval('VARPT_STORAGEDETAIL_V_SEQ') => 42P01: relation "varpt_storagedetail_v_seq" does not exist

POSITION: 16
===========>     (SEVERE)   PostgreHelper.ExecuteReader: [18]42P01: relation "varpt_supplierpl_v_seq" does not exist

POSITION: 16 [Query DR] SELECT nextval('VARPT_SUPPLIERPL_V_SEQ')
===========>     (SEVERE)   PostgreHelper.ExecuteReader: [18]42P01: relation "varpt_supplierpl_v_seq" does not exist

POSITION: 16 [Query DR] SELECT nextval('VARPT_SUPPLIERPL_V_SEQ')
===========>     (SEVERE)   DB.GetSQLValue: [18]SELECT nextval('VARPT_SUPPLIERPL_V_SEQ') => 42P01: relation "varpt_supplierpl_v_seq" does not exist

POSITION: 16
===========>     (SEVERE)   DB.ExecuteQuery: [18] => 22003: setval: value 999999 is out of bounds for sequence "varpt_temp_stock_seq" (1000000..2147483647)
----------->     (WARNING)  DB.ExecuteQuery: [18]DBExecuteError - 22003: setval: value 999999 is out of bounds for sequence "varpt_temp_stock_seq" (1000000..2147483647)
05:37:00.370    (INFO)     NativeSequence.AddLog: [18]0 -  -  - Sequence not Updated For :VARPT_Temp_Stock_SEQ
===========>     (SEVERE)   DB.ExecuteQuery: [18] => 22003: setval: value 999999 is out of bounds for sequence "varpt_tempcash_seq" (1000000..2147483647)
----------->     (WARNING)  DB.ExecuteQuery: [18]DBExecuteError - 22003: setval: value 999999 is out of bounds for sequence "varpt_tempcash_seq" (1000000..2147483647)
05:37:00.370    (INFO)     NativeSequence.AddLog: [18]0 -  -  - Sequence not Updated For :VARPT_TempCash_SEQ
===========>     (SEVERE)   DB.ExecuteQuery: [18] => 22003: setval: value 999999 is out of bounds for sequence "varpt_tempmargin_seq" (1000000..2147483647)
----------->     (WARNING)  DB.ExecuteQuery: [18]DBExecuteError - 22003: setval: value 999999 is out of bounds for sequence "varpt_tempmargin_seq" (1000000..2147483647)
05:37:00.370    (INFO)     NativeSequence.AddLog: [18]0 -  -  - Sequence not Updated For :VARPT_TempMargin_SEQ
===========>     (SEVERE)   DB.ExecuteQuery: [18] => 22003: setval: value 999999 is out of bounds for sequence "varpt_tempstoragestckvendr_seq" (1000000..2147483647)
----------->     (WARNING)  DB.ExecuteQuery: [18]DBExecuteError - 22003: setval: value 999999 is out of bounds for sequence "varpt_tempstoragestckvendr_seq" (1000000..2147483647)
05:37:00.370    (INFO)     NativeSequence.AddLog: [18]0 -  -  - Sequence not Updated For :VARPT_TempStorageStckVendr_SEQ
===========>     (SEVERE)   PostgreHelper.ExecuteReader: [18]42P01: relation "varpt_transferstatus_v_seq" does not exist

POSITION: 16 [Query DR] SELECT nextval('VARPT_TRANSFERSTATUS_V_SEQ')
===========>     (SEVERE)   PostgreHelper.ExecuteReader: [18]42P01: relation "varpt_transferstatus_v_seq" does not exist

POSITION: 16 [Query DR] SELECT nextval('VARPT_TRANSFERSTATUS_V_SEQ')
===========>     (SEVERE)   DB.GetSQLValue: [18]SELECT nextval('VARPT_TRANSFERSTATUS_V_SEQ') => 42P01: relation "varpt_transferstatus_v_seq" does not exist

POSITION: 16
===========>     (SEVERE)   PostgreHelper.ExecuteReader: [18]42P01: relation "varpt_trialbalance_v_seq" does not exist

POSITION: 16 [Query DR] SELECT nextval('VARPT_TRIALBALANCE_V_SEQ')
===========>     (SEVERE)   PostgreHelper.ExecuteReader: [18]42P01: relation "varpt_trialbalance_v_seq" does not exist

POSITION: 16 [Query DR] SELECT nextval('VARPT_TRIALBALANCE_V_SEQ')
===========>     (SEVERE)   DB.GetSQLValue: [18]SELECT nextval('VARPT_TRIALBALANCE_V_SEQ') => 42P01: relation "varpt_trialbalance_v_seq" does not exist

POSITION: 16
===========>     (SEVERE)   PostgreHelper.ExecuteReader: [18]42P01: relation "varpt_unllocatedapinvoices_seq" does not exist

POSITION: 16 [Query DR] SELECT nextval('VARPT_UNLLOCATEDAPINVOICES_SEQ')
===========>     (SEVERE)   PostgreHelper.ExecuteReader: [18]42P01: relation "varpt_unllocatedapinvoices_seq" does not exist

POSITION: 16 [Query DR] SELECT nextval('VARPT_UNLLOCATEDAPINVOICES_SEQ')
===========>     (SEVERE)   DB.GetSQLValue: [18]SELECT nextval('VARPT_UNLLOCATEDAPINVOICES_SEQ') => 42P01: relation "varpt_unllocatedapinvoices_seq" does not exist

POSITION: 16
===========>     (SEVERE)   PostgreHelper.ExecuteReader: [18]42P01: relation "varpt_unllocatedarinvoices_seq" does not exist

POSITION: 16 [Query DR] SELECT nextval('VARPT_UNLLOCATEDARINVOICES_SEQ')
===========>     (SEVERE)   PostgreHelper.ExecuteReader: [18]42P01: relation "varpt_unllocatedarinvoices_seq" does not exist

POSITION: 16 [Query DR] SELECT nextval('VARPT_UNLLOCATEDARINVOICES_SEQ')
===========>     (SEVERE)   DB.GetSQLValue: [18]SELECT nextval('VARPT_UNLLOCATEDARINVOICES_SEQ') => 42P01: relation "varpt_unllocatedarinvoices_seq" does not exist

POSITION: 16
===========>     (SEVERE)   PostgreHelper.ExecuteReader: [18]42P01: relation "varpt_unreconciledappayment_seq" does not exist

POSITION: 16 [Query DR] SELECT nextval('VARPT_UNRECONCILEDAPPAYMENT_SEQ')
===========>     (SEVERE)   PostgreHelper.ExecuteReader: [18]42P01: relation "varpt_unreconciledappayment_seq" does not exist

POSITION: 16 [Query DR] SELECT nextval('VARPT_UNRECONCILEDAPPAYMENT_SEQ')
===========>     (SEVERE)   DB.GetSQLValue: [18]SELECT nextval('VARPT_UNRECONCILEDAPPAYMENT_SEQ') => 42P01: relation "varpt_unreconciledappayment_seq" does not exist

POSITION: 16
===========>     (SEVERE)   PostgreHelper.ExecuteReader: [18]42P01: relation "varpt_unreconciledarpayment_seq" does not exist

POSITION: 16 [Query DR] SELECT nextval('VARPT_UNRECONCILEDARPAYMENT_SEQ')
===========>     (SEVERE)   PostgreHelper.ExecuteReader: [18]42P01: relation "varpt_unreconciledarpayment_seq" does not exist

POSITION: 16 [Query DR] SELECT nextval('VARPT_UNRECONCILEDARPAYMENT_SEQ')
===========>     (SEVERE)   DB.GetSQLValue: [18]SELECT nextval('VARPT_UNRECONCILEDARPAYMENT_SEQ') => 42P01: relation "varpt_unreconciledarpayment_seq" does not exist

POSITION: 16
===========>     (SEVERE)   PostgreHelper.ExecuteReader: [18]42P01: relation "varpt_venderrma_v_seq" does not exist

POSITION: 16 [Query DR] SELECT nextval('VARPT_VENDERRMA_V_SEQ')
===========>     (SEVERE)   PostgreHelper.ExecuteReader: [18]42P01: relation "varpt_venderrma_v_seq" does not exist

POSITION: 16 [Query DR] SELECT nextval('VARPT_VENDERRMA_V_SEQ')
===========>     (SEVERE)   DB.GetSQLValue: [18]SELECT nextval('VARPT_VENDERRMA_V_SEQ') => 42P01: relation "varpt_venderrma_v_seq" does not exist

POSITION: 16
===========>     (SEVERE)   PostgreHelper.ExecuteReader: [18]42P01: relation "varpt_venderrmaline_v_seq" does not exist

POSITION: 16 [Query DR] SELECT nextval('VARPT_VENDERRMALINE_V_SEQ')
===========>     (SEVERE)   PostgreHelper.ExecuteReader: [18]42P01: relation "varpt_venderrmaline_v_seq" does not exist

POSITION: 16 [Query DR] SELECT nextval('VARPT_VENDERRMALINE_V_SEQ')
===========>     (SEVERE)   DB.GetSQLValue: [18]SELECT nextval('VARPT_VENDERRMALINE_V_SEQ') => 42P01: relation "varpt_venderrmaline_v_seq" does not exist

POSITION: 16
===========>     (SEVERE)   PostgreHelper.ExecuteReader: [18]42P01: relation "varpt_venderrmatax_v_seq" does not exist

POSITION: 16 [Query DR] SELECT nextval('VARPT_VENDERRMATAX_V_SEQ')
===========>     (SEVERE)   PostgreHelper.ExecuteReader: [18]42P01: relation "varpt_venderrmatax_v_seq" does not exist

POSITION: 16 [Query DR] SELECT nextval('VARPT_VENDERRMATAX_V_SEQ')
===========>     (SEVERE)   DB.GetSQLValue: [18]SELECT nextval('VARPT_VENDERRMATAX_V_SEQ') => 42P01: relation "varpt_venderrmatax_v_seq" does not exist

POSITION: 16
===========>     (SEVERE)   PostgreHelper.ExecuteReader: [18]42P01: relation "varpt_vendorbaldet_v_seq" does not exist

POSITION: 16 [Query DR] SELECT nextval('VARPT_VENDORBALDET_V_SEQ')
===========>     (SEVERE)   PostgreHelper.ExecuteReader: [18]42P01: relation "varpt_vendorbaldet_v_seq" does not exist

POSITION: 16 [Query DR] SELECT nextval('VARPT_VENDORBALDET_V_SEQ')
===========>     (SEVERE)   DB.GetSQLValue: [18]SELECT nextval('VARPT_VENDORBALDET_V_SEQ') => 42P01: relation "varpt_vendorbaldet_v_seq" does not exist

POSITION: 16
===========>     (SEVERE)   PostgreHelper.ExecuteReader: [18]42P01: relation "varpt_vendorbalsum_v_seq" does not exist

POSITION: 16 [Query DR] SELECT nextval('VARPT_VENDORBALSUM_V_SEQ')
===========>     (SEVERE)   PostgreHelper.ExecuteReader: [18]42P01: relation "varpt_vendorbalsum_v_seq" does not exist

POSITION: 16 [Query DR] SELECT nextval('VARPT_VENDORBALSUM_V_SEQ')
===========>     (SEVERE)   DB.GetSQLValue: [18]SELECT nextval('VARPT_VENDORBALSUM_V_SEQ') => 42P01: relation "varpt_vendorbalsum_v_seq" does not exist

POSITION: 16
===========>     (SEVERE)   PostgreHelper.ExecuteReader: [18]42P01: relation "varpt_vendorreturn_v_seq" does not exist

POSITION: 16 [Query DR] SELECT nextval('VARPT_VENDORRETURN_V_SEQ')
===========>     (SEVERE)   PostgreHelper.ExecuteReader: [18]42P01: relation "varpt_vendorreturn_v_seq" does not exist

POSITION: 16 [Query DR] SELECT nextval('VARPT_VENDORRETURN_V_SEQ')
===========>     (SEVERE)   DB.GetSQLValue: [18]SELECT nextval('VARPT_VENDORRETURN_V_SEQ') => 42P01: relation "varpt_vendorreturn_v_seq" does not exist

POSITION: 16
===========>     (SEVERE)   PostgreHelper.ExecuteReader: [18]42P01: relation "varpt_vendorrma_v_seq" does not exist

POSITION: 16 [Query DR] SELECT nextval('VARPT_VENDORRMA_V_SEQ')
===========>     (SEVERE)   PostgreHelper.ExecuteReader: [18]42P01: relation "varpt_vendorrma_v_seq" does not exist

POSITION: 16 [Query DR] SELECT nextval('VARPT_VENDORRMA_V_SEQ')
===========>     (SEVERE)   DB.GetSQLValue: [18]SELECT nextval('VARPT_VENDORRMA_V_SEQ') => 42P01: relation "varpt_vendorrma_v_seq" does not exist

POSITION: 16
===========>     (SEVERE)   PostgreHelper.ExecuteReader: [18]42P01: relation "varpt_vendorstoragestock_v_seq" does not exist

POSITION: 16 [Query DR] SELECT nextval('VARPT_VENDORSTORAGESTOCK_V_SEQ')
===========>     (SEVERE)   PostgreHelper.ExecuteReader: [18]42P01: relation "varpt_vendorstoragestock_v_seq" does not exist

POSITION: 16 [Query DR] SELECT nextval('VARPT_VENDORSTORAGESTOCK_V_SEQ')
===========>     (SEVERE)   DB.GetSQLValue: [18]SELECT nextval('VARPT_VENDORSTORAGESTOCK_V_SEQ') => 42P01: relation "varpt_vendorstoragestock_v_seq" does not exist

POSITION: 16
===========>     (SEVERE)   DB.ExecuteQuery: [18] => 22003: setval: value 999999 is out of bounds for sequence "vas_contractcategory_seq" (1000000..2147483647)
----------->     (WARNING)  DB.ExecuteQuery: [18]DBExecuteError - 22003: setval: value 999999 is out of bounds for sequence "vas_contractcategory_seq" (1000000..2147483647)
05:37:00.370    (INFO)     NativeSequence.AddLog: [18]0 -  -  - Sequence not Updated For :VAS_ContractCategory_SEQ
===========>     (SEVERE)   DB.ExecuteQuery: [18] => 22003: setval: value 999999 is out of bounds for sequence "vas_contractline_seq" (1000000..2147483647)
----------->     (WARNING)  DB.ExecuteQuery: [18]DBExecuteError - 22003: setval: value 999999 is out of bounds for sequence "vas_contractline_seq" (1000000..2147483647)
05:37:00.370    (INFO)     NativeSequence.AddLog: [18]0 -  -  - Sequence not Updated For :VAS_ContractLine_SEQ
===========>     (SEVERE)   DB.ExecuteQuery: [18] => 22003: setval: value 999999 is out of bounds for sequence "vas_contractmaster_seq" (1000000..2147483647)
----------->     (WARNING)  DB.ExecuteQuery: [18]DBExecuteError - 22003: setval: value 999999 is out of bounds for sequence "vas_contractmaster_seq" (1000000..2147483647)
05:37:00.370    (INFO)     NativeSequence.AddLog: [18]0 -  -  - Sequence not Updated For :VAS_ContractMaster_SEQ
===========>     (SEVERE)   DB.ExecuteQuery: [18] => 22003: setval: value 999999 is out of bounds for sequence "vas_contractowner_seq" (1000000..2147483647)
----------->     (WARNING)  DB.ExecuteQuery: [18]DBExecuteError - 22003: setval: value 999999 is out of bounds for sequence "vas_contractowner_seq" (1000000..2147483647)
05:37:00.370    (INFO)     NativeSequence.AddLog: [18]0 -  -  - Sequence not Updated For :VAS_ContractOwner_SEQ
===========>     (SEVERE)   DB.ExecuteQuery: [18] => 22003: setval: value 999999 is out of bounds for sequence "vas_contractterms_seq" (1000000..2147483647)
----------->     (WARNING)  DB.ExecuteQuery: [18]DBExecuteError - 22003: setval: value 999999 is out of bounds for sequence "vas_contractterms_seq" (1000000..2147483647)
05:37:00.370    (INFO)     NativeSequence.AddLog: [18]0 -  -  - Sequence not Updated For :VAS_ContractTerms_SEQ
===========>     (SEVERE)   DB.ExecuteQuery: [18] => 22003: setval: value 999999 is out of bounds for sequence "vas_fleetdetail_seq" (1000000..2147483647)
----------->     (WARNING)  DB.ExecuteQuery: [18]DBExecuteError - 22003: setval: value 999999 is out of bounds for sequence "vas_fleetdetail_seq" (1000000..2147483647)
05:37:00.370    (INFO)     NativeSequence.AddLog: [18]0 -  -  - Sequence not Updated For :VAS_FleetDetail_SEQ
===========>     (SEVERE)   DB.ExecuteQuery: [18] => 22003: setval: value 999999 is out of bounds for sequence "vas_resourceproduct_seq" (1000000..2147483647)
----------->     (WARNING)  DB.ExecuteQuery: [18]DBExecuteError - 22003: setval: value 999999 is out of bounds for sequence "vas_resourceproduct_seq" (1000000..2147483647)
05:37:00.370    (INFO)     NativeSequence.AddLog: [18]0 -  -  - Sequence not Updated For :VAS_ResourceProduct_SEQ
===========>     (SEVERE)   DB.ExecuteQuery: [18] => 22003: setval: value 999999 is out of bounds for sequence "vas_response_seq" (1000000..2147483647)
----------->     (WARNING)  DB.ExecuteQuery: [18]DBExecuteError - 22003: setval: value 999999 is out of bounds for sequence "vas_response_seq" (1000000..2147483647)
05:37:00.370    (INFO)     NativeSequence.AddLog: [18]0 -  -  - Sequence not Updated For :VAS_Response_SEQ
===========>     (SEVERE)   DB.ExecuteQuery: [18] => 22003: setval: value 999999 is out of bounds for sequence "vas_thresholdrange_seq" (1000000..2147483647)
----------->     (WARNING)  DB.ExecuteQuery: [18]DBExecuteError - 22003: setval: value 999999 is out of bounds for sequence "vas_thresholdrange_seq" (1000000..2147483647)
05:37:00.370    (INFO)     NativeSequence.AddLog: [18]0 -  -  - Sequence not Updated For :VAS_ThresholdRange_SEQ
===========>     (SEVERE)   DB.ExecuteQuery: [18] => 22003: setval: value 999999 is out of bounds for sequence "vas_variationthreshold_seq" (1000000..2147483647)
----------->     (WARNING)  DB.ExecuteQuery: [18]DBExecuteError - 22003: setval: value 999999 is out of bounds for sequence "vas_variationthreshold_seq" (1000000..2147483647)
05:37:00.370    (INFO)     NativeSequence.AddLog: [18]0 -  -  - Sequence not Updated For :VAS_VariationThreshold_SEQ
===========>     (SEVERE)   DB.ExecuteQuery: [18] => 22003: setval: value 999999 is out of bounds for sequence "vatax_taxcatrate_seq" (1000000..2147483647)
----------->     (WARNING)  DB.ExecuteQuery: [18]DBExecuteError - 22003: setval: value 999999 is out of bounds for sequence "vatax_taxcatrate_seq" (1000000..2147483647)
05:37:00.370    (INFO)     NativeSequence.AddLog: [18]0 -  -  - Sequence not Updated For :VATAX_TaxCatRate_SEQ
===========>     (SEVERE)   DB.ExecuteQuery: [18] => 22003: setval: value 999999 is out of bounds for sequence "vatax_taxregion_seq" (1000000..2147483647)
----------->     (WARNING)  DB.ExecuteQuery: [18]DBExecuteError - 22003: setval: value 999999 is out of bounds for sequence "vatax_taxregion_seq" (1000000..2147483647)
05:37:00.370    (INFO)     NativeSequence.AddLog: [18]0 -  -  - Sequence not Updated For :VATAX_TaxRegion_SEQ
===========>     (SEVERE)   DB.ExecuteQuery: [18] => 22003: setval: value 999999 is out of bounds for sequence "vatax_taxregionline_seq" (1000000..2147483647)
----------->     (WARNING)  DB.ExecuteQuery: [18]DBExecuteError - 22003: setval: value 999999 is out of bounds for sequence "vatax_taxregionline_seq" (1000000..2147483647)
05:37:00.370    (INFO)     NativeSequence.AddLog: [18]0 -  -  - Sequence not Updated For :VATAX_TaxRegionLine_SEQ
===========>     (SEVERE)   DB.ExecuteQuery: [18] => 22003: setval: value 999999 is out of bounds for sequence "vatax_taxtype_seq" (1000000..2147483647)
----------->     (WARNING)  DB.ExecuteQuery: [18]DBExecuteError - 22003: setval: value 999999 is out of bounds for sequence "vatax_taxtype_seq" (1000000..2147483647)
05:37:00.370    (INFO)     NativeSequence.AddLog: [18]0 -  -  - Sequence not Updated For :VATAX_TaxType_SEQ
===========>     (SEVERE)   PostgreHelper.ExecuteReader: [18]42P01: relation "vss_banktransferheader_seq" does not exist

POSITION: 16 [Query DR] SELECT nextval('VSS_BANKTRANSFERHEADER_SEQ')
===========>     (SEVERE)   PostgreHelper.ExecuteReader: [18]42P01: relation "vss_banktransferheader_seq" does not exist

POSITION: 16 [Query DR] SELECT nextval('VSS_BANKTRANSFERHEADER_SEQ')
===========>     (SEVERE)   DB.GetSQLValue: [18]SELECT nextval('VSS_BANKTRANSFERHEADER_SEQ') => 42P01: relation "vss_banktransferheader_seq" does not exist

POSITION: 16
===========>     (SEVERE)   PostgreHelper.ExecuteReader: [18]42P01: relation "vss_emptraining_seq" does not exist

POSITION: 16 [Query DR] SELECT nextval('VSS_EMPTRAINING_SEQ')
===========>     (SEVERE)   PostgreHelper.ExecuteReader: [18]42P01: relation "vss_emptraining_seq" does not exist

POSITION: 16 [Query DR] SELECT nextval('VSS_EMPTRAINING_SEQ')
===========>     (SEVERE)   DB.GetSQLValue: [18]SELECT nextval('VSS_EMPTRAINING_SEQ') => 42P01: relation "vss_emptraining_seq" does not exist

POSITION: 16
===========>     (SEVERE)   PostgreHelper.ExecuteReader: [18]42P01: relation "vss_individualemployee_seq" does not exist

POSITION: 16 [Query DR] SELECT nextval('VSS_INDIVIDUALEMPLOYEE_SEQ')
===========>     (SEVERE)   PostgreHelper.ExecuteReader: [18]42P01: relation "vss_individualemployee_seq" does not exist

POSITION: 16 [Query DR] SELECT nextval('VSS_INDIVIDUALEMPLOYEE_SEQ')
===========>     (SEVERE)   DB.GetSQLValue: [18]SELECT nextval('VSS_INDIVIDUALEMPLOYEE_SEQ') => 42P01: relation "vss_individualemployee_seq" does not exist

POSITION: 16
===========>     (SEVERE)   PostgreHelper.ExecuteReader: [18]42P01: relation "vss_lead_seq" does not exist

POSITION: 16 [Query DR] SELECT nextval('VSS_LEAD_SEQ')
===========>     (SEVERE)   PostgreHelper.ExecuteReader: [18]42P01: relation "vss_lead_seq" does not exist

POSITION: 16 [Query DR] SELECT nextval('VSS_LEAD_SEQ')
===========>     (SEVERE)   DB.GetSQLValue: [18]SELECT nextval('VSS_LEAD_SEQ') => 42P01: relation "vss_lead_seq" does not exist

POSITION: 16
===========>     (SEVERE)   PostgreHelper.ExecuteReader: [18]42P01: relation "vss_leadinterestare_seq" does not exist

POSITION: 16 [Query DR] SELECT nextval('VSS_LEADINTERESTARE_SEQ')
===========>     (SEVERE)   PostgreHelper.ExecuteReader: [18]42P01: relation "vss_leadinterestare_seq" does not exist

POSITION: 16 [Query DR] SELECT nextval('VSS_LEADINTERESTARE_SEQ')
===========>     (SEVERE)   DB.GetSQLValue: [18]SELECT nextval('VSS_LEADINTERESTARE_SEQ') => 42P01: relation "vss_leadinterestare_seq" does not exist

POSITION: 16
===========>     (SEVERE)   PostgreHelper.ExecuteReader: [18]42P01: relation "vss_newemployee_seq" does not exist

POSITION: 16 [Query DR] SELECT nextval('VSS_NEWEMPLOYEE_SEQ')
===========>     (SEVERE)   PostgreHelper.ExecuteReader: [18]42P01: relation "vss_newemployee_seq" does not exist

POSITION: 16 [Query DR] SELECT nextval('VSS_NEWEMPLOYEE_SEQ')
===========>     (SEVERE)   DB.GetSQLValue: [18]SELECT nextval('VSS_NEWEMPLOYEE_SEQ') => 42P01: relation "vss_newemployee_seq" does not exist

POSITION: 16
===========>     (SEVERE)   PostgreHelper.ExecuteReader: [18]42P01: relation "vss_payment_voucher_v_seq" does not exist

POSITION: 16 [Query DR] SELECT nextval('VSS_PAYMENT_VOUCHER_V_SEQ')
===========>     (SEVERE)   PostgreHelper.ExecuteReader: [18]42P01: relation "vss_payment_voucher_v_seq" does not exist

POSITION: 16 [Query DR] SELECT nextval('VSS_PAYMENT_VOUCHER_V_SEQ')
===========>     (SEVERE)   DB.GetSQLValue: [18]SELECT nextval('VSS_PAYMENT_VOUCHER_V_SEQ') => 42P01: relation "vss_payment_voucher_v_seq" does not exist

POSITION: 16
===========>     (SEVERE)   DB.ExecuteQuery: [18] => 22003: setval: value 999999 is out of bounds for sequence "vss_positionpolicy_seq" (1000000..2147483647)
----------->     (WARNING)  DB.ExecuteQuery: [18]DBExecuteError - 22003: setval: value 999999 is out of bounds for sequence "vss_positionpolicy_seq" (1000000..2147483647)
05:37:00.370    (INFO)     NativeSequence.AddLog: [18]0 -  -  - Sequence not Updated For :VSS_POSITIONPOLICY_SEQ
===========>     (SEVERE)   DB.ExecuteQuery: [18] => 22003: setval: value 999999 is out of bounds for sequence "vss_prospect_interestarea_seq" (1000000..2147483647)
----------->     (WARNING)  DB.ExecuteQuery: [18]DBExecuteError - 22003: setval: value 999999 is out of bounds for sequence "vss_prospect_interestarea_seq" (1000000..2147483647)
05:37:00.370    (INFO)     NativeSequence.AddLog: [18]0 -  -  - Sequence not Updated For :vss_prospect_interestarea_SEQ
===========>     (SEVERE)   PostgreHelper.ExecuteReader: [18]42P01: relation "vss_sticker_seq" does not exist

POSITION: 16 [Query DR] SELECT nextval('VSS_STICKER_SEQ')
===========>     (SEVERE)   PostgreHelper.ExecuteReader: [18]42P01: relation "vss_sticker_seq" does not exist

POSITION: 16 [Query DR] SELECT nextval('VSS_STICKER_SEQ')
===========>     (SEVERE)   DB.GetSQLValue: [18]SELECT nextval('VSS_STICKER_SEQ') => 42P01: relation "vss_sticker_seq" does not exist

POSITION: 16
===========>     (SEVERE)   PostgreHelper.ExecuteReader: [18]42P01: relation "vss_vw_allowancehead_seq" does not exist

POSITION: 16 [Query DR] SELECT nextval('VSS_VW_ALLOWANCEHEAD_SEQ')
===========>     (SEVERE)   PostgreHelper.ExecuteReader: [18]42P01: relation "vss_vw_allowancehead_seq" does not exist

POSITION: 16 [Query DR] SELECT nextval('VSS_VW_ALLOWANCEHEAD_SEQ')
===========>     (SEVERE)   DB.GetSQLValue: [18]SELECT nextval('VSS_VW_ALLOWANCEHEAD_SEQ') => 42P01: relation "vss_vw_allowancehead_seq" does not exist

POSITION: 16
===========>     (SEVERE)   PostgreHelper.ExecuteReader: [18]42P01: relation "vss_vw_allowanceline_seq" does not exist

POSITION: 16 [Query DR] SELECT nextval('VSS_VW_ALLOWANCELINE_SEQ')
===========>     (SEVERE)   PostgreHelper.ExecuteReader: [18]42P01: relation "vss_vw_allowanceline_seq" does not exist

POSITION: 16 [Query DR] SELECT nextval('VSS_VW_ALLOWANCELINE_SEQ')
===========>     (SEVERE)   DB.GetSQLValue: [18]SELECT nextval('VSS_VW_ALLOWANCELINE_SEQ') => 42P01: relation "vss_vw_allowanceline_seq" does not exist

POSITION: 16
===========>     (SEVERE)   PostgreHelper.ExecuteReader: [18]42P01: relation "vss_vw_aub_sal_letter_seq" does not exist

POSITION: 16 [Query DR] SELECT nextval('VSS_VW_AUB_SAL_LETTER_SEQ')
===========>     (SEVERE)   PostgreHelper.ExecuteReader: [18]42P01: relation "vss_vw_aub_sal_letter_seq" does not exist

POSITION: 16 [Query DR] SELECT nextval('VSS_VW_AUB_SAL_LETTER_SEQ')
===========>     (SEVERE)   DB.GetSQLValue: [18]SELECT nextval('VSS_VW_AUB_SAL_LETTER_SEQ') => 42P01: relation "vss_vw_aub_sal_letter_seq" does not exist

POSITION: 16
===========>     (SEVERE)   PostgreHelper.ExecuteReader: [18]42P01: relation "vss_vw_bank_head_seq" does not exist

POSITION: 16 [Query DR] SELECT nextval('VSS_VW_BANK_HEAD_SEQ')
===========>     (SEVERE)   PostgreHelper.ExecuteReader: [18]42P01: relation "vss_vw_bank_head_seq" does not exist

POSITION: 16 [Query DR] SELECT nextval('VSS_VW_BANK_HEAD_SEQ')
===========>     (SEVERE)   DB.GetSQLValue: [18]SELECT nextval('VSS_VW_BANK_HEAD_SEQ') => 42P01: relation "vss_vw_bank_head_seq" does not exist

POSITION: 16
===========>     (SEVERE)   PostgreHelper.ExecuteReader: [18]42P01: relation "vss_vw_bank_line_seq" does not exist

POSITION: 16 [Query DR] SELECT nextval('VSS_VW_BANK_LINE_SEQ')
===========>     (SEVERE)   PostgreHelper.ExecuteReader: [18]42P01: relation "vss_vw_bank_line_seq" does not exist

POSITION: 16 [Query DR] SELECT nextval('VSS_VW_BANK_LINE_SEQ')
===========>     (SEVERE)   DB.GetSQLValue: [18]SELECT nextval('VSS_VW_BANK_LINE_SEQ') => 42P01: relation "vss_vw_bank_line_seq" does not exist

POSITION: 16
===========>     (SEVERE)   PostgreHelper.ExecuteReader: [18]42P01: relation "vss_vw_expat_seq" does not exist

POSITION: 16 [Query DR] SELECT nextval('VSS_VW_EXPAT_SEQ')
===========>     (SEVERE)   PostgreHelper.ExecuteReader: [18]42P01: relation "vss_vw_expat_seq" does not exist

POSITION: 16 [Query DR] SELECT nextval('VSS_VW_EXPAT_SEQ')
===========>     (SEVERE)   DB.GetSQLValue: [18]SELECT nextval('VSS_VW_EXPAT_SEQ') => 42P01: relation "vss_vw_expat_seq" does not exist

POSITION: 16
===========>     (SEVERE)   PostgreHelper.ExecuteReader: [18]42P01: relation "vss_vw_expathead_seq" does not exist

POSITION: 16 [Query DR] SELECT nextval('VSS_VW_EXPATHEAD_SEQ')
===========>     (SEVERE)   PostgreHelper.ExecuteReader: [18]42P01: relation "vss_vw_expathead_seq" does not exist

POSITION: 16 [Query DR] SELECT nextval('VSS_VW_EXPATHEAD_SEQ')
===========>     (SEVERE)   DB.GetSQLValue: [18]SELECT nextval('VSS_VW_EXPATHEAD_SEQ') => 42P01: relation "vss_vw_expathead_seq" does not exist

POSITION: 16
===========>     (SEVERE)   PostgreHelper.ExecuteReader: [18]42P01: relation "vss_vw_localhead_seq" does not exist

POSITION: 16 [Query DR] SELECT nextval('VSS_VW_LOCALHEAD_SEQ')
===========>     (SEVERE)   PostgreHelper.ExecuteReader: [18]42P01: relation "vss_vw_localhead_seq" does not exist

POSITION: 16 [Query DR] SELECT nextval('VSS_VW_LOCALHEAD_SEQ')
===========>     (SEVERE)   DB.GetSQLValue: [18]SELECT nextval('VSS_VW_LOCALHEAD_SEQ') => 42P01: relation "vss_vw_localhead_seq" does not exist

POSITION: 16
===========>     (SEVERE)   PostgreHelper.ExecuteReader: [18]42P01: relation "vss_vw_localline_seq" does not exist

POSITION: 16 [Query DR] SELECT nextval('VSS_VW_LOCALLINE_SEQ')
===========>     (SEVERE)   PostgreHelper.ExecuteReader: [18]42P01: relation "vss_vw_localline_seq" does not exist

POSITION: 16 [Query DR] SELECT nextval('VSS_VW_LOCALLINE_SEQ')
===========>     (SEVERE)   DB.GetSQLValue: [18]SELECT nextval('VSS_VW_LOCALLINE_SEQ') => 42P01: relation "vss_vw_localline_seq" does not exist

POSITION: 16
===========>     (SEVERE)   PostgreHelper.ExecuteReader: [18]42P01: relation "vss_vw_otdetails_seq" does not exist

POSITION: 16 [Query DR] SELECT nextval('VSS_VW_OTDETAILS_SEQ')
===========>     (SEVERE)   PostgreHelper.ExecuteReader: [18]42P01: relation "vss_vw_otdetails_seq" does not exist

POSITION: 16 [Query DR] SELECT nextval('VSS_VW_OTDETAILS_SEQ')
===========>     (SEVERE)   DB.GetSQLValue: [18]SELECT nextval('VSS_VW_OTDETAILS_SEQ') => 42P01: relation "vss_vw_otdetails_seq" does not exist

POSITION: 16
===========>     (SEVERE)   PostgreHelper.ExecuteReader: [18]42P01: relation "vss_vw_otdetails_head_seq" does not exist

POSITION: 16 [Query DR] SELECT nextval('VSS_VW_OTDETAILS_HEAD_SEQ')
===========>     (SEVERE)   PostgreHelper.ExecuteReader: [18]42P01: relation "vss_vw_otdetails_head_seq" does not exist

POSITION: 16 [Query DR] SELECT nextval('VSS_VW_OTDETAILS_HEAD_SEQ')
===========>     (SEVERE)   DB.GetSQLValue: [18]SELECT nextval('VSS_VW_OTDETAILS_HEAD_SEQ') => 42P01: relation "vss_vw_otdetails_head_seq" does not exist

POSITION: 16
===========>     (SEVERE)   PostgreHelper.ExecuteReader: [18]42P01: relation "vss_vw_sal_letallbankshead_seq" does not exist

POSITION: 16 [Query DR] SELECT nextval('VSS_VW_SAL_LETALLBANKSHEAD_SEQ')
===========>     (SEVERE)   PostgreHelper.ExecuteReader: [18]42P01: relation "vss_vw_sal_letallbankshead_seq" does not exist

POSITION: 16 [Query DR] SELECT nextval('VSS_VW_SAL_LETALLBANKSHEAD_SEQ')
===========>     (SEVERE)   DB.GetSQLValue: [18]SELECT nextval('VSS_VW_SAL_LETALLBANKSHEAD_SEQ') => 42P01: relation "vss_vw_sal_letallbankshead_seq" does not exist

POSITION: 16
===========>     (SEVERE)   PostgreHelper.ExecuteReader: [18]42P01: relation "vss_vw_sal_letallbanksline_seq" does not exist

POSITION: 16 [Query DR] SELECT nextval('VSS_VW_SAL_LETALLBANKSLINE_SEQ')
===========>     (SEVERE)   PostgreHelper.ExecuteReader: [18]42P01: relation "vss_vw_sal_letallbanksline_seq" does not exist

POSITION: 16 [Query DR] SELECT nextval('VSS_VW_SAL_LETALLBANKSLINE_SEQ')
===========>     (SEVERE)   DB.GetSQLValue: [18]SELECT nextval('VSS_VW_SAL_LETALLBANKSLINE_SEQ') => 42P01: relation "vss_vw_sal_letallbanksline_seq" does not exist

POSITION: 16
===========>     (SEVERE)   PostgreHelper.ExecuteReader: [18]42P01: relation "vss_vw_sales_seq" does not exist

POSITION: 16 [Query DR] SELECT nextval('VSS_VW_SALES_SEQ')
===========>     (SEVERE)   PostgreHelper.ExecuteReader: [18]42P01: relation "vss_vw_sales_seq" does not exist

POSITION: 16 [Query DR] SELECT nextval('VSS_VW_SALES_SEQ')
===========>     (SEVERE)   DB.GetSQLValue: [18]SELECT nextval('VSS_VW_SALES_SEQ') => 42P01: relation "vss_vw_sales_seq" does not exist

POSITION: 16
===========>     (SEVERE)   PostgreHelper.ExecuteReader: [18]42P01: relation "vss_vw_saleshead_seq" does not exist

POSITION: 16 [Query DR] SELECT nextval('VSS_VW_SALESHEAD_SEQ')
===========>     (SEVERE)   PostgreHelper.ExecuteReader: [18]42P01: relation "vss_vw_saleshead_seq" does not exist

POSITION: 16 [Query DR] SELECT nextval('VSS_VW_SALESHEAD_SEQ')
===========>     (SEVERE)   DB.GetSQLValue: [18]SELECT nextval('VSS_VW_SALESHEAD_SEQ') => 42P01: relation "vss_vw_saleshead_seq" does not exist

POSITION: 16
===========>     (SEVERE)   PostgreHelper.ExecuteReader: [18]42P01: relation "vss_vw_salsummaryhead_seq" does not exist

POSITION: 16 [Query DR] SELECT nextval('VSS_VW_SALSUMMARYHEAD_SEQ')
===========>     (SEVERE)   PostgreHelper.ExecuteReader: [18]42P01: relation "vss_vw_salsummaryhead_seq" does not exist

POSITION: 16 [Query DR] SELECT nextval('VSS_VW_SALSUMMARYHEAD_SEQ')
===========>     (SEVERE)   DB.GetSQLValue: [18]SELECT nextval('VSS_VW_SALSUMMARYHEAD_SEQ') => 42P01: relation "vss_vw_salsummaryhead_seq" does not exist

POSITION: 16
===========>     (SEVERE)   PostgreHelper.ExecuteReader: [18]42P01: relation "vss_vw_salsummaryline_seq" does not exist

POSITION: 16 [Query DR] SELECT nextval('VSS_VW_SALSUMMARYLINE_SEQ')
===========>     (SEVERE)   PostgreHelper.ExecuteReader: [18]42P01: relation "vss_vw_salsummaryline_seq" does not exist

POSITION: 16 [Query DR] SELECT nextval('VSS_VW_SALSUMMARYLINE_SEQ')
===========>     (SEVERE)   DB.GetSQLValue: [18]SELECT nextval('VSS_VW_SALSUMMARYLINE_SEQ') => 42P01: relation "vss_vw_salsummaryline_seq" does not exist

POSITION: 16
===========>     (SEVERE)   DB.ExecuteQuery: [18] => 22003: setval: value 999999 is out of bounds for sequence "w_advertisement_seq" (1000000..2147483647)
----------->     (WARNING)  DB.ExecuteQuery: [18]DBExecuteError - 22003: setval: value 999999 is out of bounds for sequence "w_advertisement_seq" (1000000..2147483647)
05:37:00.370    (INFO)     NativeSequence.AddLog: [18]0 -  -  - Sequence not Updated For :W_Advertisement_SEQ
===========>     (SEVERE)   DB.ExecuteQuery: [18] => 22003: setval: value 999999 is out of bounds for sequence "w_basket_seq" (1000000..2147483647)
----------->     (WARNING)  DB.ExecuteQuery: [18]DBExecuteError - 22003: setval: value 999999 is out of bounds for sequence "w_basket_seq" (1000000..2147483647)
05:37:00.370    (INFO)     NativeSequence.AddLog: [18]0 -  -  - Sequence not Updated For :W_Basket_SEQ
===========>     (SEVERE)   DB.ExecuteQuery: [18] => 22003: setval: value 999999 is out of bounds for sequence "w_basketline_seq" (1000000..2147483647)
----------->     (WARNING)  DB.ExecuteQuery: [18]DBExecuteError - 22003: setval: value 999999 is out of bounds for sequence "w_basketline_seq" (1000000..2147483647)
05:37:00.370    (INFO)     NativeSequence.AddLog: [18]0 -  -  - Sequence not Updated For :W_BasketLine_SEQ
===========>     (SEVERE)   DB.ExecuteQuery: [18] => 22003: setval: value 999999 is out of bounds for sequence "w_click_seq" (1000000..2147483647)
----------->     (WARNING)  DB.ExecuteQuery: [18]DBExecuteError - 22003: setval: value 999999 is out of bounds for sequence "w_click_seq" (1000000..2147483647)
05:37:00.370    (INFO)     NativeSequence.AddLog: [18]0 -  -  - Sequence not Updated For :W_Click_SEQ
===========>     (SEVERE)   DB.ExecuteQuery: [18] => 22003: setval: value 999999 is out of bounds for sequence "w_clickcount_seq" (1000000..2147483647)
----------->     (WARNING)  DB.ExecuteQuery: [18]DBExecuteError - 22003: setval: value 999999 is out of bounds for sequence "w_clickcount_seq" (1000000..2147483647)
05:37:00.370    (INFO)     NativeSequence.AddLog: [18]0 -  -  - Sequence not Updated For :W_ClickCount_SEQ
===========>     (SEVERE)   DB.ExecuteQuery: [18] => 22003: setval: value 999999 is out of bounds for sequence "w_counter_seq" (1000000..2147483647)
----------->     (WARNING)  DB.ExecuteQuery: [18]DBExecuteError - 22003: setval: value 999999 is out of bounds for sequence "w_counter_seq" (1000000..2147483647)
05:37:00.370    (INFO)     NativeSequence.AddLog: [18]0 -  -  - Sequence not Updated For :W_Counter_SEQ
===========>     (SEVERE)   DB.ExecuteQuery: [18] => 22003: setval: value 999999 is out of bounds for sequence "w_countercount_seq" (1000000..2147483647)
----------->     (WARNING)  DB.ExecuteQuery: [18]DBExecuteError - 22003: setval: value 999999 is out of bounds for sequence "w_countercount_seq" (1000000..2147483647)
05:37:00.370    (INFO)     NativeSequence.AddLog: [18]0 -  -  - Sequence not Updated For :W_CounterCount_SEQ
===========>     (SEVERE)   PostgreHelper.ExecuteReader: [18]42703: column "w_mailmsg_trl_id" does not exist

POSITION: 12 [Query DR] SELECT MAX(W_MailMsg_Trl_ID) FROM W_MailMsg_Trl
===========>     (SEVERE)   PostgreHelper.ExecuteReader: [18]42703: column "w_mailmsg_trl_id" does not exist

POSITION: 12 [Query DR] SELECT MAX(W_MailMsg_Trl_ID) FROM W_MailMsg_Trl
===========>     (SEVERE)   DB.GetSQLValue: [18]SELECT MAX(W_MailMsg_Trl_ID) FROM W_MailMsg_Trl => 42703: column "w_mailmsg_trl_id" does not exist

POSITION: 12
===========>     (SEVERE)   DB.ExecuteQuery: [18] => 22003: setval: value 999999 is out of bounds for sequence "w_mailmsg_trl_seq" (1000000..2147483647)
----------->     (WARNING)  DB.ExecuteQuery: [18]DBExecuteError - 22003: setval: value 999999 is out of bounds for sequence "w_mailmsg_trl_seq" (1000000..2147483647)
05:37:00.370    (INFO)     NativeSequence.AddLog: [18]0 -  -  - Sequence not Updated For :W_MailMsg_Trl_SEQ
===========>     (SEVERE)   PostgreHelper.ExecuteReader: [18]42703: column "w_store_trl_id" does not exist

POSITION: 12 [Query DR] SELECT MAX(W_Store_Trl_ID) FROM W_Store_Trl
===========>     (SEVERE)   PostgreHelper.ExecuteReader: [18]42703: column "w_store_trl_id" does not exist

POSITION: 12 [Query DR] SELECT MAX(W_Store_Trl_ID) FROM W_Store_Trl
===========>     (SEVERE)   DB.GetSQLValue: [18]SELECT MAX(W_Store_Trl_ID) FROM W_Store_Trl => 42703: column "w_store_trl_id" does not exist

POSITION: 12
===========>     (SEVERE)   DB.ExecuteQuery: [18] => 22003: setval: value 999999 is out of bounds for sequence "w_store_trl_seq" (1000000..2147483647)
----------->     (WARNING)  DB.ExecuteQuery: [18]DBExecuteError - 22003: setval: value 999999 is out of bounds for sequence "w_store_trl_seq" (1000000..2147483647)
05:37:00.370    (INFO)     NativeSequence.AddLog: [18]0 -  -  - Sequence not Updated For :W_Store_Trl_SEQ
===========>     (SEVERE)   PostgreHelper.ExecuteReader: [18]42P01: relation "wps_gmailconfiguration_seq" does not exist

POSITION: 16 [Query DR] SELECT nextval('WPS_GMAILCONFIGURATION_SEQ')
===========>     (SEVERE)   PostgreHelper.ExecuteReader: [18]42P01: relation "wps_gmailconfiguration_seq" does not exist

POSITION: 16 [Query DR] SELECT nextval('WPS_GMAILCONFIGURATION_SEQ')
===========>     (SEVERE)   DB.GetSQLValue: [18]SELECT nextval('WPS_GMAILCONFIGURATION_SEQ') => 42P01: relation "wps_gmailconfiguration_seq" does not exist

POSITION: 16
===========>     (SEVERE)   DB.ExecuteQuery: [18] => 22003: setval: value 999999 is out of bounds for sequence "wsp_deleteduserlog_seq" (1000000..2147483647)
----------->     (WARNING)  DB.ExecuteQuery: [18]DBExecuteError - 22003: setval: value 999999 is out of bounds for sequence "wsp_deleteduserlog_seq" (1000000..2147483647)
05:37:00.370    (INFO)     NativeSequence.AddLog: [18]0 -  -  - Sequence not Updated For :WSP_DeletedUserLog_SEQ
===========>     (SEVERE)   DB.ExecuteQuery: [18] => 22003: setval: value 999999 is out of bounds for sequence "wsp_link_seq" (1000000..2147483647)
----------->     (WARNING)  DB.ExecuteQuery: [18]DBExecuteError - 22003: setval: value 999999 is out of bounds for sequence "wsp_link_seq" (1000000..2147483647)
05:37:00.370    (INFO)     NativeSequence.AddLog: [18]0 -  -  - Sequence not Updated For :WSP_Link_SEQ
===========>     (SEVERE)   DB.ExecuteQuery: [18] => 22003: setval: value 999999 is out of bounds for sequence "wsp_note_seq" (1000000..2147483647)
----------->     (WARNING)  DB.ExecuteQuery: [18]DBExecuteError - 22003: setval: value 999999 is out of bounds for sequence "wsp_note_seq" (1000000..2147483647)
05:37:00.370    (INFO)     NativeSequence.AddLog: [18]0 -  -  - Sequence not Updated For :WSP_Note_SEQ
===========>     (SEVERE)   DB.ExecuteQuery: [18] => 22003: setval: value 999999 is out of bounds for sequence "wsp_shareduser_seq" (1000000..2147483647)
----------->     (WARNING)  DB.ExecuteQuery: [18]DBExecuteError - 22003: setval: value 999999 is out of bounds for sequence "wsp_shareduser_seq" (1000000..2147483647)
05:37:00.370    (INFO)     NativeSequence.AddLog: [18]0 -  -  - Sequence not Updated For :WSP_SharedUser_SEQ
===========>     (SEVERE)   DB.ExecuteQuery: [18] => 22003: setval: value 999999 is out of bounds for sequence "wsp_usercontact_seq" (1000000..2147483647)
----------->     (WARNING)  DB.ExecuteQuery: [18]DBExecuteError - 22003: setval: value 999999 is out of bounds for sequence "wsp_usercontact_seq" (1000000..2147483647)
05:37:00.370    (INFO)     NativeSequence.AddLog: [18]0 -  -  - Sequence not Updated For :WSP_UserContact_SEQ
===========>     (SEVERE)   Trx.Commit: [18]SvrProcess => This NpgsqlTransaction has completed; it is no longer usable.
05:37:25.372    (INFO)     CacheMgt.Reset: [18]AD_Process: #1 (1)
05:38:06.386    (INFO)     MRole.Get: [21]AD_Role_ID=0, AD_User_ID=100, reload=True
05:38:06.386    (INFO)     MRole.Get: [21]MRole[0,System Administrator,UserLevel=S  ,AD_Client_ID=0,AD_Org_ID=0]
05:38:06.386    (INFO)     MRole.Get: [21]AD_Role_ID=0, AD_User_ID=100, reload=True
05:38:06.386    (INFO)     MRole.Get: [21]MRole[0,System Administrator,UserLevel=S  ,AD_Client_ID=0,AD_Org_ID=0]
05:38:06.386    (INFO)     MTree.Load: [21]AD_Tree_ID=121, AD_User_ID=100, Editable=False, OnClient=True
----------->     (WARNING)  PushNotification.SendNotificationToUser: [21]PushNotif - Module VA074_ is not installed!
*** 11/25/2024 6:56:00 AM VAdvantage Log  ***
*** 11/25/2024 6:56:00 AM VAdvantage Log ***
