===========>     (SEVERE)   PostgreHelper.ExecuteDataset: [5]42703: column ad_widgetsize.d_chart_id does not exist

POSITION: 375 [Query D] =>SELECT D_Chart.chartType, D_Chart.d_chart_id, D_Chart.Name, colspan,rowspan,'C' AS Type,AD_WidgetSize.AD_WidgetSize_ID,Sequence, IsDefault,AD_IMAGE.BINARYDATA,D_Chart.AD_Window_ID FROM D_Chart INNER JOIN 
                            D_ChartAccess ON (D_Chart.D_Chart_ID=D_ChartAccess.D_Chart_ID)
                            INNER JOIN AD_WidgetSize ON (D_Chart.D_Chart_ID=AD_WidgetSize.D_Chart_ID)LEFT JOIN AD_IMAGE ON AD_IMAGE.AD_IMAGE_ID=AD_WidgetSize.AD_IMAGE_ID                           
                            WHERE D_Chart.isActive='Y' AND AD_WidgetSize.isActive='Y' AND  D_ChartAccess.AD_Role_ID=0 AND Homepage='Y' UNION ALL  SELECT RC_KPI.KPIType AS chartType, RC_KPI.RC_KPI_ID AS d_chart_id,  RC_KPI.Name, colspan,rowspan,'K' AS Type,AD_WidgetSize.AD_WidgetSize_ID,Sequence ,IsDefault,AD_IMAGE.BINARYDATA,RC_KPI.AD_Window_ID FROM RC_KPI INNER JOIN 
                            RC_KPIAccess ON (RC_KPI.RC_KPI_ID=RC_KPIAccess.RC_KPI_ID)
                            INNER JOIN AD_WidgetSize ON (RC_KPI.RC_KPI_ID=AD_WidgetSize.RC_KPI_ID) LEFT JOIN AD_IMAGE ON AD_IMAGE.AD_IMAGE_ID=AD_WidgetSize.AD_IMAGE_ID                            
                            WHERE RC_KPI.isActive='Y' AND AD_WidgetSize.isActive='Y' AND   RC_KPIAccess.AD_Role_ID=0 AND Homepage='Y' UNION ALL  SELECT 'V' AS chartType, RC_View.RC_View_ID AS d_chart_id, RC_View.Name, colspan,rowspan,'V' AS Type,AD_WidgetSize.AD_WidgetSize_ID,Sequence ,IsDefault,AD_IMAGE.BINARYDATA, RC_View.AD_Window_ID FROM RC_View INNER JOIN 
                            RC_ViewAccess ON (RC_View.RC_View_ID=RC_ViewAccess.RC_View_ID)
                            INNER JOIN AD_WidgetSize ON (RC_View.RC_View_ID=AD_WidgetSize.RC_View_ID) LEFT JOIN AD_IMAGE ON AD_IMAGE.AD_IMAGE_ID=AD_WidgetSize.AD_IMAGE_ID                            
                            WHERE RC_View.isActive='Y' AND AD_WidgetSize.isActive='Y' AND   RC_ViewAccess.AD_Role_ID=0 AND Homepage='Y'
09:47:52.475    (INFO)     Trx.Start: [27]**** VISPRO_ModIns638760304729545488System.Random
09:47:53.475    (INFO)     Trx.Commit: [27]**C** VISPRO_ModIns638760304729545488System.Random
===========>     (SEVERE)   DB.ExecuteQuery: [20] => 42704: constraint "pk251" of relation "m_productprice" does not exist
----------->     (WARNING)  DB.ExecuteQuery: [20]DBExecuteError - 42704: constraint "pk251" of relation "m_productprice" does not exist
===========>     (SEVERE)   DB.ExecuteQuery: [20] => 42704: index "pk251" does not exist
----------->     (WARNING)  DB.ExecuteQuery: [20]DBExecuteError - 42704: index "pk251" does not exist
09:47:56.475    (INFO)     MChangeLog.FillChangeLog: [20]#9
===========>     (SEVERE)   DB.ExecuteQuery: [20] => 23505: duplicate key value violates unique constraint "ad_process_access_pkey"

DETAIL: Detail redacted as it may contain sensitive data. Specify 'Include Error Detail' in the connection string to include this information.
----------->     (WARNING)  DB.ExecuteQuery: [20]DBExecuteError - 23505: duplicate key value violates unique constraint "ad_process_access_pkey"

DETAIL: Detail redacted as it may contain sensitive data. Specify 'Include Error Detail' in the connection string to include this information.
----------->     (WARNING)  X_AD_Process_Access.ImportNow: [20]Not insertedAD_Process_Access
===========>     (SEVERE)   DB.ExecuteQuery: [20] => 23505: duplicate key value violates unique constraint "ad_process_access_pkey"

DETAIL: Detail redacted as it may contain sensitive data. Specify 'Include Error Detail' in the connection string to include this information.
----------->     (WARNING)  DB.ExecuteQuery: [20]DBExecuteError - 23505: duplicate key value violates unique constraint "ad_process_access_pkey"

DETAIL: Detail redacted as it may contain sensitive data. Specify 'Include Error Detail' in the connection string to include this information.
----------->     (WARNING)  X_AD_Process_Access.ImportNow: [20]Not insertedAD_Process_Access
===========>     (SEVERE)   DB.ExecuteQuery: [20] => 23505: duplicate key value violates unique constraint "ad_process_access_pkey"

DETAIL: Detail redacted as it may contain sensitive data. Specify 'Include Error Detail' in the connection string to include this information.
----------->     (WARNING)  DB.ExecuteQuery: [20]DBExecuteError - 23505: duplicate key value violates unique constraint "ad_process_access_pkey"

DETAIL: Detail redacted as it may contain sensitive data. Specify 'Include Error Detail' in the connection string to include this information.
----------->     (WARNING)  X_AD_Process_Access.ImportNow: [20]Not insertedAD_Process_Access
===========>     (SEVERE)   DB.ExecuteQuery: [20] => 23505: duplicate key value violates unique constraint "ad_process_access_pkey"

DETAIL: Detail redacted as it may contain sensitive data. Specify 'Include Error Detail' in the connection string to include this information.
----------->     (WARNING)  DB.ExecuteQuery: [20]DBExecuteError - 23505: duplicate key value violates unique constraint "ad_process_access_pkey"

DETAIL: Detail redacted as it may contain sensitive data. Specify 'Include Error Detail' in the connection string to include this information.
----------->     (WARNING)  X_AD_Process_Access.ImportNow: [20]Not insertedAD_Process_Access
===========>     (SEVERE)   DB.ExecuteQuery: [20] => 23505: duplicate key value violates unique constraint "ad_process_access_pkey"

DETAIL: Detail redacted as it may contain sensitive data. Specify 'Include Error Detail' in the connection string to include this information.
----------->     (WARNING)  DB.ExecuteQuery: [20]DBExecuteError - 23505: duplicate key value violates unique constraint "ad_process_access_pkey"

DETAIL: Detail redacted as it may contain sensitive data. Specify 'Include Error Detail' in the connection string to include this information.
----------->     (WARNING)  X_AD_Process_Access.ImportNow: [20]Not insertedAD_Process_Access
===========>     (SEVERE)   DB.ExecuteQuery: [20] => 23505: duplicate key value violates unique constraint "ad_process_access_pkey"

DETAIL: Detail redacted as it may contain sensitive data. Specify 'Include Error Detail' in the connection string to include this information.
----------->     (WARNING)  DB.ExecuteQuery: [20]DBExecuteError - 23505: duplicate key value violates unique constraint "ad_process_access_pkey"

DETAIL: Detail redacted as it may contain sensitive data. Specify 'Include Error Detail' in the connection string to include this information.
----------->     (WARNING)  X_AD_Process_Access.ImportNow: [20]Not insertedAD_Process_Access
===========>     (SEVERE)   DB.ExecuteQuery: [20] => 23505: duplicate key value violates unique constraint "ad_process_access_pkey"

DETAIL: Detail redacted as it may contain sensitive data. Specify 'Include Error Detail' in the connection string to include this information.
----------->     (WARNING)  DB.ExecuteQuery: [20]DBExecuteError - 23505: duplicate key value violates unique constraint "ad_process_access_pkey"

DETAIL: Detail redacted as it may contain sensitive data. Specify 'Include Error Detail' in the connection string to include this information.
----------->     (WARNING)  X_AD_Process_Access.AddWindowToMenu: [20]Not insertedAD_Process_Access
===========>     (SEVERE)   DB.ExecuteQuery: [20] => 23505: duplicate key value violates unique constraint "ad_process_access_pkey"

DETAIL: Detail redacted as it may contain sensitive data. Specify 'Include Error Detail' in the connection string to include this information.
----------->     (WARNING)  DB.ExecuteQuery: [20]DBExecuteError - 23505: duplicate key value violates unique constraint "ad_process_access_pkey"

DETAIL: Detail redacted as it may contain sensitive data. Specify 'Include Error Detail' in the connection string to include this information.
----------->     (WARNING)  X_AD_Process_Access.AddWindowToMenu: [20]Not insertedAD_Process_Access
===========>     (SEVERE)   PostgreHelper.ExecuteReader: [20]42703: column "vaprc_expiry_v_id" does not exist

POSITION: 13 [Query DR] SELECT MAX( VAPRC_EXPIRY_V_ID) FROM VAPRC_EXPIRY_V
===========>     (SEVERE)   PostgreHelper.ExecuteReader: [20]42703: column "vaprc_expiry_v_id" does not exist

POSITION: 13 [Query DR] SELECT MAX( VAPRC_EXPIRY_V_ID) FROM VAPRC_EXPIRY_V
===========>     (SEVERE)   DB.GetSQLValue: [20]SELECT MAX( VAPRC_EXPIRY_V_ID) FROM VAPRC_EXPIRY_V => 42703: column "vaprc_expiry_v_id" does not exist

POSITION: 13
===========>     (SEVERE)   DB.ExecuteQuery: [20] => 42P01: sequence "vaprc_expiry_v_seq" does not exist
----------->     (WARNING)  DB.ExecuteQuery: [20]DBExecuteError - 42P01: sequence "vaprc_expiry_v_seq" does not exist
===========>     (SEVERE)   DB.ExecuteQuery: [20] => 23505: duplicate key value violates unique constraint "ad_process_access_pkey"

DETAIL: Detail redacted as it may contain sensitive data. Specify 'Include Error Detail' in the connection string to include this information.
----------->     (WARNING)  DB.ExecuteQuery: [20]DBExecuteError - 23505: duplicate key value violates unique constraint "ad_process_access_pkey"

DETAIL: Detail redacted as it may contain sensitive data. Specify 'Include Error Detail' in the connection string to include this information.
----------->     (WARNING)  X_AD_Process_Access.ImportNow: [20]Not insertedAD_Process_Access
===========>     (SEVERE)   DB.ExecuteQuery: [20] => 23505: duplicate key value violates unique constraint "ad_process_access_pkey"

DETAIL: Detail redacted as it may contain sensitive data. Specify 'Include Error Detail' in the connection string to include this information.
----------->     (WARNING)  DB.ExecuteQuery: [20]DBExecuteError - 23505: duplicate key value violates unique constraint "ad_process_access_pkey"

DETAIL: Detail redacted as it may contain sensitive data. Specify 'Include Error Detail' in the connection string to include this information.
----------->     (WARNING)  X_AD_Process_Access.ImportNow: [20]Not insertedAD_Process_Access
===========>     (SEVERE)   DB.ExecuteQuery: [20] => 23505: duplicate key value violates unique constraint "ad_process_access_pkey"

DETAIL: Detail redacted as it may contain sensitive data. Specify 'Include Error Detail' in the connection string to include this information.
----------->     (WARNING)  DB.ExecuteQuery: [20]DBExecuteError - 23505: duplicate key value violates unique constraint "ad_process_access_pkey"

DETAIL: Detail redacted as it may contain sensitive data. Specify 'Include Error Detail' in the connection string to include this information.
----------->     (WARNING)  X_AD_Process_Access.AddWindowToMenu: [20]Not insertedAD_Process_Access
===========>     (SEVERE)   DB.ExecuteQuery: [20] => 23505: duplicate key value violates unique constraint "ad_process_access_pkey"

DETAIL: Detail redacted as it may contain sensitive data. Specify 'Include Error Detail' in the connection string to include this information.
----------->     (WARNING)  DB.ExecuteQuery: [20]DBExecuteError - 23505: duplicate key value violates unique constraint "ad_process_access_pkey"

DETAIL: Detail redacted as it may contain sensitive data. Specify 'Include Error Detail' in the connection string to include this information.
----------->     (WARNING)  X_AD_Process_Access.AddWindowToMenu: [20]Not insertedAD_Process_Access
09:48:39.483    (INFO)     CacheMgt.Reset: [20]AD_Ref_Table: #1 (4)
09:48:39.483    (INFO)     CacheMgt.Reset: [20]AD_Ref_Table: #1 (0)
09:48:39.483    (INFO)     CacheMgt.Reset: [20]AD_Ref_Table: #1 (0)
09:48:39.483    (INFO)     CacheMgt.Reset: [20]AD_Ref_Table: #1 (0)
09:48:39.483    (INFO)     CacheMgt.Reset: [20]AD_Ref_Table: #1 (0)
===========>     (SEVERE)   DB.ExecuteQuery: [20] => 23505: duplicate key value violates unique constraint "ad_ref_table_pkey"

DETAIL: Detail redacted as it may contain sensitive data. Specify 'Include Error Detail' in the connection string to include this information.
----------->     (WARNING)  DB.ExecuteQuery: [20]DBExecuteError - 23505: duplicate key value violates unique constraint "ad_ref_table_pkey"

DETAIL: Detail redacted as it may contain sensitive data. Specify 'Include Error Detail' in the connection string to include this information.
----------->     (WARNING)  X_AD_Ref_Table.Add_AD_Ref_Tables: [20]Not insertedAD_Ref_Table
===========>     (SEVERE)   DB.ExecuteQuery: [20] => 42601: syntax error at or near "=@"

POSITION: 45
----------->     (WARNING)  DB.ExecuteQuery: [20]DBExecuteError - 42601: syntax error at or near "=@"

POSITION: 45
===========>     (SEVERE)   DB.ExecuteQuery: [20] => 42601: syntax error at or near "=@"

POSITION: 42
----------->     (WARNING)  DB.ExecuteQuery: [20]DBExecuteError - 42601: syntax error at or near "=@"

POSITION: 42
===========>     (SEVERE)   DB.ExecuteQuery: [20] => 42601: syntax error at or near "=@#"

POSITION: 47
----------->     (WARNING)  DB.ExecuteQuery: [20]DBExecuteError - 42601: syntax error at or near "=@#"

POSITION: 47
===========>     (SEVERE)   DB.ExecuteQuery: [20] => 42703: column "y" does not exist

POSITION: 42
----------->     (WARNING)  DB.ExecuteQuery: [20]DBExecuteError - 42703: column "y" does not exist

POSITION: 42
----------->     (WARNING)  MColumn.GetSQLDefaultValue: [20]Get sql default: @SQL=SELECT NVL(MAX(SeqNo),0)+10 AS DefaultValue FROM M_DiscountSchemaLine WHERE M_DiscountSchema_ID=@M_DiscountSchema_ID@
===========>     (SEVERE)   DB.ExecuteQuery: [20] => 42601: syntax error at or near "=@"

POSITION: 38
----------->     (WARNING)  DB.ExecuteQuery: [20]DBExecuteError - 42601: syntax error at or near "=@"

POSITION: 38
===========>     (SEVERE)   DB.ExecuteQuery: [20] => 0A000: cannot alter type of a column used by a view or rule

DETAIL: Detail redacted as it may contain sensitive data. Specify 'Include Error Detail' in the connection string to include this information.
----------->     (WARNING)  DB.ExecuteQuery: [20]DBExecuteError - 0A000: cannot alter type of a column used by a view or rule

DETAIL: Detail redacted as it may contain sensitive data. Specify 'Include Error Detail' in the connection string to include this information.
===========>     (SEVERE)   DB.ExecuteQuery: [20] => 0A000: cannot alter type of a column used by a view or rule

DETAIL: Detail redacted as it may contain sensitive data. Specify 'Include Error Detail' in the connection string to include this information.
----------->     (WARNING)  DB.ExecuteQuery: [20]DBExecuteError - 0A000: cannot alter type of a column used by a view or rule

DETAIL: Detail redacted as it may contain sensitive data. Specify 'Include Error Detail' in the connection string to include this information.
===========>     (SEVERE)   DB.ExecuteQuery: [20] => 0A000: cannot alter type of a column used by a view or rule

DETAIL: Detail redacted as it may contain sensitive data. Specify 'Include Error Detail' in the connection string to include this information.
----------->     (WARNING)  DB.ExecuteQuery: [20]DBExecuteError - 0A000: cannot alter type of a column used by a view or rule

DETAIL: Detail redacted as it may contain sensitive data. Specify 'Include Error Detail' in the connection string to include this information.
===========>     (SEVERE)   DB.ExecuteQuery: [20] => 0A000: cannot alter type of a column used by a view or rule

DETAIL: Detail redacted as it may contain sensitive data. Specify 'Include Error Detail' in the connection string to include this information.
----------->     (WARNING)  DB.ExecuteQuery: [20]DBExecuteError - 0A000: cannot alter type of a column used by a view or rule

DETAIL: Detail redacted as it may contain sensitive data. Specify 'Include Error Detail' in the connection string to include this information.
===========>     (SEVERE)   DB.ExecuteQuery: [20] => 42601: syntax error at or near "=@#"

POSITION: 34
----------->     (WARNING)  DB.ExecuteQuery: [20]DBExecuteError - 42601: syntax error at or near "=@#"

POSITION: 34
===========>     (SEVERE)   DB.ExecuteQuery: [20] => 0A000: cannot alter type of a column used by a view or rule

DETAIL: Detail redacted as it may contain sensitive data. Specify 'Include Error Detail' in the connection string to include this information.
----------->     (WARNING)  DB.ExecuteQuery: [20]DBExecuteError - 0A000: cannot alter type of a column used by a view or rule

DETAIL: Detail redacted as it may contain sensitive data. Specify 'Include Error Detail' in the connection string to include this information.
===========>     (SEVERE)   DB.ExecuteQuery: [20] => 42601: syntax error at or near "=@#"

POSITION: 31
----------->     (WARNING)  DB.ExecuteQuery: [20]DBExecuteError - 42601: syntax error at or near "=@#"

POSITION: 31
===========>     (SEVERE)   DB.ExecuteQuery: [20] => 0A000: cannot alter type of a column used by a view or rule

DETAIL: Detail redacted as it may contain sensitive data. Specify 'Include Error Detail' in the connection string to include this information.
----------->     (WARNING)  DB.ExecuteQuery: [20]DBExecuteError - 0A000: cannot alter type of a column used by a view or rule

DETAIL: Detail redacted as it may contain sensitive data. Specify 'Include Error Detail' in the connection string to include this information.
===========>     (SEVERE)   DB.ExecuteQuery: [20] => 0A000: cannot alter type of a column used by a view or rule

DETAIL: Detail redacted as it may contain sensitive data. Specify 'Include Error Detail' in the connection string to include this information.
----------->     (WARNING)  DB.ExecuteQuery: [20]DBExecuteError - 0A000: cannot alter type of a column used by a view or rule

DETAIL: Detail redacted as it may contain sensitive data. Specify 'Include Error Detail' in the connection string to include this information.
===========>     (SEVERE)   DB.ExecuteQuery: [20] => 0A000: cannot alter type of a column used by a view or rule

DETAIL: Detail redacted as it may contain sensitive data. Specify 'Include Error Detail' in the connection string to include this information.
----------->     (WARNING)  DB.ExecuteQuery: [20]DBExecuteError - 0A000: cannot alter type of a column used by a view or rule

DETAIL: Detail redacted as it may contain sensitive data. Specify 'Include Error Detail' in the connection string to include this information.
===========>     (SEVERE)   DB.ExecuteQuery: [20] => 42703: column "l" does not exist

POSITION: 43
----------->     (WARNING)  DB.ExecuteQuery: [20]DBExecuteError - 42703: column "l" does not exist

POSITION: 43
===========>     (SEVERE)   DB.ExecuteQuery: [20] => 0A000: cannot alter type of a column used by a view or rule

DETAIL: Detail redacted as it may contain sensitive data. Specify 'Include Error Detail' in the connection string to include this information.
----------->     (WARNING)  DB.ExecuteQuery: [20]DBExecuteError - 0A000: cannot alter type of a column used by a view or rule

DETAIL: Detail redacted as it may contain sensitive data. Specify 'Include Error Detail' in the connection string to include this information.
===========>     (SEVERE)   DB.ExecuteQuery: [20] => 42703: column "y" does not exist

POSITION: 31
----------->     (WARNING)  DB.ExecuteQuery: [20]DBExecuteError - 42703: column "y" does not exist

POSITION: 31
===========>     (SEVERE)   DB.ExecuteQuery: [20] => 42703: column "c" does not exist

POSITION: 47
----------->     (WARNING)  DB.ExecuteQuery: [20]DBExecuteError - 42703: column "c" does not exist

POSITION: 47
===========>     (SEVERE)   DB.ExecuteQuery: [20] => 42703: column "s" does not exist

POSITION: 42
----------->     (WARNING)  DB.ExecuteQuery: [20]DBExecuteError - 42703: column "s" does not exist

POSITION: 42
===========>     (SEVERE)   DB.ExecuteQuery: [20] => 42703: column "x" does not exist

POSITION: 44
----------->     (WARNING)  DB.ExecuteQuery: [20]DBExecuteError - 42703: column "x" does not exist

POSITION: 44
===========>     (SEVERE)   DB.ExecuteQuery: [20] => 42703: column "c" does not exist

POSITION: 46
----------->     (WARNING)  DB.ExecuteQuery: [20]DBExecuteError - 42703: column "c" does not exist

POSITION: 46
===========>     (SEVERE)   DB.ExecuteQuery: [20] => 42703: column "c" does not exist

POSITION: 48
----------->     (WARNING)  DB.ExecuteQuery: [20]DBExecuteError - 42703: column "c" does not exist

POSITION: 48
===========>     (SEVERE)   DB.ExecuteQuery: [20] => 42703: column "n" does not exist

POSITION: 57
----------->     (WARNING)  DB.ExecuteQuery: [20]DBExecuteError - 42703: column "n" does not exist

POSITION: 57
===========>     (SEVERE)   DB.ExecuteQuery: [20] => 42703: column "y" does not exist

POSITION: 43
----------->     (WARNING)  DB.ExecuteQuery: [20]DBExecuteError - 42703: column "y" does not exist

POSITION: 43
===========>     (SEVERE)   DB.ExecuteQuery: [20] => 42601: syntax error at or near "=@#"

POSITION: 41
----------->     (WARNING)  DB.ExecuteQuery: [20]DBExecuteError - 42601: syntax error at or near "=@#"

POSITION: 41
===========>     (SEVERE)   DB.ExecuteQuery: [20] => 42601: syntax error at or near "=@#"

POSITION: 38
----------->     (WARNING)  DB.ExecuteQuery: [20]DBExecuteError - 42601: syntax error at or near "=@#"

POSITION: 38
===========>     (SEVERE)   DB.ExecuteQuery: [20] => 42703: column "y" does not exist

POSITION: 38
----------->     (WARNING)  DB.ExecuteQuery: [20]DBExecuteError - 42703: column "y" does not exist

POSITION: 38
===========>     (SEVERE)   DB.ExecuteQuery: [20] => 42703: column "y" does not exist

POSITION: 45
----------->     (WARNING)  DB.ExecuteQuery: [20]DBExecuteError - 42703: column "y" does not exist

POSITION: 45
===========>     (SEVERE)   DB.ExecuteQuery: [20] => 42601: syntax error at or near "=@#"

POSITION: 40
----------->     (WARNING)  DB.ExecuteQuery: [20]DBExecuteError - 42601: syntax error at or near "=@#"

POSITION: 40
===========>     (SEVERE)   DB.ExecuteQuery: [20] => 42601: syntax error at or near "=@#"

POSITION: 37
----------->     (WARNING)  DB.ExecuteQuery: [20]DBExecuteError - 42601: syntax error at or near "=@#"

POSITION: 37
===========>     (SEVERE)   DB.ExecuteQuery: [20] => 42703: column "y" does not exist

POSITION: 37
----------->     (WARNING)  DB.ExecuteQuery: [20]DBExecuteError - 42703: column "y" does not exist

POSITION: 37
===========>     (SEVERE)   DB.ExecuteQuery: [20] => 42601: syntax error at or near "=@"

POSITION: 39
----------->     (WARNING)  DB.ExecuteQuery: [20]DBExecuteError - 42601: syntax error at or near "=@"

POSITION: 39
===========>     (SEVERE)   DB.ExecuteQuery: [20] => 42601: syntax error at or near "=@"

POSITION: 36
----------->     (WARNING)  DB.ExecuteQuery: [20]DBExecuteError - 42601: syntax error at or near "=@"

POSITION: 36
===========>     (SEVERE)   DB.ExecuteQuery: [20] => 0A000: cannot alter type of a column used by a view or rule

DETAIL: Detail redacted as it may contain sensitive data. Specify 'Include Error Detail' in the connection string to include this information.
----------->     (WARNING)  DB.ExecuteQuery: [20]DBExecuteError - 0A000: cannot alter type of a column used by a view or rule

DETAIL: Detail redacted as it may contain sensitive data. Specify 'Include Error Detail' in the connection string to include this information.
===========>     (SEVERE)   DB.ExecuteQuery: [20] => 0A000: cannot alter type of a column used by a view or rule

DETAIL: Detail redacted as it may contain sensitive data. Specify 'Include Error Detail' in the connection string to include this information.
----------->     (WARNING)  DB.ExecuteQuery: [20]DBExecuteError - 0A000: cannot alter type of a column used by a view or rule

DETAIL: Detail redacted as it may contain sensitive data. Specify 'Include Error Detail' in the connection string to include this information.
===========>     (SEVERE)   DB.ExecuteQuery: [20] => 0A000: cannot alter type of a column used by a view or rule

DETAIL: Detail redacted as it may contain sensitive data. Specify 'Include Error Detail' in the connection string to include this information.
----------->     (WARNING)  DB.ExecuteQuery: [20]DBExecuteError - 0A000: cannot alter type of a column used by a view or rule

DETAIL: Detail redacted as it may contain sensitive data. Specify 'Include Error Detail' in the connection string to include this information.
===========>     (SEVERE)   DB.ExecuteQuery: [20] => 42703: column "y" does not exist

POSITION: 36
----------->     (WARNING)  DB.ExecuteQuery: [20]DBExecuteError - 42703: column "y" does not exist

POSITION: 36
===========>     (SEVERE)   DB.ExecuteQuery: [20] => 0A000: cannot alter type of a column used by a view or rule

DETAIL: Detail redacted as it may contain sensitive data. Specify 'Include Error Detail' in the connection string to include this information.
----------->     (WARNING)  DB.ExecuteQuery: [20]DBExecuteError - 0A000: cannot alter type of a column used by a view or rule

DETAIL: Detail redacted as it may contain sensitive data. Specify 'Include Error Detail' in the connection string to include this information.
===========>     (SEVERE)   DB.ExecuteQuery: [20] => 0A000: cannot alter type of a column used by a view or rule

DETAIL: Detail redacted as it may contain sensitive data. Specify 'Include Error Detail' in the connection string to include this information.
----------->     (WARNING)  DB.ExecuteQuery: [20]DBExecuteError - 0A000: cannot alter type of a column used by a view or rule

DETAIL: Detail redacted as it may contain sensitive data. Specify 'Include Error Detail' in the connection string to include this information.
===========>     (SEVERE)   DB.ExecuteQuery: [20] => 0A000: cannot alter type of a column used by a view or rule

DETAIL: Detail redacted as it may contain sensitive data. Specify 'Include Error Detail' in the connection string to include this information.
----------->     (WARNING)  DB.ExecuteQuery: [20]DBExecuteError - 0A000: cannot alter type of a column used by a view or rule

DETAIL: Detail redacted as it may contain sensitive data. Specify 'Include Error Detail' in the connection string to include this information.
===========>     (SEVERE)   DB.ExecuteQuery: [20] => 0A000: cannot alter type of a column used by a view or rule

DETAIL: Detail redacted as it may contain sensitive data. Specify 'Include Error Detail' in the connection string to include this information.
----------->     (WARNING)  DB.ExecuteQuery: [20]DBExecuteError - 0A000: cannot alter type of a column used by a view or rule

DETAIL: Detail redacted as it may contain sensitive data. Specify 'Include Error Detail' in the connection string to include this information.
===========>     (SEVERE)   DB.ExecuteQuery: [20] => 0A000: cannot alter type of a column used by a view or rule

DETAIL: Detail redacted as it may contain sensitive data. Specify 'Include Error Detail' in the connection string to include this information.
----------->     (WARNING)  DB.ExecuteQuery: [20]DBExecuteError - 0A000: cannot alter type of a column used by a view or rule

DETAIL: Detail redacted as it may contain sensitive data. Specify 'Include Error Detail' in the connection string to include this information.
===========>     (SEVERE)   DB.ExecuteQuery: [20] => 0A000: cannot alter type of a column used by a view or rule

DETAIL: Detail redacted as it may contain sensitive data. Specify 'Include Error Detail' in the connection string to include this information.
----------->     (WARNING)  DB.ExecuteQuery: [20]DBExecuteError - 0A000: cannot alter type of a column used by a view or rule

DETAIL: Detail redacted as it may contain sensitive data. Specify 'Include Error Detail' in the connection string to include this information.
===========>     (SEVERE)   DB.ExecuteQuery: [20] => 0A000: cannot alter type of a column used by a view or rule

DETAIL: Detail redacted as it may contain sensitive data. Specify 'Include Error Detail' in the connection string to include this information.
----------->     (WARNING)  DB.ExecuteQuery: [20]DBExecuteError - 0A000: cannot alter type of a column used by a view or rule

DETAIL: Detail redacted as it may contain sensitive data. Specify 'Include Error Detail' in the connection string to include this information.
===========>     (SEVERE)   DB.ExecuteQuery: [20] => 42601: syntax error at or near "=@#"

POSITION: 36
----------->     (WARNING)  DB.ExecuteQuery: [20]DBExecuteError - 42601: syntax error at or near "=@#"

POSITION: 36
===========>     (SEVERE)   DB.ExecuteQuery: [20] => 42601: syntax error at or near "=@#"

POSITION: 33
----------->     (WARNING)  DB.ExecuteQuery: [20]DBExecuteError - 42601: syntax error at or near "=@#"

POSITION: 33
===========>     (SEVERE)   DB.ExecuteQuery: [20] => 42703: column "y" does not exist

POSITION: 33
----------->     (WARNING)  DB.ExecuteQuery: [20]DBExecuteError - 42703: column "y" does not exist

POSITION: 33
===========>     (SEVERE)   DB.ExecuteQuery: [20] => 0A000: cannot alter type of a column used by a view or rule

DETAIL: Detail redacted as it may contain sensitive data. Specify 'Include Error Detail' in the connection string to include this information.
----------->     (WARNING)  DB.ExecuteQuery: [20]DBExecuteError - 0A000: cannot alter type of a column used by a view or rule

DETAIL: Detail redacted as it may contain sensitive data. Specify 'Include Error Detail' in the connection string to include this information.
===========>     (SEVERE)   DB.ExecuteQuery: [20] => 0A000: cannot alter type of a column used by a view or rule

DETAIL: Detail redacted as it may contain sensitive data. Specify 'Include Error Detail' in the connection string to include this information.
----------->     (WARNING)  DB.ExecuteQuery: [20]DBExecuteError - 0A000: cannot alter type of a column used by a view or rule

DETAIL: Detail redacted as it may contain sensitive data. Specify 'Include Error Detail' in the connection string to include this information.
===========>     (SEVERE)   DB.ExecuteQuery: [20] => 0A000: cannot alter type of a column used by a view or rule

DETAIL: Detail redacted as it may contain sensitive data. Specify 'Include Error Detail' in the connection string to include this information.
----------->     (WARNING)  DB.ExecuteQuery: [20]DBExecuteError - 0A000: cannot alter type of a column used by a view or rule

DETAIL: Detail redacted as it may contain sensitive data. Specify 'Include Error Detail' in the connection string to include this information.
===========>     (SEVERE)   DB.ExecuteQuery: [20] => 0A000: cannot alter type of a column used by a view or rule

DETAIL: Detail redacted as it may contain sensitive data. Specify 'Include Error Detail' in the connection string to include this information.
----------->     (WARNING)  DB.ExecuteQuery: [20]DBExecuteError - 0A000: cannot alter type of a column used by a view or rule

DETAIL: Detail redacted as it may contain sensitive data. Specify 'Include Error Detail' in the connection string to include this information.
===========>     (SEVERE)   DB.ExecuteQuery: [20] => 42601: syntax error at or near "=@"

POSITION: 37
----------->     (WARNING)  DB.ExecuteQuery: [20]DBExecuteError - 42601: syntax error at or near "=@"

POSITION: 37
===========>     (SEVERE)   DB.ExecuteQuery: [20] => 42601: syntax error at or near "=@"

POSITION: 44
----------->     (WARNING)  DB.ExecuteQuery: [20]DBExecuteError - 42601: syntax error at or near "=@"

POSITION: 44
===========>     (SEVERE)   DB.ExecuteQuery: [20] => 42601: syntax error at or near "=@"

POSITION: 41
----------->     (WARNING)  DB.ExecuteQuery: [20]DBExecuteError - 42601: syntax error at or near "=@"

POSITION: 41
===========>     (SEVERE)   DB.ExecuteQuery: [20] => 42703: column "y" does not exist

POSITION: 41
----------->     (WARNING)  DB.ExecuteQuery: [20]DBExecuteError - 42703: column "y" does not exist

POSITION: 41
===========>     (SEVERE)   DB.ExecuteQuery: [20] => 0A000: cannot alter type of a column used by a view or rule

DETAIL: Detail redacted as it may contain sensitive data. Specify 'Include Error Detail' in the connection string to include this information.
----------->     (WARNING)  DB.ExecuteQuery: [20]DBExecuteError - 0A000: cannot alter type of a column used by a view or rule

DETAIL: Detail redacted as it may contain sensitive data. Specify 'Include Error Detail' in the connection string to include this information.
===========>     (SEVERE)   DB.ExecuteQuery: [20] => 42601: syntax error at or near "=@#"

POSITION: 36
----------->     (WARNING)  DB.ExecuteQuery: [20]DBExecuteError - 42601: syntax error at or near "=@#"

POSITION: 36
===========>     (SEVERE)   DB.ExecuteQuery: [20] => 42601: syntax error at or near "=@#"

POSITION: 41
----------->     (WARNING)  DB.ExecuteQuery: [20]DBExecuteError - 42601: syntax error at or near "=@#"

POSITION: 41
===========>     (SEVERE)   DB.ExecuteQuery: [20] => 0A000: cannot alter type of a column used by a view or rule

DETAIL: Detail redacted as it may contain sensitive data. Specify 'Include Error Detail' in the connection string to include this information.
----------->     (WARNING)  DB.ExecuteQuery: [20]DBExecuteError - 0A000: cannot alter type of a column used by a view or rule

DETAIL: Detail redacted as it may contain sensitive data. Specify 'Include Error Detail' in the connection string to include this information.
----------->     (WARNING)  MColumn.GetSQLDefaultValue: [20]Get sql default: @SQL=select M_DiscountSchema_ID from M_DiscountSchema where name='Standard' and AD_CLIENT_ID=@AD_Client_ID@
===========>     (SEVERE)   DB.ExecuteQuery: [20] => 42601: syntax error at or near "=@"

POSITION: 51
----------->     (WARNING)  DB.ExecuteQuery: [20]DBExecuteError - 42601: syntax error at or near "=@"

POSITION: 51
===========>     (SEVERE)   DB.ExecuteQuery: [20] => 0A000: cannot alter type of a column used by a view or rule

DETAIL: Detail redacted as it may contain sensitive data. Specify 'Include Error Detail' in the connection string to include this information.
----------->     (WARNING)  DB.ExecuteQuery: [20]DBExecuteError - 0A000: cannot alter type of a column used by a view or rule

DETAIL: Detail redacted as it may contain sensitive data. Specify 'Include Error Detail' in the connection string to include this information.
===========>     (SEVERE)   DB.ExecuteQuery: [20] => 42601: syntax error at or near "=@#"

POSITION: 36
----------->     (WARNING)  DB.ExecuteQuery: [20]DBExecuteError - 42601: syntax error at or near "=@#"

POSITION: 36
===========>     (SEVERE)   DB.ExecuteQuery: [20] => 0A000: cannot alter type of a column used by a view or rule

DETAIL: Detail redacted as it may contain sensitive data. Specify 'Include Error Detail' in the connection string to include this information.
----------->     (WARNING)  DB.ExecuteQuery: [20]DBExecuteError - 0A000: cannot alter type of a column used by a view or rule

DETAIL: Detail redacted as it may contain sensitive data. Specify 'Include Error Detail' in the connection string to include this information.
===========>     (SEVERE)   DB.ExecuteQuery: [20] => 42601: syntax error at or near "=@#"

POSITION: 33
----------->     (WARNING)  DB.ExecuteQuery: [20]DBExecuteError - 42601: syntax error at or near "=@#"

POSITION: 33
===========>     (SEVERE)   DB.ExecuteQuery: [20] => 0A000: cannot alter type of a column used by a view or rule

DETAIL: Detail redacted as it may contain sensitive data. Specify 'Include Error Detail' in the connection string to include this information.
----------->     (WARNING)  DB.ExecuteQuery: [20]DBExecuteError - 0A000: cannot alter type of a column used by a view or rule

DETAIL: Detail redacted as it may contain sensitive data. Specify 'Include Error Detail' in the connection string to include this information.
===========>     (SEVERE)   DB.ExecuteQuery: [20] => 42703: column "y" does not exist

POSITION: 33
----------->     (WARNING)  DB.ExecuteQuery: [20]DBExecuteError - 42703: column "y" does not exist

POSITION: 33
===========>     (SEVERE)   DB.ExecuteQuery: [20] => 0A000: cannot alter type of a column used by a view or rule

DETAIL: Detail redacted as it may contain sensitive data. Specify 'Include Error Detail' in the connection string to include this information.
----------->     (WARNING)  DB.ExecuteQuery: [20]DBExecuteError - 0A000: cannot alter type of a column used by a view or rule

DETAIL: Detail redacted as it may contain sensitive data. Specify 'Include Error Detail' in the connection string to include this information.
===========>     (SEVERE)   DB.ExecuteQuery: [20] => 0A000: cannot alter type of a column used by a view or rule

DETAIL: Detail redacted as it may contain sensitive data. Specify 'Include Error Detail' in the connection string to include this information.
----------->     (WARNING)  DB.ExecuteQuery: [20]DBExecuteError - 0A000: cannot alter type of a column used by a view or rule

DETAIL: Detail redacted as it may contain sensitive data. Specify 'Include Error Detail' in the connection string to include this information.
===========>     (SEVERE)   DB.ExecuteQuery: [20] => 42601: syntax error at or near "=@"

POSITION: 34
----------->     (WARNING)  DB.ExecuteQuery: [20]DBExecuteError - 42601: syntax error at or near "=@"

POSITION: 34
===========>     (SEVERE)   DB.ExecuteQuery: [20] => 42601: syntax error at or near "=@"

POSITION: 31
----------->     (WARNING)  DB.ExecuteQuery: [20]DBExecuteError - 42601: syntax error at or near "=@"

POSITION: 31
===========>     (SEVERE)   DB.ExecuteQuery: [20] => 0A000: cannot alter type of a column used by a view or rule

DETAIL: Detail redacted as it may contain sensitive data. Specify 'Include Error Detail' in the connection string to include this information.
----------->     (WARNING)  DB.ExecuteQuery: [20]DBExecuteError - 0A000: cannot alter type of a column used by a view or rule

DETAIL: Detail redacted as it may contain sensitive data. Specify 'Include Error Detail' in the connection string to include this information.
===========>     (SEVERE)   DB.ExecuteQuery: [20] => 0A000: cannot alter type of a column used by a view or rule

DETAIL: Detail redacted as it may contain sensitive data. Specify 'Include Error Detail' in the connection string to include this information.
----------->     (WARNING)  DB.ExecuteQuery: [20]DBExecuteError - 0A000: cannot alter type of a column used by a view or rule

DETAIL: Detail redacted as it may contain sensitive data. Specify 'Include Error Detail' in the connection string to include this information.
===========>     (SEVERE)   DB.ExecuteQuery: [20] => 0A000: cannot alter type of a column used by a view or rule

DETAIL: Detail redacted as it may contain sensitive data. Specify 'Include Error Detail' in the connection string to include this information.
----------->     (WARNING)  DB.ExecuteQuery: [20]DBExecuteError - 0A000: cannot alter type of a column used by a view or rule

DETAIL: Detail redacted as it may contain sensitive data. Specify 'Include Error Detail' in the connection string to include this information.
===========>     (SEVERE)   DB.ExecuteQuery: [20] => 0A000: cannot alter type of a column used by a view or rule

DETAIL: Detail redacted as it may contain sensitive data. Specify 'Include Error Detail' in the connection string to include this information.
----------->     (WARNING)  DB.ExecuteQuery: [20]DBExecuteError - 0A000: cannot alter type of a column used by a view or rule

DETAIL: Detail redacted as it may contain sensitive data. Specify 'Include Error Detail' in the connection string to include this information.
===========>     (SEVERE)   DB.ExecuteQuery: [20] => 0A000: cannot alter type of a column used by a view or rule

DETAIL: Detail redacted as it may contain sensitive data. Specify 'Include Error Detail' in the connection string to include this information.
----------->     (WARNING)  DB.ExecuteQuery: [20]DBExecuteError - 0A000: cannot alter type of a column used by a view or rule

DETAIL: Detail redacted as it may contain sensitive data. Specify 'Include Error Detail' in the connection string to include this information.
===========>     (SEVERE)   DB.ExecuteQuery: [20] => 0A000: cannot alter type of a column used by a view or rule

DETAIL: Detail redacted as it may contain sensitive data. Specify 'Include Error Detail' in the connection string to include this information.
----------->     (WARNING)  DB.ExecuteQuery: [20]DBExecuteError - 0A000: cannot alter type of a column used by a view or rule

DETAIL: Detail redacted as it may contain sensitive data. Specify 'Include Error Detail' in the connection string to include this information.
===========>     (SEVERE)   DB.ExecuteQuery: [20] => 0A000: cannot alter type of a column used by a view or rule

DETAIL: Detail redacted as it may contain sensitive data. Specify 'Include Error Detail' in the connection string to include this information.
----------->     (WARNING)  DB.ExecuteQuery: [20]DBExecuteError - 0A000: cannot alter type of a column used by a view or rule

DETAIL: Detail redacted as it may contain sensitive data. Specify 'Include Error Detail' in the connection string to include this information.
===========>     (SEVERE)   DB.ExecuteQuery: [20] => 0A000: cannot alter type of a column used by a view or rule

DETAIL: Detail redacted as it may contain sensitive data. Specify 'Include Error Detail' in the connection string to include this information.
----------->     (WARNING)  DB.ExecuteQuery: [20]DBExecuteError - 0A000: cannot alter type of a column used by a view or rule

DETAIL: Detail redacted as it may contain sensitive data. Specify 'Include Error Detail' in the connection string to include this information.
===========>     (SEVERE)   DB.ExecuteQuery: [20] => 0A000: cannot alter type of a column used by a view or rule

DETAIL: Detail redacted as it may contain sensitive data. Specify 'Include Error Detail' in the connection string to include this information.
----------->     (WARNING)  DB.ExecuteQuery: [20]DBExecuteError - 0A000: cannot alter type of a column used by a view or rule

DETAIL: Detail redacted as it may contain sensitive data. Specify 'Include Error Detail' in the connection string to include this information.
===========>     (SEVERE)   DB.ExecuteQuery: [20] => 0A000: cannot alter type of a column used by a view or rule

DETAIL: Detail redacted as it may contain sensitive data. Specify 'Include Error Detail' in the connection string to include this information.
----------->     (WARNING)  DB.ExecuteQuery: [20]DBExecuteError - 0A000: cannot alter type of a column used by a view or rule

DETAIL: Detail redacted as it may contain sensitive data. Specify 'Include Error Detail' in the connection string to include this information.
===========>     (SEVERE)   DB.ExecuteQuery: [20] => 0A000: cannot alter type of a column used by a view or rule

DETAIL: Detail redacted as it may contain sensitive data. Specify 'Include Error Detail' in the connection string to include this information.
----------->     (WARNING)  DB.ExecuteQuery: [20]DBExecuteError - 0A000: cannot alter type of a column used by a view or rule

DETAIL: Detail redacted as it may contain sensitive data. Specify 'Include Error Detail' in the connection string to include this information.
===========>     (SEVERE)   DB.ExecuteQuery: [20] => 0A000: cannot alter type of a column used by a view or rule

DETAIL: Detail redacted as it may contain sensitive data. Specify 'Include Error Detail' in the connection string to include this information.
----------->     (WARNING)  DB.ExecuteQuery: [20]DBExecuteError - 0A000: cannot alter type of a column used by a view or rule

DETAIL: Detail redacted as it may contain sensitive data. Specify 'Include Error Detail' in the connection string to include this information.
===========>     (SEVERE)   DB.ExecuteQuery: [20] => 0A000: cannot alter type of a column used by a view or rule

DETAIL: Detail redacted as it may contain sensitive data. Specify 'Include Error Detail' in the connection string to include this information.
----------->     (WARNING)  DB.ExecuteQuery: [20]DBExecuteError - 0A000: cannot alter type of a column used by a view or rule

DETAIL: Detail redacted as it may contain sensitive data. Specify 'Include Error Detail' in the connection string to include this information.
===========>     (SEVERE)   DB.ExecuteQuery: [20] => 0A000: cannot alter type of a column used by a view or rule

DETAIL: Detail redacted as it may contain sensitive data. Specify 'Include Error Detail' in the connection string to include this information.
----------->     (WARNING)  DB.ExecuteQuery: [20]DBExecuteError - 0A000: cannot alter type of a column used by a view or rule

DETAIL: Detail redacted as it may contain sensitive data. Specify 'Include Error Detail' in the connection string to include this information.
===========>     (SEVERE)   DB.ExecuteQuery: [20] => 0A000: cannot alter type of a column used by a view or rule

DETAIL: Detail redacted as it may contain sensitive data. Specify 'Include Error Detail' in the connection string to include this information.
----------->     (WARNING)  DB.ExecuteQuery: [20]DBExecuteError - 0A000: cannot alter type of a column used by a view or rule

DETAIL: Detail redacted as it may contain sensitive data. Specify 'Include Error Detail' in the connection string to include this information.
===========>     (SEVERE)   DB.ExecuteQuery: [20] => 0A000: cannot alter type of a column used by a view or rule

DETAIL: Detail redacted as it may contain sensitive data. Specify 'Include Error Detail' in the connection string to include this information.
----------->     (WARNING)  DB.ExecuteQuery: [20]DBExecuteError - 0A000: cannot alter type of a column used by a view or rule

DETAIL: Detail redacted as it may contain sensitive data. Specify 'Include Error Detail' in the connection string to include this information.
===========>     (SEVERE)   DB.ExecuteQuery: [20] => 0A000: cannot alter type of a column used by a view or rule

DETAIL: Detail redacted as it may contain sensitive data. Specify 'Include Error Detail' in the connection string to include this information.
----------->     (WARNING)  DB.ExecuteQuery: [20]DBExecuteError - 0A000: cannot alter type of a column used by a view or rule

DETAIL: Detail redacted as it may contain sensitive data. Specify 'Include Error Detail' in the connection string to include this information.
===========>     (SEVERE)   DB.ExecuteQuery: [20] => 0A000: cannot alter type of a column used by a view or rule

DETAIL: Detail redacted as it may contain sensitive data. Specify 'Include Error Detail' in the connection string to include this information.
----------->     (WARNING)  DB.ExecuteQuery: [20]DBExecuteError - 0A000: cannot alter type of a column used by a view or rule

DETAIL: Detail redacted as it may contain sensitive data. Specify 'Include Error Detail' in the connection string to include this information.
===========>     (SEVERE)   DB.ExecuteQuery: [20] => 0A000: cannot alter type of a column used by a view or rule

DETAIL: Detail redacted as it may contain sensitive data. Specify 'Include Error Detail' in the connection string to include this information.
----------->     (WARNING)  DB.ExecuteQuery: [20]DBExecuteError - 0A000: cannot alter type of a column used by a view or rule

DETAIL: Detail redacted as it may contain sensitive data. Specify 'Include Error Detail' in the connection string to include this information.
===========>     (SEVERE)   DB.ExecuteQuery: [20] => 0A000: cannot alter type of a column used by a view or rule

DETAIL: Detail redacted as it may contain sensitive data. Specify 'Include Error Detail' in the connection string to include this information.
----------->     (WARNING)  DB.ExecuteQuery: [20]DBExecuteError - 0A000: cannot alter type of a column used by a view or rule

DETAIL: Detail redacted as it may contain sensitive data. Specify 'Include Error Detail' in the connection string to include this information.
===========>     (SEVERE)   DB.ExecuteQuery: [20] => 0A000: cannot alter type of a column used by a view or rule

DETAIL: Detail redacted as it may contain sensitive data. Specify 'Include Error Detail' in the connection string to include this information.
----------->     (WARNING)  DB.ExecuteQuery: [20]DBExecuteError - 0A000: cannot alter type of a column used by a view or rule

DETAIL: Detail redacted as it may contain sensitive data. Specify 'Include Error Detail' in the connection string to include this information.
===========>     (SEVERE)   DB.ExecuteQuery: [20] => 42601: syntax error at or near "=@#"

POSITION: 32
----------->     (WARNING)  DB.ExecuteQuery: [20]DBExecuteError - 42601: syntax error at or near "=@#"

POSITION: 32
===========>     (SEVERE)   DB.ExecuteQuery: [20] => 0A000: cannot alter type of a column used by a view or rule

DETAIL: Detail redacted as it may contain sensitive data. Specify 'Include Error Detail' in the connection string to include this information.
----------->     (WARNING)  DB.ExecuteQuery: [20]DBExecuteError - 0A000: cannot alter type of a column used by a view or rule

DETAIL: Detail redacted as it may contain sensitive data. Specify 'Include Error Detail' in the connection string to include this information.
===========>     (SEVERE)   DB.ExecuteQuery: [20] => 42601: syntax error at or near "=@#"

POSITION: 29
----------->     (WARNING)  DB.ExecuteQuery: [20]DBExecuteError - 42601: syntax error at or near "=@#"

POSITION: 29
===========>     (SEVERE)   DB.ExecuteQuery: [20] => 0A000: cannot alter type of a column used by a view or rule

DETAIL: Detail redacted as it may contain sensitive data. Specify 'Include Error Detail' in the connection string to include this information.
----------->     (WARNING)  DB.ExecuteQuery: [20]DBExecuteError - 0A000: cannot alter type of a column used by a view or rule

DETAIL: Detail redacted as it may contain sensitive data. Specify 'Include Error Detail' in the connection string to include this information.
===========>     (SEVERE)   DB.ExecuteQuery: [20] => 0A000: cannot alter type of a column used by a view or rule

DETAIL: Detail redacted as it may contain sensitive data. Specify 'Include Error Detail' in the connection string to include this information.
----------->     (WARNING)  DB.ExecuteQuery: [20]DBExecuteError - 0A000: cannot alter type of a column used by a view or rule

DETAIL: Detail redacted as it may contain sensitive data. Specify 'Include Error Detail' in the connection string to include this information.
===========>     (SEVERE)   DB.ExecuteQuery: [20] => 0A000: cannot alter type of a column used by a view or rule

DETAIL: Detail redacted as it may contain sensitive data. Specify 'Include Error Detail' in the connection string to include this information.
----------->     (WARNING)  DB.ExecuteQuery: [20]DBExecuteError - 0A000: cannot alter type of a column used by a view or rule

DETAIL: Detail redacted as it may contain sensitive data. Specify 'Include Error Detail' in the connection string to include this information.
===========>     (SEVERE)   DB.ExecuteQuery: [20] => 0A000: cannot alter type of a column used by a view or rule

DETAIL: Detail redacted as it may contain sensitive data. Specify 'Include Error Detail' in the connection string to include this information.
----------->     (WARNING)  DB.ExecuteQuery: [20]DBExecuteError - 0A000: cannot alter type of a column used by a view or rule

DETAIL: Detail redacted as it may contain sensitive data. Specify 'Include Error Detail' in the connection string to include this information.
===========>     (SEVERE)   DB.ExecuteQuery: [20] => 42703: column "y" does not exist

POSITION: 29
----------->     (WARNING)  DB.ExecuteQuery: [20]DBExecuteError - 42703: column "y" does not exist

POSITION: 29
===========>     (SEVERE)   DB.ExecuteQuery: [20] => 0A000: cannot alter type of a column used by a view or rule

DETAIL: Detail redacted as it may contain sensitive data. Specify 'Include Error Detail' in the connection string to include this information.
----------->     (WARNING)  DB.ExecuteQuery: [20]DBExecuteError - 0A000: cannot alter type of a column used by a view or rule

DETAIL: Detail redacted as it may contain sensitive data. Specify 'Include Error Detail' in the connection string to include this information.
===========>     (SEVERE)   DB.ExecuteQuery: [20] => 0A000: cannot alter type of a column used by a view or rule

DETAIL: Detail redacted as it may contain sensitive data. Specify 'Include Error Detail' in the connection string to include this information.
----------->     (WARNING)  DB.ExecuteQuery: [20]DBExecuteError - 0A000: cannot alter type of a column used by a view or rule

DETAIL: Detail redacted as it may contain sensitive data. Specify 'Include Error Detail' in the connection string to include this information.
===========>     (SEVERE)   DB.ExecuteQuery: [20] => 0A000: cannot alter type of a column used by a view or rule

DETAIL: Detail redacted as it may contain sensitive data. Specify 'Include Error Detail' in the connection string to include this information.
----------->     (WARNING)  DB.ExecuteQuery: [20]DBExecuteError - 0A000: cannot alter type of a column used by a view or rule

DETAIL: Detail redacted as it may contain sensitive data. Specify 'Include Error Detail' in the connection string to include this information.
===========>     (SEVERE)   DB.ExecuteQuery: [20] => 42P16: multiple primary keys for table "m_productprice" are not allowed
----------->     (WARNING)  DB.ExecuteQuery: [20]DBExecuteError - 42P16: multiple primary keys for table "m_productprice" are not allowed
===========>     (SEVERE)   DB.ExecuteQuery: [20] => 42601: syntax error at or near "AS"

POSITION: 166
----------->     (WARNING)  DB.ExecuteQuery: [20]DBExecuteError - 42601: syntax error at or near "AS"

POSITION: 166
===========>     (SEVERE)   DB.ExecuteQuery: [20] => 42601: syntax error at or near "AS"

POSITION: 160
----------->     (WARNING)  DB.ExecuteQuery: [20]DBExecuteError - 42601: syntax error at or near "AS"

POSITION: 160
===========>     (SEVERE)   DB.ExecuteQuery: [20] => 42601: syntax error at or near "AS"

POSITION: 156
----------->     (WARNING)  DB.ExecuteQuery: [20]DBExecuteError - 42601: syntax error at or near "AS"

POSITION: 156
===========>     (SEVERE)   DB.ExecuteQuery: [20] => 42601: syntax error at or near "AS"

POSITION: 211
----------->     (WARNING)  DB.ExecuteQuery: [20]DBExecuteError - 42601: syntax error at or near "AS"

POSITION: 211
===========>     (SEVERE)   DB.ExecuteQuery: [20] => 42601: syntax error at or near "AS"

POSITION: 214
----------->     (WARNING)  DB.ExecuteQuery: [20]DBExecuteError - 42601: syntax error at or near "AS"

POSITION: 214
===========>     (SEVERE)   DB.ExecuteQuery: [20] => 42601: syntax error at or near "AS"

POSITION: 217
----------->     (WARNING)  DB.ExecuteQuery: [20]DBExecuteError - 42601: syntax error at or near "AS"

POSITION: 217
===========>     (SEVERE)   DB.ExecuteQuery: [20] => 42601: syntax error at or near "AS"

POSITION: 195
----------->     (WARNING)  DB.ExecuteQuery: [20]DBExecuteError - 42601: syntax error at or near "AS"

POSITION: 195
09:48:53.485    (INFO)     ConvertSQL.ApplyConvertMap: [20]Exception clause needs to be converted: CREATE OR REPLACE FUNCTION VAPRC_GetPriceListProduct( p_M_Product IN NUMBER, p_vendor_ID IN NUMBER, p_ProdCategory_ID IN NUMBER, p_Brand_ID IN NUMBER, p_DiscountSchema_ID IN NUMBER) RETURN NUMBER AS IsExist VARCHAR2 (40); BEGIN SELECT COALESCE ( (SELECT m_discountschemaline_id FROM (SELECT m_discountschemaline_id, CASE WHEN C_Bpartner_ID IS NULL THEN 0 ELSE 1 END A1, CASE WHEN M_Product_Category_ID IS NULL THEN 0 ELSE 1 END B1, CASE WHEN m_product_id IS NULL THEN 0 ELSE 1 END C1, CASE WHEN VAPRC_SumLevelProd IS NOT NULL THEN 0 ELSE 1 END TMP1, CASE WHEN M_brand_id IS NULL THEN 0 ELSE 1 END E1 FROM m_discountschemaline WHERE (m_product_id = p_M_Product OR m_product_id IS NULL) AND (C_Bpartner_ID = p_vendor_ID OR C_Bpartner_ID IS NULL) AND (M_Product_Category_ID = p_ProdCategory_ID OR M_Product_Category_ID IS NULL) AND M_DiscountSchema_ID = p_DiscountSchema_ID AND (M_Brand_id = p_Brand_ID OR M_Brand_id IS NULL) ORDER BY A1 + B1 + C1 + E1 DESC, A1, B1, C1, E1, TMP1, created DESC ) WHERE ROWNUM = 1 ) ,0) INTO IsExist FROM DUAL; RETURN IsExist; EXCEPTION WHEN OTHERS THEN DBMS_OUTPUT.PUT_LINE (SQLERRM); RETURN 99; END VAPRC_GetPriceListProduct;
===========>     (SEVERE)   DB.ExecuteQuery: [20] => 42601: syntax error at or near "AS"

POSITION: 197
----------->     (WARNING)  DB.ExecuteQuery: [20]DBExecuteError - 42601: syntax error at or near "AS"

POSITION: 197
09:48:53.485    (INFO)     ConvertSQL.ApplyConvertMap: [20]Exception clause needs to be converted: CREATE OR REPLACE FUNCTION VAPRC_GetPriceListException( p_M_Product IN NUMBER, p_vendor_ID IN NUMBER, p_ProdCategory_ID IN NUMBER, p_Brand_ID IN NUMBER, p_M_DiscountSchemaLine_ID IN NUMBER ) RETURN NUMBER AS IsExist VARCHAR2(40); BEGIN ISEXIST := VARC_GetPriceListParam5(p_M_Product,p_vendor_ID,p_ProdCategory_ID,p_Brand_ID,p_M_DiscountSchemaLine_ID); IF(IsExist >0) THEN DBMS_OUTPUT.PUT_LINE(' DiscountSchema Found For Product ID : ' || p_M_Product ); RETURN IsExist; ELSE ISEXIST := VARC_GetPriceListParam4(p_M_Product,p_vendor_ID,p_ProdCategory_ID,p_Brand_ID,p_M_DiscountSchemaLine_ID); IF(IsExist >0) THEN DBMS_OUTPUT.PUT_LINE(' DiscountSchema Found For Product ID : ' || p_M_Product ); RETURN IsExist; ELSE ISEXIST := VARC_GetPriceListParam3(p_M_Product,p_vendor_ID,p_ProdCategory_ID,p_Brand_ID,p_M_DiscountSchemaLine_ID); IF(IsExist >0) THEN DBMS_OUTPUT.PUT_LINE(' DiscountSchema Found For Product ID : ' || p_M_Product ); RETURN IsExist; ELSE ISEXIST := VARC_GetPriceListParam2(p_M_Product,p_vendor_ID,p_ProdCategory_ID,p_Brand_ID,p_M_DiscountSchemaLine_ID); IF(IsExist >0) THEN DBMS_OUTPUT.PUT_LINE(' DiscountSchema Found For Product ID : ' || p_M_Product ); RETURN IsExist; ELSE ISEXIST := VARC_GetPriceListParam1(p_M_Product,p_vendor_ID,p_ProdCategory_ID,p_Brand_ID,p_M_DiscountSchemaLine_ID); IF(IsExist >0) THEN DBMS_OUTPUT.PUT_LINE(' DiscountSchema Found For Product ID : ' || p_M_Product ); RETURN IsExist; ELSE DBMS_OUTPUT.PUT_LINE('No DiscountSchema Found For Product ID : '|| p_M_Product ); RETURN 0; END IF; END IF; END IF; END IF; END IF; EXCEPTION WHEN OTHERS THEN DBMS_OUTPUT.PUT_LINE(SQLERRM); RETURN '99'; END VAPRC_GetPriceListException ;
===========>     (SEVERE)   DB.ExecuteQuery: [20] => 42601: syntax error at or near "AS"

POSITION: 206
----------->     (WARNING)  DB.ExecuteQuery: [20]DBExecuteError - 42601: syntax error at or near "AS"

POSITION: 206
09:48:53.485    (INFO)     ConvertSQL.ApplyConvertMap: [20]Exception clause needs to be converted: CREATE OR REPLACE FUNCTION VARC_GetPriceListParam5( p_M_Product IN NUMBER, p_vendor_ID IN NUMBER, p_ProdCategory_ID IN NUMBER, p_Brand_ID IN NUMBER, p_M_DiscountSchemaLine_ID IN NUMBER ) RETURN NUMBER AS IsExist VARCHAR2(40); BEGIN SELECT COALESCE( (SELECT VAPRC_Exception_ID FROM (SELECT VAPRC_Exception_ID, rownum FROM VAPRC_Exception WHERE m_product_id =p_M_Product AND M_Product_Category_ID =p_ProdCategory_ID AND C_Bpartner_ID =p_vendor_ID AND M_Brand_ID =p_Brand_ID AND M_DiscountSchemaLine_ID =p_M_DiscountSchemaLine_ID AND VAPRC_SumLevelProd IS NOT NULL ORDER BY created DESC ) WHERE rownum=1 ),0) INTO IsExist FROM dual ; IF(IsExist >0) THEN DBMS_OUTPUT.PUT_LINE(' DiscountSchema Found For Product ID : ' || p_M_Product ); RETURN IsExist; ELSE DBMS_OUTPUT.PUT_LINE('No DiscountSchema Found For Product ID : '|| p_M_Product ); RETURN 0; END IF; EXCEPTION WHEN OTHERS THEN DBMS_OUTPUT.PUT_LINE(SQLERRM); RETURN 99; END VARC_GetPriceListParam5;
===========>     (SEVERE)   DB.ExecuteQuery: [20] => 42601: syntax error at or near "AS"

POSITION: 202
----------->     (WARNING)  DB.ExecuteQuery: [20]DBExecuteError - 42601: syntax error at or near "AS"

POSITION: 202
09:48:53.485    (INFO)     ConvertSQL.ApplyConvertMap: [20]Exception clause needs to be converted: CREATE OR REPLACE FUNCTION VARC_GetPriceListParam4( p_M_Product IN NUMBER, p_vendor_ID IN NUMBER, p_ProdCategory_ID IN NUMBER, p_Brand_ID IN NUMBER, p_M_DiscountSchemaLine_ID IN NUMBER ) RETURN NUMBER AS IsExist VARCHAR2(40); BEGIN SELECT COALESCE( (SELECT VAPRC_Exception_ID FROM (SELECT VAPRC_Exception_ID, rownum FROM VAPRC_Exception WHERE m_product_id =p_M_Product AND M_Product_Category_ID =p_ProdCategory_ID AND C_Bpartner_ID =p_vendor_ID AND M_Brand_ID =p_Brand_ID AND M_DiscountSchemaLine_ID =p_M_DiscountSchemaLine_ID AND VAPRC_SumLevelProd IS NULL ORDER BY created DESC ) WHERE rownum=1 ),0) INTO IsExist FROM dual ; IF(IsExist >0) THEN DBMS_OUTPUT.PUT_LINE(' DiscountSchema Found For Product ID : ' || p_M_Product ); RETURN IsExist; ELSE SELECT COALESCE( (SELECT VAPRC_Exception_ID FROM (SELECT VAPRC_Exception_ID, rownum FROM VAPRC_Exception WHERE m_product_id =p_M_Product AND M_Product_Category_ID =p_ProdCategory_ID AND C_Bpartner_ID =p_vendor_ID AND M_Brand_ID IS NULL AND M_DiscountSchemaLine_ID =p_M_DiscountSchemaLine_ID AND VAPRC_SumLevelProd IS NOT NULL ORDER BY created DESC ) WHERE rownum=1 ),0) INTO IsExist FROM dual ; IF(IsExist >0) THEN DBMS_OUTPUT.PUT_LINE(' DiscountSchema Found For Product ID : ' || p_M_Product ); RETURN IsExist; ELSE SELECT COALESCE( (SELECT VAPRC_Exception_ID FROM (SELECT VAPRC_Exception_ID, rownum FROM VAPRC_Exception WHERE m_product_id IS NULL AND M_Product_Category_ID =p_ProdCategory_ID AND C_Bpartner_ID =p_vendor_ID AND M_Brand_ID =p_Brand_ID AND M_DiscountSchemaLine_ID =p_M_DiscountSchemaLine_ID AND VAPRC_SumLevelProd IS NOT NULL ORDER BY created DESC ) WHERE rownum=1 ),0) INTO IsExist FROM dual ; IF(IsExist >0) THEN DBMS_OUTPUT.PUT_LINE(' DiscountSchema Found For Product ID : ' || p_M_Product ); RETURN IsExist; ELSE SELECT COALESCE( (SELECT VAPRC_Exception_ID FROM (SELECT VAPRC_Exception_ID, rownum FROM VAPRC_Exception WHERE m_product_id =p_M_Product AND M_Product_Category_ID =p_ProdCategory_ID AND C_Bpartner_ID IS NULL AND M_Brand_ID =p_Brand_ID AND M_DiscountSchemaLine_ID =p_M_DiscountSchemaLine_ID AND VAPRC_SumLevelProd IS NOT NULL ORDER BY created DESC ) WHERE rownum=1 ),0) INTO IsExist FROM dual ; IF(IsExist >0) THEN DBMS_OUTPUT.PUT_LINE(' DiscountSchema Found For Product ID : ' || p_M_Product ); RETURN IsExist; ELSE SELECT COALESCE( (SELECT VAPRC_Exception_ID FROM (SELECT VAPRC_Exception_ID, rownum FROM VAPRC_Exception WHERE m_product_id =p_M_Product AND M_Product_Category_ID IS NULL AND C_Bpartner_ID =p_vendor_ID AND M_Brand_ID =p_Brand_ID AND M_DiscountSchemaLine_ID =p_M_DiscountSchemaLine_ID AND VAPRC_SumLevelProd IS NOT NULL ORDER BY created DESC ) WHERE rownum=1 ),0) INTO IsExist FROM dual ; IF(IsExist >0) THEN DBMS_OUTPUT.PUT_LINE(' DiscountSchema Found For Product ID : ' || p_M_Product ); RETURN IsExist; ELSE DBMS_OUTPUT.PUT_LINE('No DiscountSchema Found For Product ID : '|| p_M_Product ); RETURN 0; END IF; END IF; END IF; END IF; END IF; EXCEPTION WHEN OTHERS THEN DBMS_OUTPUT.PUT_LINE(SQLERRM); RETURN 99; END VARC_GetPriceListParam4;
===========>     (SEVERE)   DB.ExecuteQuery: [20] => 42601: syntax error at or near "AS"

POSITION: 202
----------->     (WARNING)  DB.ExecuteQuery: [20]DBExecuteError - 42601: syntax error at or near "AS"

POSITION: 202
09:48:53.485    (INFO)     ConvertSQL.ApplyConvertMap: [20]Exception clause needs to be converted: CREATE OR REPLACE FUNCTION VARC_GetPriceListParam3( p_M_Product IN NUMBER, p_vendor_ID IN NUMBER, p_ProdCategory_ID IN NUMBER, p_Brand_ID IN NUMBER, p_M_DiscountSchemaLine_ID IN NUMBER ) RETURN NUMBER AS IsExist VARCHAR2(40); BEGIN SELECT COALESCE( (SELECT VAPRC_Exception_ID FROM (SELECT VAPRC_Exception_ID, rownum FROM VAPRC_Exception WHERE m_product_id =p_M_Product AND M_Product_Category_ID =p_ProdCategory_ID AND C_Bpartner_ID =p_vendor_ID AND M_Brand_ID IS NULL AND M_DiscountSchemaLine_ID =p_M_DiscountSchemaLine_ID AND VAPRC_SumLevelProd IS NULL ORDER BY created DESC ) WHERE rownum=1 ),0) INTO IsExist FROM dual ; IF(IsExist >0) THEN DBMS_OUTPUT.PUT_LINE(' DiscountSchema Found For Product ID : ' || p_M_Product ); RETURN IsExist; ELSE SELECT COALESCE( (SELECT VAPRC_Exception_ID FROM (SELECT VAPRC_Exception_ID, rownum FROM VAPRC_Exception WHERE m_product_id =p_M_Product AND M_Product_Category_ID IS NULL AND C_Bpartner_ID =p_vendor_ID AND M_Brand_ID =p_Brand_ID AND M_DiscountSchemaLine_ID =p_M_DiscountSchemaLine_ID AND VAPRC_SumLevelProd IS NULL ORDER BY created DESC ) WHERE rownum=1 ),0) INTO IsExist FROM dual ; IF(IsExist >0) THEN DBMS_OUTPUT.PUT_LINE(' DiscountSchema Found For Product ID : ' || p_M_Product ); RETURN IsExist; ELSE SELECT COALESCE( (SELECT VAPRC_Exception_ID FROM (SELECT VAPRC_Exception_ID, rownum FROM VAPRC_Exception WHERE m_product_id =p_M_Product AND M_Product_Category_ID IS NULL AND C_Bpartner_ID =p_vendor_ID AND M_Brand_ID IS NULL AND M_DiscountSchemaLine_ID =p_M_DiscountSchemaLine_ID AND VAPRC_SumLevelProd IS NOT NULL ORDER BY created DESC ) WHERE rownum=1 ),0) INTO IsExist FROM dual ; IF(IsExist >0) THEN DBMS_OUTPUT.PUT_LINE(' DiscountSchema Found For Product ID : ' || p_M_Product ); RETURN IsExist; ELSE SELECT COALESCE( (SELECT VAPRC_Exception_ID FROM (SELECT VAPRC_Exception_ID, rownum FROM VAPRC_Exception WHERE m_product_id IS NULL AND M_Product_Category_ID =p_ProdCategory_ID AND C_Bpartner_ID =p_vendor_ID AND M_Brand_ID =p_Brand_ID AND M_DiscountSchemaLine_ID =p_M_DiscountSchemaLine_ID AND VAPRC_SumLevelProd IS NULL ORDER BY created DESC ) WHERE rownum=1 ),0) INTO IsExist FROM dual ; IF(IsExist >0) THEN DBMS_OUTPUT.PUT_LINE(' DiscountSchema Found For Product ID : ' || p_M_Product ); RETURN IsExist; ELSE SELECT COALESCE( (SELECT VAPRC_Exception_ID FROM (SELECT VAPRC_Exception_ID, rownum FROM VAPRC_Exception WHERE m_product_id IS NULL AND M_Product_Category_ID =p_ProdCategory_ID AND C_Bpartner_ID =p_vendor_ID AND M_Brand_ID IS NULL AND M_DiscountSchemaLine_ID =p_M_DiscountSchemaLine_ID AND VAPRC_SumLevelProd IS NOT NULL ORDER BY created DESC ) WHERE rownum=1 ),0) INTO IsExist FROM dual ; IF(IsExist >0) THEN DBMS_OUTPUT.PUT_LINE(' DiscountSchema Found For Product ID : ' || p_M_Product ); RETURN IsExist; ELSE SELECT COALESCE( (SELECT VAPRC_Exception_ID FROM (SELECT VAPRC_Exception_ID, rownum FROM VAPRC_Exception WHERE m_product_id IS NULL AND M_Product_Category_ID IS NULL AND C_Bpartner_ID =p_vendor_ID AND M_Brand_ID =p_Brand_ID AND M_DiscountSchemaLine_ID =p_M_DiscountSchemaLine_ID AND VAPRC_SumLevelProd IS NOT NULL ORDER BY created DESC ) WHERE rownum=1 ),0) INTO IsExist FROM dual ; IF(IsExist >0) THEN DBMS_OUTPUT.PUT_LINE(' DiscountSchema Found For Product ID : ' || p_M_Product ); RETURN IsExist; ELSE SELECT COALESCE( (SELECT VAPRC_Exception_ID FROM (SELECT VAPRC_Exception_ID, rownum FROM VAPRC_Exception WHERE m_product_id =p_M_Product AND M_Product_Category_ID =p_ProdCategory_ID AND C_Bpartner_ID IS NULL AND M_Brand_ID =p_Brand_ID AND M_DiscountSchemaLine_ID =p_M_DiscountSchemaLine_ID AND VAPRC_SumLevelProd IS NULL ORDER BY created DESC ) WHERE rownum=1 ),0) INTO IsExist FROM dual ; IF(IsExist >0) THEN DBMS_OUTPUT.PUT_LINE(' DiscountSchema Found For Product ID : ' || p_M_Product ); RETURN IsExist; ELSE SELECT COALESCE( (SELECT VAPRC_Exception_ID FROM (SELECT VAPRC_Exception_ID, rownum FROM VAPRC_Exception WHERE m_product_id =p_M_Product AND M_Product_Category_ID =p_ProdCategory_ID AND C_Bpartner_ID IS NULL AND M_Brand_ID IS NULL AND M_DiscountSchemaLine_ID =p_M_DiscountSchemaLine_ID AND VAPRC_SumLevelProd IS NOT NULL ORDER BY created DESC ) WHERE rownum=1 ),0) INTO IsExist FROM dual ; IF(IsExist >0) THEN DBMS_OUTPUT.PUT_LINE(' DiscountSchema Found For Product ID : ' || p_M_Product ); RETURN IsExist; ELSE SELECT COALESCE( (SELECT VAPRC_Exception_ID FROM (SELECT VAPRC_Exception_ID, rownum FROM VAPRC_Exception WHERE m_product_id =p_M_Product AND M_Product_Category_ID IS NULL AND C_Bpartner_ID IS NULL AND M_Brand_ID =p_Brand_ID AND M_DiscountSchemaLine_ID =p_M_DiscountSchemaLine_ID AND VAPRC_SumLevelProd IS NOT NULL ORDER BY created DESC ) WHERE rownum=1 ),0) INTO IsExist FROM dual ; IF(IsExist >0) THEN DBMS_OUTPUT.PUT_LINE(' DiscountSchema Found For Product ID : ' || p_M_Product ); RETURN IsExist; ELSE SELECT COALESCE( (SELECT VAPRC_Exception_ID FROM (SELECT VAPRC_Exception_ID, rownum FROM VAPRC_Exception WHERE m_product_id IS NULL AND M_Product_Category_ID =p_ProdCategory_ID AND C_Bpartner_ID IS NULL AND M_Brand_ID =p_Brand_ID AND M_DiscountSchemaLine_ID =p_M_DiscountSchemaLine_ID AND VAPRC_SumLevelProd IS NOT NULL ORDER BY created DESC ) WHERE rownum=1 ),0) INTO IsExist FROM dual ; IF(IsExist >0) THEN DBMS_OUTPUT.PUT_LINE(' DiscountSchema Found For Product ID : ' || p_M_Product ); RETURN IsExist; ELSE DBMS_OUTPUT.PUT_LINE('No DiscountSchema Found For Product ID : '|| p_M_Product ); RETURN 0; END IF; END IF; END IF; END IF; END IF; END IF; END IF; END IF; END IF; END IF; EXCEPTION WHEN OTHERS THEN DBMS_OUTPUT.PUT_LINE(SQLERRM); RETURN 99; END VARC_GetPriceListParam3;
===========>     (SEVERE)   DB.ExecuteQuery: [20] => 42601: syntax error at or near "AS"

POSITION: 202
----------->     (WARNING)  DB.ExecuteQuery: [20]DBExecuteError - 42601: syntax error at or near "AS"

POSITION: 202
09:48:53.485    (INFO)     ConvertSQL.ApplyConvertMap: [20]Exception clause needs to be converted: CREATE OR REPLACE FUNCTION VARC_GetPriceListParam2( p_M_Product IN NUMBER, p_vendor_ID IN NUMBER, p_ProdCategory_ID IN NUMBER, p_Brand_ID IN NUMBER, p_M_DiscountSchemaLine_ID IN NUMBER ) RETURN NUMBER AS IsExist VARCHAR2(40); BEGIN SELECT COALESCE( (SELECT VAPRC_Exception_ID FROM (SELECT VAPRC_Exception_ID, rownum FROM VAPRC_Exception WHERE m_product_id =p_M_Product AND M_Product_Category_ID IS NULL AND C_Bpartner_ID =p_vendor_ID AND M_Brand_ID IS NULL AND M_DiscountSchemaLine_ID =p_M_DiscountSchemaLine_ID AND VAPRC_SumLevelProd IS NULL ORDER BY created DESC ) WHERE rownum=1 ),0) INTO IsExist FROM dual ; IF(IsExist >0) THEN DBMS_OUTPUT.PUT_LINE(' DiscountSchema Found For Product ID : ' || p_M_Product ); RETURN IsExist; ELSE SELECT COALESCE( (SELECT VAPRC_Exception_ID FROM (SELECT VAPRC_Exception_ID, rownum FROM VAPRC_Exception WHERE m_product_id IS NULL AND M_Product_Category_ID =p_ProdCategory_ID AND C_Bpartner_ID =p_vendor_ID AND M_Brand_ID IS NULL AND M_DiscountSchemaLine_ID =p_M_DiscountSchemaLine_ID AND VAPRC_SumLevelProd IS NULL ORDER BY created DESC ) WHERE rownum=1 ),0) INTO IsExist FROM dual ; IF(IsExist >0) THEN DBMS_OUTPUT.PUT_LINE(' DiscountSchema Found For Product ID : ' || p_M_Product ); RETURN IsExist; ELSE SELECT COALESCE( (SELECT VAPRC_Exception_ID FROM (SELECT VAPRC_Exception_ID, rownum FROM VAPRC_Exception WHERE m_product_id IS NULL AND M_Product_Category_ID IS NULL AND C_Bpartner_ID =p_vendor_ID AND M_Brand_ID =p_Brand_ID AND M_DiscountSchemaLine_ID =p_M_DiscountSchemaLine_ID AND VAPRC_SumLevelProd IS NULL ORDER BY created DESC ) WHERE rownum=1 ),0) INTO IsExist FROM dual ; IF(IsExist >0) THEN DBMS_OUTPUT.PUT_LINE(' DiscountSchema Found For Product ID : ' || p_M_Product ); RETURN IsExist; ELSE SELECT COALESCE( (SELECT VAPRC_Exception_ID FROM (SELECT VAPRC_Exception_ID, rownum FROM VAPRC_Exception WHERE m_product_id IS NULL AND M_Product_Category_ID IS NULL AND C_Bpartner_ID =p_vendor_ID AND M_Brand_ID IS NULL AND M_DiscountSchemaLine_ID =p_M_DiscountSchemaLine_ID AND VAPRC_SumLevelProd IS NOT NULL ORDER BY created DESC ) WHERE rownum=1 ),0) INTO IsExist FROM dual ; IF(IsExist >0) THEN DBMS_OUTPUT.PUT_LINE(' DiscountSchema Found For Product ID : ' || p_M_Product ); RETURN IsExist; ELSE SELECT COALESCE( (SELECT VAPRC_Exception_ID FROM (SELECT VAPRC_Exception_ID, rownum FROM VAPRC_Exception WHERE m_product_id =p_M_Product AND M_Product_Category_ID =p_ProdCategory_ID AND C_Bpartner_ID IS NULL AND M_Brand_ID IS NULL AND M_DiscountSchemaLine_ID =p_M_DiscountSchemaLine_ID AND VAPRC_SumLevelProd IS NULL ORDER BY created DESC ) WHERE rownum=1 ),0) INTO IsExist FROM dual ; IF(IsExist >0) THEN DBMS_OUTPUT.PUT_LINE(' DiscountSchema Found For Product ID : ' || p_M_Product ); RETURN IsExist; ELSE SELECT COALESCE( (SELECT VAPRC_Exception_ID FROM (SELECT VAPRC_Exception_ID, rownum FROM VAPRC_Exception WHERE m_product_id =p_M_Product AND M_Product_Category_ID IS NULL AND C_Bpartner_ID IS NULL AND M_Brand_ID =p_Brand_ID AND M_DiscountSchemaLine_ID =p_M_DiscountSchemaLine_ID AND VAPRC_SumLevelProd IS NULL ORDER BY created DESC ) WHERE rownum=1 ),0) INTO IsExist FROM dual ; IF(IsExist >0) THEN DBMS_OUTPUT.PUT_LINE(' DiscountSchema Found For Product ID : ' || p_M_Product ); RETURN IsExist; ELSE SELECT COALESCE( (SELECT VAPRC_Exception_ID FROM (SELECT VAPRC_Exception_ID, rownum FROM VAPRC_Exception WHERE m_product_id =p_M_Product AND M_Product_Category_ID IS NULL AND C_Bpartner_ID IS NULL AND M_Brand_ID IS NULL AND M_DiscountSchemaLine_ID =p_M_DiscountSchemaLine_ID AND VAPRC_SumLevelProd IS NOT NULL ORDER BY created DESC ) WHERE rownum=1 ),0) INTO IsExist FROM dual ; IF(IsExist >0) THEN DBMS_OUTPUT.PUT_LINE(' DiscountSchema Found For Product ID : ' || p_M_Product ); RETURN IsExist; ELSE SELECT COALESCE( (SELECT VAPRC_Exception_ID FROM (SELECT VAPRC_Exception_ID, rownum FROM VAPRC_Exception WHERE m_product_id IS NULL AND M_Product_Category_ID =p_ProdCategory_ID AND C_Bpartner_ID IS NULL AND M_Brand_ID =p_Brand_ID AND M_DiscountSchemaLine_ID =p_M_DiscountSchemaLine_ID AND VAPRC_SumLevelProd IS NULL ORDER BY created DESC ) WHERE rownum=1 ),0) INTO IsExist FROM dual ; IF(IsExist >0) THEN DBMS_OUTPUT.PUT_LINE(' DiscountSchema Found For Product ID : ' || p_M_Product ); RETURN IsExist; ELSE SELECT COALESCE( (SELECT VAPRC_Exception_ID FROM (SELECT VAPRC_Exception_ID, rownum FROM VAPRC_Exception WHERE m_product_id IS NULL AND M_Product_Category_ID =p_ProdCategory_ID AND C_Bpartner_ID IS NULL AND M_Brand_ID IS NULL AND M_DiscountSchemaLine_ID =p_M_DiscountSchemaLine_ID AND VAPRC_SumLevelProd IS NOT NULL ORDER BY created DESC ) WHERE rownum=1 ),0) INTO IsExist FROM dual ; IF(IsExist >0) THEN DBMS_OUTPUT.PUT_LINE(' DiscountSchema Found For Product ID : ' || p_M_Product ); RETURN IsExist; ELSE SELECT COALESCE( (SELECT VAPRC_Exception_ID FROM (SELECT VAPRC_Exception_ID, rownum FROM VAPRC_Exception WHERE m_product_id IS NULL AND M_Product_Category_ID IS NULL AND C_Bpartner_ID IS NULL AND M_Brand_ID =p_Brand_ID AND M_DiscountSchemaLine_ID =p_M_DiscountSchemaLine_ID AND VAPRC_SumLevelProd IS NOT NULL ORDER BY created DESC ) WHERE rownum=1 ),0) INTO IsExist FROM dual ; IF(IsExist >0) THEN DBMS_OUTPUT.PUT_LINE(' DiscountSchema Found For Product ID : ' || p_M_Product ); RETURN IsExist; ELSE DBMS_OUTPUT.PUT_LINE('No DiscountSchema Found For Product ID : '|| p_M_Product ); RETURN 0; END IF; END IF; END IF; END IF; END IF; END IF; END IF; END IF; END IF; END IF; EXCEPTION WHEN OTHERS THEN DBMS_OUTPUT.PUT_LINE(SQLERRM); RETURN 99; END VARC_GetPriceListParam2;
===========>     (SEVERE)   DB.ExecuteQuery: [20] => 42601: syntax error at or near "AS"

POSITION: 202
----------->     (WARNING)  DB.ExecuteQuery: [20]DBExecuteError - 42601: syntax error at or near "AS"

POSITION: 202
09:48:53.485    (INFO)     ConvertSQL.ApplyConvertMap: [20]Exception clause needs to be converted: CREATE OR REPLACE FUNCTION VARC_GetPriceListParam1(  p_M_Product IN NUMBER, p_vendor_ID IN NUMBER, p_ProdCategory_ID IN NUMBER, p_Brand_ID IN NUMBER, p_M_DiscountSchemaLine_ID IN NUMBER ) RETURN NUMBER AS IsExist VARCHAR2(40); BEGIN SELECT COALESCE( (SELECT VAPRC_Exception_ID FROM (SELECT VAPRC_Exception_ID, rownum FROM VAPRC_Exception WHERE m_product_id IS NULL AND M_Product_Category_ID IS NULL AND C_Bpartner_ID =p_vendor_ID AND M_Brand_ID IS NULL AND M_DiscountSchemaLine_ID =p_M_DiscountSchemaLine_ID AND VAPRC_SumLevelProd IS NULL ORDER BY created DESC ) WHERE rownum=1 ),0) INTO IsExist FROM dual ; IF(IsExist >0) THEN DBMS_OUTPUT.PUT_LINE(' DiscountSchema Found For Product ID : ' || p_M_Product ); RETURN IsExist; ELSE SELECT COALESCE( (SELECT VAPRC_Exception_ID FROM (SELECT VAPRC_Exception_ID, rownum FROM VAPRC_Exception WHERE m_product_id =p_M_Product AND M_Product_Category_ID IS NULL AND C_Bpartner_ID IS NULL AND M_Brand_ID IS NULL AND M_DiscountSchemaLine_ID =p_M_DiscountSchemaLine_ID AND VAPRC_SumLevelProd IS NULL ORDER BY created DESC ) WHERE rownum=1 ),0) INTO IsExist FROM dual ; IF(IsExist >0) THEN DBMS_OUTPUT.PUT_LINE(' DiscountSchema Found For Product ID : ' || p_M_Product ); RETURN IsExist; ELSE SELECT COALESCE( (SELECT VAPRC_Exception_ID FROM (SELECT VAPRC_Exception_ID, rownum FROM VAPRC_Exception WHERE m_product_id IS NULL AND M_Product_Category_ID =p_ProdCategory_ID AND C_Bpartner_ID IS NULL AND M_Brand_ID IS NULL AND M_DiscountSchemaLine_ID =p_M_DiscountSchemaLine_ID AND VAPRC_SumLevelProd IS NULL ORDER BY created DESC ) WHERE rownum=1 ),0) INTO IsExist FROM dual ; IF(IsExist >0) THEN DBMS_OUTPUT.PUT_LINE(' DiscountSchema Found For Product ID : ' || p_M_Product ); RETURN IsExist; ELSE SELECT COALESCE( (SELECT VAPRC_Exception_ID FROM (SELECT VAPRC_Exception_ID, rownum FROM VAPRC_Exception WHERE m_product_id IS NULL AND M_Product_Category_ID IS NULL AND C_Bpartner_ID IS NULL AND M_Brand_ID =p_Brand_ID AND M_DiscountSchemaLine_ID =p_M_DiscountSchemaLine_ID AND VAPRC_SumLevelProd IS NULL ORDER BY created DESC ) WHERE rownum=1 ),0) INTO IsExist FROM dual ; IF(IsExist >0) THEN DBMS_OUTPUT.PUT_LINE(' DiscountSchema Found For Product ID : ' || p_M_Product ); RETURN IsExist; ELSE SELECT COALESCE( (SELECT VAPRC_Exception_ID FROM (SELECT VAPRC_Exception_ID, rownum FROM VAPRC_Exception WHERE m_product_id IS NULL AND M_Product_Category_ID IS NULL AND C_Bpartner_ID IS NULL AND M_Brand_ID IS NULL AND M_DiscountSchemaLine_ID =p_M_DiscountSchemaLine_ID AND VAPRC_SumLevelProd IS NOT NULL ORDER BY created DESC ) WHERE rownum=1 ),0) INTO IsExist FROM dual ; IF(IsExist >0) THEN DBMS_OUTPUT.PUT_LINE(' DiscountSchema Found For Product ID : ' || p_M_Product ); RETURN IsExist; ELSE DBMS_OUTPUT.PUT_LINE('No DiscountSchema Found For Product ID : '|| p_M_Product ); RETURN 0; END IF; END IF; END IF; END IF; END IF; EXCEPTION WHEN OTHERS THEN DBMS_OUTPUT.PUT_LINE(SQLERRM); RETURN 99; END VARC_GetPriceListParam1;
===========>     (SEVERE)   DB.ExecuteQuery: [20] => 42601: syntax error at or near "AS"

POSITION: 203
----------->     (WARNING)  DB.ExecuteQuery: [20]DBExecuteError - 42601: syntax error at or near "AS"

POSITION: 203
===========>     (SEVERE)   DB.ExecuteQuery: [20] => 42P07: relation "m_discountschema_uk" already exists
----------->     (WARNING)  DB.ExecuteQuery: [20]DBExecuteError - 42P07: relation "m_discountschema_uk" already exists
===========>     (SEVERE)   DB.ExecuteQuery: [20] => 42703: column "isshowfilterpanel" of relation "ad_window" does not exist

POSITION: 42
----------->     (WARNING)  DB.ExecuteQuery: [20]DBExecuteError - 42703: column "isshowfilterpanel" of relation "ad_window" does not exist

POSITION: 42
===========>     (SEVERE)   DB.ExecuteQuery: [20] => 42703: column "binarydata" of relation "ad_reference" does not exist

POSITION: 25
----------->     (WARNING)  DB.ExecuteQuery: [20]DBExecuteError - 42703: column "binarydata" of relation "ad_reference" does not exist

POSITION: 25
09:48:56.485    (INFO)     Env.Reset: [20]finalCall=False
09:48:56.485    (INFO)     CacheMgt.Reset: [20]#20 (5835)
09:48:56.485    (INFO)     Trx.Start: [20]**** VISPRO_ModIns638760305369295002System.Random
09:48:56.485    (INFO)     Trx.Commit: [20]**C** VISPRO_ModIns638760305369295002System.Random
09:49:42.494    (INFO)     MRole.Get: [69]AD_Role_ID=0, AD_User_ID=100, reload=True
09:49:42.494    (INFO)     MRole.Get: [69]MRole[0,System Administrator,UserLevel=S  ,AD_Client_ID=0,AD_Org_ID=0]
09:49:42.494    (INFO)     MRole.Get: [69]AD_Role_ID=0, AD_User_ID=100, reload=True
09:49:42.494    (INFO)     MRole.Get: [69]MRole[0,System Administrator,UserLevel=S  ,AD_Client_ID=0,AD_Org_ID=0]
09:49:42.494    (INFO)     MTree.Load: [69]AD_Tree_ID=121, AD_User_ID=100, Editable=False, OnClient=True
09:49:42.494    (INFO)     Msg.InitMsg: [69]Records=4610 - en_US
----------->     (WARNING)  PushNotification.SendNotificationToUser: [69]PushNotif - Module VA074_ is not installed!
===========>     (SEVERE)   PostgreHelper.ExecuteDataset: [20]42703: column ad_widgetsize.d_chart_id does not exist

POSITION: 375 [Query D] =>SELECT D_Chart.chartType, D_Chart.d_chart_id, D_Chart.Name, colspan,rowspan,'C' AS Type,AD_WidgetSize.AD_WidgetSize_ID,Sequence, IsDefault,AD_IMAGE.BINARYDATA,D_Chart.AD_Window_ID FROM D_Chart INNER JOIN 
                            D_ChartAccess ON (D_Chart.D_Chart_ID=D_ChartAccess.D_Chart_ID)
                            INNER JOIN AD_WidgetSize ON (D_Chart.D_Chart_ID=AD_WidgetSize.D_Chart_ID)LEFT JOIN AD_IMAGE ON AD_IMAGE.AD_IMAGE_ID=AD_WidgetSize.AD_IMAGE_ID                           
                            WHERE D_Chart.isActive='Y' AND AD_WidgetSize.isActive='Y' AND  D_ChartAccess.AD_Role_ID=0 AND Homepage='Y' UNION ALL  SELECT RC_KPI.KPIType AS chartType, RC_KPI.RC_KPI_ID AS d_chart_id,  RC_KPI.Name, colspan,rowspan,'K' AS Type,AD_WidgetSize.AD_WidgetSize_ID,Sequence ,IsDefault,AD_IMAGE.BINARYDATA,RC_KPI.AD_Window_ID FROM RC_KPI INNER JOIN 
                            RC_KPIAccess ON (RC_KPI.RC_KPI_ID=RC_KPIAccess.RC_KPI_ID)
                            INNER JOIN AD_WidgetSize ON (RC_KPI.RC_KPI_ID=AD_WidgetSize.RC_KPI_ID) LEFT JOIN AD_IMAGE ON AD_IMAGE.AD_IMAGE_ID=AD_WidgetSize.AD_IMAGE_ID                            
                            WHERE RC_KPI.isActive='Y' AND AD_WidgetSize.isActive='Y' AND   RC_KPIAccess.AD_Role_ID=0 AND Homepage='Y' UNION ALL  SELECT 'V' AS chartType, RC_View.RC_View_ID AS d_chart_id, RC_View.Name, colspan,rowspan,'V' AS Type,AD_WidgetSize.AD_WidgetSize_ID,Sequence ,IsDefault,AD_IMAGE.BINARYDATA, RC_View.AD_Window_ID FROM RC_View INNER JOIN 
                            RC_ViewAccess ON (RC_View.RC_View_ID=RC_ViewAccess.RC_View_ID)
                            INNER JOIN AD_WidgetSize ON (RC_View.RC_View_ID=AD_WidgetSize.RC_View_ID) LEFT JOIN AD_IMAGE ON AD_IMAGE.AD_IMAGE_ID=AD_WidgetSize.AD_IMAGE_ID                            
                            WHERE RC_View.isActive='Y' AND AD_WidgetSize.isActive='Y' AND   RC_ViewAccess.AD_Role_ID=0 AND Homepage='Y'
09:50:27.502    (INFO)     Trx.Start: [34]**** VISPRO_ModIns638760306271078848System.Random
09:50:27.502    (INFO)     Trx.Commit: [34]**C** VISPRO_ModIns638760306271078848System.Random
===========>     (SEVERE)   DB.ExecuteQuery: [20] => 42704: constraint "prodprice_pk" of relation "m_productprice" does not exist
----------->     (WARNING)  DB.ExecuteQuery: [20]DBExecuteError - 42704: constraint "prodprice_pk" of relation "m_productprice" does not exist
===========>     (SEVERE)   DB.ExecuteQuery: [20] => 42704: index "prodprice_pk" does not exist
----------->     (WARNING)  DB.ExecuteQuery: [20]DBExecuteError - 42704: index "prodprice_pk" does not exist
===========>     (SEVERE)   DB.ExecuteQuery: [20] => 42701: column "c_uom_id" of relation "m_productprice" already exists
----------->     (WARNING)  DB.ExecuteQuery: [20]DBExecuteError - 42701: column "c_uom_id" of relation "m_productprice" already exists
===========>     (SEVERE)   DB.ExecuteQuery: [20] => 42703: column "prc" of relation "m_productprice" does not exist

POSITION: 31
----------->     (WARNING)  DB.ExecuteQuery: [20]DBExecuteError - 42703: column "prc" of relation "m_productprice" does not exist

POSITION: 31
09:50:29.502    (INFO)     ConvertSQL.ApplyConvertMap: [20]Exception clause needs to be converted: create or replace PROCEDURE getpriceforproductionnotfrpt ( p_ad_client_id              IN NUMBER, p_ad_org_id                 IN NUMBER, p_m_product_id              IN NUMBER, p_m_attributesetinstance_id IN NUMBER, p_c_acctschema_id           IN NUMBER, p_costtype_id               IN NUMBER, p_frptexist                 IN NUMBER, p_m_productionline_id       IN NUMBER, p_quantity                  IN NUMBER, price                       OUT NUMBER ) AS v_price                 NUMBER := 0; t_price                 NUMBER := 0; v_costelement_id        NUMBER := 0; v_costingmethod         CHAR(1); v_costinglevel          CHAR(1); /*v_uom_id NUMBER :=0;*/ v_currency_id           NUMBER := 0; v_currencyto_id         NUMBER := 0; /*v_countRecord NUMBER :=0; v_countRecord2 NUMBER :=0; v_countRecord3 NUMBER :=0; v_countRecord4 NUMBER :=0; v_M_AttributeSetInstance_ID NUMBER :=0;*/ isreversed              CHAR(1); /*VIS383: declare variable for assign productionplan id and total component qty*/ p_plan_id               NUMBER := 0; total_comp_qty          NUMBER := 0; v_productionqty         NUMBER := 0; v_isreversedassembly    CHAR(1); v_isproportionatecost   CHAR(1); v_notpraportionate_cost NUMBER := 0; v_charge_cost           NUMBER := 0; v_precision             NUMBER := 0; v_movementDate DATE; BEGIN SELECT isreversed, MovementDate INTO isreversed, v_movementDate FROM m_production WHERE m_production_id = ( SELECT m_production_id FROM m_productionline WHERE m_productionline_id = p_m_productionline_id ); SELECT costingprecision INTO v_precision FROM c_currency WHERE c_currency_id = ( SELECT c_currency_id FROM c_acctschema WHERE c_acctschema_id = p_c_acctschema_id ); IF ( p_quantity < 0 OR ( isreversed = 'Y' AND p_quantity > 0 ) ) THEN dbms_output.put_line('client : ' || p_ad_client_id || ' , org : ' || p_ad_org_id || ' , product : ' || p_m_product_id || ' , ce : ' || v_costelement_id || ' , acctschema : ' || p_c_acctschema_id || ' ct : ' || p_costtype_id); SELECT round( nvl( amt, 0 ) * abs(p_quantity),(v_precision) ) INTO v_price FROM m_productionline WHERE m_product_id = p_m_product_id AND m_productionline_id = p_m_productionline_id; END IF; dbms_output.put_line('price from m_cost (Components) : ' || v_price); IF ( v_price = 0 ) THEN /*VIS383: get productionplanid for getting all component*/ SELECT DISTINCT p.m_productionplan_id, pp.productionqty, pp.vas_isreverseassembly, p.vas_isproportionatecost INTO p_plan_id, v_productionqty, v_isreversedassembly, v_isproportionatecost FROM m_productionline p INNER JOIN m_productionplan pp ON ( pp.m_productionplan_id = p.m_productionplan_id ) WHERE p.isactive = 'Y' AND pp.isactive = 'Y' AND p.m_productionline_id = p_m_productionline_id; /*VIS383-end*/ /*DeAssembly - FG price will be picked from production line*/ IF ( v_productionqty < 0 AND p_quantity > 0 AND isreversed = 'N' AND ( v_isreversedassembly = 'N' OR ( v_isproportionatecost = 'N' AND v_isreversedassembly = 'Y' ) ) ) THEN SELECT round( nvl( amt, 0 ) * abs(p_quantity),(v_precision) ) INTO v_price FROM m_productionline WHERE m_product_id = p_m_product_id AND m_productionline_id = p_m_productionline_id; IF ( v_price = 0 ) THEN raise_application_error( -20001, 'Price Not Found' ); END IF; END IF; IF ( v_price = 0 ) THEN FOR comp IN ( SELECT * FROM m_productionline WHERE m_product_id != 0 AND m_productionplan_id IN ( p_plan_id ) AND m_productionline_id != p_m_productionline_id /*VIS383:Add condition for get component record*/ AND movementqty < 0 ) LOOP dbms_output.put_line('Component Product : ' || comp.m_product_id); BEGIN SELECT round( nvl( amt, 0 ) * abs( comp.movementqty ),(v_precision) ) INTO t_price FROM m_productionline WHERE m_product_id = comp.m_product_id AND m_productionline_id = comp.m_productionline_id; EXCEPTION WHEN OTHERS THEN t_price := 0; END; v_price := v_price + t_price; END LOOP; /*VIS383: get sum of total finish good quantity*/ IF ( v_isreversedassembly = 'Y' AND isreversed = 'N' ) THEN SELECT nvl( abs( SUM(movementqty * amt) ), 0 ) INTO v_notpraportionate_cost FROM m_productionline WHERE m_product_id != 0 AND m_productionplan_id = p_plan_id AND materialtype = 'C' AND vas_isproportionatecost = 'N' AND c_charge_id IS NULL; SELECT nvl( abs( SUM(movementqty * amt) ), 0 ) INTO v_charge_cost FROM m_productionline WHERE m_productionplan_id = p_plan_id AND c_charge_id IS NOT NULL; SELECT SUM(movementqty) INTO total_comp_qty FROM m_productionline WHERE m_product_id != 0 AND m_productionplan_id = p_plan_id AND movementqty > 0 AND vas_isproportionatecost = 'Y'; /*VIS383: calculate total cost of production line on given quantity*/ v_price := ( ( t_price + v_charge_cost ) - v_notpraportionate_cost ); v_price := round( ((v_price / total_comp_qty) * p_quantity), v_precision ); /*VIS383-end*/ END IF; dbms_output.put_line('sum of component price : ' || v_price); IF ( v_price = 0 ) THEN raise_application_error( -20001, 'Price Not Found' ); END IF; END IF; END IF; v_price := v_price * sign(p_quantity); price := v_price; SELECT c_currency_id INTO v_currencyto_id FROM c_acctschema WHERE c_acctschema_id = p_c_acctschema_id; SELECT c_currency_id INTO v_currency_id FROM c_acctschema WHERE c_acctschema_id = ( SELECT c_acctschema1_id FROM ad_clientinfo WHERE isactive = 'Y' AND ad_client_id = p_ad_client_id ); IF ( v_currency_id > 0 AND v_currencyto_id <> v_currency_id ) THEN v_price := currencyconvert( v_price, v_currency_id, v_currencyto_id, v_movementDate, 0, p_ad_client_id, p_ad_org_id ); IF ( v_price IS NULL ) THEN v_price := price; v_price := currencyconvert( v_price, v_currency_id, v_currencyto_id, v_movementDate, 0, p_ad_client_id, 0 ); IF ( v_price IS NULL ) THEN v_price := price; v_price := currencyconvert( v_price, v_currencyto_id, v_currency_id, v_movementDate, 0, p_ad_client_id, p_ad_org_id ); IF ( v_price IS NULL ) THEN v_price := price; v_price := currencyconvert( v_price, v_currencyto_id, v_currency_id, v_movementDate, 0, p_ad_client_id, 0 ); END IF; END IF; END IF; END IF; IF ( nvl( v_price, 0 ) = 0 ) THEN v_price := price; ELSE price := v_price; END IF; EXCEPTION WHEN OTHERS THEN ROLLBACK; raise_application_error( -20001, 'getpriceforproductionnotfrpt: ' || sqlerrm ); END getpriceforproductionnotfrpt;
===========>     (SEVERE)   DB.ExecuteQuery: [20] => 42601: syntax error at or near "v_price"

POSITION: 455
----------->     (WARNING)  DB.ExecuteQuery: [20]DBExecuteError - 42601: syntax error at or near "v_price"

POSITION: 455
===========>     (SEVERE)   DB.ExecuteQuery: [20] => 42601: syntax error at or near "price"

POSITION: 385
----------->     (WARNING)  DB.ExecuteQuery: [20]DBExecuteError - 42601: syntax error at or near "price"

POSITION: 385
09:50:29.502    (INFO)     ConvertSQL.ApplyConvertMap: [20]Exception clause needs to be converted: CREATE OR REPLACE PROCEDURE updatecostqueues ( p_m_product_id              IN NUMBER, p_m_attributesetinstance_id IN NUMBER, p_ad_org_id                 IN NUMBER, p_ad_client_id              IN NUMBER, p_quantity                  IN NUMBER, p_acctschema_id             IN NUMBER, p_m_costtype_id             IN NUMBER, p_costelement_id            IN NUMBER, p_costelement2_id           IN NUMBER, p_m_warehouse_id            IN NUMBER := 0, p_productionline_id         IN NUMBER, p_movementdate              IN DATE ) AS countrecordcostqueue  NUMBER := 0; countrecordcostqueue2 NUMBER := 0; countsequence         NUMBER := 1; productquantity       NUMBER := 0; costtype_id           NUMBER := 0; queueqtyaffected      NUMBER := 0; CURSOR cur_costqueue IS SELECT queuedate, currentqty, m_costqueue_id FROM m_costqueue WHERE isactive = 'Y' AND currentqty > 0 AND ad_client_id = p_ad_client_id AND ad_org_id = p_ad_org_id AND m_product_id = p_m_product_id AND nvl( m_attributesetinstance_id, 0 ) = p_m_attributesetinstance_id AND CASE WHEN p_m_warehouse_id = 0 THEN 0 ELSE nvl( m_warehouse_id, 0 ) END = p_m_warehouse_id AND c_acctschema_id = p_acctschema_id AND m_costtype_id = p_m_costtype_id AND m_costelement_id = p_costelement_id AND movementdate <= p_movementdate ORDER BY decode( ( SELECT costingmethod FROM m_costelement WHERE m_costelement_id = p_costelement_id ), 'L', queuedate ) DESC, decode( ( SELECT costingmethod FROM m_costelement WHERE m_costelement_id = p_costelement_id ), 'F', queuedate ) ASC; /******************************************************/ CURSOR cur_costqueue2 IS SELECT queuedate, currentqty, m_costqueue_id FROM m_costqueue WHERE isactive = 'Y' AND currentqty > 0 AND ad_client_id = p_ad_client_id AND ad_org_id = p_ad_org_id AND m_product_id = p_m_product_id AND nvl( m_attributesetinstance_id, 0 ) = p_m_attributesetinstance_id AND CASE WHEN p_m_warehouse_id = 0 THEN 0 ELSE nvl( m_warehouse_id, 0 ) END = p_m_warehouse_id AND c_acctschema_id = p_acctschema_id AND m_costtype_id = p_m_costtype_id AND m_costelement_id = p_costelement2_id AND movementdate <= p_movementdate ORDER BY decode( ( SELECT costingmethod FROM m_costelement WHERE m_costelement_id = p_costelement2_id ), 'L', queuedate ) DESC, decode( ( SELECT costingmethod FROM m_costelement WHERE m_costelement_id = p_costelement2_id ), 'F', queuedate ) ASC; /******************************************************/ BEGIN dbms_output.put_line('updatecostqueues Parameters : ' || p_ad_client_id || ',' || p_ad_org_id || ',' || p_m_product_id || ',' || p_m_attributesetinstance_id || ',' || p_m_warehouse_id || ',' || p_acctschema_id || ',' || p_m_costtype_id); SELECT COUNT(*) INTO countrecordcostqueue FROM m_costqueue WHERE isactive = 'Y' AND currentqty > 0 AND ad_client_id = p_ad_client_id AND ad_org_id = p_ad_org_id AND m_product_id = p_m_product_id AND nvl( m_attributesetinstance_id, 0 ) = p_m_attributesetinstance_id AND nvl( m_warehouse_id, 0 ) = p_m_warehouse_id AND c_acctschema_id = p_acctschema_id AND m_costtype_id = p_m_costtype_id AND m_costelement_id = p_costelement_id AND movementdate <= p_movementdate; dbms_output.put_line('Total Record for cost element 1 : ' || countrecordcostqueue); /******************************************************/ SELECT COUNT(*) INTO countrecordcostqueue2 FROM m_costqueue WHERE isactive = 'Y' AND currentqty > 0 AND ad_client_id = p_ad_client_id AND ad_org_id = p_ad_org_id AND m_product_id = p_m_product_id AND nvl( m_attributesetinstance_id, 0 ) = p_m_attributesetinstance_id AND nvl( m_warehouse_id, 0 ) = p_m_warehouse_id AND c_acctschema_id = p_acctschema_id AND m_costtype_id = p_m_costtype_id AND m_costelement_id = p_costelement2_id AND movementdate <= p_movementdate; dbms_output.put_line('Total Record for cost element 2 : ' || countrecordcostqueue2); /******************************************************/ productquantity := p_quantity; FOR cq IN cur_costqueue LOOP dbms_output.put_line('Count Sequence, Count Record of Cost Queue 1 : ' || countsequence || ' , ' || countrecordcostqueue); IF ( productquantity >= cq.currentqty ) THEN /*DELETE FROM m_costqueue WHERE m_costqueue_id = cq.m_costqueue_id;*/ UPDATE m_costqueue SET currentqty = 0 WHERE m_costqueue_id = cq.m_costqueue_id; createcostqueuetransaction( p_ad_client_id, p_ad_org_id, p_m_product_id, p_m_attributesetinstance_id, p_m_warehouse_id, cq.m_costqueue_id, -1 * cq.currentqty, p_productionline_id, p_movementdate ); countsequence := countsequence + 1; productquantity := productquantity - cq.currentqty; ELSE UPDATE m_costqueue SET currentqty = currentqty - productquantity WHERE m_costqueue_id = cq.m_costqueue_id; createcostqueuetransaction( p_ad_client_id, p_ad_org_id, p_m_product_id, p_m_attributesetinstance_id, p_m_warehouse_id, cq.m_costqueue_id, -1 * productquantity, p_productionline_id, p_movementdate ); countsequence := countsequence + 1; productquantity := productquantity - cq.currentqty; END IF; dbms_output.put_line('Product Quantity , Current Quantity , SequenceNo : ' || productquantity || ' , ' || cq.currentqty || ' , ' || countsequence); IF ( productquantity <= 0 ) THEN EXIT; END IF; END LOOP; /******************************************************/ productquantity := p_quantity; dbms_output.put_line('Quantity : ' || productquantity || ' ,' || p_quantity); countsequence := 1; FOR cq2 IN cur_costqueue2 LOOP dbms_output.put_line('Count Sequence, Count Record of Cost Queue 2 : ' || countsequence || ' , ' || countrecordcostqueue2); IF ( productquantity >= cq2.currentqty ) THEN /*DELETE FROM m_costqueue WHERE m_costqueue_id = cq2.m_costqueue_id;*/ UPDATE m_costqueue SET currentqty = 0 WHERE m_costqueue_id = cq2.m_costqueue_id; createcostqueuetransaction( p_ad_client_id, p_ad_org_id, p_m_product_id, p_m_attributesetinstance_id, p_m_warehouse_id, cq2.m_costqueue_id, -1 * cq2.currentqty, p_productionline_id, p_movementdate ); countsequence := countsequence + 1; productquantity := productquantity - cq2.currentqty; ELSE UPDATE m_costqueue SET currentqty = currentqty - productquantity WHERE m_costqueue_id = cq2.m_costqueue_id; createcostqueuetransaction( p_ad_client_id, p_ad_org_id, p_m_product_id, p_m_attributesetinstance_id, p_m_warehouse_id, cq2.m_costqueue_id, -1 * productquantity, p_productionline_id, p_movementdate ); countsequence := countsequence + 1; productquantity := productquantity - cq2.currentqty; END IF; dbms_output.put_line('Product Quantity , Current Quantity , SequenceNo : ' || productquantity || ' , ' || cq2.currentqty || ' , ' || countsequence); IF ( productquantity <= 0 ) THEN dbms_output.put_line('Record Exit '); EXIT; END IF; END LOOP; /******************************************************/ EXCEPTION WHEN OTHERS THEN ROLLBACK; raise_application_error( -20001, 'updatecostqueues: ' || sqlerrm ); END updatecostqueues;
===========>     (SEVERE)   DB.ExecuteQuery: [20] => 42601: syntax error at or near ":="

POSITION: 437
----------->     (WARNING)  DB.ExecuteQuery: [20]DBExecuteError - 42601: syntax error at or near ":="

POSITION: 437
09:50:29.502    (INFO)     ConvertSQL.ApplyConvertMap: [20]Exception clause needs to be converted: create or replace PROCEDURE updateproductionlinewithcost ( p_record_id NUMBER ) AS price NUMBER := 0; CURSOR cur_productionline ( record_id NUMBER ) IS SELECT p.m_product_id, p.ad_client_id, p.ad_org_id, nvl( p.m_attributesetinstance_id, 0 ) AS m_attributesetinstance_id, nvl( p.m_warehouse_id, 0 ) AS m_warehouse_id, m_productionline_id FROM m_productionline p WHERE p.m_production_id = record_id /*AND NVL(amt , 0) = 0*/ AND p.isactive = 'Y' AND p.m_product_id > 0 AND p.movementqty < 0 /*AND p.m_product_id NOT IN (SELECT M_product_ID FROM M_productionPlan WHERE M_Production_ID = Record_Id AND isactive = 'Y' )*/; CURSOR cur_productionline_DeAssembly ( record_id NUMBER ) IS SELECT p.m_product_id, p.ad_client_id, p.ad_org_id, nvl( p.m_attributesetinstance_id, 0 ) AS m_attributesetinstance_id, nvl( p.m_warehouse_id, 0 ) AS m_warehouse_id, p.m_productionline_id FROM m_productionline p INNER JOIN M_ProductionPlan pp ON (pp.M_ProductionPlan_ID = p.M_ProductionPlan_ID) INNER JOIN M_Production pr ON (pr.M_Production_ID = pp.M_Production_ID) WHERE p.m_production_id = record_id AND NVL(amt , 0) = 0 AND p.isactive = 'Y' AND pp.isactive = 'Y' AND p.m_product_id > 0 AND pr.isreversed = 'N' AND ((pp.VAS_IsReverseAssembly = 'N') OR ( p.VAS_IsProportionateCost = 'N' AND pp.VAS_IsReverseAssembly = 'Y' )) AND pp.ProductionQty < 0; BEGIN dbms_output.put_line('Updating Production Line with amount - Processing ' || p_record_id); FOR p IN cur_productionline(p_record_id) LOOP getproductcosts( p.m_product_id, p.ad_client_id, p.ad_org_id, nvl( p.m_attributesetinstance_id, 0 ), price, nvl( p.m_warehouse_id, 0 ) ); UPDATE m_productionline SET amt = price WHERE m_productionline_id = p.m_productionline_id; COMMIT; END LOOP; dbms_output.put_line('DeASsembly Record - Updating Production Line with amount - Processing ' || p_record_id); FOR p IN cur_productionline_DeAssembly(p_record_id) LOOP getproductcosts( p.m_product_id, p.ad_client_id, p.ad_org_id, nvl( p.m_attributesetinstance_id, 0 ), price, nvl( p.m_warehouse_id, 0 ) ); UPDATE m_productionline SET amt = price WHERE m_productionline_id = p.m_productionline_id; COMMIT; END LOOP; EXCEPTION WHEN OTHERS THEN ROLLBACK; raise_application_error( -20001, 'updateproductionlinewithcost: ' || sqlerrm ); END updateproductionlinewithcost;
===========>     (SEVERE)   DB.ExecuteQuery: [20] => 42601: syntax error at or near "price"

POSITION: 84
----------->     (WARNING)  DB.ExecuteQuery: [20]DBExecuteError - 42601: syntax error at or near "price"

POSITION: 84
===========>     (SEVERE)   DB.ExecuteQuery: [20] => 42601: syntax error at or near ":="

POSITION: 313
----------->     (WARNING)  DB.ExecuteQuery: [20]DBExecuteError - 42601: syntax error at or near ":="

POSITION: 313
09:50:29.502    (INFO)     ConvertSQL.ApplyConvertMap: [20]Exception clause needs to be converted: create or replace PROCEDURE GetproductCostAndQtyMaterial( p_M_Product_Id   NUMBER , p_AD_Client_Id   NUMBER , p_AD_Org_Id      NUMBER , P_M_Asi_Id       NUMBER, P_M_Warehouse_Id NUMBER, p_IsRequiredQty  CHAR, /*not used*/ Price OUT NUMBER ) AS v_price NUMBER :=0; BEGIN SELECT ROUND(AVG(CST.CURRENTQTY),4 ) INTO v_price FROM M_PRODUCT P INNER JOIN M_COST CST ON P.M_PRODUCT_ID=CST.M_PRODUCT_ID LEFT JOIN M_PRODUCT_CATEGORY PC ON P.M_PRODUCT_CATEGORY_ID=PC.M_PRODUCT_CATEGORY_ID INNER JOIN C_ACCTSCHEMA ACC ON Cst.C_Acctschema_Id=Acc.C_Acctschema_Id INNER JOIN M_CostType ct ON ct.M_CostType_ID = acc.M_CostType_ID INNER JOIN M_COSTELEMENT CE ON CST.M_COSTELEMENT_ID=CE.M_COSTELEMENT_ID WHERE (( CASE WHEN PC.COSTINGMETHOD IS NOT NULL AND PC.COSTINGMETHOD   = 'C' THEN (SELECT CAST( Cel.M_Ref_Costelement AS NUMBER) FROM M_CostElement ced INNER JOIN M_Costelementline Cel ON Ced.M_Costelement_Id = Cel.M_Ref_Costelement WHERE Ced.Ad_Client_Id  =p_AD_Client_Id AND Ced.Isactive        ='Y' AND ced.CostElementType ='M' AND Cel.Isactive        ='Y' AND Cel.M_Costelement_Id=PC.M_costelement_id AND ced.CostingMethod  IS NOT NULL ) WHEN PC.COSTINGMETHOD IS NOT NULL THEN (SELECT M_CostElement_ID FROM M_costelement WHERE COSTINGMETHOD = pc.COSTINGMETHOD AND ad_client_id    = p_AD_Client_Id ) WHEN ACC.COSTINGMETHOD IS NOT NULL AND ACC.COSTINGMETHOD   = 'C' THEN (SELECT CAST( Cel.M_Ref_Costelement AS NUMBER) FROM M_CostElement ced INNER JOIN M_Costelementline Cel ON Ced.M_Costelement_Id = Cel.M_Ref_Costelement WHERE Ced.Ad_Client_Id  =p_AD_Client_Id AND Ced.Isactive        ='Y' AND ced.CostElementType ='M' AND Cel.Isactive        ='Y' AND Cel.M_Costelement_Id= ACC.M_costelement_id AND ced.CostingMethod  IS NOT NULL ) ELSE (SELECT M_CostElement_ID FROM M_costelement WHERE COSTINGMETHOD = acc.COSTINGMETHOD AND ad_client_id    = p_AD_Client_Id ) END) = ce.M_COSTELEMENT_id) AND (( CASE WHEN PC.COSTINGLEVEL IS NOT NULL AND (PC.COSTINGLEVEL  = 'O' OR PC.COSTINGLEVEL    = 'A' OR PC.COSTINGLEVEL    = 'W' OR PC.COSTINGLEVEL    = 'D') THEN P_Ad_Org_Id WHEN PC.COSTINGLEVEL IS NOT NULL AND PC.COSTINGLEVEL  IN ('B' , 'C') THEN 0 WHEN ACC.COSTINGLEVEL IS NOT NULL AND (ACC.COSTINGLEVEL  = 'O' OR ACC.COSTINGLEVEL    = 'A' OR ACC.COSTINGLEVEL    = 'W' OR ACC.COSTINGLEVEL    = 'D') THEN p_AD_Org_Id ELSE 0 END) = CST.AD_Org_ID) AND (( CASE WHEN PC.COSTINGLEVEL IS NOT NULL AND (PC.COSTINGLEVEL  = 'B' OR PC.COSTINGLEVEL    = 'A' OR PC.COSTINGLEVEL    = 'D') THEN NVL(p_M_ASI_Id , 0) WHEN PC.COSTINGLEVEL IS NOT NULL AND PC.COSTINGLEVEL  IN ('C' , 'O', 'W') THEN 0 WHEN ACC.COSTINGLEVEL IS NOT NULL AND (ACC.COSTINGLEVEL  = 'B' OR ACC.COSTINGLEVEL    = 'A' OR Acc.Costinglevel    = 'D') THEN NVL(p_M_ASI_Id , 0) ELSE 0 END) = NVL(CST.M_AttributeSetInstance_ID , 0)) AND (( CASE WHEN PC.COSTINGLEVEL IS NOT NULL AND (PC.COSTINGLEVEL  = 'D' OR Pc.Costinglevel    = 'W') THEN NVL(P_M_Warehouse_Id , 0) WHEN PC.COSTINGLEVEL IS NOT NULL AND PC.COSTINGLEVEL  IN ('A' ,'B' , 'C' ,'O') THEN 0 WHEN ACC.COSTINGLEVEL IS NOT NULL AND (ACC.COSTINGLEVEL  = 'W' OR Acc.Costinglevel    = 'D') THEN NVL(p_M_Warehouse_ID , 0) ELSE 0 END)                  = NVL(CST.M_Warehouse_ID , 0)) AND P.M_PRODUCT_ID      =p_M_Product_Id AND CST.C_ACCTSCHEMA_ID = (SELECT c_acctschema1_id FROM ad_clientinfo WHERE ad_client_id = p_AD_Client_Id ) ; IF(v_price <> 0) THEN Price    := v_price; ELSE Price :=0; END IF; EXCEPTION WHEN OTHERS THEN Dbms_Output.Put_Line(Sqlerrm); END GetproductCostAndQtyMaterial;
===========>     (SEVERE)   DB.ExecuteQuery: [20] => 42601: syntax error at or near "v_price"

POSITION: 245
----------->     (WARNING)  DB.ExecuteQuery: [20]DBExecuteError - 42601: syntax error at or near "v_price"

POSITION: 245
09:50:29.502    (INFO)     ConvertSQL.ApplyConvertMap: [20]Exception clause needs to be converted: CREATE OR REPLACE FUNCTION public.updatecostqueues(p_m_product_id numeric, p_m_attributesetinstance_id numeric, p_ad_org_id numeric, p_ad_client_id numeric, p_quantity numeric, p_acctschema_id numeric, p_m_costtype_id numeric, p_costelement_id numeric, p_costelement2_id numeric, p_m_warehouse_id numeric, p_productionline_id numeric, p_movementdate date) RETURNS void LANGUAGE plpgsql SECURITY DEFINER AS $function$ declare countRecordCostQueue numeric := 0; countRecordCostQueue2 numeric := 0; countSequence numeric := 1; productQuantity numeric := 0; CostType_ID numeric := 0; queueqtyaffected numeric := 0; Cur_CostQueue cursor for select queuedate, currentQty, m_costqueue_id from m_costqueue where isactive = 'Y' and currentQty > 0 and ad_client_id = p_AD_Client_ID and ad_org_id = p_AD_Org_ID and M_Product_ID = p_M_Product_ID and coalesce(M_AttributeSetInstance_ID, 0) = p_M_AttributeSetInstance_ID and (case when coalesce(p_M_Warehouse_ID, 0) > 0 then coalesce(M_Warehouse_ID, 0) else 0 end) = p_M_Warehouse_ID and C_AcctSchema_ID = p_AcctSchema_ID and M_CostType_ID = p_M_CostType_ID and m_costelement_id = p_CostElement_ID and movementdate <= p_movementdate order by case when( select costingmethod from m_costelement where m_costelement_id = p_CostElement_ID ) = 'L' then queuedate end desc, case when( select costingmethod from m_costelement where m_costelement_id = p_CostElement_ID ) = 'F' then queuedate end; /******************************************************/ Cur_CostQueue2 cursor for select queuedate, currentQty, m_costqueue_id from m_costqueue where isactive = 'Y' and currentQty > 0 and ad_client_id = p_AD_Client_ID and ad_org_id = p_AD_Org_ID and M_Product_ID = p_M_Product_ID and coalesce(M_AttributeSetInstance_ID, 0) = p_M_AttributeSetInstance_ID and (case when coalesce(p_M_Warehouse_ID, 0) > 0 then coalesce(M_Warehouse_ID, 0) else 0 end) = p_M_Warehouse_ID and C_AcctSchema_ID = p_AcctSchema_ID and M_CostType_ID = p_M_CostType_ID and m_costelement_id = p_CostElement2_ID and movementdate <= p_movementdate order by case when( select costingmethod from m_costelement where m_costelement_id = p_CostElement2_ID ) = 'L' then queuedate end desc, case when( select costingmethod from m_costelement where m_costelement_id = p_CostElement2_ID ) = 'F' then queuedate end; /******************************************************/ begin select COUNT(*) into strict countRecordCostQueue from m_costqueue where isactive = 'Y' and currentQty > 0 and ad_client_id = p_AD_Client_ID and ad_org_id = p_AD_Org_ID and M_Product_ID = p_M_Product_ID and coalesce(M_AttributeSetInstance_ID, 0) = p_M_AttributeSetInstance_ID and (case when coalesce(p_M_Warehouse_ID, 0) > 0 then coalesce(M_Warehouse_ID, 0) else 0 end) = p_M_Warehouse_ID and C_AcctSchema_ID = p_AcctSchema_ID and M_CostType_ID = p_M_CostType_ID and m_costelement_id = p_CostElement_ID and movementdate <= p_movementdate; raise notice 'Total Record for cost element 1 : %', countRecordCostQueue; /******************************************************/ select COUNT(*) into strict countRecordCostQueue2 from m_costqueue where isactive = 'Y' and currentQty > 0 and ad_client_id = p_AD_Client_ID and ad_org_id = p_AD_Org_ID and M_Product_ID = p_M_Product_ID and coalesce(M_AttributeSetInstance_ID, 0) = p_M_AttributeSetInstance_ID and (case when coalesce(p_M_Warehouse_ID, 0) > 0 then coalesce(M_Warehouse_ID, 0) else 0 end) = p_M_Warehouse_ID and C_AcctSchema_ID = p_AcctSchema_ID and M_CostType_ID = p_M_CostType_ID and m_costelement_id = p_CostElement2_ID and movementdate <= p_movementdate; raise notice 'Total Record for cost element 2 : %', countRecordCostQueue2; /******************************************************/ productQuantity := p_Quantity; for cq in Cur_CostQueue loop raise notice 'Count Sequence, Count Record of Cost Queue 1 : % , %', countSequence, countRecordCostQueue; if (productQuantity >= cq.currentQty) then /*DELETE FROM m_costqueue WHERE m_costqueue_id = cq.m_costqueue_id; */ update m_costqueue set currentqty = 0 where m_costqueue_id = cq.m_costqueue_id; execute createcostqueuetransaction(p_ad_client_id, p_ad_org_id, p_m_product_id, p_m_attributesetinstance_id, p_m_warehouse_id, cq.m_costqueue_id, -1 * cq.currentQty, p_productionline_id, p_movementdate); countSequence := countSequence + 1; productQuantity := productQuantity - cq.currentQty; else update m_costqueue set currentqty = currentqty - productQuantity where m_costqueue_id = cq.m_costqueue_id; countSequence := countSequence + 1; execute createcostqueuetransaction(p_ad_client_id, p_ad_org_id, p_m_product_id, p_m_attributesetinstance_id, p_m_warehouse_id, cq.m_costqueue_id, -1 * productquantity, p_productionline_id, p_movementdate); productQuantity := productQuantity - cq.currentQty; end if; raise notice 'Product Quantity , Current Quantity , SequenceNo : % , % , %', productQuantity, cq.currentQty, countSequence; if (productQuantity <= 0) then exit; end if; end loop; /******************************************************/ productQuantity := p_Quantity; raise notice 'Quantity : % ,%', productQuantity, p_Quantity; countSequence := 1; for cq2 in Cur_CostQueue2 loop raise notice 'Count Sequence, Count Record of Cost Queue 2 : % , %', countSequence, countRecordCostQueue2; if (productQuantity >= cq2.currentQty) then /*DELETE FROM m_costqueue WHERE m_costqueue_id = cq2.m_costqueue_id;*/ update m_costqueue set currentqty = 0 where m_costqueue_id = cq2.m_costqueue_id; execute createcostqueuetransaction(p_ad_client_id, p_ad_org_id, p_m_product_id, p_m_attributesetinstance_id, p_m_warehouse_id, cq2.m_costqueue_id, -1 * cq2.currentQty, p_productionline_id, p_movementdate); countSequence := countSequence + 1; productQuantity := productQuantity - cq2.currentQty; else update m_costqueue set currentqty = currentqty - productQuantity where m_costqueue_id = cq2.m_costqueue_id; execute createcostqueuetransaction(p_ad_client_id, p_ad_org_id, p_m_product_id, p_m_attributesetinstance_id, p_m_warehouse_id, cq2.m_costqueue_id, -1 * productquantity, p_productionline_id, p_movementdate); countSequence := countSequence + 1; productQuantity := productQuantity - cq2.currentQty; end if; raise notice 'Product Quantity , Current Quantity , SequenceNo : % , % , %', productQuantity, cq2.currentQty, countSequence; if (productQuantity <= 0) then raise notice 'Record Exit '; exit; end if; end loop; /******************************************************/ exception when others then raise notice '%', sqlerrm; raise exception 'UpdateCostQueues : %' , sqlerrm; end; $function$ ;
09:50:29.502    (INFO)     ConvertSQL.ApplyConvertMap: [20]Exception clause needs to be converted: CREATE OR REPLACE FUNCTION public.createcostdetailnotfrpt(p_m_product_id numeric, p_m_attributesetinstance_id numeric, p_ad_org_id numeric, p_ad_client_id numeric, p_quantity numeric, p_acctschema_id numeric, p_currentcostprice numeric, p_m_productionline_id numeric, OUT m_costdetail_id numeric, OUT overheadamount numeric, p_m_warehouse_id numeric DEFAULT 0) RETURNS record LANGUAGE plpgsql AS $function$ declare CostingLevelDetail CHAR(1); org_ID numeric := p_AD_Org_ID; NextNo numeric; ASI numeric := p_M_AttributeSetInstance_ID; OverheadAmt numeric; isReversed1 CHAR(1); countRecord numeric := 0; M_Warehouse_ID numeric := p_M_Warehouse_ID; v_productionQty    numeric := 0; v_MovementDate DATE; begin /*************************Get Costing Level*****************************/ raise notice '-- createcostdetailnotfrpt -> Get Costing Level'; select CostingLevel into CostingLevelDetail from M_Product_Category where m_product_category_id = ( select m_product_category_id from m_product where m_product_id = p_M_Product_ID ); raise notice 'Costing Level From Product category Accounting : %', CostingLevelDetail; if (CostingLevelDetail is null) then select CostingLevel into strict CostingLevelDetail from C_AcctSchema where C_AcctSchema_ID = p_AcctSchema_ID; raise notice 'Costing Level From Accounting Schema : %', CostingLevelDetail; end if; /************Check Reversed or Not*******/ raise notice 'Check Reversed or Not'; select isreversed, MovementDate into strict isReversed1, v_MovementDate from m_production where m_production_id in ( select m_production_id from m_productionline where m_productionline_id = p_M_ProductionLine_ID ); /*******check production is Produced product or component*/ select COUNT(*) into countRecord from m_productionplan where m_product_id = p_M_Product_ID and m_productionplan_id = ( select m_productionplan_id from m_productionline where m_productionline_id = p_M_ProductionLine_ID ); raise notice 'countRecord = %', countRecord; /*Get production Qty from Production Plan*/ SELECT ProductionQty INTO  v_productionQty FROM m_productionplan WHERE m_productionplan_id = ( SELECT m_productionplan_id FROM m_productionline WHERE m_productionline_id = p_m_productionline_id ); /************Get Overhead charges from Production Line *************/ if (isReversed1 <> 'Y') then if (countRecord > 0 AND v_productionQty > 0) then select case when ( select c_currency_id from c_acctschema where c_acctschema_id = ( select c_acctschema1_id from ad_clientinfo where ad_client_id = p_AD_Client_ID ) ) <> ( select c_currency_id from c_acctschema where c_acctschema_id = p_AcctSchema_ID ) then currencyconvert( amount, ( select c_currency_id from c_acctschema where c_acctschema_id = ( select c_acctschema1_id from ad_clientinfo where ad_client_id = p_AD_Client_ID ) ), ( select c_currency_id from c_acctschema where c_acctschema_id = p_AcctSchema_ID ), CURRENT_DATE, 0, p_AD_Client_ID, 0 ) else amount end into OverheadAmt from ( select coalesce(SUM(amt), 0) as amount from M_ProductionLine where M_ProductionPlan_ID = ( select M_ProductionPlan_ID from M_ProductionLine where M_ProductionLine_ID = p_M_ProductionLine_ID ) and coalesce(c_charge_id, 0) <> 0 ) alias13; OverheadAmount := OverheadAmt * p_Quantity; raise notice 'Overhead amount : %', OverheadAmt; end if; end if; /**************************Assign Org ID In which record to be created****************************/ if ( CostingLevelDetail = 'B' or CostingLevelDetail = 'C' ) then Org_ID := 0; end if; if ( CostingLevelDetail = 'C' or CostingLevelDetail = 'O' or CostingLevelDetail = 'W' ) then ASI := 0; end if; if ( not( CostingLevelDetail = 'W' or CostingLevelDetail = 'D' ) ) then M_Warehouse_ID := 0; end if; /******************************************************/ NextNo := AD_Sequence_Next('M_CostDetail', p_AD_Client_ID); /******************************************************/ insert into M_CostDetail ( M_CostDetail_ID, AD_Client_ID, AD_Org_ID, IsActive, Created, CreatedBy, Updated, UpdatedBy, C_AcctSchema_ID, M_Product_ID, Qty, Amt, M_AttributeSetInstance_ID, M_ProductionLine_ID, processed, M_Warehouse_ID, MovementDate) values ( NextNo, p_AD_Client_ID, p_ad_org_id, 'Y', NOW() at TIME zone 'UTC', 0, NOW() at TIME zone 'UTC', 0, p_AcctSchema_ID, p_M_Product_ID, p_Quantity, coalesce(p_CurrentCostPrice, 0) + coalesce(OverheadAmount, 0), p_m_attributesetinstance_id, p_M_ProductionLine_ID, 'Y', p_m_warehouse_id, v_MovementDate); M_CostDetail_ID := NextNo; /******************************************************/ exception when others then raise notice '%', sqlerrm; raise exception 'CreateCostDetailNotFrpt: %' , sqlerrm; end; $function$ ;
09:50:29.502    (INFO)     ConvertSQL.ApplyConvertMap: [20]Exception clause needs to be converted: CREATE OR REPLACE FUNCTION public.createcostqueuenotfrpt(p_m_product_id numeric, p_m_attributesetinstance_id numeric, p_ad_org_id numeric, p_ad_client_id numeric, p_quantity numeric, p_m_productionline_id numeric, p_m_warehouse_id numeric DEFAULT 0, p_movementdate timestamp without time zone DEFAULT CURRENT_DATE, p_ismanual character DEFAULT 'W'::bpchar) RETURNS void LANGUAGE plpgsql SECURITY DEFINER AS $function$ declare countacctschema numeric := 0; v_AcctSchema_ID numeric := 0; v_costElement_ID numeric := 0; v_costElement2_ID numeric := 0; v_curentCostPrice numeric := 1; v_accountingCostType numeric := 0; v_nextNo numeric; v_LifoOrFifo char(1); v_productQuantity numeric := 0; v_costDetail_ID numeric := 0; v_overheadAmount numeric := 0; v_CostingLevelDetail char(1); v_primaryAcctSchema numeric := 0; reversaldoc_id numeric := 0; errormessage text; materialcostingmethod CHAR(1); materialcostingelement numeric := 0; definedcostingmethod CHAR(1); costelementidforcombination numeric := 0; v_costingmethod CHAR(1); iscostimmediatly CHAR(1); v_iscostimmediate CHAR(1); iscostdetailexist numeric := 0; qtyavailability             numeric := 0; v_CUR_AcctSchema cursor for select pp.Ad_Client_ID, pp.Ad_Org_ID, pp.C_AcctSchema_ID from C_AcctSchema pp where pp.ad_client_id = p_AD_Client_ID and pp.isactive = 'Y'; begin /**********************************************************/ raise notice '%', '**************** Call Create Cost Queue Procedure ***************'; select M_CostElement_ID into strict v_costElement_ID from M_CostElement where IsActive = 'Y' and CostingMethod = ( select MMPolicy from M_Product_Category where IsActive = 'Y' and M_Product_Category_ID = ( select M_Product_Category_ID from M_Product where IsActive = 'Y' and M_Product_ID = p_M_Product_ID ) ) and AD_Client_ID = p_AD_Client_ID; raise notice 'Cost Element based on Product %', v_costElement_ID; /*Material Costing Method aginst cost combination*/ select coalesce(m_productionline.reversaldoc_id, 0), iscostimmediate into strict reversaldoc_id, iscostimmediatly from m_productionline where m_productionline_id = p_m_productionline_id; /* When p_IsManual is 'W' means Need to calculate onlu linked Costing method*/ if ( p_ismanual = 'W' ) then v_iscostimmediate := 'Y'; else v_iscostimmediate := 'N'; end if; /*************************************************************/ for pp in v_CUR_AcctSchema loop v_AcctSchema_ID := pp.C_AcctSchema_ID; v_costDetail_ID := 0; raise notice 'Primary Accounting Schema %', v_AcctSchema_ID; /*************************Get Costing Level*****************************/ select CostingLevel into strict v_CostingLevelDetail from M_Product_Category where m_product_category_id = ( select m_product_category_id from m_product where m_product_id = p_M_Product_ID ); raise notice 'Costing Level From Product category Accounting : %', v_CostingLevelDetail; if (v_CostingLevelDetail is null) then select CostingLevel into strict v_CostingLevelDetail from C_AcctSchema where C_AcctSchema_ID = v_AcctSchema_ID; raise notice 'Costing Level From Accounting Schema : %', v_CostingLevelDetail; end if; /*Get Cost Element ID and Costing Method linked with Product*/ select case when pcat.costingmethod is not null and pcat.costingmethod = 'C' then pcat.m_costelement_id when acct.costingmethod is not null and acct.costingmethod = 'C' then acct.m_costelement_id else 0 end as m_costelement_id, case when pcat.costingmethod is not null then pcat.costingmethod else acct.costingmethod end as costingmethod into costelementidforcombination, definedcostingmethod from m_product p inner join m_product_category pcat on ( p.m_product_category_id = pcat.m_product_category_id ) inner join c_acctschema acct on ( acct.c_acctschema_id = v_AcctSchema_ID ) where m_product_id = p_m_product_id; /* When Linked Costing Element is Cost Combination, then get linked material cost Element and Method*/ if ( costelementidforcombination > 0 ) then select cel.m_ref_costelement, refele.costingmethod into materialcostingelement, materialcostingmethod from m_costelement ce inner join m_costelementline cel on ( ce.m_costelement_id = cel.m_costelement_id ) inner join m_costelement refele on ( cast(cel.m_ref_costelement as INTEGER) = refele.m_costelement_id and refele.costingmethod is not null ) where ce.ad_client_id = p_ad_client_id and ce.isactive = 'Y' and ce.costelementtype = 'C' and cel.isactive = 'Y' and ce.m_costelement_id = costelementidforcombination order by ce.m_costelement_id; end if; /* Set Costing Method based on Combination and Costing Method*/ if ( definedcostingmethod != 'C' ) then v_costingmethod := definedcostingmethod; else v_costingmethod := materialcostingmethod; end if; if (p_Quantity > 0) then /*************************************************************/ select M_CostType_ID into strict v_accountingCostType from C_AcctSchema where c_acctschema_id = v_AcctSchema_ID; raise notice 'Cost type based on AccountingSchema %', v_accountingCostType; /*************************************************************/ v_curentCostPrice := GetPriceForProductionNotFRPT( p_AD_Client_ID, p_AD_Org_ID, p_M_Product_ID, p_M_AttributeSetInstance_ID, v_AcctSchema_ID, v_accountingCostType, 0, p_M_ProductionLine_ID, p_Quantity ); raise notice 'Get Current Cost price from GetPriceForProduction %', v_curentCostPrice; /*************************************************************/ raise notice '%', '**************** Call CreateCostDetail Procedure ***************'; /* When Process, get Cost Detail ID and also get Cost Detail created or not*/ if ( p_ismanual = 'P' ) then select MIN(m_costdetail_id), COUNT(m_costdetail_id) into strict v_costDetail_ID, iscostdetailexist from m_costdetail where nvl(m_costelement_id, 0) = 0 and isactive = 'Y' and c_acctschema_id = v_AcctSchema_ID and m_productionline_id = p_m_productionline_id; end if; /* When Cost Detail record not found then create record */ if (v_costDetail_ID = 0 ) then select * from CreateCostDetailNotFRPT( p_M_Product_ID, p_M_AttributeSetInstance_ID, p_AD_Org_ID, p_AD_Client_ID, p_Quantity, v_AcctSchema_ID, v_curentCostPrice, p_M_ProductionLine_ID, p_M_Warehouse_ID ) into strict v_costDetail_ID, v_overheadAmount; raise notice '%', '*** end CreateCostDetail Procedure ***'; end if; /*************************************************************/ if ( ( p_ismanual = 'W' and ( v_costingmethod = 'F' or v_costingmethod = 'L' )) or (p_ismanual = 'P' and iscostdetailexist = 0) ) then raise notice '%', '*** start  createCostQueueCreation Procedure ***'; if ( reversaldoc_id = 0 ) then v_nextNo := AD_Sequence_Next('M_CostQueue', p_AD_Client_ID); /*************************************************************/ /*1st entry either FIFO or LIFO */ insert into M_CostQueue( M_CostQueue_ID, AD_Client_ID, AD_Org_ID, IsActive, Created, CreatedBy, Updated, UpdatedBy, C_AcctSchema_ID, M_CostType_ID, M_CostElement_ID, M_Product_ID, CurrentQty, CurrentCostPrice, QueueDate, M_ATTRIBUTESETINSTANCE_ID, M_Warehouse_ID, actualqty, movementdate) values ( v_nextNo, p_AD_Client_ID, case when v_CostingLevelDetail = 'O' then p_AD_Org_ID else p_AD_Org_ID end, 'Y', current_date, 0, current_date, 0, v_AcctSchema_ID, v_accountingCostType, v_costElement_ID, p_M_Product_ID, p_Quantity, ROUND( ( coalesce(v_curentCostPrice, 0) + coalesce(v_overheadAmount, 0) ) / p_Quantity, ( select costingprecision from c_currency where c_currency_id = ( select c_currency_id from C_AcctSchema where C_AcctSchema_ID = v_AcctSchema_ID ) ) ), TO_TIMESTAMP( TO_CHAR(p_movementdate, 'DD-MM-YYYY') || ' ' || TO_CHAR(clock_timestamp() AT TIME ZONE 'UTC', 'HH12:MI:SS.US'), 'DD-MM-YYYY HH12:MI:SS.US') , case when( v_CostingLevelDetail = 'B' or v_CostingLevelDetail = 'A' or v_CostingLevelDetail = 'D' ) then p_M_AttributeSetInstance_ID else p_M_AttributeSetInstance_ID end, case when( v_CostingLevelDetail = 'W' or v_CostingLevelDetail = 'D' ) then p_M_Warehouse_ID else p_M_Warehouse_ID end , p_quantity, p_movementdate); raise notice '%', '*** start  createcostqueuetransaction Procedure ***'; execute createcostqueuetransaction(p_ad_client_id, case when v_CostingLevelDetail = 'O' then p_ad_org_id else p_ad_org_id end, p_m_product_id, case when(v_CostingLevelDetail = 'B' or v_CostingLevelDetail = 'A' or v_CostingLevelDetail = 'D') then p_m_attributesetinstance_id else p_m_attributesetinstance_id end, case when(v_CostingLevelDetail = 'W' or v_CostingLevelDetail = 'D') then p_m_warehouse_id else p_m_warehouse_id end, v_nextNo, p_quantity, p_m_productionline_id, p_movementdate); raise notice '%', '*** end  createcostqueuetransaction Procedure ***'; else raise notice '%', '*** start  returnstockreassignedtocostqueue Procedure ***'; errormessage := returnstockreassignedtocostqueue(p_m_productionline_id, v_AcctSchema_ID, v_costElement_ID, p_quantity, p_movementdate); raise notice '%', '*** end  returnstockreassignedtocostqueue Procedure ***'; if ( errormessage is not null ) then rollback; exit; end if; end if; end if; /*FIFO or LIFO Method*/ select CostingMethod into strict v_LifoOrFifo from M_CostElement where M_CostElement_ID = v_costElement_ID; raise notice 'Ist record costing method %', v_LifoOrFifo; raise notice '%', '*** end  creation/updation of Cost Queue Procedure ***'; /*************************************************************/ raise notice '%', '**************** Call UpdateMCost Procedure ***************'; perform updatemcostNotFRPT( p_AD_Client_ID, p_AD_Org_ID, p_M_Product_ID, p_M_AttributeSetInstance_ID, v_AcctSchema_ID, v_costDetail_ID, p_M_Warehouse_ID, p_ismanual, v_costingmethod, iscostimmediatly ); /*************************************************************/ raise notice '**************** Update current cost on production line ***************'; select C_AcctSchema1_ID into strict v_primaryAcctSchema from AD_ClientInfo where IsActive = 'Y' and AD_Client_ID = p_AD_Client_ID; if (v_primaryAcctSchema = v_AcctSchema_ID) then update M_ProductionLine set Amt = ROUND( ( coalesce(v_curentCostPrice, 0) + coalesce(v_overheadAmount, 0) ) / p_Quantity, ( select costingprecision from c_currency where c_currency_id = ( select c_currency_id from C_AcctSchema where C_AcctSchema_ID = v_AcctSchema_ID ) ) ), iscostimmediate = v_iscostimmediate where M_ProductionLine_ID = p_M_ProductionLine_ID and coalesce(amt, 0) = 0; raise notice '** Amount updated on prodution line **'; /* VIS_45: Amount not be updated for those line on which amount available, reason: in case of disassembly, cost updated directly from product costs*/ end if; /***************************************************/ else /*************************************************************/ select M_CostType_ID into strict v_accountingCostType from C_AcctSchema where c_acctschema_id = v_AcctSchema_ID; raise notice 'Cost type based on Primary AccountingSchema %', v_accountingCostType; /*************************************************************/ raise notice '%', '**************** Call GetPriceForProductionNotFRPT Procedure ***************'; v_curentCostPrice := GetPriceForProductionNotFRPT( p_AD_Client_ID, p_AD_Org_ID, p_M_Product_ID, p_M_AttributeSetInstance_ID, v_AcctSchema_ID, v_accountingCostType, 0, p_M_ProductionLine_ID, p_Quantity ); /*************************************************************/ raise notice '%', '**************** Call CreateCostDetailNotFRPT Procedure ***************'; /* When Process, get Cost Detail ID and also get Cost Detail created or not*/ if ( p_ismanual = 'P' ) then select MIN(m_costdetail_id), COUNT(m_costdetail_id) into strict v_costDetail_ID, iscostdetailexist from m_costdetail where nvl( m_costelement_id, 0 ) = 0 and isactive = 'Y' and c_acctschema_id = v_AcctSchema_ID and m_productionline_id = p_m_productionline_id; end if; /* When Cost Detail record not found then create record */ if ( v_costDetail_ID = 0 ) then select * from CreateCostDetailNotFRPT( p_M_Product_ID, p_M_AttributeSetInstance_ID, p_AD_Org_ID, p_AD_Client_ID, p_Quantity, v_AcctSchema_ID, v_curentCostPrice, p_M_ProductionLine_ID, p_M_Warehouse_ID ) into strict v_costDetail_ID, v_overheadAmount; end if; /*************************************************************/ select CostingMethod into strict v_LifoOrFifo from M_CostElement where M_CostElement_ID = v_costElement_ID; raise notice 'Ist record costing method %', v_LifoOrFifo; /*************************************************************/ v_productQuantity := -1 * p_Quantity; raise notice '%', '**************** Call UpdateCostQueue Procedure ***************'; if ( ( p_ismanual = 'W' and ( v_costingmethod = 'F' or v_costingmethod = 'L' ) ) or ( p_ismanual = 'P' and iscostdetailexist = 0 ) ) then if ( reversaldoc_id = 0 ) then SELECT SUM(currentqty) INTO qtyavailability FROM m_costqueue WHERE currentqty > 0 AND m_product_id = p_M_Product_ID AND m_attributesetinstance_id = p_M_AttributeSetInstance_ID AND ad_org_id = p_AD_Org_ID AND m_warehouse_id = p_M_Warehouse_ID AND c_acctschema_id = v_AcctSchema_ID AND m_costtype_id = v_accountingCostType AND movementdate <= p_movementdate; IF ( qtyavailability < abs(v_productQuantity) ) THEN RAISE exception 'Queue qty (%) is less than transaction Qty (%) for product Id (%) ' , qtyavailability, v_productQuantity, p_m_product_id; END IF; perform updateCostQueues( p_M_Product_ID, p_M_AttributeSetInstance_ID, case when v_CostingLevelDetail = 'O' then p_AD_Org_ID else p_AD_Org_ID end, P_AD_CLIENT_ID, v_productQuantity, v_AcctSchema_ID, v_accountingCostType, v_costElement_ID, v_costElement2_ID, case when v_CostingLevelDetail = 'W' or v_CostingLevelDetail = 'D' then p_M_Warehouse_ID else p_M_Warehouse_ID end, p_m_productionline_id, p_movementdate ); /*27-Jan-2025, Update Average cost on Production Line*/ perform getlifoandfifocostfromcostqueuetransaction(p_m_productionline_id, v_costingmethod); else errormessage := returnstockreducefromcostqueue(p_m_productionline_id, v_AcctSchema_ID, v_costElement_ID, v_productQuantity, p_movementdate); if ( errormessage is not null ) then rollback; exit; end if; end if; end if; /*************************************************************/ raise notice '%', '**************** Call UpdateMCost Procedure ***************'; perform updatemcostNotFRPT( p_AD_Client_ID, p_AD_Org_ID, p_M_Product_ID, p_M_AttributeSetInstance_ID, v_AcctSchema_ID, v_costDetail_ID, p_M_Warehouse_ID, p_ismanual, v_costingmethod, iscostimmediatly ); /* Update IsCostImmediate on Production Line*/ update m_productionline set iscostimmediate = v_iscostimmediate where m_productionline_id = p_m_productionline_id; /*************************************************************/ end if; end loop; raise notice ' End Loop of CreateCost Queue not FRPT'; /*************************************************************/ exception when others then raise notice '%', sqlerrm; raise exception 'CreateCostQueueNotFrpt: %' , sqlerrm; end; $function$ ;
09:50:29.502    (INFO)     ConvertSQL.ApplyConvertMap: [20]Exception clause needs to be converted: CREATE OR REPLACE FUNCTION public.bomqtyonhandforproduction( product_id numeric, attributesetinstance_id numeric, warehouse_id numeric, locator_id numeric) RETURNS numeric LANGUAGE 'plpgsql' COST 100 STABLE SECURITY DEFINER AS $BODY$ DECLARE myWarehouse_ID NUMERIC; Quantity       NUMERIC := 99999; IsBOM1          CHAR(1); IsStocked1      CHAR(1); ProductType1    CHAR(1); ProductQty     NUMERIC; StdPrecision1   NUMERIC; CUR_BOM CURSOR FOR SELECT b.M_ProductBOM_ID, b.BOMQty, p.IsBOM, p.IsStocked, p.ProductType FROM M_Product_BOM b, M_Product p WHERE b.M_ProductBOM_ID=p.M_Product_ID AND b.M_Product_ID     =Product_ID; BEGIN myWarehouse_ID     := Warehouse_ID; IF (myWarehouse_ID IS NULL) THEN IF (Locator_ID   IS NULL) THEN RETURN 0; ELSE SELECT SUM(M_Warehouse_ID) INTO STRICT myWarehouse_ID FROM M_Locator WHERE M_Locator_ID=Locator_ID; END IF; END IF; IF (myWarehouse_ID IS NULL) THEN RETURN 0; END IF; BEGIN SELECT IsBOM, ProductType, IsStocked INTO STRICT IsBOM1, ProductType1, IsStocked1 FROM M_Product WHERE M_Product_ID=Product_ID; EXCEPTION WHEN OTHERS THEN RETURN 0; END; IF (IsBOM1='N' AND (ProductType1<>'I' OR IsStocked1='N')) THEN RETURN Quantity; /*ELSIF (IsStocked='Y') THEN*/ ELSE SELECT COALESCE(SUM(QtyOnHand), 0) INTO STRICT ProductQty FROM M_Storage s WHERE M_Product_ID           =Product_ID AND M_AttributeSetInstance_ID=AttributeSetInstance_ID AND EXISTS (SELECT * FROM M_Locator l WHERE s.M_Locator_ID=l.M_Locator_ID AND l.M_Warehouse_ID=myWarehouse_ID AND s.M_Locator_ID  = Locator_ID ); RETURN ProductQty; END IF; FOR bom IN CUR_BOM LOOP IF (bom.ProductType = 'I' AND bom.IsStocked = 'Y') THEN SELECT COALESCE(SUM(QtyOnHand), 0) INTO STRICT ProductQty FROM M_Storage s WHERE M_Product_ID=bom.M_ProductBOM_ID AND EXISTS (SELECT * FROM M_Locator l WHERE s.M_Locator_ID=l.M_Locator_ID AND l.M_Warehouse_ID=myWarehouse_ID AND s.M_Locator_ID  = Locator_ID ); SELECT COALESCE(MAX(u.StdPrecision), 0) INTO STRICT StdPrecision1 FROM C_UOM u, M_Product p WHERE u.C_UOM_ID  =p.C_UOM_ID AND p.M_Product_ID=bom.M_ProductBOM_ID; ProductQty       := ROUND(ProductQty/bom.BOMQty, StdPrecision1); IF (ProductQty    < Quantity) THEN Quantity       := ProductQty; END IF; ELSIF (bom.IsBOM = 'Y') THEN ProductQty    := BOMQTYONHANDForProduction(bom.M_ProductBOM_ID, AttributeSetInstance_ID, myWarehouse_ID, Locator_ID); IF (ProductQty < Quantity) THEN Quantity    := ProductQty; END IF; END IF; END LOOP; IF (Quantity > 0) THEN SELECT COALESCE(MAX(u.StdPrecision), 0) INTO STRICT StdPrecision1 FROM C_UOM u, M_Product p WHERE u.C_UOM_ID  =p.C_UOM_ID AND p.M_Product_ID=Product_ID; RETURN ROUND(Quantity, StdPrecision1); END IF; RETURN 0; END; $BODY$;
09:50:29.502    (INFO)     ConvertSQL.ApplyConvertMap: [20]Exception clause needs to be converted: create or replace function public.updatemcostnotfrpt( p_ad_client_id numeric, p_ad_org_id numeric, p_m_product_id numeric, p_m_attributesetinstance_id numeric, p_acctschema_id numeric, p_m_costdetail_id numeric, p_m_warehouse_id numeric default 0, p_ismanual in CHAR default 'W', p_costingmethod in CHAR default '', p_IsCostImmediatly in CHAR default 'Y') returns void language plpgsql as $function$ declare isModuleExist numeric := 0; CostingLevelDetail CHAR(1); org_ID numeric := p_AD_Org_ID; M_ASI_ID numeric := p_M_AttributeSetInstance_ID; qty numeric := 0; price numeric := 0; cost_id numeric := 0; countRecord numeric := 0; isReversedVar CHAR(1); PrecnVar numeric := 6; mcost numeric := 0; v_M_Warehouse_ID numeric := p_M_Warehouse_ID; errormessage text; v_movementdate timestamp; /***************************Define Cursors************************************/ Cur_CostDetail cursor for select * from M_CostDetail where M_CostDetail_ID = p_M_CostDetail_ID; Cur_CostElement cursor for select * from M_CostElement where AD_Client_ID = p_AD_Client_ID and IsActive = 'Y' and CostElementType = 'M' and CostingMethod is not null; /***************************************************************/ begin /*************************Get Costing Level*****************************/ select CostingLevel into CostingLevelDetail from M_Product_Category where m_product_category_id = ( select m_product_category_id from m_product where m_product_id = p_M_Product_ID ); raise notice 'Costing Level From Product category : %', CostingLevelDetail; if (CostingLevelDetail is null) then select CostingLevel into strict CostingLevelDetail from C_AcctSchema where C_AcctSchema_ID = p_AcctSchema_ID; raise notice 'Costing Level From Accounting Schema : %', CostingLevelDetail; end if; /**************************Assign Org ID In which record to be created****************************/ if ( CostingLevelDetail = 'B' or CostingLevelDetail = 'C' ) then Org_ID := 0; end if; if ( CostingLevelDetail = 'C' or CostingLevelDetail = 'O' or CostingLevelDetail = 'W') then M_ASI_ID := 0; end if; if ( not( CostingLevelDetail = 'W' or CostingLevelDetail = 'D') ) then v_M_Warehouse_ID := 0; end if; /******************************************************/ select costingprecision into PrecnVar from c_currency where c_currency_id = ( select c_currency_id from C_AcctSchema where C_AcctSchema_ID = p_AcctSchema_ID ); raise notice 'Costing Precison %', PrecnVar; for cd in Cur_CostDetail loop select isreversed, MovementDate into strict isReversedVar, v_movementdate from m_production where m_production_id = ( select m_production_id from m_productionline where m_productionline_id = cd.m_productionline_id ); for ce in Cur_CostElement loop if (p_ismanual = 'W' and p_costingmethod != ce.costingmethod ) then continue; end if; if (p_ismanual = 'P' and p_IsCostImmediatly = 'Y' and p_costingmethod = ce.costingmethod ) then continue; end if; price := cd.amt; /*IF(cd.qty <> 0) THEN price := cd.amt/cd.qty; END IF;*/ raise notice 'Cost Detail Price : %', price; raise notice 'Costing Element : %', ce.costingmethod; countRecord := 0; select COUNT(*) into countRecord from m_cost where ad_client_id = p_AD_Client_ID and ad_org_id = Org_ID and m_product_id = p_M_Product_ID and m_attributesetinstance_id = M_ASI_ID and C_AcctSchema_ID = p_AcctSchema_ID and coalesce(M_Warehouse_ID, 0) = v_M_Warehouse_ID and M_CostType_ID = ( select M_CostType_ID from C_AcctSchema where C_AcctSchema_ID = p_AcctSchema_ID ) and M_CostElement_ID = ce.M_CostElement_ID and ISAssetCost = 'N'; raise notice 'Record exist or not : %', countRecord; if (countRecord = 0) then insert into M_Cost ( AD_Client_ID, AD_Org_ID, IsActive, Created, CreatedBy, Updated, UpdatedBy, C_AcctSchema_ID, M_CostType_ID, M_CostElement_ID, M_Product_ID, M_Attributesetinstance_ID, M_Warehouse_ID ) values ( p_AD_Client_ID, Org_ID, 'Y', CURRENT_DATE, 100, CURRENT_DATE, 100, p_AcctSchema_ID, ( select M_CostType_ID from C_AcctSchema where C_AcctSchema_ID = p_AcctSchema_ID ), ce.M_CostElement_ID, p_M_Product_ID, M_ASI_ID, v_M_Warehouse_ID ); /* COMMIT;*/ end if; if ( cd.qty > 0 and cd.amt >= 0 ) then update m_cost set CumulatedAmt = case when isReversedVar = 'Y' then coalesce(CumulatedAmt, 0) else coalesce(CumulatedAmt, 0) + price end, CumulatedQty = case when isReversedVar = 'Y' then coalesce(CumulatedQty, 0) else coalesce(CumulatedQty, 0) + cd.qty end, currentQty = coalesce(CurrentQty, 0) + cd.qty where ad_client_id = p_AD_Client_ID and ad_org_id = Org_ID and m_product_id = p_M_Product_ID and m_attributesetinstance_id = M_ASI_ID and C_AcctSchema_ID = p_AcctSchema_ID and coalesce(M_Warehouse_ID, 0) = v_M_Warehouse_ID and M_CostType_ID = ( select M_CostType_ID from C_AcctSchema where C_AcctSchema_ID = p_AcctSchema_ID ) and M_CostElement_ID = ce.M_CostElement_ID and ISAssetCost = 'N'; /* COMMIT;*/ raise notice 'Cumulative Amt/ Qty / Current qty updated for costing element is : %', ce.costingmethod; /*Average PO*/ case when(ce.costingmethod = 'A' and isReversedVar = 'N') then update m_cost set CURRENTCOSTPRICE = ROUND( CumulatedAmt / case when CumulatedQty = 0 then 1 else CumulatedQty end :: numeric , ( select costingprecision from c_currency where c_currency_id = ( select c_currency_id from C_AcctSchema where C_AcctSchema_ID = p_AcctSchema_ID ) ) ) where ad_client_id = p_AD_Client_ID and ad_org_id = Org_ID and m_product_id = p_M_Product_ID and m_attributesetinstance_id = M_ASI_ID and C_AcctSchema_ID = p_AcctSchema_ID and coalesce(M_Warehouse_ID, 0) = v_M_Warehouse_ID and M_CostType_ID = ( select M_CostType_ID from C_AcctSchema where C_AcctSchema_ID = p_AcctSchema_ID ) and M_CostElement_ID = ce.M_CostElement_ID and ISAssetCost = 'N'; /* COMMIT;*/ raise notice 'm_cost updated for costing element is : %', ce.costingmethod; /*Average Invoice*/ when(ce.costingmethod = 'I' and isReversedVar = 'N') then update m_cost set CURRENTCOSTPRICE = ROUND( CumulatedAmt / case when CumulatedQty = 0 then 1 else CumulatedQty end :: numeric , ( select costingprecision from c_currency where c_currency_id = ( select c_currency_id from C_AcctSchema where C_AcctSchema_ID = p_AcctSchema_ID ) ) ) where ad_client_id = p_AD_Client_ID and ad_org_id = Org_ID and m_product_id = p_M_Product_ID and m_attributesetinstance_id = M_ASI_ID and coalesce(M_Warehouse_ID, 0) = v_M_Warehouse_ID and C_AcctSchema_ID = p_AcctSchema_ID and M_CostType_ID = ( select M_CostType_ID from C_AcctSchema where C_AcctSchema_ID = p_AcctSchema_ID ) and M_CostElement_ID = ce.M_CostElement_ID and ISAssetCost = 'N'; /* COMMIT;*/ raise notice 'm_cost updated for costing element is : %', ce.costingmethod; /*Lifo And Fifo*/ when ( ce.costingmethod = 'F' or ce.costingmethod = 'L' ) then /* price                := GetPriceFromCostQueue( p_AD_Client_ID, Org_ID, p_M_Product_ID, M_ASI_ID, p_AcctSchema_ID, ce.M_CostElement_ID );*/ select * from getpricefromcostqueue1(p_ad_client_id, org_id, p_m_product_id, m_asi_id, p_acctschema_id, ce.m_costelement_id, v_m_warehouse_id) into price, errormessage; raise notice 'FIFO / LIFO cost :  %', price; if ( errormessage is not null ) then rollback; exit; end if; update m_cost set CURRENTCOSTPRICE = ROUND( price :: numeric , ( select costingprecision from c_currency where c_currency_id = ( select c_currency_id from C_AcctSchema where C_AcctSchema_ID = p_AcctSchema_ID ) ) ) where ad_client_id = p_AD_Client_ID and ad_org_id = Org_ID and m_product_id = p_M_Product_ID and m_attributesetinstance_id = M_ASI_ID and coalesce(M_Warehouse_ID, 0) = v_M_Warehouse_ID and C_AcctSchema_ID = p_AcctSchema_ID and M_CostType_ID = ( select M_CostType_ID from C_AcctSchema where C_AcctSchema_ID = p_AcctSchema_ID ) and M_CostElement_ID = ce.M_CostElement_ID and ISAssetCost = 'N'; /* COMMIT;*/ raise notice 'price and policy : % and %', price, ce.costingmethod; /* Weighted Average Cost*/ when(ce.costingmethod = 'W') then update m_cost set CURRENTCOSTPRICE = case when coalesce(CurrentQty, 0) <> 0 then ROUND( ( ( CURRENTCOSTPRICE * (coalesce(CurrentQty, 0) - cd.qty) ) + price ) / coalesce(CurrentQty, 0) :: numeric , ( select costingprecision from c_currency where c_currency_id = ( select c_currency_id from C_AcctSchema where C_AcctSchema_ID = p_AcctSchema_ID ) ) ) else 0 end where ad_client_id = p_AD_Client_ID and ad_org_id = Org_ID and m_product_id = p_M_Product_ID and m_attributesetinstance_id = M_ASI_ID and coalesce(M_Warehouse_ID, 0) = v_M_Warehouse_ID and C_AcctSchema_ID = p_AcctSchema_ID and M_CostType_ID = ( select M_CostType_ID from C_AcctSchema where C_AcctSchema_ID = p_AcctSchema_ID ) and M_CostElement_ID = ce.M_CostElement_ID and ISAssetCost = 'N'; /* COMMIT;*/ raise notice 'm_cost updated for costing element is : %', ce.costingmethod; /* Weighted Average PO*/ when(ce.costingmethod = 'O') then update m_cost set CURRENTCOSTPRICE = case when coalesce(CurrentQty, 0) <> 0 then ROUND( ( ( CURRENTCOSTPRICE * (coalesce(CurrentQty, 0) - cd.qty) ) + price ) / coalesce(CurrentQty, 0) :: numeric , ( select costingprecision from c_currency where c_currency_id = ( select c_currency_id from C_AcctSchema where C_AcctSchema_ID = p_AcctSchema_ID ) ) ) else 0 end where ad_client_id = p_AD_Client_ID and ad_org_id = Org_ID and m_product_id = p_M_Product_ID and m_attributesetinstance_id = M_ASI_ID and coalesce(M_Warehouse_ID, 0) = v_M_Warehouse_ID and C_AcctSchema_ID = p_AcctSchema_ID and M_CostType_ID = ( select M_CostType_ID from C_AcctSchema where C_AcctSchema_ID = p_AcctSchema_ID ) and M_CostElement_ID = ce.M_CostElement_ID and ISAssetCost = 'N'; /* COMMIT;*/ raise notice 'm_cost updated for costing element is : %', ce.costingmethod; /*Standard Costing*/ when(ce.costingmethod = 'S' and isReversedVar = 'N') then select CURRENTCOSTPRICE into price from m_cost where ad_client_id = p_AD_Client_ID and ad_org_id = Org_ID and m_product_id = p_M_Product_ID and m_attributesetinstance_id = M_ASI_ID and coalesce(M_Warehouse_ID, 0) = v_M_Warehouse_ID and C_AcctSchema_ID = p_AcctSchema_ID and M_CostType_ID = ( select M_CostType_ID from C_AcctSchema where C_AcctSchema_ID = p_AcctSchema_ID ) and M_CostElement_ID = ce.M_CostElement_ID and ISAssetCost = 'N'; if (price = 0) then update m_cost set CURRENTCOSTPRICE = ROUND( CumulatedAmt / case when CumulatedQty = 0 then 1 else CumulatedQty end :: numeric , ( select costingprecision from c_currency where c_currency_id = ( select c_currency_id from C_AcctSchema where C_AcctSchema_ID = p_AcctSchema_ID ) ) ) where ad_client_id = p_AD_Client_ID and ad_org_id = Org_ID and m_product_id = p_M_Product_ID and m_attributesetinstance_id = M_ASI_ID and coalesce(M_Warehouse_ID, 0) = v_M_Warehouse_ID and C_AcctSchema_ID = p_AcctSchema_ID and M_CostType_ID = ( select M_CostType_ID from C_AcctSchema where C_AcctSchema_ID = p_AcctSchema_ID ) and M_CostElement_ID = ce.M_CostElement_ID and ISAssetCost = 'N'; /* COMMIT;*/ raise notice 'm_cost updated for costing element is : %', ce.costingmethod; end if; else raise notice 'No work for this Costing Method : %', ce.costingmethod; end case; /* COMMIT;*/ else raise notice 'start for reducing the component'; update m_cost set currentQty = coalesce(CurrentQty, 0) + cd.qty, CumulatedAmt = case when cd.qty < 0 and isReversedVar = 'Y' then coalesce(CumulatedAmt, 0) + price else coalesce(CumulatedAmt, 0) end, CumulatedQty = case when cd.qty < 0 and isReversedVar = 'Y' then coalesce(CumulatedQty, 0) + cd.qty else coalesce(CumulatedQty, 0) end where ad_client_id = p_AD_Client_ID and ad_org_id = Org_ID and m_product_id = p_M_Product_ID and m_attributesetinstance_id = M_ASI_ID and coalesce(M_Warehouse_ID, 0) = v_M_Warehouse_ID and C_AcctSchema_ID = p_AcctSchema_ID and M_CostType_ID = ( select M_CostType_ID from C_AcctSchema where C_AcctSchema_ID = p_AcctSchema_ID ) and M_CostElement_ID = ce.M_CostElement_ID and ISAssetCost = 'N'; /* COMMIT;*/ /*****************************************************************/ /* Weighted Average Cost*/ if ( ( ce.costingmethod = 'W' or ce.costingmethod = 'O' ) and isReversedVar = 'Y' ) then update m_cost set CURRENTCOSTPRICE = case when coalesce(CurrentQty, 0) <> 0 then ROUND( ( ( CURRENTCOSTPRICE * (coalesce(CurrentQty, 0) - cd.qty) ) + price ) / coalesce(CurrentQty, 0) :: numeric , ( select costingprecision from c_currency where c_currency_id = ( select c_currency_id from C_AcctSchema where C_AcctSchema_ID = p_AcctSchema_ID ) ) ) else 0 end where ad_client_id = p_AD_Client_ID and ad_org_id = Org_ID and m_product_id = p_M_Product_ID and m_attributesetinstance_id = M_ASI_ID and coalesce(M_Warehouse_ID, 0) = v_M_Warehouse_ID and C_AcctSchema_ID = p_AcctSchema_ID and M_CostType_ID = ( select M_CostType_ID from C_AcctSchema where C_AcctSchema_ID = p_AcctSchema_ID ) and M_CostElement_ID = ce.M_CostElement_ID and ISAssetCost = 'N'; /* COMMIT;*/ raise notice 'm_cost updated for costing element is : %', ce.costingmethod; end if; /*Av Inv OR Av PO*/ if ( isReversedVar = 'Y' and ( ce.costingmethod = 'I' or ce.costingmethod = 'A' ) ) then update m_cost set CURRENTCOSTPRICE = ROUND( CumulatedAmt / case when CumulatedQty = 0 then 1 else CumulatedQty end :: numeric , ( select costingprecision from c_currency where c_currency_id = ( select c_currency_id from C_AcctSchema where C_AcctSchema_ID = p_AcctSchema_ID ) ) ) where ad_client_id = p_AD_Client_ID and ad_org_id = Org_ID and m_product_id = p_M_Product_ID and m_attributesetinstance_id = M_ASI_ID and coalesce(M_Warehouse_ID, 0) = v_M_Warehouse_ID and C_AcctSchema_ID = p_AcctSchema_ID and M_CostType_ID = ( select M_CostType_ID from C_AcctSchema where C_AcctSchema_ID = p_AcctSchema_ID ) and M_CostElement_ID = ce.M_CostElement_ID and ISAssetCost = 'N'; /* COMMIT;*/ raise notice 'm_cost updated for costing element is : %', ce.costingmethod; end if; /**********************************/ if ( ce.costingmethod = 'F' or ce.costingmethod = 'L' ) then /* price              := GetPriceFromCostQueue( p_AD_Client_ID, Org_ID, p_M_Product_ID, M_ASI_ID, p_AcctSchema_ID, ce.M_CostElement_ID );*/ select * from getpricefromcostqueue1(p_ad_client_id, org_id, p_m_product_id, m_asi_id, p_acctschema_id, ce.m_costelement_id, v_m_warehouse_id) into price, errormessage; raise notice 'FIFO / LIFO cost :  %', price; if ( errormessage is not null ) then rollback; exit; end if; update m_cost set CURRENTCOSTPRICE = ROUND( price :: numeric , ( select costingprecision from c_currency where c_currency_id = ( select c_currency_id from C_AcctSchema where C_AcctSchema_ID = p_AcctSchema_ID ) ) ) where ad_client_id = p_AD_Client_ID and ad_org_id = Org_ID and m_product_id = p_M_Product_ID and m_attributesetinstance_id = M_ASI_ID and coalesce(M_Warehouse_ID, 0) = v_M_Warehouse_ID and C_AcctSchema_ID = p_AcctSchema_ID and M_CostType_ID = ( select M_CostType_ID from C_AcctSchema where C_AcctSchema_ID = p_AcctSchema_ID ) and M_CostElement_ID = ce.M_CostElement_ID and ISAssetCost = 'N'; /* COMMIT;*/ end if; /*****************************************************************/ end if; /*** Create Cost element Detail **/ select currentcostprice into mcost from m_cost where ad_client_id = p_AD_Client_ID and ad_org_id = Org_ID and m_product_id = p_M_Product_ID and m_attributesetinstance_id = M_ASI_ID and coalesce(M_Warehouse_ID, 0) = v_M_Warehouse_ID and C_AcctSchema_ID = p_AcctSchema_ID and M_CostType_ID = ( select M_CostType_ID from C_AcctSchema where C_AcctSchema_ID = p_AcctSchema_ID ) and M_CostElement_ID = ce.M_CostElement_ID and ISAssetCost = 'N' limit 1; raise notice 'Create Cost Element Detail : %', ce.costingmethod; perform CreateCostElementDetail( p_AD_Client_ID, p_ad_org_id, p_M_Product_ID, M_ASI_ID, p_AcctSchema_ID, ce.M_CostElement_ID, cd.m_productionline_id, ROUND((mcost * cd.qty) , 6), cd.qty, p_m_warehouse_id, v_movementdate ); raise notice 'Create Cost Element Detail success : %', ce.costingmethod; end loop; raise notice 'Create Costcombination  : %', p_M_Product_ID; perform CreateCostCombination( p_AD_Client_ID, Org_ID, p_M_Product_ID, p_m_attributesetinstance_id, p_AcctSchema_ID, cd.M_CostDetail_ID, cd.qty, cd.m_productionline_id, v_M_Warehouse_ID, v_movementdate); raise notice 'Create Costcombination success : %', p_M_Product_ID; end loop; /******************************************************/ exception when others then raise notice '%', sqlerrm; raise exception 'UpdateMCostnotfrpt: %' , sqlerrm; end; $function$;
09:50:32.503    (INFO)     MChangeLog.FillChangeLog: [20]#9
===========>     (SEVERE)   DB.ExecuteQuery: [20] => 23505: duplicate key value violates unique constraint "ad_process_access_pkey"

DETAIL: Detail redacted as it may contain sensitive data. Specify 'Include Error Detail' in the connection string to include this information.
----------->     (WARNING)  DB.ExecuteQuery: [20]DBExecuteError - 23505: duplicate key value violates unique constraint "ad_process_access_pkey"

DETAIL: Detail redacted as it may contain sensitive data. Specify 'Include Error Detail' in the connection string to include this information.
----------->     (WARNING)  X_AD_Process_Access.ImportNow: [20]Not insertedAD_Process_Access
===========>     (SEVERE)   DB.ExecuteQuery: [20] => 23505: duplicate key value violates unique constraint "ad_process_access_pkey"

DETAIL: Detail redacted as it may contain sensitive data. Specify 'Include Error Detail' in the connection string to include this information.
----------->     (WARNING)  DB.ExecuteQuery: [20]DBExecuteError - 23505: duplicate key value violates unique constraint "ad_process_access_pkey"

DETAIL: Detail redacted as it may contain sensitive data. Specify 'Include Error Detail' in the connection string to include this information.
----------->     (WARNING)  X_AD_Process_Access.ImportNow: [20]Not insertedAD_Process_Access
09:50:32.503    (INFO)     CacheMgt.Reset: [20]AD_Ref_Table: #1 (0)
===========>     (SEVERE)   DB.ExecuteQuery: [20] => 42601: syntax error at or near "=@"

POSITION: 39
----------->     (WARNING)  DB.ExecuteQuery: [20]DBExecuteError - 42601: syntax error at or near "=@"

POSITION: 39
===========>     (SEVERE)   DB.ExecuteQuery: [20] => 42601: syntax error at or near "=@"

POSITION: 36
----------->     (WARNING)  DB.ExecuteQuery: [20]DBExecuteError - 42601: syntax error at or near "=@"

POSITION: 36
===========>     (SEVERE)   DB.ExecuteQuery: [20] => 0A000: cannot alter type of a column used by a view or rule

DETAIL: Detail redacted as it may contain sensitive data. Specify 'Include Error Detail' in the connection string to include this information.
----------->     (WARNING)  DB.ExecuteQuery: [20]DBExecuteError - 0A000: cannot alter type of a column used by a view or rule

DETAIL: Detail redacted as it may contain sensitive data. Specify 'Include Error Detail' in the connection string to include this information.
===========>     (SEVERE)   DB.ExecuteQuery: [20] => 0A000: cannot alter type of a column used by a view or rule

DETAIL: Detail redacted as it may contain sensitive data. Specify 'Include Error Detail' in the connection string to include this information.
----------->     (WARNING)  DB.ExecuteQuery: [20]DBExecuteError - 0A000: cannot alter type of a column used by a view or rule

DETAIL: Detail redacted as it may contain sensitive data. Specify 'Include Error Detail' in the connection string to include this information.
===========>     (SEVERE)   DB.ExecuteQuery: [20] => 0A000: cannot alter type of a column used by a view or rule

DETAIL: Detail redacted as it may contain sensitive data. Specify 'Include Error Detail' in the connection string to include this information.
----------->     (WARNING)  DB.ExecuteQuery: [20]DBExecuteError - 0A000: cannot alter type of a column used by a view or rule

DETAIL: Detail redacted as it may contain sensitive data. Specify 'Include Error Detail' in the connection string to include this information.
===========>     (SEVERE)   DB.ExecuteQuery: [20] => 42703: column "y" does not exist

POSITION: 36
----------->     (WARNING)  DB.ExecuteQuery: [20]DBExecuteError - 42703: column "y" does not exist

POSITION: 36
===========>     (SEVERE)   DB.ExecuteQuery: [20] => 0A000: cannot alter type of a column used by a view or rule

DETAIL: Detail redacted as it may contain sensitive data. Specify 'Include Error Detail' in the connection string to include this information.
----------->     (WARNING)  DB.ExecuteQuery: [20]DBExecuteError - 0A000: cannot alter type of a column used by a view or rule

DETAIL: Detail redacted as it may contain sensitive data. Specify 'Include Error Detail' in the connection string to include this information.
===========>     (SEVERE)   DB.ExecuteQuery: [20] => 0A000: cannot alter type of a column used by a view or rule

DETAIL: Detail redacted as it may contain sensitive data. Specify 'Include Error Detail' in the connection string to include this information.
----------->     (WARNING)  DB.ExecuteQuery: [20]DBExecuteError - 0A000: cannot alter type of a column used by a view or rule

DETAIL: Detail redacted as it may contain sensitive data. Specify 'Include Error Detail' in the connection string to include this information.
===========>     (SEVERE)   DB.ExecuteQuery: [20] => 0A000: cannot alter type of a column used by a view or rule

DETAIL: Detail redacted as it may contain sensitive data. Specify 'Include Error Detail' in the connection string to include this information.
----------->     (WARNING)  DB.ExecuteQuery: [20]DBExecuteError - 0A000: cannot alter type of a column used by a view or rule

DETAIL: Detail redacted as it may contain sensitive data. Specify 'Include Error Detail' in the connection string to include this information.
===========>     (SEVERE)   DB.ExecuteQuery: [20] => 0A000: cannot alter type of a column used by a view or rule

DETAIL: Detail redacted as it may contain sensitive data. Specify 'Include Error Detail' in the connection string to include this information.
----------->     (WARNING)  DB.ExecuteQuery: [20]DBExecuteError - 0A000: cannot alter type of a column used by a view or rule

DETAIL: Detail redacted as it may contain sensitive data. Specify 'Include Error Detail' in the connection string to include this information.
===========>     (SEVERE)   DB.ExecuteQuery: [20] => 0A000: cannot alter type of a column used by a view or rule

DETAIL: Detail redacted as it may contain sensitive data. Specify 'Include Error Detail' in the connection string to include this information.
----------->     (WARNING)  DB.ExecuteQuery: [20]DBExecuteError - 0A000: cannot alter type of a column used by a view or rule

DETAIL: Detail redacted as it may contain sensitive data. Specify 'Include Error Detail' in the connection string to include this information.
===========>     (SEVERE)   DB.ExecuteQuery: [20] => 42601: syntax error at or near "=@#"

POSITION: 34
----------->     (WARNING)  DB.ExecuteQuery: [20]DBExecuteError - 42601: syntax error at or near "=@#"

POSITION: 34
===========>     (SEVERE)   DB.ExecuteQuery: [20] => 0A000: cannot alter type of a column used by a view or rule

DETAIL: Detail redacted as it may contain sensitive data. Specify 'Include Error Detail' in the connection string to include this information.
----------->     (WARNING)  DB.ExecuteQuery: [20]DBExecuteError - 0A000: cannot alter type of a column used by a view or rule

DETAIL: Detail redacted as it may contain sensitive data. Specify 'Include Error Detail' in the connection string to include this information.
===========>     (SEVERE)   DB.ExecuteQuery: [20] => 42601: syntax error at or near "=@#"

POSITION: 31
----------->     (WARNING)  DB.ExecuteQuery: [20]DBExecuteError - 42601: syntax error at or near "=@#"

POSITION: 31
===========>     (SEVERE)   DB.ExecuteQuery: [20] => 0A000: cannot alter type of a column used by a view or rule

DETAIL: Detail redacted as it may contain sensitive data. Specify 'Include Error Detail' in the connection string to include this information.
----------->     (WARNING)  DB.ExecuteQuery: [20]DBExecuteError - 0A000: cannot alter type of a column used by a view or rule

DETAIL: Detail redacted as it may contain sensitive data. Specify 'Include Error Detail' in the connection string to include this information.
===========>     (SEVERE)   DB.ExecuteQuery: [20] => 0A000: cannot alter type of a column used by a view or rule

DETAIL: Detail redacted as it may contain sensitive data. Specify 'Include Error Detail' in the connection string to include this information.
----------->     (WARNING)  DB.ExecuteQuery: [20]DBExecuteError - 0A000: cannot alter type of a column used by a view or rule

DETAIL: Detail redacted as it may contain sensitive data. Specify 'Include Error Detail' in the connection string to include this information.
===========>     (SEVERE)   DB.ExecuteQuery: [20] => 0A000: cannot alter type of a column used by a view or rule

DETAIL: Detail redacted as it may contain sensitive data. Specify 'Include Error Detail' in the connection string to include this information.
----------->     (WARNING)  DB.ExecuteQuery: [20]DBExecuteError - 0A000: cannot alter type of a column used by a view or rule

DETAIL: Detail redacted as it may contain sensitive data. Specify 'Include Error Detail' in the connection string to include this information.
===========>     (SEVERE)   DB.ExecuteQuery: [20] => 42703: column "y" does not exist

POSITION: 31
----------->     (WARNING)  DB.ExecuteQuery: [20]DBExecuteError - 42703: column "y" does not exist

POSITION: 31
===========>     (SEVERE)   DB.ExecuteQuery: [20] => 0A000: cannot alter type of a column used by a view or rule

DETAIL: Detail redacted as it may contain sensitive data. Specify 'Include Error Detail' in the connection string to include this information.
----------->     (WARNING)  DB.ExecuteQuery: [20]DBExecuteError - 0A000: cannot alter type of a column used by a view or rule

DETAIL: Detail redacted as it may contain sensitive data. Specify 'Include Error Detail' in the connection string to include this information.
===========>     (SEVERE)   DB.ExecuteQuery: [20] => 0A000: cannot alter type of a column used by a view or rule

DETAIL: Detail redacted as it may contain sensitive data. Specify 'Include Error Detail' in the connection string to include this information.
----------->     (WARNING)  DB.ExecuteQuery: [20]DBExecuteError - 0A000: cannot alter type of a column used by a view or rule

DETAIL: Detail redacted as it may contain sensitive data. Specify 'Include Error Detail' in the connection string to include this information.
===========>     (SEVERE)   DB.ExecuteQuery: [20] => 0A000: cannot alter type of a column used by a view or rule

DETAIL: Detail redacted as it may contain sensitive data. Specify 'Include Error Detail' in the connection string to include this information.
----------->     (WARNING)  DB.ExecuteQuery: [20]DBExecuteError - 0A000: cannot alter type of a column used by a view or rule

DETAIL: Detail redacted as it may contain sensitive data. Specify 'Include Error Detail' in the connection string to include this information.
===========>     (SEVERE)   DB.ExecuteQuery: [20] => 42601: syntax error at or near "=@#"

POSITION: 30
----------->     (WARNING)  DB.ExecuteQuery: [20]DBExecuteError - 42601: syntax error at or near "=@#"

POSITION: 30
===========>     (SEVERE)   DB.ExecuteQuery: [20] => 42601: syntax error at or near "=@#"

POSITION: 27
----------->     (WARNING)  DB.ExecuteQuery: [20]DBExecuteError - 42601: syntax error at or near "=@#"

POSITION: 27
===========>     (SEVERE)   DB.ExecuteQuery: [20] => 0A000: cannot alter type of a column used by a view or rule

DETAIL: Detail redacted as it may contain sensitive data. Specify 'Include Error Detail' in the connection string to include this information.
----------->     (WARNING)  DB.ExecuteQuery: [20]DBExecuteError - 0A000: cannot alter type of a column used by a view or rule

DETAIL: Detail redacted as it may contain sensitive data. Specify 'Include Error Detail' in the connection string to include this information.
===========>     (SEVERE)   DB.ExecuteQuery: [20] => 42703: column "y" does not exist

POSITION: 27
----------->     (WARNING)  DB.ExecuteQuery: [20]DBExecuteError - 42703: column "y" does not exist

POSITION: 27
===========>     (SEVERE)   DB.ExecuteQuery: [20] => 0A000: cannot alter type of a column used by a view or rule

DETAIL: Detail redacted as it may contain sensitive data. Specify 'Include Error Detail' in the connection string to include this information.
----------->     (WARNING)  DB.ExecuteQuery: [20]DBExecuteError - 0A000: cannot alter type of a column used by a view or rule

DETAIL: Detail redacted as it may contain sensitive data. Specify 'Include Error Detail' in the connection string to include this information.
===========>     (SEVERE)   DB.ExecuteQuery: [20] => 42P16: multiple primary keys for table "m_productprice" are not allowed
----------->     (WARNING)  DB.ExecuteQuery: [20]DBExecuteError - 42P16: multiple primary keys for table "m_productprice" are not allowed
===========>     (SEVERE)   DB.ExecuteQuery: [20] => 42601: syntax error at or near "AS"

POSITION: 244
----------->     (WARNING)  DB.ExecuteQuery: [20]DBExecuteError - 42601: syntax error at or near "AS"

POSITION: 244
===========>     (SEVERE)   DB.ExecuteQuery: [20] => 42601: syntax error at or near "AS"

POSITION: 243
----------->     (WARNING)  DB.ExecuteQuery: [20]DBExecuteError - 42601: syntax error at or near "AS"

POSITION: 243
===========>     (SEVERE)   DB.ExecuteQuery: [20] => 42601: syntax error at or near "AS"

POSITION: 243
----------->     (WARNING)  DB.ExecuteQuery: [20]DBExecuteError - 42601: syntax error at or near "AS"

POSITION: 243
09:50:36.503    (INFO)     ConvertSQL.ApplyConvertMap: [20]Exception clause needs to be converted: create or replace function public.m_production_run_notfrpt(pinstance_id numeric) returns void language plpgsql as $function$ declare ResultStr VARCHAR(2000); MESSAGE VARCHAR(2000); Record_ID numeric; CurrentQty1 numeric; r_count numeric = 0; Cur_Parameter cursor(PInstance numeric) for select i.Record_ID, p.ParameterName, p.P_String, p.P_Number, p.P_Date from ad_pinstance i left outer join ad_pinstance_para p on (i.AD_PInstance_ID = p.AD_PInstance_ID) where i.AD_PInstance_ID = PInstance order by p.SeqNo; MustBeStocked CHAR(1); IsCreated1 CHAR(1); Processed1 CHAR(1); IsCostCalculated1 CHAR(1); IsReversedCostCalculated1 CHAR(1); IsReversed1 CHAR(1); Client_ID numeric; Org_ID numeric; Line numeric; NextNo numeric; CountNo numeric; lockCount numeric; ValidPP CHAR(1); countRecord numeric := 0; sql_query VARCHAR(2000); v_C_Charge_ID numeric := 0; v_OverheadAmount numeric := 0; Price numeric := 0; CountCostNotAvialable numeric := 0; countcostnotavialableReverseAssembly numeric := 0; componentCount numeric := 0; transCurentQty numeric := 0; isUpdated numeric := 1; v_isCostMandatory CHAR(1) := 'N'; countfutRec numeric := 0; v_productapproxcost numeric := 0; v_productcost numeric := 0; v_definedcostelement_id numeric := 0; v_costinglevel CHAR(1); cur_overhead REFCURSOR; v_finishgood_Cost numeric := 0; v_component_Cost numeric := 0; CUR_PP cursor for select pp.Ad_Client_ID, pp.Ad_Org_ID, pp.Description, pp.IsActive, pp.Line, pp.M_Locator_ID, pp.M_Product_ID, pp.M_ProductionPlan_ID, pp.M_Production_ID, pp.Processed, pp.ProductionQty, prod.C_UOM_ID, pp.M_Warehouse_ID, pp.M_BOM_ID, pp.M_AttributeSetInstance_ID, pp.VAS_IsReverseAssembly from M_ProductionPlan pp, M_Product prod where pp.M_Production_ID = Record_ID and prod.M_Product_ID = pp.M_Product_ID and prod.IsBOM = 'Y' and prod.IsVerified = 'Y' /* AND prod.IsStocked = 'Y'*/ order by Line, M_Product_ID; CUR_BOM cursor(Product_ID numeric, BOM_ID numeric) for select bp.M_ProductBOM_ID, bp.BOMQty, bp.Line, ( select pp.C_UOM_ID from M_Product pp where pp.M_Product_ID = bp.M_ProductBOM_ID ) as C_UOM_ID, ( select pp.Name from M_Product pp where pp.M_Product_ID = bp.M_ProductBOM_ID ) as Name, bp.M_AttributeSetInstance_ID as CompASI, b.VAS_IsReverseAssembly, bp.VAS_IsProportionateCost from M_Product p, M_BOM b, M_BOMProduct bp where p.M_Product_ID = Product_ID and b.M_BOM_ID = BOM_ID and p.IsBOM = 'Y' and p.IsVerified = 'Y' and b.M_Product_ID = p.M_Product_ID and bp.M_BOM_ID = b.M_BOM_ID and bp.IsActive = 'Y' and b.BOMType = 'A' and b.BOMUse = 'A' and b.IsActive = 'Y' order by bp.Line; CUR_PLineBOM cursor(ProductionPlan_ID numeric) for select pl.M_ProductionLine_ID, pl.Line, pl.M_Product_ID, pl.MovementQty from M_ProductionLine pl, M_Product p where pl.M_ProductionPlan_ID = ProductionPlan_ID and pl.M_Product_ID = p.M_Product_ID and pl.Line <> 100 and p.IsBOM = 'Y' and p.IsVerified = 'Y'; CUR_PL_Post cursor is select pl.M_ProductionLine_ID, pl.AD_Client_ID, pl.AD_Org_ID, p.MovementDate, pl.M_Product_ID, pl.M_AttributeSetInstance_ID, pl.MovementQty, pl.M_Locator_ID, wh.IsDisallowNegativeInv, pl.M_Warehouse_ID, prod.m_attributeset_id, pp.M_Product_ID as PlanProduct_ID, pp.M_AttributeSetInstance_ID as PlanAttribute_ID, pp.VAS_IsReverseAssembly, pp.ProductionQty, prod.Name from M_Production p inner join M_ProductionPlan pp on pp.M_Production_id = pp.M_Production_id inner join M_ProductionLine pl on pl.M_ProductionPlan_id = pp.M_ProductionPlan_id inner join M_Product prod on pl.M_Product_id = prod.M_Product_id inner join M_Locator loc on loc.M_Locator_id = pl.M_Locator_id inner join M_Warehouse wh on loc.M_Warehouse_id = wh.M_Warehouse_id where p.M_Production_ID = pp.M_Production_ID and pp.M_ProductionPlan_ID = pl.M_ProductionPlan_ID and pp.M_Production_ID = Record_ID and pl.M_Product_ID = prod.M_Product_ID and prod.ProductType = 'I' and pl.M_Locator_ID = loc.M_Locator_ID and loc.M_Warehouse_ID = wh.M_Warehouse_ID order by pl.movementqty asc, pl.VAS_IsProportionateCost asc, pp.Line, pl.Line; cur_attr cursor( product_id numeric ) for select count(p.m_product_id) as atrcnt from m_product p left join M_AttributeSet ast on (p.M_AttributeSet_ID = ast.M_AttributeSet_ID) where p.m_product_id = product_id and (IsLotMandatory = 'Y' or IsSerNoMandatory = 'Y' or IsGuaranteeDateMandatory = 'Y' or MandatoryType = 'Y') and ast.isactive = 'Y'; bom RECORD; isGotoExit BOOLEAN := 'f'; begin raise notice 'Updating PInstance - Processing %', PInstance_ID; ResultStr := 'PInstanceNotFound'; update AD_PInstance set Created = CURRENT_DATE, IsProcessing = 'Y' where AD_PInstance_ID = PInstance_ID; ResultStr := 'ReadingParameters'; for p in Cur_Parameter(PInstance_ID) loop Record_ID := p.Record_ID; raise notice 'RecordId: %', Record_ID; select case when coalesce(m_ref_production, '') != '' then m_ref_production::numeric else m_production_id end into strict Record_ID from m_production where M_Production_ID = Record_ID; if (p.ParameterName = 'MustBeStocked') then MustBeStocked := p.P_String; raise notice ' MustBeStocked=%', MustBeStocked; else raise notice '*** Unknown Parameter=%', p.ParameterName; end if; end loop; raise notice ' Record_ID=%', Record_ID; /** * Get Info + Lock */ ResultStr := 'ReadingRecord'; select IsCreated, Processed, AD_Client_ID, AD_Org_ID, IsCostCalculated, IsReversedCostCalculated, isreversed into strict IsCreated1, Processed1, Client_ID, Org_ID, IsCostCalculated1, IsReversedCostCalculated1, IsReversed1 from M_Production where M_Production_ID = Record_ID for update; /** * No Action IF (Processed <> 'N') THEN MESSAGE := '@AlreadyPosted@'; GOTO FINISH_PROCESS; END IF;*/ /************************************************************************** * Create Lines */ if (IsCreated1 <> 'Y') then ValidPP := 'N'; for pp in CUR_PP loop ValidPP := 'Y'; delete from M_ProductionLine where M_ProductionPlan_ID = pp.M_ProductionPlan_ID and coalesce(M_Product_ID, 0) > 0; ResultStr := 'CreatingLine BOM'; Line := 10; NextNo := AD_Sequence_Next('M_ProductionLine', 1000001); raise notice 'M_ProductionPlan_ID: %', pp.M_ProductionPlan_ID; raise notice 'M_ProductionLine_ID: %', NextNo; insert into M_ProductionLine ( M_ProductionLine_ID, M_ProductionPlan_ID, Line, AD_Client_ID, AD_Org_ID, IsActive, Created, CreatedBy, Updated, UpdatedBy, M_Product_ID, MovementQty, M_Locator_ID, Description, PlannedQty, C_UOM_ID, M_Production_ID, M_Warehouse_ID, M_AttributeSetInstance_ID, MaterialType ) values ( NextNo, pp.M_ProductionPlan_ID, Line, pp.AD_Client_ID, pp.AD_Org_ID, 'Y', CURRENT_DATE, 0, CURRENT_DATE, 0, pp.M_Product_ID, pp.ProductionQty, pp.M_Locator_ID, pp.Description, pp.ProductionQty, pp.C_UOM_ID, pp.M_Production_ID, pp.M_Warehouse_ID, pp.M_AttributeSetInstance_ID, 'F' ); /****change by amit****/ countRecord := 0; select COUNT(*) into countRecord from AD_MODULEINFO where IsActive = 'Y' and PREFIX = 'VAMFG_'; if (countRecord > 0) then sql_query := 'SELECT COUNT(*) FROM M_Product p, M_BOM b, M_BOMProduct bp WHERE p.M_Product_ID = ' || pp.M_Product_ID || ' AND p.IsBOM = ''' || 'Y''' || ' AND p.IsVerified = ''' || 'Y''' || ' AND b.M_Product_ID = p.M_Product_ID AND bp.M_BOM_ID = b.M_BOM_ID AND bp.IsActive = ''' || 'Y''' || ' AND b.BOMType = ''' || 'A''' || ' AND b.BOMUse = ''' || 'A''' || ' AND b.IsActive = ''' || 'Y'''; else sql_query := 'SELECT COUNT(*) FROM M_Product_BOM pb WHERE pb.M_Product_ID=' || pp.M_Product_ID; end if; execute sql_query into strict componentCount; if (componentCount = 0) then ValidPP := 'N'; select 'Component not Found for this produced product : ' || Name into strict MESSAGE from M_Product where M_Product_ID = pp.M_Product_ID; /* --GOTO FINISH_PROCESS;*/ isGotoExit := 't'; raise exception ''; end if; /* --IF isGotoExit = 'f' THEN -- goto exit section 1*/ if (countRecord > 0) then for bom in CUR_BOM(pp.M_Product_ID, pp.M_BOM_ID) loop ResultStr := 'CreatingLine Products'; Line := Line + 10; NextNo := AD_Sequence_Next('M_ProductionLine', 1000001); /*GETPRODUCTCOSTS ( bom.M_ProductBOM_ID, pp.AD_Client_ID, pp.AD_Org_ID , 0 , Price ) ;*/ insert into M_ProductionLine ( M_ProductionLine_ID, M_ProductionPlan_ID, Line, AD_Client_ID, AD_Org_ID, IsActive, Created, CreatedBy, Updated, UpdatedBy, M_Product_ID, MovementQty, M_Locator_ID, PlannedQty, C_UOM_ID, M_Production_ID, M_Warehouse_ID, Amt, M_AttributeSetInstance_ID, MaterialType, VAS_IsProportionateCost) values ( NextNo, pp.M_ProductionPlan_ID, Line, pp.AD_Client_ID, pp.AD_Org_ID, 'Y', CURRENT_DATE, 0, CURRENT_DATE, 0, bom.M_ProductBOM_ID, - pp.ProductionQty * bom.BOMQty, pp.M_Locator_ID, - pp.ProductionQty * bom.BOMQty, bom.C_UOM_ID, pp.M_Production_ID, pp.M_Warehouse_ID, Price, bom.CompASI, 'C', bom.VAS_IsProportionateCost); end loop; else for bom in ( select pb.*, ( select pp1.C_UOM_ID from M_Product pp1 where pp1.M_Product_ID = pb.M_ProductBOM_ID ) as ProdComp_UOM_ID, ( select pp1.Name from M_Product pp1 where pp1.M_Product_ID = pb.M_ProductBOM_ID ) as ProdComp_Name from M_Product_BOM pb where pb.M_Product_ID = pp.M_Product_ID order by Line ) loop ResultStr := 'CreatingLine Products'; Line := Line + 10; NextNo := AD_Sequence_Next('M_ProductionLine', 1000001); /*GETPRODUCTCOSTS ( bom.M_ProductBOM_ID, pp.AD_Client_ID,pp.AD_Org_ID , 0 , Price ) ;*/ insert into M_ProductionLine ( M_ProductionLine_ID, M_ProductionPlan_ID, Line, AD_Client_ID, AD_Org_ID, IsActive, Created, CreatedBy, Updated, UpdatedBy, M_Product_ID, MovementQty, M_Locator_ID, PlannedQty, C_UOM_ID, M_Production_ID, M_Warehouse_ID, Amt, M_AttributeSetInstance_ID, MaterialType ) values ( NextNo, pp.M_ProductionPlan_ID, Line, pp.AD_Client_ID, pp.AD_Org_ID, 'Y', CURRENT_DATE, 0, CURRENT_DATE, 0, bom.M_ProductBOM_ID, - pp.ProductionQty * bom.BOMQty, pp.M_Locator_ID, - pp.ProductionQty * bom.BOMQty, bom.ProdComp_UOM_ID, pp.M_Production_ID, pp.M_Warehouse_ID, Price, bom.M_AttributeSetInstance_ID, 'C' ); end loop; end if; /* added Overhead VA019 - 24-7-2017 */ countRecord := 0; select COUNT(*) into countRecord from AD_MODULEINFO where IsActive = 'Y' and PREFIX = 'VA019_'; if (countRecord > 0) then sql_query := 'SELECT oh.C_CHARGE_ID , CASE WHEN p.c_uom_id = p.VA019_YieldUOM THEN oh.VA019_AMOUNT WHEN (SELECT COUNT(*) FROM C_UOM_Conversion WHERE isactive = ''Y'' AND C_UOM_ID = p.VA019_YieldUOM AND C_UOM_To_ID = p.c_uom_id AND m_product_id = oh.m_product_id AND ad_client_id = oh.AD_client_id) > 0 THEN oh.VA019_AMOUNT * (SELECT DivideRate FROM C_UOM_Conversion WHERE isactive = ''Y'' AND C_UOM_ID = p.VA019_YieldUOM AND C_UOM_To_ID = p.c_uom_id AND m_product_id = oh.m_product_id AND ad_client_id = oh.AD_client_id ) WHEN (SELECT COUNT(*) FROM C_UOM_Conversion WHERE isactive = ''Y'' AND C_UOM_ID = p.VA019_YieldUOM AND C_UOM_To_ID = p.c_uom_id AND ad_client_id = oh.AD_client_id) > 0 THEN oh.VA019_AMOUNT * (SELECT DivideRate FROM C_UOM_Conversion WHERE isactive = ''Y'' AND C_UOM_ID = p.VA019_YieldUOM AND C_UOM_To_ID = p.c_uom_id AND ad_client_id = oh.AD_client_id ) WHEN (SELECT COUNT(*) FROM C_UOM_Conversion WHERE isactive = ''Y'' AND C_UOM_ID = p.VA019_YieldUOM AND C_UOM_To_ID = p.c_uom_id AND ad_client_id = 0) > 0 THEN oh.VA019_AMOUNT * (SELECT DivideRate FROM C_UOM_Conversion WHERE isactive = ''Y'' AND C_UOM_ID = p.VA019_YieldUOM AND C_UOM_To_ID = p.c_uom_id AND ad_client_id = 0 ) END AS VA019_AMOUNT FROM VA019_OverHead oh INNER JOIN m_product p ON p.m_product_id = oh.m_product_id WHERE oh.M_Product_ID=:PPr AND oh.IsActive = ''Y'' ORDER BY VA019_OverHead_ID' ; open cur_overhead for execute sql_query using pp.M_Product_ID; loop fetch cur_overhead into v_C_Charge_ID, v_OverheadAmount; exit when not found; /* apply on cur_overhead */ ResultStr := 'CreatingLine Overhead'; Line := Line + 10; NextNo := AD_Sequence_Next('M_ProductionLine', 1000001); insert into M_ProductionLine ( M_ProductionLine_ID, M_ProductionPlan_ID, Line, AD_Client_ID, AD_Org_ID, IsActive, Created, CreatedBy, Updated, UpdatedBy, M_Product_ID, MovementQty, M_Locator_ID, PlannedQty, C_UOM_ID, M_Production_ID, M_Warehouse_ID, C_Charge_ID, Amt ) values ( NextNo, pp.M_ProductionPlan_ID, Line, pp.AD_Client_ID, pp.AD_Org_ID, 'Y', CURRENT_DATE, 0, CURRENT_DATE, 0, null, 1, null, 1, null, pp.M_Production_ID, null, v_C_Charge_ID, v_OverheadAmount ); end loop; close cur_overhead; end if; end loop; if isGotoExit = 'f' then if (ValidPP = 'Y') then update M_Production set IsCreated = 'Y' where M_Production_ID = Record_ID; else if (IsCreated1 <> 'Y') then MESSAGE := '@BOMNotVerified@'; raise NO_DATA_FOUND; end if; end if; end if; /************************************************************************** * Post Lines */ else if isGotoExit = 'f' then select ISCOSTMANDATORY into strict v_isCostMandatory from AD_Client where AD_Client_ID = Client_ID; if (IsReversed1 = 'N') then for pl in CUR_PL_Post loop if(pl.M_Product_ID > 0 and ((pl.M_Product_ID <> pl.PlanProduct_ID) or (pl.M_Product_ID = pl.PlanProduct_ID and coalesce(pl.M_AttributeSetInstance_ID, 0) <> coalesce(pl.PlanAttribute_ID, 0))) and ((pl.ProductionQty < 0 and pl.MovementQty < 0) or (pl.ProductionQty > 0 and pl.MovementQty > 0))) then MESSAGE := '@VAS_InCorectQty@' || pl.Name; isGotoExit := 't'; raise notice 'Incorrect Quantity found for Component %', pl.Name; raise exception ''; end if; for att in cur_attr(pl.M_Product_ID) loop if(coalesce(pl.M_AttributeSetInstance_ID , 0) = 0 and att.atrcnt > 0) then message := pl.name || ': ' || '@M_AttributeSet_ID@' || '@IsMandatory@'; isGotoExit := 't'; raise notice 'Attribute Set Instance mandatory for: %', pl.name; raise exception ''; end if; end loop; end loop; end if; for pl in CUR_PL_Post loop raise notice 'start checkfuturedaterecord %', Record_ID; countfutRec := checkfuturedaterecord(pl.MovementDate::date, 'M_PRODUCTION', Record_ID::integer); raise notice 'checkfuturedaterecord1 % %', countfutRec, isGotoExit; if(countfutRec > 0) then MESSAGE := '@AlreadyFound@'; isGotoExit := 't'; raise notice 'Exit %', isGotoExit; raise exception ''; end if; if ( pl.MovementQty < 0 and MustBeStocked <> 'N' and bomQtyOnHandForProduction( pl.M_Product_ID, coalesce(pl.M_AttributeSetInstance_ID, 0), null, pl.M_Locator_ID, pl.m_attributeset_id ) + pl.MovementQty < 0 ) then select '@NotEnoughStocked@ ' || Name into strict MESSAGE from M_Product where M_Product_ID = pl.M_Product_ID; raise notice 'Not Stock Found %', pl.M_Product_ID; /*--GOTO FINISH_PROCESS;*/ isGotoExit := 't'; raise exception ''; end if; raise notice 'Stock Found %', pl.M_Product_ID; if ( pl.MovementQty < 0 and pl.IsDisallowNegativeInv = 'Y' and bomQtyOnHandForProduction( pl.M_Product_ID, coalesce(pl.M_AttributeSetInstance_ID, 0), null, pl.M_Locator_ID, pl.m_attributeset_id ) + pl.MovementQty < 0 ) then MESSAGE := '@NegativeInventoryDisallowed@ '; /*  --GOTO FINISH_PROCESS;*/ isGotoExit := 't'; raise exception ''; end if; raise notice 'Not found Negative Inventory %', pl.M_Product_ID; end loop; end if; /*****Update Cost on Production line if not calcualted**/ if (IsReversed1 <> 'Y') and (isGotoExit = 'f') then perform UpdateProductionLineWithCost(Record_ID); raise notice 'UpdateProductionLineWithCost %', Record_ID; end if; /**end**/ if isGotoExit = 'f' then for pl in CUR_PL_Post loop countRecord := 0; lockCount := 0; select COUNT(*) into countRecord from AD_MODULEINFO where IsActive = 'Y' and PREFIX = 'VAMFG_'; if (countRecord > 0) then sql_query := 'SELECT COUNT(1) FROM VAMFG_M_CycleCount l WHERE l.M_Product_ID = ' || pl.M_Product_ID || ' AND l.M_Locator_ID = ' || pl.M_Locator_ID || ' AND l.VAMFG_IsLocked =''' || 'Y'''; raise notice 'query %', sql_query; execute sql_query into strict lockCount; if (lockCount > 0) then select 'Product' || NAME || ' Locked for transaction ' into strict MESSAGE from M_Product where M_Product_ID = pl.M_Product_ID; /* --GOTO FINISH_PROCESS;*/ isGotoExit := 't'; raise exception ''; end if; end if; raise notice 'Processed1: %', Processed1; if (Processed1 <> 'Y') then update M_Storage set qtyonhand = qtyonhand + pl.MovementQty, Updated = CURRENT_DATE where M_Locator_ID = pl.M_Locator_ID and M_AttributeSetInstance_ID = coalesce(pl.M_AttributeSetInstance_ID, 0) and M_Product_ID = pl.M_Product_ID; get diagnostics r_count := ROW_COUNT; if (r_count = 0) then insert into M_Storage ( M_Product_ID, M_Locator_ID, M_AttributeSetInstance_ID, AD_Client_ID, AD_Org_ID, IsActive, Created, CreatedBy, Updated, UpdatedBy, qtyonhand ) values ( pl.M_Product_ID, pl.M_Locator_ID, coalesce(pl.M_AttributeSetInstance_ID, 0), pl.AD_Client_ID, pl.AD_Org_ID, 'Y', CURRENT_DATE, 0, CURRENT_DATE, 0, pl.MovementQty ); end if; raise notice 'updated Storage'; ResultStr := 'CreateTransaction'; /*get latest/last currentqty from transaction */ select distinct first_value(t.CurrentQty) over (partition by t.M_Product_ID, t.M_AttributeSetInstance_ID order by t.MovementDate desc, t.M_Transaction_ID desc) into CurrentQty1 from M_Transaction t where t.MovementDate <= pl.MovementDate and t.AD_Client_ID = pl.AD_Client_ID and t.movementtype not in ('VI', 'IR') and t.AD_Org_ID = pl.AD_Org_ID and t.M_Locator_ID = pl.M_Locator_ID and t.M_Product_ID = pl.M_Product_ID and coalesce(t.M_AttributeSetInstance_ID, 0) = coalesce(pl.M_AttributeSetInstance_ID, 0); if ( pl.IsDisallowNegativeInv = 'Y' and coalesce(CurrentQty1, 0) + pl.MovementQty < 0 ) then MESSAGE := '@disallownegativeinventories@'; /* --GOTO FINISH_PROCESS;*/ isGotoExit := 't'; raise exception ''; end if; NextNo := AD_Sequence_Next('M_Transaction', 1000001); insert into M_Transaction ( M_Transaction_ID, M_ProductionLine_ID, AD_Client_ID, AD_Org_ID, IsActive, Created, CreatedBy, Updated, UpdatedBy, MovementType, M_Locator_ID, M_Product_ID, M_AttributeSetInstance_ID, MovementDate, MovementQty, CurrentQty ) values ( NextNo, pl.M_ProductionLine_ID, pl.AD_Client_ID, pl.AD_Org_ID, 'Y', NOW() at TIME zone 'UTC', 0, NOW() at TIME zone 'UTC', 0, case when(pl.MovementQty > 0) then 'P+' else 'P-' end, pl.M_Locator_ID, pl.M_Product_ID, coalesce(pl.M_AttributeSetInstance_ID, 0), pl.MovementDate, pl.MovementQty, coalesce(CurrentQty1, 0) + pl.MovementQty ); raise notice 'inserted transaction'; /*update last created transation_id in Material Policy transation_id by shailesh update m_productionlinema set m_transaction_id = NextNo where m_productionline_id = pl.m_productionline_id and m_attributesetinstance_id = coalesce(pl.m_attributesetinstance_id, 0) and mmpolicydate = pl.movementdate; endcode */ /*get current qty of last created transaction*/ select CurrentQty into strict transCurentQty from M_Transaction where M_Transaction_ID = NextNo; isUpdated := UpdateTransaction( pl.AD_Client_ID, pl.AD_Org_ID, pl.M_Product_ID, coalesce(pl.M_AttributeSetInstance_ID, 0), pl.M_Locator_ID, pl.MovementDate, transCurentQty, pl.IsDisallowNegativeInv ); raise notice 'update transaction %' , isUpdated; if (isUpdated = 0) then MESSAGE := '@disallownegativeinventories@'; /*--GOTO FINISH_PROCESS;*/ isGotoExit := 't'; raise exception ''; end if; end if; if isGotoExit = 'f' then /******************* edit by amit for cost queue handling ************/ raise notice 'Cost Queue Handling Start.... '; CountCostNotAvialable := 1; sql_query := 'SELECT coalesce(COUNT(pl.m_productionline_ID), 0) FROM M_Production p INNER JOIN M_ProductionPlan pp on (p.M_Production_id = pp.M_Production_id) INNER JOIN m_productionline pl ON (pl.M_ProductionPlan_ID = pp.M_ProductionPlan_ID) INNER JOIN M_Product pr ON (pr.m_product_ID = pl.m_product_ID) WHERE  coalesce(pl.amt, 0) = 0 AND pl.isactive = ''Y'' AND pp.isactive = ''Y'' AND pl.MovementQty < 0  /*AND coalesce(pl.M_Product_ID, 0) <> COALESCE(pp.M_Product_ID, 0) */ AND pr.IsFOCItem = ''N'' AND p.m_production_id = ' || Record_ID ; execute sql_query into strict CountCostNotAvialable; raise notice 'CountCostNotAvialable: % %', sql_query, CountCostNotAvialable; if(IsReversed1 = 'N') then countcostnotavialableReverseAssembly := 1; select COUNT(pl.m_productionline_id) into strict countcostnotavialableReverseAssembly from m_productionline p inner join m_productionplan pp on ( pp.m_productionplan_id = p.m_productionplan_id ) inner join m_production pr on ( pr.m_production_id = pp.m_production_id ) where p.m_production_id = Record_ID and nvl(amt, 0) = 0 and p.isactive = 'Y' and pp.isactive = 'Y' and p.m_product_id > 0 and pr.isreversed = 'N' and ( ( pp.vas_isreverseassembly = 'N' ) or ( p.vas_isproportionatecost = 'N' and pp.vas_isreverseassembly = 'Y' ) ) and pp.productionqty < 0; if(countcostnotavialableReverseAssembly != 0 and v_iscostmandatory = 'Y') then message := '@costnotfound@'; isGotoExit := 't'; raise exception ''; end if; end if; if (CountCostNotAvialable = 0 and pl.movementqty != 0) then /* get Costing Level and costing method binded for product*/ select case when m_product_category.costingmethod is not null and m_product_category.costingmethod = 'C' then nvl(m_product_category.m_costelement_id, 0) when m_product_category.costingmethod is not null then ( select m_costelement_id from m_costelement where costingmethod = m_product_category.costingmethod and ad_client_id = pl.ad_client_id ) when c_acctschema.costingmethod is not null and c_acctschema.costingmethod = 'C' then nvl(c_acctschema.m_costelement_id, 0) else ( select m_costelement_id from m_costelement where costingmethod = c_acctschema.costingmethod and ad_client_id = pl.ad_client_id ) end as m_costelement_id, case when m_product_category.costinglevel is not null then m_product_category.costinglevel when c_acctschema.costinglevel is not null then c_acctschema.costinglevel end as costinglevel into v_definedcostelement_id, v_costinglevel from m_product inner join m_product_category on ( m_product_category.m_product_category_id = m_product.m_product_category_id ) inner join c_acctschema on ( c_acctschema.c_acctschema_id = ( select c_acctschema1_id from ad_clientinfo where ad_client_id = pl.ad_client_id ) ) where m_product.m_product_id = pl.m_product_id; raise notice 'Cost Element And Costing Level %,% ', v_definedcostelement_id, v_costinglevel; /* Get cost Before transaction*/ v_productapproxcost := getproductcosts(pl.m_product_id, pl.ad_client_id, pl.ad_org_id, nvl(pl.m_attributesetinstance_id, 0), nvl(pl.m_warehouse_id, 0)); raise notice 'Before Product Costs  % ', v_productapproxcost; if( ( IsCostCalculated1 <> 'Y' and IsReversed1 <> 'Y' ) or ( IsReversed1 <> 'N' and IsCostCalculated1 <> 'N' and IsReversedCostCalculated1 <> 'Y' ) ) then perform createcostqueueNotFRPT( pl.M_Product_ID, coalesce(pl.M_AttributeSetInstance_ID, 0), pl.AD_Org_ID, pl.AD_Client_ID, pl.MovementQty, pl.M_ProductionLine_ID, coalesce(pl.M_Warehouse_ID, 0), pl.movementdate, 'W' ); /* Get cost After transaction*/ v_productcost := getproductcosts(pl.m_product_id, pl.ad_client_id, pl.ad_org_id, nvl(pl.m_attributesetinstance_id, 0), nvl(pl.m_warehouse_id, 0)) ; raise notice 'After Product Costs  % ', v_productcost; /*Get Amount from Production Line*/ select Amt into strict v_component_cost from M_ProductionLine where M_ProductionLine_ID = pl.m_productionline_id; update m_transaction set costinglevel = v_costinglevel, m_costelement_id = v_definedcostelement_id, productapproxcost = v_productapproxcost, productcost = v_productcost, VAS_PostingCost = v_component_cost where m_transaction_id = nextno; raise notice 'M_Trx Updated with Product Cost '; if (IsCostCalculated1 <> 'Y') then update M_Production set IsCostCalculated = 'Y' where M_Production_ID = Record_ID; end if; if ( IsReversed1 <> 'N' and IsCostCalculated1 <> 'N' and IsReversedCostCalculated1 <> 'Y' ) then update M_Production set IsReversedCostCalculated = 'Y' where M_Production_ID = Record_ID; end if; end if; else if (v_isCostMandatory = 'Y') then MESSAGE := '@costnotfound@'; /* --GOTO FINISH_PROCESS;*/ isGotoExit := 't'; raise exception ''; end if; /*-- END IF isGotoExit*/ end if; end if; raise notice 'Cost Queue Handling End!! '; /******************* end by amit for cost queue handling ************/ end loop; end if; if (isGotoExit = 'f' ) then /*VIS383:-update diffrence between component and finish good*/ for pp in cur_pp loop if(IsReversed1 = 'N' and pp.VAS_IsReverseAssembly = 'N' and pp.productionqty < 0) then select NVL(ABS(SUM((MovementQty * Amt))), 0) into v_component_cost from m_productionline where m_production_id = pp.m_production_id and m_productionplan_id = pp.m_productionplan_id and MaterialType = 'C' and NVL(M_Product_ID, 0) != 0; select NVL(ABS(SUM((MovementQty * Amt))), 0) into v_finishgood_cost from m_productionline where m_production_id = pp.m_production_id and m_productionplan_id = pp.m_productionplan_id and MaterialType = 'F' and NVL(M_Product_ID, 0) != 0; update m_productionplan set VAS_DifferenceValue =(v_component_cost-v_finishgood_cost) where m_productionplan_id = pp.m_productionplan_id; end if; end loop; end if; if isGotoExit = 'f' then update M_ProductionLine set Processed = 'Y' where M_ProductionPlan_ID in ( select M_ProductionPlan_ID from M_ProductionPlan where M_Production_ID = Record_ID ); update M_Production set Processed = 'Y' where M_Production_ID = Record_ID; update M_ProductionPlan set Processed = 'Y' where M_Production_ID = Record_ID; /* -- END IF isGotoExit*/ end if; end if; /* -- -- goto exit section 1 END --END IF; --<<FINISH_PROCESS>>*/ raise notice 'Updating PInstance - Finished %', MESSAGE; update AD_PInstance set Updated = CURRENT_DATE, IsProcessing = 'N', result = 1, ErrorMsg = MESSAGE where AD_PInstance_ID = PInstance_ID; return; exception when others then begin if (MESSAGE = '@BOMNotVerified@') then ResultStr := ResultStr || ': ' || MESSAGE; else ResultStr := ResultStr || ': ' || sqlerrm || ' - ' || NVL(MESSAGE, ''); end if; raise notice 'ResultStr: %', ResultStr; update AD_PInstance set updated = current_date, isprocessing = 'N', result = 0 , ERRORMSG = RESULTSTR where AD_PINSTANCE_ID = PINSTANCE_ID; return; end; end; $function$;
09:50:36.503    (INFO)     ConvertSQL.ApplyConvertMap: [20]Exception clause needs to be converted: create or replace PROCEDURE updatecontainerstorage ( p_ad_client_id              IN NUMBER, p_ad_org_id                 IN NUMBER, p_m_product_id              IN NUMBER, p_m_attributesetinstance_id IN NUMBER, p_m_locator_id              IN NUMBER, p_movementdate              IN DATE, p_quantity                  IN NUMBER, p_productcontainer_id       IN NUMBER, p_containercurrentqty       IN NUMBER, isupdated                   OUT NUMBER ) AS issuccess NUMBER := 1; nextno    NUMBER; BEGIN /*IF PHYSICAL INVENTORY RECORD FOUND THEN EXIT*/ SELECT COUNT(m_containerstorage_id) INTO issuccess FROM m_containerstorage WHERE isphysicalinventory = 'Y' AND mmpolicydate > p_movementdate AND m_product_id = p_m_product_id AND nvl( m_attributesetinstance_id, 0 ) = p_m_attributesetinstance_id AND m_locator_id = p_m_locator_id AND nvl( m_productcontainer_id, 0 ) = p_productcontainer_id; IF ( SQL%rowcount = 0 ) THEN isupdated := 1; RETURN; END IF; /*End*/ IF ( p_quantity > 0 ) THEN UPDATE m_containerstorage SET qty = qty + p_quantity, isphysicalinventory = CASE WHEN isphysicalinventory = 'Y' THEN 'Y' WHEN isphysicalinventory = 'N' THEN 'N' END WHERE mmpolicydate = p_movementdate AND m_product_id = p_m_product_id AND nvl( m_attributesetinstance_id, 0 ) = p_m_attributesetinstance_id AND m_locator_id = p_m_locator_id AND nvl( m_productcontainer_id, 0 ) = p_productcontainer_id; IF ( SQL%rowcount = 0 ) THEN ad_sequence_next( 'M_ContainerStorage', p_ad_org_id, nextno ); INSERT INTO m_containerstorage ( m_containerstorage_id, ad_client_id, ad_org_id, m_locator_id, m_product_id, m_attributesetinstance_id, m_productcontainer_id, mmpolicydate, actualqty, qty, isactive, created, createdby, updated, updatedby ) VALUES ( nextno, p_ad_client_id, p_ad_org_id, p_m_locator_id, p_m_product_id, p_m_attributesetinstance_id, CASE WHEN p_productcontainer_id = 0 THEN NULL ELSE p_productcontainer_id END, p_movementdate, p_quantity, p_quantity, 'Y', sysdate, 0, sysdate, 0 ); END IF; ELSE DELETE FROM m_containerstorage WHERE isphysicalinventory = 'N' AND 0 = qty + p_quantity AND mmpolicydate = p_movementdate AND m_product_id = p_m_product_id AND nvl( m_attributesetinstance_id, 0 ) = p_m_attributesetinstance_id AND m_locator_id = p_m_locator_id AND nvl( m_productcontainer_id, 0 ) = p_productcontainer_id; IF ( SQL%rowcount = 0 ) THEN UPDATE m_containerstorage SET qty = qty + p_quantity WHERE mmpolicydate = p_movementdate AND m_product_id = p_m_product_id AND nvl( m_attributesetinstance_id, 0 ) = p_m_attributesetinstance_id AND m_locator_id = p_m_locator_id AND nvl( m_productcontainer_id, 0 ) = p_productcontainer_id; IF ( SQL%rowcount = 0 ) THEN ad_sequence_next( 'M_ContainerStorage', p_ad_org_id, nextno ); INSERT INTO m_containerstorage ( m_containerstorage_id, ad_client_id, ad_org_id, m_locator_id, m_product_id, m_attributesetinstance_id, m_productcontainer_id, mmpolicydate, actualqty, qty, isactive, created, createdby, updated, updatedby ) VALUES ( nextno, p_ad_client_id, p_ad_org_id, p_m_locator_id, p_m_product_id, p_m_attributesetinstance_id, CASE WHEN p_productcontainer_id = 0 THEN NULL ELSE p_productcontainer_id END, p_movementdate, p_quantity, p_quantity, 'Y', sysdate, 0, sysdate, 0 ); END IF; END IF; END IF; isupdated := 1; EXCEPTION WHEN OTHERS THEN ROLLBACK; isupdated := 0; RAISE_APPLICATION_ERROR(-20001, 'updatecontainerstorage: ' || sqlerrm); END updatecontainerstorage;
===========>     (SEVERE)   DB.ExecuteQuery: [20] => 42601: syntax error at or near "issuccess"

POSITION: 447
----------->     (WARNING)  DB.ExecuteQuery: [20]DBExecuteError - 42601: syntax error at or near "issuccess"

POSITION: 447
===========>     (SEVERE)   DB.ExecuteQuery: [20] => 42703: column "isshowfilterpanel" of relation "ad_window" does not exist

POSITION: 42
----------->     (WARNING)  DB.ExecuteQuery: [20]DBExecuteError - 42703: column "isshowfilterpanel" of relation "ad_window" does not exist

POSITION: 42
09:50:36.503    (INFO)     ConvertSQL.ApplyConvertMap: [20]Exception clause needs to be converted: create or replace function public.updatetransaction(p_ad_client_id numeric, p_ad_org_id numeric, p_m_product_id numeric, p_m_attributesetinstance_id numeric, p_m_locator_id numeric, p_movementdate date, p_quantity numeric, p_isdisallonegativeinventory character, out isupdated numeric) returns numeric language plpgsql as $function$ declare stockQty numeric := p_quantity; countRecord numeric := 0; IsPhysicalInventory CHAR := 'N'; total_rows numeric := 0; CUR_Transaction cursor for select M_AttributeSetInstance_ID, M_Locator_ID, M_Product_ID, movementqty, currentqty, movementdate, TO_CHAR(Created, 'DD-MON-YY HH24:MI:SS'), m_transaction_id, MovementType, M_InventoryLine_ID, rank() over ( order by movementdate, m_transaction_id, created ) as rowno, COUNT(*) over () rowcount from m_transaction where movementdate >= (p_MovementDate + 1) and movementtype NOT IN ('VI', 'IR') and M_Product_ID = p_M_Product_ID and M_Locator_ID = p_M_Locator_ID and coalesce(M_AttributeSetInstance_ID, 0) = p_M_AttributeSetInstance_ID order by movementdate asc, m_transaction_id asc, created asc; begin for pl in CUR_Transaction loop /*check record is of physical inevntoy or not*/ if ( pl.MovementType = 'I+' and pl.M_InventoryLine_ID > 0 ) then select i.IsInternalUse into strict IsPhysicalInventory from M_Inventory i inner join M_InventoryLine il on i.M_Inventory_ID = il.M_Inventory_ID where il.M_InventoryLine_ID = pl.M_InventoryLine_ID; end if; /*For Physical Inventoy */ if ( pl.MovementType = 'I+' and pl.M_InventoryLine_ID > 0 and IsPhysicalInventory = 'Y' ) then /*update Physical Inventoy line */ update M_InventoryLine set QtyBook = stockQty, OpeningStock = stockQty, DifferenceQty = (stockQty - pl.currentqty) where M_InventoryLine_ID = pl.M_InventoryLine_ID and IsInternalUse = 'N'; raise notice 'Updated -Physical Inventory with qty %', stockQty; /*update movement qty on tansaction when found physical inventory record on transaction */ update m_transaction set MovementQty = (-1 * (stockQty - pl.currentqty)) where m_transaction_id = pl.m_transaction_id; raise notice 'Updated -Transaction - % - Movementqty - Physical Inventory with qty %', pl.m_transaction_id, (-1 * (stockQty - pl.currentqty)); /* get current of updated record so that we can use the same qty for updation of next record*/ get diagnostics total_rows := ROW_COUNT; if (total_rows != 0) then select CurrentQty into strict stockQty from m_transaction where m_transaction_id = pl.m_transaction_id; raise notice 'get -Transaction - % - CurrentQty %', pl.m_transaction_id, stockQty; end if; else /*update all record other than physical inventory*/ update m_transaction set CurrentQty = stockQty + MovementQty where m_transaction_id = pl.m_transaction_id; /* get current of updated record so that we can use the same qty for updation of next record*/ total_rows := 0; get diagnostics total_rows := ROW_COUNT; if (total_rows != 0) then select CurrentQty into strict stockQty from m_transaction where m_transaction_id = pl.m_transaction_id; if ( p_isDisalloNegativeInventory = 'Y' and stockQty < 0) then isUpdated := 0; exit; end if; raise notice 'get -Transaction - % - CurrentQty - %', pl.m_transaction_id, stockQty; end if; end if; /*when we processed last record then update storage */ if (pl.rowno = pl.rowcount) then raise notice 'stockQty: %', stockQty; update M_Storage set qtyonhand = stockQty, Updated = clock_timestamp() where M_Locator_ID = p_M_Locator_ID and coalesce(M_AttributeSetInstance_ID, 0) = coalesce(p_M_AttributeSetInstance_ID, 0) and M_Product_ID = p_M_Product_ID; raise notice 'update - Storage - CurrentQty - %', stockQty; /*if record not found, then create entry on storage*/ total_rows := 0; get diagnostics total_rows := ROW_COUNT; if (total_rows = 0) then insert into M_Storage( M_Product_ID, M_Locator_ID, M_AttributeSetInstance_ID, AD_Client_ID, AD_Org_ID, IsActive, Created, CreatedBy, Updated, UpdatedBy, qtyonhand ) values ( p_M_Product_ID, p_M_Locator_ID, coalesce(p_M_AttributeSetInstance_ID, 0), p_AD_Client_ID, p_AD_Org_ID, 'Y', clock_timestamp(), 0, clock_timestamp(), 0, stockQty ); end if; end if; end loop; exception when others then raise notice '%', sqlerrm; end; $function$ ;
09:50:36.503    (INFO)     ConvertSQL.ApplyConvertMap: [20]Exception clause needs to be converted: create or replace function public.updatetransaction(p_ad_client_id numeric, p_ad_org_id numeric, p_m_product_id numeric, p_m_attributesetinstance_id numeric, p_m_locator_id numeric, p_movementdate timestamp without time zone, p_quantity numeric, p_isdisallonegativeinventory character, out isupdated numeric) returns numeric language plpgsql as $function$ declare stockQty numeric := p_quantity; countRecord numeric := 0; IsPhysicalInventory CHAR := 'N'; total_rows numeric := 0; CUR_Transaction cursor for select M_AttributeSetInstance_ID, M_Locator_ID, M_Product_ID, movementqty, currentqty, movementdate, TO_CHAR(Created, 'DD-MON-YY HH24:MI:SS'), m_transaction_id, MovementType, M_InventoryLine_ID, rank() over ( order by movementdate, m_transaction_id, created ) as rowno, COUNT(*) over () rowcount from m_transaction where movementdate >= adddays(p_MovementDate , 1) and movementtype not in ('VI', 'IR') and M_Product_ID = p_M_Product_ID and M_Locator_ID = p_M_Locator_ID and coalesce(M_AttributeSetInstance_ID, 0) = p_M_AttributeSetInstance_ID order by movementdate asc, m_transaction_id asc, created asc; begin for pl in CUR_Transaction loop /*check record is of physical inevntoy or not*/ if ( pl.MovementType = 'I+' and pl.M_InventoryLine_ID > 0 ) then select i.IsInternalUse into strict IsPhysicalInventory from M_Inventory i inner join M_InventoryLine il on i.M_Inventory_ID = il.M_Inventory_ID where il.M_InventoryLine_ID = pl.M_InventoryLine_ID; end if; /*For Physical Inventoy */ if ( pl.MovementType = 'I+' and pl.M_InventoryLine_ID > 0 and IsPhysicalInventory = 'Y' ) then /*update Physical Inventoy line */ update M_InventoryLine set QtyBook = stockQty, OpeningStock = stockQty, DifferenceQty = (stockQty - pl.currentqty) where M_InventoryLine_ID = pl.M_InventoryLine_ID and IsInternalUse = 'N'; raise notice 'Updated -Physical Inventory with qty %', stockQty; /*update movement qty on tansaction when found physical inventory record on transaction */ update m_transaction set MovementQty = (-1 * (stockQty - pl.currentqty)) where m_transaction_id = pl.m_transaction_id; raise notice 'Updated -Transaction - % - Movementqty - Physical Inventory with qty %', pl.m_transaction_id, (-1 * (stockQty - pl.currentqty)); /* get current of updated record so that we can use the same qty for updation of next record*/ get diagnostics total_rows := ROW_COUNT; if (total_rows != 0) then select CurrentQty into strict stockQty from m_transaction where m_transaction_id = pl.m_transaction_id; raise notice 'get -Transaction - % - CurrentQty %', pl.m_transaction_id, stockQty; end if; else /*update all record other than physical inventory*/ update m_transaction set CurrentQty = stockQty + MovementQty where m_transaction_id = pl.m_transaction_id; /* get current of updated record so that we can use the same qty for updation of next record*/ total_rows := 0; get diagnostics total_rows := ROW_COUNT; if (total_rows != 0) then select CurrentQty into strict stockQty from m_transaction where m_transaction_id = pl.m_transaction_id; if ( p_isDisalloNegativeInventory = 'Y' and stockQty < 0) then isUpdated := 0; exit; end if; raise notice 'get -Transaction - % - CurrentQty - %', pl.m_transaction_id, stockQty; end if; end if; /*when we processed last record then update storage */ if (pl.rowno = pl.rowcount) then raise notice 'stockQty: %', stockQty; update M_Storage set qtyonhand = stockQty, Updated = clock_timestamp() where M_Locator_ID = p_M_Locator_ID and coalesce(M_AttributeSetInstance_ID, 0) = coalesce(p_M_AttributeSetInstance_ID, 0) and M_Product_ID = p_M_Product_ID; raise notice 'update - Storage - CurrentQty - %', stockQty; /*if record not found, then create entry on storage*/ total_rows := 0; get diagnostics total_rows := ROW_COUNT; if (total_rows = 0) then insert into M_Storage( M_Product_ID, M_Locator_ID, M_AttributeSetInstance_ID, AD_Client_ID, AD_Org_ID, IsActive, Created, CreatedBy, Updated, UpdatedBy, qtyonhand ) values ( p_M_Product_ID, p_M_Locator_ID, coalesce(p_M_AttributeSetInstance_ID, 0), p_AD_Client_ID, p_AD_Org_ID, 'Y', clock_timestamp(), 0, clock_timestamp(), 0, stockQty ); end if; end if; end loop; exception when others then raise notice '%', sqlerrm; end; $function$ ;
09:50:37.503    (INFO)     Env.Reset: [20]finalCall=False
09:50:37.503    (INFO)     CacheMgt.Reset: [20]#20 (4948)
09:50:37.503    (INFO)     Trx.Start: [20]**** VISPRO_ModIns638760306377790490System.Random
09:50:37.503    (INFO)     Trx.Commit: [20]**C** VISPRO_ModIns638760306377790490System.Random
09:51:23.512    (INFO)     MRole.Get: [69]AD_Role_ID=0, AD_User_ID=100, reload=True
09:51:23.512    (INFO)     MRole.Get: [69]MRole[0,System Administrator,UserLevel=S  ,AD_Client_ID=0,AD_Org_ID=0]
09:51:23.512    (INFO)     MRole.Get: [69]AD_Role_ID=0, AD_User_ID=100, reload=True
09:51:23.512    (INFO)     MRole.Get: [69]MRole[0,System Administrator,UserLevel=S  ,AD_Client_ID=0,AD_Org_ID=0]
09:51:23.512    (INFO)     MTree.Load: [69]AD_Tree_ID=121, AD_User_ID=100, Editable=False, OnClient=True
09:51:23.512    (INFO)     Msg.InitMsg: [69]Records=4610 - en_US
----------->     (WARNING)  PushNotification.SendNotificationToUser: [69]PushNotif - Module VA074_ is not installed!
===========>     (SEVERE)   PostgreHelper.ExecuteDataset: [56]42703: column ad_widgetsize.d_chart_id does not exist

POSITION: 375 [Query D] =>SELECT D_Chart.chartType, D_Chart.d_chart_id, D_Chart.Name, colspan,rowspan,'C' AS Type,AD_WidgetSize.AD_WidgetSize_ID,Sequence, IsDefault,AD_IMAGE.BINARYDATA,D_Chart.AD_Window_ID FROM D_Chart INNER JOIN 
                            D_ChartAccess ON (D_Chart.D_Chart_ID=D_ChartAccess.D_Chart_ID)
                            INNER JOIN AD_WidgetSize ON (D_Chart.D_Chart_ID=AD_WidgetSize.D_Chart_ID)LEFT JOIN AD_IMAGE ON AD_IMAGE.AD_IMAGE_ID=AD_WidgetSize.AD_IMAGE_ID                           
                            WHERE D_Chart.isActive='Y' AND AD_WidgetSize.isActive='Y' AND  D_ChartAccess.AD_Role_ID=0 AND Homepage='Y' UNION ALL  SELECT RC_KPI.KPIType AS chartType, RC_KPI.RC_KPI_ID AS d_chart_id,  RC_KPI.Name, colspan,rowspan,'K' AS Type,AD_WidgetSize.AD_WidgetSize_ID,Sequence ,IsDefault,AD_IMAGE.BINARYDATA,RC_KPI.AD_Window_ID FROM RC_KPI INNER JOIN 
                            RC_KPIAccess ON (RC_KPI.RC_KPI_ID=RC_KPIAccess.RC_KPI_ID)
                            INNER JOIN AD_WidgetSize ON (RC_KPI.RC_KPI_ID=AD_WidgetSize.RC_KPI_ID) LEFT JOIN AD_IMAGE ON AD_IMAGE.AD_IMAGE_ID=AD_WidgetSize.AD_IMAGE_ID                            
                            WHERE RC_KPI.isActive='Y' AND AD_WidgetSize.isActive='Y' AND   RC_KPIAccess.AD_Role_ID=0 AND Homepage='Y' UNION ALL  SELECT 'V' AS chartType, RC_View.RC_View_ID AS d_chart_id, RC_View.Name, colspan,rowspan,'V' AS Type,AD_WidgetSize.AD_WidgetSize_ID,Sequence ,IsDefault,AD_IMAGE.BINARYDATA, RC_View.AD_Window_ID FROM RC_View INNER JOIN 
                            RC_ViewAccess ON (RC_View.RC_View_ID=RC_ViewAccess.RC_View_ID)
                            INNER JOIN AD_WidgetSize ON (RC_View.RC_View_ID=AD_WidgetSize.RC_View_ID) LEFT JOIN AD_IMAGE ON AD_IMAGE.AD_IMAGE_ID=AD_WidgetSize.AD_IMAGE_ID                            
                            WHERE RC_View.isActive='Y' AND AD_WidgetSize.isActive='Y' AND   RC_ViewAccess.AD_Role_ID=0 AND Homepage='Y'
09:52:02.522    (INFO)     Trx.Start: [69]**** VISPRO_ModIns638760307224424410System.Random
09:52:02.522    (INFO)     Trx.Commit: [69]**C** VISPRO_ModIns638760307224424410System.Random
09:52:05.525    (INFO)     MChangeLog.FillChangeLog: [56]#9
===========>     (SEVERE)   DB.ExecuteQuery: [56] => 23505: duplicate key value violates unique constraint "ad_form_access_pkey"

DETAIL: Detail redacted as it may contain sensitive data. Specify 'Include Error Detail' in the connection string to include this information.
----------->     (WARNING)  DB.ExecuteQuery: [56]DBExecuteError - 23505: duplicate key value violates unique constraint "ad_form_access_pkey"

DETAIL: Detail redacted as it may contain sensitive data. Specify 'Include Error Detail' in the connection string to include this information.
----------->     (WARNING)  X_AD_Form_Access.ImportNow: [56]Not insertedAD_Form_Access
===========>     (SEVERE)   DB.ExecuteQuery: [56] => 23505: duplicate key value violates unique constraint "ad_form_access_pkey"

DETAIL: Detail redacted as it may contain sensitive data. Specify 'Include Error Detail' in the connection string to include this information.
----------->     (WARNING)  DB.ExecuteQuery: [56]DBExecuteError - 23505: duplicate key value violates unique constraint "ad_form_access_pkey"

DETAIL: Detail redacted as it may contain sensitive data. Specify 'Include Error Detail' in the connection string to include this information.
----------->     (WARNING)  X_AD_Form_Access.ImportNow: [56]Not insertedAD_Form_Access
===========>     (SEVERE)   DB.ExecuteQuery: [56] => 23505: duplicate key value violates unique constraint "ad_form_access_pkey"

DETAIL: Detail redacted as it may contain sensitive data. Specify 'Include Error Detail' in the connection string to include this information.
----------->     (WARNING)  DB.ExecuteQuery: [56]DBExecuteError - 23505: duplicate key value violates unique constraint "ad_form_access_pkey"

DETAIL: Detail redacted as it may contain sensitive data. Specify 'Include Error Detail' in the connection string to include this information.
----------->     (WARNING)  X_AD_Form_Access.AddWindowToMenu: [56]Not insertedAD_Form_Access
===========>     (SEVERE)   DB.ExecuteQuery: [56] => 23505: duplicate key value violates unique constraint "ad_form_access_pkey"

DETAIL: Detail redacted as it may contain sensitive data. Specify 'Include Error Detail' in the connection string to include this information.
----------->     (WARNING)  DB.ExecuteQuery: [56]DBExecuteError - 23505: duplicate key value violates unique constraint "ad_form_access_pkey"

DETAIL: Detail redacted as it may contain sensitive data. Specify 'Include Error Detail' in the connection string to include this information.
----------->     (WARNING)  X_AD_Form_Access.AddWindowToMenu: [56]Not insertedAD_Form_Access
===========>     (SEVERE)   DB.ExecuteQuery: [56] => 23505: duplicate key value violates unique constraint "ad_process_access_pkey"

DETAIL: Detail redacted as it may contain sensitive data. Specify 'Include Error Detail' in the connection string to include this information.
----------->     (WARNING)  DB.ExecuteQuery: [56]DBExecuteError - 23505: duplicate key value violates unique constraint "ad_process_access_pkey"

DETAIL: Detail redacted as it may contain sensitive data. Specify 'Include Error Detail' in the connection string to include this information.
----------->     (WARNING)  X_AD_Process_Access.ImportNow: [56]Not insertedAD_Process_Access
===========>     (SEVERE)   DB.ExecuteQuery: [56] => 23505: duplicate key value violates unique constraint "ad_process_access_pkey"

DETAIL: Detail redacted as it may contain sensitive data. Specify 'Include Error Detail' in the connection string to include this information.
----------->     (WARNING)  DB.ExecuteQuery: [56]DBExecuteError - 23505: duplicate key value violates unique constraint "ad_process_access_pkey"

DETAIL: Detail redacted as it may contain sensitive data. Specify 'Include Error Detail' in the connection string to include this information.
----------->     (WARNING)  X_AD_Process_Access.ImportNow: [56]Not insertedAD_Process_Access
===========>     (SEVERE)   DB.ExecuteQuery: [56] => 23505: duplicate key value violates unique constraint "ad_window_access_pkey"

DETAIL: Detail redacted as it may contain sensitive data. Specify 'Include Error Detail' in the connection string to include this information.
----------->     (WARNING)  DB.ExecuteQuery: [56]DBExecuteError - 23505: duplicate key value violates unique constraint "ad_window_access_pkey"

DETAIL: Detail redacted as it may contain sensitive data. Specify 'Include Error Detail' in the connection string to include this information.
----------->     (WARNING)  X_AD_Window_Access.AddWindowToMenu: [56]Not insertedAD_Window_Access
===========>     (SEVERE)   DB.ExecuteQuery: [56] => 23505: duplicate key value violates unique constraint "ad_window_access_pkey"

DETAIL: Detail redacted as it may contain sensitive data. Specify 'Include Error Detail' in the connection string to include this information.
----------->     (WARNING)  DB.ExecuteQuery: [56]DBExecuteError - 23505: duplicate key value violates unique constraint "ad_window_access_pkey"

DETAIL: Detail redacted as it may contain sensitive data. Specify 'Include Error Detail' in the connection string to include this information.
----------->     (WARNING)  X_AD_Window_Access.AddWindowToMenu: [56]Not insertedAD_Window_Access
===========>     (SEVERE)   DB.ExecuteQuery: [56] => 23505: duplicate key value violates unique constraint "ad_window_access_pkey"

DETAIL: Detail redacted as it may contain sensitive data. Specify 'Include Error Detail' in the connection string to include this information.
----------->     (WARNING)  DB.ExecuteQuery: [56]DBExecuteError - 23505: duplicate key value violates unique constraint "ad_window_access_pkey"

DETAIL: Detail redacted as it may contain sensitive data. Specify 'Include Error Detail' in the connection string to include this information.
----------->     (WARNING)  X_AD_Window_Access.AddWindowToMenu: [56]Not insertedAD_Window_Access
===========>     (SEVERE)   DB.ExecuteQuery: [56] => 23505: duplicate key value violates unique constraint "ad_window_access_pkey"

DETAIL: Detail redacted as it may contain sensitive data. Specify 'Include Error Detail' in the connection string to include this information.
----------->     (WARNING)  DB.ExecuteQuery: [56]DBExecuteError - 23505: duplicate key value violates unique constraint "ad_window_access_pkey"

DETAIL: Detail redacted as it may contain sensitive data. Specify 'Include Error Detail' in the connection string to include this information.
----------->     (WARNING)  X_AD_Window_Access.AddWindowToMenu: [56]Not insertedAD_Window_Access
===========>     (SEVERE)   DB.ExecuteQuery: [56] => 0A000: cannot alter type of a column used by a view or rule

DETAIL: Detail redacted as it may contain sensitive data. Specify 'Include Error Detail' in the connection string to include this information.
----------->     (WARNING)  DB.ExecuteQuery: [56]DBExecuteError - 0A000: cannot alter type of a column used by a view or rule

DETAIL: Detail redacted as it may contain sensitive data. Specify 'Include Error Detail' in the connection string to include this information.
===========>     (SEVERE)   DB.ExecuteQuery: [56] => 42601: syntax error at or near "=@#"

POSITION: 35
----------->     (WARNING)  DB.ExecuteQuery: [56]DBExecuteError - 42601: syntax error at or near "=@#"

POSITION: 35
===========>     (SEVERE)   DB.ExecuteQuery: [56] => 0A000: cannot alter type of a column used by a view or rule

DETAIL: Detail redacted as it may contain sensitive data. Specify 'Include Error Detail' in the connection string to include this information.
----------->     (WARNING)  DB.ExecuteQuery: [56]DBExecuteError - 0A000: cannot alter type of a column used by a view or rule

DETAIL: Detail redacted as it may contain sensitive data. Specify 'Include Error Detail' in the connection string to include this information.
===========>     (SEVERE)   DB.ExecuteQuery: [56] => 42601: syntax error at or near "=@#"

POSITION: 32
----------->     (WARNING)  DB.ExecuteQuery: [56]DBExecuteError - 42601: syntax error at or near "=@#"

POSITION: 32
===========>     (SEVERE)   DB.ExecuteQuery: [56] => 0A000: cannot alter type of a column used by a view or rule

DETAIL: Detail redacted as it may contain sensitive data. Specify 'Include Error Detail' in the connection string to include this information.
----------->     (WARNING)  DB.ExecuteQuery: [56]DBExecuteError - 0A000: cannot alter type of a column used by a view or rule

DETAIL: Detail redacted as it may contain sensitive data. Specify 'Include Error Detail' in the connection string to include this information.
===========>     (SEVERE)   DB.ExecuteQuery: [56] => 0A000: cannot alter type of a column used by a view or rule

DETAIL: Detail redacted as it may contain sensitive data. Specify 'Include Error Detail' in the connection string to include this information.
----------->     (WARNING)  DB.ExecuteQuery: [56]DBExecuteError - 0A000: cannot alter type of a column used by a view or rule

DETAIL: Detail redacted as it may contain sensitive data. Specify 'Include Error Detail' in the connection string to include this information.
===========>     (SEVERE)   DB.ExecuteQuery: [56] => 0A000: cannot alter type of a column used by a view or rule

DETAIL: Detail redacted as it may contain sensitive data. Specify 'Include Error Detail' in the connection string to include this information.
----------->     (WARNING)  DB.ExecuteQuery: [56]DBExecuteError - 0A000: cannot alter type of a column used by a view or rule

DETAIL: Detail redacted as it may contain sensitive data. Specify 'Include Error Detail' in the connection string to include this information.
===========>     (SEVERE)   DB.ExecuteQuery: [56] => 0A000: cannot alter type of a column used by a view or rule

DETAIL: Detail redacted as it may contain sensitive data. Specify 'Include Error Detail' in the connection string to include this information.
----------->     (WARNING)  DB.ExecuteQuery: [56]DBExecuteError - 0A000: cannot alter type of a column used by a view or rule

DETAIL: Detail redacted as it may contain sensitive data. Specify 'Include Error Detail' in the connection string to include this information.
===========>     (SEVERE)   DB.ExecuteQuery: [56] => 0A000: cannot alter type of a column used by a view or rule

DETAIL: Detail redacted as it may contain sensitive data. Specify 'Include Error Detail' in the connection string to include this information.
----------->     (WARNING)  DB.ExecuteQuery: [56]DBExecuteError - 0A000: cannot alter type of a column used by a view or rule

DETAIL: Detail redacted as it may contain sensitive data. Specify 'Include Error Detail' in the connection string to include this information.
===========>     (SEVERE)   DB.ExecuteQuery: [56] => 42703: column "y" does not exist

POSITION: 32
----------->     (WARNING)  DB.ExecuteQuery: [56]DBExecuteError - 42703: column "y" does not exist

POSITION: 32
===========>     (SEVERE)   DB.ExecuteQuery: [56] => 0A000: cannot alter type of a column used by a view or rule

DETAIL: Detail redacted as it may contain sensitive data. Specify 'Include Error Detail' in the connection string to include this information.
----------->     (WARNING)  DB.ExecuteQuery: [56]DBExecuteError - 0A000: cannot alter type of a column used by a view or rule

DETAIL: Detail redacted as it may contain sensitive data. Specify 'Include Error Detail' in the connection string to include this information.
===========>     (SEVERE)   DB.ExecuteQuery: [56] => 0A000: cannot alter type of a column used by a view or rule

DETAIL: Detail redacted as it may contain sensitive data. Specify 'Include Error Detail' in the connection string to include this information.
----------->     (WARNING)  DB.ExecuteQuery: [56]DBExecuteError - 0A000: cannot alter type of a column used by a view or rule

DETAIL: Detail redacted as it may contain sensitive data. Specify 'Include Error Detail' in the connection string to include this information.
===========>     (SEVERE)   DB.ExecuteQuery: [56] => 0A000: cannot alter type of a column used by a view or rule

DETAIL: Detail redacted as it may contain sensitive data. Specify 'Include Error Detail' in the connection string to include this information.
----------->     (WARNING)  DB.ExecuteQuery: [56]DBExecuteError - 0A000: cannot alter type of a column used by a view or rule

DETAIL: Detail redacted as it may contain sensitive data. Specify 'Include Error Detail' in the connection string to include this information.
===========>     (SEVERE)   DB.ExecuteQuery: [56] => 42601: syntax error at or near "=@"

POSITION: 44
----------->     (WARNING)  DB.ExecuteQuery: [56]DBExecuteError - 42601: syntax error at or near "=@"

POSITION: 44
===========>     (SEVERE)   DB.ExecuteQuery: [56] => 0A000: cannot alter type of a column used by a view or rule

DETAIL: Detail redacted as it may contain sensitive data. Specify 'Include Error Detail' in the connection string to include this information.
----------->     (WARNING)  DB.ExecuteQuery: [56]DBExecuteError - 0A000: cannot alter type of a column used by a view or rule

DETAIL: Detail redacted as it may contain sensitive data. Specify 'Include Error Detail' in the connection string to include this information.
===========>     (SEVERE)   DB.ExecuteQuery: [56] => 42601: syntax error at or near "=@"

POSITION: 41
----------->     (WARNING)  DB.ExecuteQuery: [56]DBExecuteError - 42601: syntax error at or near "=@"

POSITION: 41
===========>     (SEVERE)   DB.ExecuteQuery: [56] => 0A000: cannot alter type of a column used by a view or rule

DETAIL: Detail redacted as it may contain sensitive data. Specify 'Include Error Detail' in the connection string to include this information.
----------->     (WARNING)  DB.ExecuteQuery: [56]DBExecuteError - 0A000: cannot alter type of a column used by a view or rule

DETAIL: Detail redacted as it may contain sensitive data. Specify 'Include Error Detail' in the connection string to include this information.
===========>     (SEVERE)   DB.ExecuteQuery: [56] => 0A000: cannot alter type of a column used by a view or rule

DETAIL: Detail redacted as it may contain sensitive data. Specify 'Include Error Detail' in the connection string to include this information.
----------->     (WARNING)  DB.ExecuteQuery: [56]DBExecuteError - 0A000: cannot alter type of a column used by a view or rule

DETAIL: Detail redacted as it may contain sensitive data. Specify 'Include Error Detail' in the connection string to include this information.
===========>     (SEVERE)   DB.ExecuteQuery: [56] => 42703: column "y" does not exist

POSITION: 41
----------->     (WARNING)  DB.ExecuteQuery: [56]DBExecuteError - 42703: column "y" does not exist

POSITION: 41
===========>     (SEVERE)   DB.ExecuteQuery: [56] => 42601: syntax error at or near "=@#"

POSITION: 41
----------->     (WARNING)  DB.ExecuteQuery: [56]DBExecuteError - 42601: syntax error at or near "=@#"

POSITION: 41
===========>     (SEVERE)   DB.ExecuteQuery: [56] => 42601: syntax error at or near "=@"

POSITION: 38
----------->     (WARNING)  DB.ExecuteQuery: [56]DBExecuteError - 42601: syntax error at or near "=@"

POSITION: 38
===========>     (SEVERE)   DB.ExecuteQuery: [56] => 42703: column "y" does not exist

POSITION: 38
----------->     (WARNING)  DB.ExecuteQuery: [56]DBExecuteError - 42703: column "y" does not exist

POSITION: 38
----------->     (WARNING)  MColumn.GetSQLDefaultValue: [56]Get sql default: @SQL=SELECT NVL(MAX(Line),0)+10 AS DefaultValue FROM  VATAX_TaxCatRate  WHERE  C_TaxCategory_ID=@C_TaxCategory_ID@
===========>     (SEVERE)   DB.ExecuteQuery: [56] => 42601: syntax error at or near "=@#"

POSITION: 35
----------->     (WARNING)  DB.ExecuteQuery: [56]DBExecuteError - 42601: syntax error at or near "=@#"

POSITION: 35
===========>     (SEVERE)   DB.ExecuteQuery: [56] => 42601: syntax error at or near "=@#"

POSITION: 38
----------->     (WARNING)  DB.ExecuteQuery: [56]DBExecuteError - 42601: syntax error at or near "=@#"

POSITION: 38
===========>     (SEVERE)   DB.ExecuteQuery: [56] => 42703: column "y" does not exist

POSITION: 35
----------->     (WARNING)  DB.ExecuteQuery: [56]DBExecuteError - 42703: column "y" does not exist

POSITION: 35
===========>     (SEVERE)   DB.ExecuteQuery: [56] => 42601: syntax error at or near "=@#"

POSITION: 38
----------->     (WARNING)  DB.ExecuteQuery: [56]DBExecuteError - 42601: syntax error at or near "=@#"

POSITION: 38
===========>     (SEVERE)   DB.ExecuteQuery: [56] => 42601: syntax error at or near "=@#"

POSITION: 35
----------->     (WARNING)  DB.ExecuteQuery: [56]DBExecuteError - 42601: syntax error at or near "=@#"

POSITION: 35
===========>     (SEVERE)   DB.ExecuteQuery: [56] => 42703: column "y" does not exist

POSITION: 35
----------->     (WARNING)  DB.ExecuteQuery: [56]DBExecuteError - 42703: column "y" does not exist

POSITION: 35
===========>     (SEVERE)   DB.ExecuteQuery: [56] => 42601: syntax error at or near "=@#"

POSITION: 40
----------->     (WARNING)  DB.ExecuteQuery: [56]DBExecuteError - 42601: syntax error at or near "=@#"

POSITION: 40
===========>     (SEVERE)   DB.ExecuteQuery: [56] => 42601: syntax error at or near "=@#"

POSITION: 37
----------->     (WARNING)  DB.ExecuteQuery: [56]DBExecuteError - 42601: syntax error at or near "=@#"

POSITION: 37
===========>     (SEVERE)   DB.ExecuteQuery: [56] => 42703: column "y" does not exist

POSITION: 37
----------->     (WARNING)  DB.ExecuteQuery: [56]DBExecuteError - 42703: column "y" does not exist

POSITION: 37
===========>     (SEVERE)   DB.ExecuteQuery: [56] => 42601: syntax error at or near "=@#"

POSITION: 44
----------->     (WARNING)  DB.ExecuteQuery: [56]DBExecuteError - 42601: syntax error at or near "=@#"

POSITION: 44
===========>     (SEVERE)   DB.ExecuteQuery: [56] => 42601: syntax error at or near "=@#"

POSITION: 41
----------->     (WARNING)  DB.ExecuteQuery: [56]DBExecuteError - 42601: syntax error at or near "=@#"

POSITION: 41
===========>     (SEVERE)   DB.ExecuteQuery: [56] => 42703: column "y" does not exist

POSITION: 41
----------->     (WARNING)  DB.ExecuteQuery: [56]DBExecuteError - 42703: column "y" does not exist

POSITION: 41
----------->     (WARNING)  MColumn.GetSQLDefaultValue: [56]Get sql default: @SQL=SELECT COALESCE(MAX(Line),0)+10 AS DefaultValue FROM VATAX_TaxRegionLine WHERE VATAX_TaxRegion_ID=@VATAX_TaxRegion_ID@
===========>     (SEVERE)   DB.ExecuteQuery: [56] => 42601: syntax error at or near "=@#"

POSITION: 30
----------->     (WARNING)  DB.ExecuteQuery: [56]DBExecuteError - 42601: syntax error at or near "=@#"

POSITION: 30
===========>     (SEVERE)   DB.ExecuteQuery: [56] => 42601: syntax error at or near "=@#"

POSITION: 27
----------->     (WARNING)  DB.ExecuteQuery: [56]DBExecuteError - 42601: syntax error at or near "=@#"

POSITION: 27
===========>     (SEVERE)   DB.ExecuteQuery: [56] => 0A000: cannot alter type of a column used by a view or rule

DETAIL: Detail redacted as it may contain sensitive data. Specify 'Include Error Detail' in the connection string to include this information.
----------->     (WARNING)  DB.ExecuteQuery: [56]DBExecuteError - 0A000: cannot alter type of a column used by a view or rule

DETAIL: Detail redacted as it may contain sensitive data. Specify 'Include Error Detail' in the connection string to include this information.
===========>     (SEVERE)   DB.ExecuteQuery: [56] => 42601: syntax error at or near "=@"

POSITION: 35
----------->     (WARNING)  DB.ExecuteQuery: [56]DBExecuteError - 42601: syntax error at or near "=@"

POSITION: 35
===========>     (SEVERE)   DB.ExecuteQuery: [56] => 0A000: cannot alter type of a column used by a view or rule

DETAIL: Detail redacted as it may contain sensitive data. Specify 'Include Error Detail' in the connection string to include this information.
----------->     (WARNING)  DB.ExecuteQuery: [56]DBExecuteError - 0A000: cannot alter type of a column used by a view or rule

DETAIL: Detail redacted as it may contain sensitive data. Specify 'Include Error Detail' in the connection string to include this information.
===========>     (SEVERE)   DB.ExecuteQuery: [56] => 42601: syntax error at or near "=@"

POSITION: 32
----------->     (WARNING)  DB.ExecuteQuery: [56]DBExecuteError - 42601: syntax error at or near "=@"

POSITION: 32
===========>     (SEVERE)   DB.ExecuteQuery: [56] => 42703: column "y" does not exist

POSITION: 32
----------->     (WARNING)  DB.ExecuteQuery: [56]DBExecuteError - 42703: column "y" does not exist

POSITION: 32
===========>     (SEVERE)   DB.ExecuteQuery: [56] => 0A000: cannot alter type of a column used by a view or rule

DETAIL: Detail redacted as it may contain sensitive data. Specify 'Include Error Detail' in the connection string to include this information.
----------->     (WARNING)  DB.ExecuteQuery: [56]DBExecuteError - 0A000: cannot alter type of a column used by a view or rule

DETAIL: Detail redacted as it may contain sensitive data. Specify 'Include Error Detail' in the connection string to include this information.
===========>     (SEVERE)   DB.ExecuteQuery: [56] => 42703: column "y" does not exist

POSITION: 27
----------->     (WARNING)  DB.ExecuteQuery: [56]DBExecuteError - 42703: column "y" does not exist

POSITION: 27
===========>     (SEVERE)   DB.ExecuteQuery: [56] => 0A000: cannot alter type of a column used by a view or rule

DETAIL: Detail redacted as it may contain sensitive data. Specify 'Include Error Detail' in the connection string to include this information.
----------->     (WARNING)  DB.ExecuteQuery: [56]DBExecuteError - 0A000: cannot alter type of a column used by a view or rule

DETAIL: Detail redacted as it may contain sensitive data. Specify 'Include Error Detail' in the connection string to include this information.
===========>     (SEVERE)   DB.ExecuteQuery: [56] => 42601: syntax error at or near "=@#"

POSITION: 34
----------->     (WARNING)  DB.ExecuteQuery: [56]DBExecuteError - 42601: syntax error at or near "=@#"

POSITION: 34
===========>     (SEVERE)   DB.ExecuteQuery: [56] => 42601: syntax error at or near "=@#"

POSITION: 31
----------->     (WARNING)  DB.ExecuteQuery: [56]DBExecuteError - 42601: syntax error at or near "=@#"

POSITION: 31
===========>     (SEVERE)   DB.ExecuteQuery: [56] => 0A000: cannot alter type of a column used by a view or rule

DETAIL: Detail redacted as it may contain sensitive data. Specify 'Include Error Detail' in the connection string to include this information.
----------->     (WARNING)  DB.ExecuteQuery: [56]DBExecuteError - 0A000: cannot alter type of a column used by a view or rule

DETAIL: Detail redacted as it may contain sensitive data. Specify 'Include Error Detail' in the connection string to include this information.
===========>     (SEVERE)   DB.ExecuteQuery: [56] => 42703: column "y" does not exist

POSITION: 31
----------->     (WARNING)  DB.ExecuteQuery: [56]DBExecuteError - 42703: column "y" does not exist

POSITION: 31
===========>     (SEVERE)   DB.ExecuteQuery: [56] => 23505: duplicate key value violates unique constraint "ad_workflow_access_pkey"

DETAIL: Detail redacted as it may contain sensitive data. Specify 'Include Error Detail' in the connection string to include this information.
----------->     (WARNING)  DB.ExecuteQuery: [56]DBExecuteError - 23505: duplicate key value violates unique constraint "ad_workflow_access_pkey"

DETAIL: Detail redacted as it may contain sensitive data. Specify 'Include Error Detail' in the connection string to include this information.
----------->     (WARNING)  X_AD_Workflow_Access.ImportNow: [56]Not insertedAD_Workflow_Access
===========>     (SEVERE)   DB.ExecuteQuery: [56] => 23505: duplicate key value violates unique constraint "ad_workflow_access_pkey"

DETAIL: Detail redacted as it may contain sensitive data. Specify 'Include Error Detail' in the connection string to include this information.
----------->     (WARNING)  DB.ExecuteQuery: [56]DBExecuteError - 23505: duplicate key value violates unique constraint "ad_workflow_access_pkey"

DETAIL: Detail redacted as it may contain sensitive data. Specify 'Include Error Detail' in the connection string to include this information.
----------->     (WARNING)  X_AD_Workflow_Access.ImportNow: [56]Not insertedAD_Workflow_Access
===========>     (SEVERE)   DB.ExecuteQuery: [56] => 23505: duplicate key value violates unique constraint "ad_process_access_pkey"

DETAIL: Detail redacted as it may contain sensitive data. Specify 'Include Error Detail' in the connection string to include this information.
----------->     (WARNING)  DB.ExecuteQuery: [56]DBExecuteError - 23505: duplicate key value violates unique constraint "ad_process_access_pkey"

DETAIL: Detail redacted as it may contain sensitive data. Specify 'Include Error Detail' in the connection string to include this information.
----------->     (WARNING)  X_AD_Process_Access.ImportNow: [56]Not insertedAD_Process_Access
===========>     (SEVERE)   DB.ExecuteQuery: [56] => 23505: duplicate key value violates unique constraint "ad_process_access_pkey"

DETAIL: Detail redacted as it may contain sensitive data. Specify 'Include Error Detail' in the connection string to include this information.
----------->     (WARNING)  DB.ExecuteQuery: [56]DBExecuteError - 23505: duplicate key value violates unique constraint "ad_process_access_pkey"

DETAIL: Detail redacted as it may contain sensitive data. Specify 'Include Error Detail' in the connection string to include this information.
----------->     (WARNING)  X_AD_Process_Access.ImportNow: [56]Not insertedAD_Process_Access
===========>     (SEVERE)   DB.ExecuteQuery: [56] => 23505: duplicate key value violates unique constraint "ad_process_access_pkey"

DETAIL: Detail redacted as it may contain sensitive data. Specify 'Include Error Detail' in the connection string to include this information.
----------->     (WARNING)  DB.ExecuteQuery: [56]DBExecuteError - 23505: duplicate key value violates unique constraint "ad_process_access_pkey"

DETAIL: Detail redacted as it may contain sensitive data. Specify 'Include Error Detail' in the connection string to include this information.
----------->     (WARNING)  X_AD_Process_Access.ImportNow: [56]Not insertedAD_Process_Access
===========>     (SEVERE)   DB.ExecuteQuery: [56] => 23505: duplicate key value violates unique constraint "ad_process_access_pkey"

DETAIL: Detail redacted as it may contain sensitive data. Specify 'Include Error Detail' in the connection string to include this information.
----------->     (WARNING)  DB.ExecuteQuery: [56]DBExecuteError - 23505: duplicate key value violates unique constraint "ad_process_access_pkey"

DETAIL: Detail redacted as it may contain sensitive data. Specify 'Include Error Detail' in the connection string to include this information.
----------->     (WARNING)  X_AD_Process_Access.ImportNow: [56]Not insertedAD_Process_Access
09:52:54.525    (INFO)     Env.Reset: [56]finalCall=False
09:52:54.525    (INFO)     CacheMgt.Reset: [56]#20 (4977)
09:52:54.525    (INFO)     Trx.Start: [56]**** VISPRO_ModIns638760307749143095System.Random
09:52:54.525    (INFO)     Trx.Commit: [56]**C** VISPRO_ModIns638760307749143095System.Random
09:53:56.535    (INFO)     MRole.Get: [69]AD_Role_ID=0, AD_User_ID=100, reload=True
09:53:56.535    (INFO)     MRole.Get: [69]MRole[0,System Administrator,UserLevel=S  ,AD_Client_ID=0,AD_Org_ID=0]
09:53:56.535    (INFO)     MRole.Get: [69]AD_Role_ID=0, AD_User_ID=100, reload=True
09:53:56.535    (INFO)     MRole.Get: [69]MRole[0,System Administrator,UserLevel=S  ,AD_Client_ID=0,AD_Org_ID=0]
09:53:56.535    (INFO)     MTree.Load: [69]AD_Tree_ID=121, AD_User_ID=100, Editable=False, OnClient=True
09:53:56.535    (INFO)     Msg.InitMsg: [69]Records=4610 - en_US
----------->     (WARNING)  PushNotification.SendNotificationToUser: [69]PushNotif - Module VA074_ is not installed!
===========>     (SEVERE)   PostgreHelper.ExecuteDataset: [46]42703: column ad_widgetsize.d_chart_id does not exist

POSITION: 375 [Query D] =>SELECT D_Chart.chartType, D_Chart.d_chart_id, D_Chart.Name, colspan,rowspan,'C' AS Type,AD_WidgetSize.AD_WidgetSize_ID,Sequence, IsDefault,AD_IMAGE.BINARYDATA,D_Chart.AD_Window_ID FROM D_Chart INNER JOIN 
                            D_ChartAccess ON (D_Chart.D_Chart_ID=D_ChartAccess.D_Chart_ID)
                            INNER JOIN AD_WidgetSize ON (D_Chart.D_Chart_ID=AD_WidgetSize.D_Chart_ID)LEFT JOIN AD_IMAGE ON AD_IMAGE.AD_IMAGE_ID=AD_WidgetSize.AD_IMAGE_ID                           
                            WHERE D_Chart.isActive='Y' AND AD_WidgetSize.isActive='Y' AND  D_ChartAccess.AD_Role_ID=0 AND Homepage='Y' UNION ALL  SELECT RC_KPI.KPIType AS chartType, RC_KPI.RC_KPI_ID AS d_chart_id,  RC_KPI.Name, colspan,rowspan,'K' AS Type,AD_WidgetSize.AD_WidgetSize_ID,Sequence ,IsDefault,AD_IMAGE.BINARYDATA,RC_KPI.AD_Window_ID FROM RC_KPI INNER JOIN 
                            RC_KPIAccess ON (RC_KPI.RC_KPI_ID=RC_KPIAccess.RC_KPI_ID)
                            INNER JOIN AD_WidgetSize ON (RC_KPI.RC_KPI_ID=AD_WidgetSize.RC_KPI_ID) LEFT JOIN AD_IMAGE ON AD_IMAGE.AD_IMAGE_ID=AD_WidgetSize.AD_IMAGE_ID                            
                            WHERE RC_KPI.isActive='Y' AND AD_WidgetSize.isActive='Y' AND   RC_KPIAccess.AD_Role_ID=0 AND Homepage='Y' UNION ALL  SELECT 'V' AS chartType, RC_View.RC_View_ID AS d_chart_id, RC_View.Name, colspan,rowspan,'V' AS Type,AD_WidgetSize.AD_WidgetSize_ID,Sequence ,IsDefault,AD_IMAGE.BINARYDATA, RC_View.AD_Window_ID FROM RC_View INNER JOIN 
                            RC_ViewAccess ON (RC_View.RC_View_ID=RC_ViewAccess.RC_View_ID)
                            INNER JOIN AD_WidgetSize ON (RC_View.RC_View_ID=AD_WidgetSize.RC_View_ID) LEFT JOIN AD_IMAGE ON AD_IMAGE.AD_IMAGE_ID=AD_WidgetSize.AD_IMAGE_ID                            
                            WHERE RC_View.isActive='Y' AND AD_WidgetSize.isActive='Y' AND   RC_ViewAccess.AD_Role_ID=0 AND Homepage='Y'
09:54:35.543    (INFO)     Trx.Start: [34]**** VISPRO_ModIns638760308757721956System.Random
09:54:35.543    (INFO)     Trx.Commit: [34]**C** VISPRO_ModIns638760308757721956System.Random
===========>     (SEVERE)   DB.ExecuteQuery: [80] => 42704: constraint "uc_value" of relation "va009_paymentmethod" does not exist
----------->     (WARNING)  DB.ExecuteQuery: [80]DBExecuteError - 42704: constraint "uc_value" of relation "va009_paymentmethod" does not exist
===========>     (SEVERE)   DB.ExecuteQuery: [80] => 42704: index "uc_value" does not exist
----------->     (WARNING)  DB.ExecuteQuery: [80]DBExecuteError - 42704: index "uc_value" does not exist
===========>     (SEVERE)   DB.ExecuteQuery: [80] => 21000: more than one row returned by a subquery used as an expression
----------->     (WARNING)  DB.ExecuteQuery: [80]DBExecuteError - 21000: more than one row returned by a subquery used as an expression
===========>     (SEVERE)   DB.ExecuteQuery: [80] => 42704: index "unique_invoice" does not exist
----------->     (WARNING)  DB.ExecuteQuery: [80]DBExecuteError - 42704: index "unique_invoice" does not exist
===========>     (SEVERE)   DB.ExecuteQuery: [80] => 42P01: view "va009_remittanceadviceprint_v" does not exist
----------->     (WARNING)  DB.ExecuteQuery: [80]DBExecuteError - 42P01: view "va009_remittanceadviceprint_v" does not exist
===========>     (SEVERE)   DB.ExecuteQuery: [80] => 42P01: view "va009_arrecieptprint_v" does not exist
----------->     (WARNING)  DB.ExecuteQuery: [80]DBExecuteError - 42P01: view "va009_arrecieptprint_v" does not exist
09:54:44.544    (INFO)     MChangeLog.FillChangeLog: [80]#9
===========>     (SEVERE)   DB.ExecuteQuery: [80] => 23505: duplicate key value violates unique constraint "ad_form_access_pkey"

DETAIL: Detail redacted as it may contain sensitive data. Specify 'Include Error Detail' in the connection string to include this information.
----------->     (WARNING)  DB.ExecuteQuery: [80]DBExecuteError - 23505: duplicate key value violates unique constraint "ad_form_access_pkey"

DETAIL: Detail redacted as it may contain sensitive data. Specify 'Include Error Detail' in the connection string to include this information.
----------->     (WARNING)  X_AD_Form_Access.ImportNow: [80]Not insertedAD_Form_Access
===========>     (SEVERE)   DB.ExecuteQuery: [80] => 23505: duplicate key value violates unique constraint "ad_form_access_pkey"

DETAIL: Detail redacted as it may contain sensitive data. Specify 'Include Error Detail' in the connection string to include this information.
----------->     (WARNING)  DB.ExecuteQuery: [80]DBExecuteError - 23505: duplicate key value violates unique constraint "ad_form_access_pkey"

DETAIL: Detail redacted as it may contain sensitive data. Specify 'Include Error Detail' in the connection string to include this information.
----------->     (WARNING)  X_AD_Form_Access.ImportNow: [80]Not insertedAD_Form_Access
===========>     (SEVERE)   DB.ExecuteQuery: [80] => 23505: duplicate key value violates unique constraint "ad_form_access_pkey"

DETAIL: Detail redacted as it may contain sensitive data. Specify 'Include Error Detail' in the connection string to include this information.
----------->     (WARNING)  DB.ExecuteQuery: [80]DBExecuteError - 23505: duplicate key value violates unique constraint "ad_form_access_pkey"

DETAIL: Detail redacted as it may contain sensitive data. Specify 'Include Error Detail' in the connection string to include this information.
----------->     (WARNING)  X_AD_Form_Access.AddWindowToMenu: [80]Not insertedAD_Form_Access
===========>     (SEVERE)   DB.ExecuteQuery: [80] => 23505: duplicate key value violates unique constraint "ad_form_access_pkey"

DETAIL: Detail redacted as it may contain sensitive data. Specify 'Include Error Detail' in the connection string to include this information.
----------->     (WARNING)  DB.ExecuteQuery: [80]DBExecuteError - 23505: duplicate key value violates unique constraint "ad_form_access_pkey"

DETAIL: Detail redacted as it may contain sensitive data. Specify 'Include Error Detail' in the connection string to include this information.
----------->     (WARNING)  X_AD_Form_Access.AddWindowToMenu: [80]Not insertedAD_Form_Access
===========>     (SEVERE)   DB.ExecuteQuery: [80] => 23505: duplicate key value violates unique constraint "ad_form_access_pkey"

DETAIL: Detail redacted as it may contain sensitive data. Specify 'Include Error Detail' in the connection string to include this information.
----------->     (WARNING)  DB.ExecuteQuery: [80]DBExecuteError - 23505: duplicate key value violates unique constraint "ad_form_access_pkey"

DETAIL: Detail redacted as it may contain sensitive data. Specify 'Include Error Detail' in the connection string to include this information.
----------->     (WARNING)  X_AD_Form_Access.ImportNow: [80]Not insertedAD_Form_Access
===========>     (SEVERE)   DB.ExecuteQuery: [80] => 23505: duplicate key value violates unique constraint "ad_form_access_pkey"

DETAIL: Detail redacted as it may contain sensitive data. Specify 'Include Error Detail' in the connection string to include this information.
----------->     (WARNING)  DB.ExecuteQuery: [80]DBExecuteError - 23505: duplicate key value violates unique constraint "ad_form_access_pkey"

DETAIL: Detail redacted as it may contain sensitive data. Specify 'Include Error Detail' in the connection string to include this information.
----------->     (WARNING)  X_AD_Form_Access.ImportNow: [80]Not insertedAD_Form_Access
===========>     (SEVERE)   DB.ExecuteQuery: [80] => 23505: duplicate key value violates unique constraint "ad_form_access_pkey"

DETAIL: Detail redacted as it may contain sensitive data. Specify 'Include Error Detail' in the connection string to include this information.
----------->     (WARNING)  DB.ExecuteQuery: [80]DBExecuteError - 23505: duplicate key value violates unique constraint "ad_form_access_pkey"

DETAIL: Detail redacted as it may contain sensitive data. Specify 'Include Error Detail' in the connection string to include this information.
----------->     (WARNING)  X_AD_Form_Access.ImportNow: [80]Not insertedAD_Form_Access
===========>     (SEVERE)   DB.ExecuteQuery: [80] => 23505: duplicate key value violates unique constraint "ad_form_access_pkey"

DETAIL: Detail redacted as it may contain sensitive data. Specify 'Include Error Detail' in the connection string to include this information.
----------->     (WARNING)  DB.ExecuteQuery: [80]DBExecuteError - 23505: duplicate key value violates unique constraint "ad_form_access_pkey"

DETAIL: Detail redacted as it may contain sensitive data. Specify 'Include Error Detail' in the connection string to include this information.
----------->     (WARNING)  X_AD_Form_Access.ImportNow: [80]Not insertedAD_Form_Access
===========>     (SEVERE)   DB.ExecuteQuery: [80] => 23505: duplicate key value violates unique constraint "ad_process_access_pkey"

DETAIL: Detail redacted as it may contain sensitive data. Specify 'Include Error Detail' in the connection string to include this information.
----------->     (WARNING)  DB.ExecuteQuery: [80]DBExecuteError - 23505: duplicate key value violates unique constraint "ad_process_access_pkey"

DETAIL: Detail redacted as it may contain sensitive data. Specify 'Include Error Detail' in the connection string to include this information.
----------->     (WARNING)  X_AD_Process_Access.ImportNow: [80]Not insertedAD_Process_Access
===========>     (SEVERE)   DB.ExecuteQuery: [80] => 23505: duplicate key value violates unique constraint "ad_process_access_pkey"

DETAIL: Detail redacted as it may contain sensitive data. Specify 'Include Error Detail' in the connection string to include this information.
----------->     (WARNING)  DB.ExecuteQuery: [80]DBExecuteError - 23505: duplicate key value violates unique constraint "ad_process_access_pkey"

DETAIL: Detail redacted as it may contain sensitive data. Specify 'Include Error Detail' in the connection string to include this information.
----------->     (WARNING)  X_AD_Process_Access.ImportNow: [80]Not insertedAD_Process_Access
===========>     (SEVERE)   DB.ExecuteQuery: [80] => 23505: duplicate key value violates unique constraint "ad_process_access_pkey"

DETAIL: Detail redacted as it may contain sensitive data. Specify 'Include Error Detail' in the connection string to include this information.
----------->     (WARNING)  DB.ExecuteQuery: [80]DBExecuteError - 23505: duplicate key value violates unique constraint "ad_process_access_pkey"

DETAIL: Detail redacted as it may contain sensitive data. Specify 'Include Error Detail' in the connection string to include this information.
----------->     (WARNING)  X_AD_Process_Access.ImportNow: [80]Not insertedAD_Process_Access
===========>     (SEVERE)   DB.ExecuteQuery: [80] => 23505: duplicate key value violates unique constraint "ad_process_access_pkey"

DETAIL: Detail redacted as it may contain sensitive data. Specify 'Include Error Detail' in the connection string to include this information.
----------->     (WARNING)  DB.ExecuteQuery: [80]DBExecuteError - 23505: duplicate key value violates unique constraint "ad_process_access_pkey"

DETAIL: Detail redacted as it may contain sensitive data. Specify 'Include Error Detail' in the connection string to include this information.
----------->     (WARNING)  X_AD_Process_Access.ImportNow: [80]Not insertedAD_Process_Access
===========>     (SEVERE)   DB.ExecuteQuery: [80] => 42P01: sequence "varpt_paymentvoucher_v_seq" does not exist
----------->     (WARNING)  DB.ExecuteQuery: [80]DBExecuteError - 42P01: sequence "varpt_paymentvoucher_v_seq" does not exist
===========>     (SEVERE)   DB.ExecuteQuery: [80] => VISDBERRORCOLUMN: AD_TABLE_ID,COLUMNNAME
----------->     (WARNING)  DB.ExecuteQuery: [80]DBExecuteError - VISDBERRORCOLUMN: AD_TABLE_ID,COLUMNNAME
===========>     (SEVERE)   DB.ExecuteQuery: [80] => VISDBERRORCOLUMN: AD_TABLE_ID,COLUMNNAME
----------->     (WARNING)  DB.ExecuteQuery: [80]DBExecuteError - VISDBERRORCOLUMN: AD_TABLE_ID,COLUMNNAME
===========>     (SEVERE)   DB.ExecuteQuery: [80] => VISDBERRORCOLUMN: AD_TABLE_ID,COLUMNNAME
----------->     (WARNING)  DB.ExecuteQuery: [80]DBExecuteError - VISDBERRORCOLUMN: AD_TABLE_ID,COLUMNNAME
===========>     (SEVERE)   DB.ExecuteQuery: [80] => VISDBERRORCOLUMN: AD_TABLE_ID,COLUMNNAME
----------->     (WARNING)  DB.ExecuteQuery: [80]DBExecuteError - VISDBERRORCOLUMN: AD_TABLE_ID,COLUMNNAME
===========>     (SEVERE)   DB.ExecuteQuery: [80] => VISDBERRORCOLUMN: AD_TABLE_ID,COLUMNNAME
----------->     (WARNING)  DB.ExecuteQuery: [80]DBExecuteError - VISDBERRORCOLUMN: AD_TABLE_ID,COLUMNNAME
===========>     (SEVERE)   DB.ExecuteQuery: [80] => VISDBERRORCOLUMN: AD_TABLE_ID,COLUMNNAME
----------->     (WARNING)  DB.ExecuteQuery: [80]DBExecuteError - VISDBERRORCOLUMN: AD_TABLE_ID,COLUMNNAME
===========>     (SEVERE)   DB.ExecuteQuery: [80] => VISDBERRORCOLUMN: AD_TABLE_ID,COLUMNNAME
----------->     (WARNING)  DB.ExecuteQuery: [80]DBExecuteError - VISDBERRORCOLUMN: AD_TABLE_ID,COLUMNNAME
===========>     (SEVERE)   DB.ExecuteQuery: [80] => VISDBERRORCOLUMN: AD_TABLE_ID,COLUMNNAME
----------->     (WARNING)  DB.ExecuteQuery: [80]DBExecuteError - VISDBERRORCOLUMN: AD_TABLE_ID,COLUMNNAME
===========>     (SEVERE)   DB.ExecuteQuery: [80] => VISDBERRORCOLUMN: AD_TABLE_ID,COLUMNNAME
----------->     (WARNING)  DB.ExecuteQuery: [80]DBExecuteError - VISDBERRORCOLUMN: AD_TABLE_ID,COLUMNNAME
===========>     (SEVERE)   DB.ExecuteQuery: [80] => 23505: duplicate key value violates unique constraint "ad_process_access_pkey"

DETAIL: Detail redacted as it may contain sensitive data. Specify 'Include Error Detail' in the connection string to include this information.
----------->     (WARNING)  DB.ExecuteQuery: [80]DBExecuteError - 23505: duplicate key value violates unique constraint "ad_process_access_pkey"

DETAIL: Detail redacted as it may contain sensitive data. Specify 'Include Error Detail' in the connection string to include this information.
----------->     (WARNING)  X_AD_Process_Access.ImportNow: [80]Not insertedAD_Process_Access
===========>     (SEVERE)   DB.ExecuteQuery: [80] => 23505: duplicate key value violates unique constraint "ad_process_access_pkey"

DETAIL: Detail redacted as it may contain sensitive data. Specify 'Include Error Detail' in the connection string to include this information.
----------->     (WARNING)  DB.ExecuteQuery: [80]DBExecuteError - 23505: duplicate key value violates unique constraint "ad_process_access_pkey"

DETAIL: Detail redacted as it may contain sensitive data. Specify 'Include Error Detail' in the connection string to include this information.
----------->     (WARNING)  X_AD_Process_Access.ImportNow: [80]Not insertedAD_Process_Access
===========>     (SEVERE)   DB.ExecuteQuery: [80] => 23505: duplicate key value violates unique constraint "ad_process_access_pkey"

DETAIL: Detail redacted as it may contain sensitive data. Specify 'Include Error Detail' in the connection string to include this information.
----------->     (WARNING)  DB.ExecuteQuery: [80]DBExecuteError - 23505: duplicate key value violates unique constraint "ad_process_access_pkey"

DETAIL: Detail redacted as it may contain sensitive data. Specify 'Include Error Detail' in the connection string to include this information.
----------->     (WARNING)  X_AD_Process_Access.ImportNow: [80]Not insertedAD_Process_Access
===========>     (SEVERE)   DB.ExecuteQuery: [80] => 23505: duplicate key value violates unique constraint "ad_process_access_pkey"

DETAIL: Detail redacted as it may contain sensitive data. Specify 'Include Error Detail' in the connection string to include this information.
----------->     (WARNING)  DB.ExecuteQuery: [80]DBExecuteError - 23505: duplicate key value violates unique constraint "ad_process_access_pkey"

DETAIL: Detail redacted as it may contain sensitive data. Specify 'Include Error Detail' in the connection string to include this information.
----------->     (WARNING)  X_AD_Process_Access.ImportNow: [80]Not insertedAD_Process_Access
===========>     (SEVERE)   DB.ExecuteQuery: [80] => 23505: duplicate key value violates unique constraint "ad_process_access_pkey"

DETAIL: Detail redacted as it may contain sensitive data. Specify 'Include Error Detail' in the connection string to include this information.
----------->     (WARNING)  DB.ExecuteQuery: [80]DBExecuteError - 23505: duplicate key value violates unique constraint "ad_process_access_pkey"

DETAIL: Detail redacted as it may contain sensitive data. Specify 'Include Error Detail' in the connection string to include this information.
----------->     (WARNING)  X_AD_Process_Access.ImportNow: [80]Not insertedAD_Process_Access
===========>     (SEVERE)   DB.ExecuteQuery: [80] => 23505: duplicate key value violates unique constraint "ad_process_access_pkey"

DETAIL: Detail redacted as it may contain sensitive data. Specify 'Include Error Detail' in the connection string to include this information.
----------->     (WARNING)  DB.ExecuteQuery: [80]DBExecuteError - 23505: duplicate key value violates unique constraint "ad_process_access_pkey"

DETAIL: Detail redacted as it may contain sensitive data. Specify 'Include Error Detail' in the connection string to include this information.
----------->     (WARNING)  X_AD_Process_Access.ImportNow: [80]Not insertedAD_Process_Access
===========>     (SEVERE)   DB.ExecuteQuery: [80] => 23505: duplicate key value violates unique constraint "ad_process_access_pkey"

DETAIL: Detail redacted as it may contain sensitive data. Specify 'Include Error Detail' in the connection string to include this information.
----------->     (WARNING)  DB.ExecuteQuery: [80]DBExecuteError - 23505: duplicate key value violates unique constraint "ad_process_access_pkey"

DETAIL: Detail redacted as it may contain sensitive data. Specify 'Include Error Detail' in the connection string to include this information.
----------->     (WARNING)  X_AD_Process_Access.ImportNow: [80]Not insertedAD_Process_Access
===========>     (SEVERE)   DB.ExecuteQuery: [80] => 23505: duplicate key value violates unique constraint "ad_process_access_pkey"

DETAIL: Detail redacted as it may contain sensitive data. Specify 'Include Error Detail' in the connection string to include this information.
----------->     (WARNING)  DB.ExecuteQuery: [80]DBExecuteError - 23505: duplicate key value violates unique constraint "ad_process_access_pkey"

DETAIL: Detail redacted as it may contain sensitive data. Specify 'Include Error Detail' in the connection string to include this information.
----------->     (WARNING)  X_AD_Process_Access.ImportNow: [80]Not insertedAD_Process_Access
===========>     (SEVERE)   DB.ExecuteQuery: [80] => 23505: duplicate key value violates unique constraint "ad_process_access_pkey"

DETAIL: Detail redacted as it may contain sensitive data. Specify 'Include Error Detail' in the connection string to include this information.
----------->     (WARNING)  DB.ExecuteQuery: [80]DBExecuteError - 23505: duplicate key value violates unique constraint "ad_process_access_pkey"

DETAIL: Detail redacted as it may contain sensitive data. Specify 'Include Error Detail' in the connection string to include this information.
----------->     (WARNING)  X_AD_Process_Access.ImportNow: [80]Not insertedAD_Process_Access
===========>     (SEVERE)   DB.ExecuteQuery: [80] => 23505: duplicate key value violates unique constraint "ad_process_access_pkey"

DETAIL: Detail redacted as it may contain sensitive data. Specify 'Include Error Detail' in the connection string to include this information.
----------->     (WARNING)  DB.ExecuteQuery: [80]DBExecuteError - 23505: duplicate key value violates unique constraint "ad_process_access_pkey"

DETAIL: Detail redacted as it may contain sensitive data. Specify 'Include Error Detail' in the connection string to include this information.
----------->     (WARNING)  X_AD_Process_Access.ImportNow: [80]Not insertedAD_Process_Access
===========>     (SEVERE)   DB.ExecuteQuery: [80] => 42P01: sequence "varpt_c_invoicvenheader_v_seq" does not exist
----------->     (WARNING)  DB.ExecuteQuery: [80]DBExecuteError - 42P01: sequence "varpt_c_invoicvenheader_v_seq" does not exist
===========>     (SEVERE)   PostgreHelper.ExecuteReader: [80]42703: column "varpt_c_invoiceclinevenc_vw_id" does not exist

POSITION: 13 [Query DR] SELECT MAX( VARPT_C_INVOICECLINEVENC_VW_ID) FROM VARPT_C_INVOICECLINEVENC_VW
===========>     (SEVERE)   PostgreHelper.ExecuteReader: [80]42703: column "varpt_c_invoiceclinevenc_vw_id" does not exist

POSITION: 13 [Query DR] SELECT MAX( VARPT_C_INVOICECLINEVENC_VW_ID) FROM VARPT_C_INVOICECLINEVENC_VW
===========>     (SEVERE)   DB.GetSQLValue: [80]SELECT MAX( VARPT_C_INVOICECLINEVENC_VW_ID) FROM VARPT_C_INVOICECLINEVENC_VW => 42703: column "varpt_c_invoiceclinevenc_vw_id" does not exist

POSITION: 13
===========>     (SEVERE)   DB.ExecuteQuery: [80] => 42P01: sequence "varpt_c_invoiceclinevenc_vw_seq" does not exist
----------->     (WARNING)  DB.ExecuteQuery: [80]DBExecuteError - 42P01: sequence "varpt_c_invoiceclinevenc_vw_seq" does not exist
===========>     (SEVERE)   PostgreHelper.ExecuteReader: [80]42703: column "varpt_c_invoicectaxven_v_id" does not exist

POSITION: 13 [Query DR] SELECT MAX( VARPT_C_INVOICECTAXVEN_V_ID) FROM VARPT_C_INVOICECTAXVEN_V
===========>     (SEVERE)   PostgreHelper.ExecuteReader: [80]42703: column "varpt_c_invoicectaxven_v_id" does not exist

POSITION: 13 [Query DR] SELECT MAX( VARPT_C_INVOICECTAXVEN_V_ID) FROM VARPT_C_INVOICECTAXVEN_V
===========>     (SEVERE)   DB.GetSQLValue: [80]SELECT MAX( VARPT_C_INVOICECTAXVEN_V_ID) FROM VARPT_C_INVOICECTAXVEN_V => 42703: column "varpt_c_invoicectaxven_v_id" does not exist

POSITION: 13
===========>     (SEVERE)   DB.ExecuteQuery: [80] => 42P01: sequence "varpt_c_invoicectaxven_v_seq" does not exist
----------->     (WARNING)  DB.ExecuteQuery: [80]DBExecuteError - 42P01: sequence "varpt_c_invoicectaxven_v_seq" does not exist
===========>     (SEVERE)   DB.ExecuteQuery: [80] => 23505: duplicate key value violates unique constraint "ad_process_access_pkey"

DETAIL: Detail redacted as it may contain sensitive data. Specify 'Include Error Detail' in the connection string to include this information.
----------->     (WARNING)  DB.ExecuteQuery: [80]DBExecuteError - 23505: duplicate key value violates unique constraint "ad_process_access_pkey"

DETAIL: Detail redacted as it may contain sensitive data. Specify 'Include Error Detail' in the connection string to include this information.
----------->     (WARNING)  X_AD_Process_Access.ImportNow: [80]Not insertedAD_Process_Access
===========>     (SEVERE)   DB.ExecuteQuery: [80] => 23505: duplicate key value violates unique constraint "ad_process_access_pkey"

DETAIL: Detail redacted as it may contain sensitive data. Specify 'Include Error Detail' in the connection string to include this information.
----------->     (WARNING)  DB.ExecuteQuery: [80]DBExecuteError - 23505: duplicate key value violates unique constraint "ad_process_access_pkey"

DETAIL: Detail redacted as it may contain sensitive data. Specify 'Include Error Detail' in the connection string to include this information.
----------->     (WARNING)  X_AD_Process_Access.ImportNow: [80]Not insertedAD_Process_Access
===========>     (SEVERE)   DB.ExecuteQuery: [80] => 23505: duplicate key value violates unique constraint "ad_process_access_pkey"

DETAIL: Detail redacted as it may contain sensitive data. Specify 'Include Error Detail' in the connection string to include this information.
----------->     (WARNING)  DB.ExecuteQuery: [80]DBExecuteError - 23505: duplicate key value violates unique constraint "ad_process_access_pkey"

DETAIL: Detail redacted as it may contain sensitive data. Specify 'Include Error Detail' in the connection string to include this information.
----------->     (WARNING)  X_AD_Process_Access.ImportNow: [80]Not insertedAD_Process_Access
===========>     (SEVERE)   DB.ExecuteQuery: [80] => 23505: duplicate key value violates unique constraint "ad_process_access_pkey"

DETAIL: Detail redacted as it may contain sensitive data. Specify 'Include Error Detail' in the connection string to include this information.
----------->     (WARNING)  DB.ExecuteQuery: [80]DBExecuteError - 23505: duplicate key value violates unique constraint "ad_process_access_pkey"

DETAIL: Detail redacted as it may contain sensitive data. Specify 'Include Error Detail' in the connection string to include this information.
----------->     (WARNING)  X_AD_Process_Access.ImportNow: [80]Not insertedAD_Process_Access
===========>     (SEVERE)   DB.ExecuteQuery: [80] => 23505: duplicate key value violates unique constraint "ad_workflow_access_pkey"

DETAIL: Detail redacted as it may contain sensitive data. Specify 'Include Error Detail' in the connection string to include this information.
----------->     (WARNING)  DB.ExecuteQuery: [80]DBExecuteError - 23505: duplicate key value violates unique constraint "ad_workflow_access_pkey"

DETAIL: Detail redacted as it may contain sensitive data. Specify 'Include Error Detail' in the connection string to include this information.
----------->     (WARNING)  X_AD_Workflow_Access.ImportNow: [80]Not insertedAD_Workflow_Access
===========>     (SEVERE)   DB.ExecuteQuery: [80] => 23505: duplicate key value violates unique constraint "ad_workflow_access_pkey"

DETAIL: Detail redacted as it may contain sensitive data. Specify 'Include Error Detail' in the connection string to include this information.
----------->     (WARNING)  DB.ExecuteQuery: [80]DBExecuteError - 23505: duplicate key value violates unique constraint "ad_workflow_access_pkey"

DETAIL: Detail redacted as it may contain sensitive data. Specify 'Include Error Detail' in the connection string to include this information.
----------->     (WARNING)  X_AD_Workflow_Access.ImportNow: [80]Not insertedAD_Workflow_Access
===========>     (SEVERE)   DB.ExecuteQuery: [80] => 23505: duplicate key value violates unique constraint "ad_process_access_pkey"

DETAIL: Detail redacted as it may contain sensitive data. Specify 'Include Error Detail' in the connection string to include this information.
----------->     (WARNING)  DB.ExecuteQuery: [80]DBExecuteError - 23505: duplicate key value violates unique constraint "ad_process_access_pkey"

DETAIL: Detail redacted as it may contain sensitive data. Specify 'Include Error Detail' in the connection string to include this information.
----------->     (WARNING)  X_AD_Process_Access.ImportNow: [80]Not insertedAD_Process_Access
===========>     (SEVERE)   DB.ExecuteQuery: [80] => 23505: duplicate key value violates unique constraint "ad_process_access_pkey"

DETAIL: Detail redacted as it may contain sensitive data. Specify 'Include Error Detail' in the connection string to include this information.
----------->     (WARNING)  DB.ExecuteQuery: [80]DBExecuteError - 23505: duplicate key value violates unique constraint "ad_process_access_pkey"

DETAIL: Detail redacted as it may contain sensitive data. Specify 'Include Error Detail' in the connection string to include this information.
----------->     (WARNING)  X_AD_Process_Access.ImportNow: [80]Not insertedAD_Process_Access
===========>     (SEVERE)   DB.ExecuteQuery: [80] => 23505: duplicate key value violates unique constraint "ad_process_access_pkey"

DETAIL: Detail redacted as it may contain sensitive data. Specify 'Include Error Detail' in the connection string to include this information.
----------->     (WARNING)  DB.ExecuteQuery: [80]DBExecuteError - 23505: duplicate key value violates unique constraint "ad_process_access_pkey"

DETAIL: Detail redacted as it may contain sensitive data. Specify 'Include Error Detail' in the connection string to include this information.
----------->     (WARNING)  X_AD_Process_Access.ImportNow: [80]Not insertedAD_Process_Access
===========>     (SEVERE)   DB.ExecuteQuery: [80] => 23505: duplicate key value violates unique constraint "ad_process_access_pkey"

DETAIL: Detail redacted as it may contain sensitive data. Specify 'Include Error Detail' in the connection string to include this information.
----------->     (WARNING)  DB.ExecuteQuery: [80]DBExecuteError - 23505: duplicate key value violates unique constraint "ad_process_access_pkey"

DETAIL: Detail redacted as it may contain sensitive data. Specify 'Include Error Detail' in the connection string to include this information.
----------->     (WARNING)  X_AD_Process_Access.ImportNow: [80]Not insertedAD_Process_Access
===========>     (SEVERE)   DB.ExecuteQuery: [80] => 23505: duplicate key value violates unique constraint "ad_process_access_pkey"

DETAIL: Detail redacted as it may contain sensitive data. Specify 'Include Error Detail' in the connection string to include this information.
----------->     (WARNING)  DB.ExecuteQuery: [80]DBExecuteError - 23505: duplicate key value violates unique constraint "ad_process_access_pkey"

DETAIL: Detail redacted as it may contain sensitive data. Specify 'Include Error Detail' in the connection string to include this information.
----------->     (WARNING)  X_AD_Process_Access.ImportNow: [80]Not insertedAD_Process_Access
===========>     (SEVERE)   DB.ExecuteQuery: [80] => 23505: duplicate key value violates unique constraint "ad_process_access_pkey"

DETAIL: Detail redacted as it may contain sensitive data. Specify 'Include Error Detail' in the connection string to include this information.
----------->     (WARNING)  DB.ExecuteQuery: [80]DBExecuteError - 23505: duplicate key value violates unique constraint "ad_process_access_pkey"

DETAIL: Detail redacted as it may contain sensitive data. Specify 'Include Error Detail' in the connection string to include this information.
----------->     (WARNING)  X_AD_Process_Access.ImportNow: [80]Not insertedAD_Process_Access
===========>     (SEVERE)   PostgreHelper.ExecuteReader: [80]42703: column "varpt_custrmatax_v_id" does not exist

POSITION: 13 [Query DR] SELECT MAX( VARPT_CUSTRMATAX_V_ID) FROM VARPT_CUSTRMATAX_V
===========>     (SEVERE)   PostgreHelper.ExecuteReader: [80]42703: column "varpt_custrmatax_v_id" does not exist

POSITION: 13 [Query DR] SELECT MAX( VARPT_CUSTRMATAX_V_ID) FROM VARPT_CUSTRMATAX_V
===========>     (SEVERE)   DB.GetSQLValue: [80]SELECT MAX( VARPT_CUSTRMATAX_V_ID) FROM VARPT_CUSTRMATAX_V => 42703: column "varpt_custrmatax_v_id" does not exist

POSITION: 13
===========>     (SEVERE)   DB.ExecuteQuery: [80] => 42P01: sequence "varpt_custrmatax_v_seq" does not exist
----------->     (WARNING)  DB.ExecuteQuery: [80]DBExecuteError - 42P01: sequence "varpt_custrmatax_v_seq" does not exist
===========>     (SEVERE)   DB.ExecuteQuery: [80] => 42P01: sequence "varpt_custmrrma_v_seq" does not exist
----------->     (WARNING)  DB.ExecuteQuery: [80]DBExecuteError - 42P01: sequence "varpt_custmrrma_v_seq" does not exist
===========>     (SEVERE)   PostgreHelper.ExecuteReader: [80]42703: column "varpt_custmrrmalie_v_id" does not exist

POSITION: 13 [Query DR] SELECT MAX( VARPT_CUSTMRRMALIE_V_ID) FROM VARPT_CUSTMRRMALIE_V
===========>     (SEVERE)   PostgreHelper.ExecuteReader: [80]42703: column "varpt_custmrrmalie_v_id" does not exist

POSITION: 13 [Query DR] SELECT MAX( VARPT_CUSTMRRMALIE_V_ID) FROM VARPT_CUSTMRRMALIE_V
===========>     (SEVERE)   DB.GetSQLValue: [80]SELECT MAX( VARPT_CUSTMRRMALIE_V_ID) FROM VARPT_CUSTMRRMALIE_V => 42703: column "varpt_custmrrmalie_v_id" does not exist

POSITION: 13
===========>     (SEVERE)   DB.ExecuteQuery: [80] => 42P01: sequence "varpt_custmrrmalie_v_seq" does not exist
----------->     (WARNING)  DB.ExecuteQuery: [80]DBExecuteError - 42P01: sequence "varpt_custmrrmalie_v_seq" does not exist
===========>     (SEVERE)   DB.ExecuteQuery: [80] => 23505: duplicate key value violates unique constraint "ad_process_access_pkey"

DETAIL: Detail redacted as it may contain sensitive data. Specify 'Include Error Detail' in the connection string to include this information.
----------->     (WARNING)  DB.ExecuteQuery: [80]DBExecuteError - 23505: duplicate key value violates unique constraint "ad_process_access_pkey"

DETAIL: Detail redacted as it may contain sensitive data. Specify 'Include Error Detail' in the connection string to include this information.
----------->     (WARNING)  X_AD_Process_Access.ImportNow: [80]Not insertedAD_Process_Access
===========>     (SEVERE)   DB.ExecuteQuery: [80] => 23505: duplicate key value violates unique constraint "ad_process_access_pkey"

DETAIL: Detail redacted as it may contain sensitive data. Specify 'Include Error Detail' in the connection string to include this information.
----------->     (WARNING)  DB.ExecuteQuery: [80]DBExecuteError - 23505: duplicate key value violates unique constraint "ad_process_access_pkey"

DETAIL: Detail redacted as it may contain sensitive data. Specify 'Include Error Detail' in the connection string to include this information.
----------->     (WARNING)  X_AD_Process_Access.ImportNow: [80]Not insertedAD_Process_Access
===========>     (SEVERE)   PostgreHelper.ExecuteReader: [80]42703: column "varpt_venderrmaline_v_id" does not exist

POSITION: 13 [Query DR] SELECT MAX( VARPT_VENDERRMALINE_V_ID) FROM VARPT_VENDERRMALINE_V
===========>     (SEVERE)   PostgreHelper.ExecuteReader: [80]42703: column "varpt_venderrmaline_v_id" does not exist

POSITION: 13 [Query DR] SELECT MAX( VARPT_VENDERRMALINE_V_ID) FROM VARPT_VENDERRMALINE_V
===========>     (SEVERE)   DB.GetSQLValue: [80]SELECT MAX( VARPT_VENDERRMALINE_V_ID) FROM VARPT_VENDERRMALINE_V => 42703: column "varpt_venderrmaline_v_id" does not exist

POSITION: 13
===========>     (SEVERE)   DB.ExecuteQuery: [80] => 42P01: sequence "varpt_venderrmaline_v_seq" does not exist
----------->     (WARNING)  DB.ExecuteQuery: [80]DBExecuteError - 42P01: sequence "varpt_venderrmaline_v_seq" does not exist
===========>     (SEVERE)   DB.ExecuteQuery: [80] => 42P01: sequence "varpt_venderrma_v_seq" does not exist
----------->     (WARNING)  DB.ExecuteQuery: [80]DBExecuteError - 42P01: sequence "varpt_venderrma_v_seq" does not exist
===========>     (SEVERE)   PostgreHelper.ExecuteReader: [80]42703: column "varpt_venderrmatax_v_id" does not exist

POSITION: 13 [Query DR] SELECT MAX( VARPT_VENDERRMATAX_V_ID) FROM VARPT_VENDERRMATAX_V
===========>     (SEVERE)   PostgreHelper.ExecuteReader: [80]42703: column "varpt_venderrmatax_v_id" does not exist

POSITION: 13 [Query DR] SELECT MAX( VARPT_VENDERRMATAX_V_ID) FROM VARPT_VENDERRMATAX_V
===========>     (SEVERE)   DB.GetSQLValue: [80]SELECT MAX( VARPT_VENDERRMATAX_V_ID) FROM VARPT_VENDERRMATAX_V => 42703: column "varpt_venderrmatax_v_id" does not exist

POSITION: 13
===========>     (SEVERE)   DB.ExecuteQuery: [80] => 42P01: sequence "varpt_venderrmatax_v_seq" does not exist
----------->     (WARNING)  DB.ExecuteQuery: [80]DBExecuteError - 42P01: sequence "varpt_venderrmatax_v_seq" does not exist
===========>     (SEVERE)   DB.ExecuteQuery: [80] => 23505: duplicate key value violates unique constraint "ad_process_access_pkey"

DETAIL: Detail redacted as it may contain sensitive data. Specify 'Include Error Detail' in the connection string to include this information.
----------->     (WARNING)  DB.ExecuteQuery: [80]DBExecuteError - 23505: duplicate key value violates unique constraint "ad_process_access_pkey"

DETAIL: Detail redacted as it may contain sensitive data. Specify 'Include Error Detail' in the connection string to include this information.
----------->     (WARNING)  X_AD_Process_Access.ImportNow: [80]Not insertedAD_Process_Access
===========>     (SEVERE)   DB.ExecuteQuery: [80] => 23505: duplicate key value violates unique constraint "ad_process_access_pkey"

DETAIL: Detail redacted as it may contain sensitive data. Specify 'Include Error Detail' in the connection string to include this information.
----------->     (WARNING)  DB.ExecuteQuery: [80]DBExecuteError - 23505: duplicate key value violates unique constraint "ad_process_access_pkey"

DETAIL: Detail redacted as it may contain sensitive data. Specify 'Include Error Detail' in the connection string to include this information.
----------->     (WARNING)  X_AD_Process_Access.ImportNow: [80]Not insertedAD_Process_Access
===========>     (SEVERE)   DB.ExecuteQuery: [80] => 42P01: sequence "varpt_cashlineformat_v_seq" does not exist
----------->     (WARNING)  DB.ExecuteQuery: [80]DBExecuteError - 42P01: sequence "varpt_cashlineformat_v_seq" does not exist
===========>     (SEVERE)   DB.ExecuteQuery: [80] => 23505: duplicate key value violates unique constraint "ad_process_access_pkey"

DETAIL: Detail redacted as it may contain sensitive data. Specify 'Include Error Detail' in the connection string to include this information.
----------->     (WARNING)  DB.ExecuteQuery: [80]DBExecuteError - 23505: duplicate key value violates unique constraint "ad_process_access_pkey"

DETAIL: Detail redacted as it may contain sensitive data. Specify 'Include Error Detail' in the connection string to include this information.
----------->     (WARNING)  X_AD_Process_Access.ImportNow: [80]Not insertedAD_Process_Access
===========>     (SEVERE)   DB.ExecuteQuery: [80] => 23505: duplicate key value violates unique constraint "ad_process_access_pkey"

DETAIL: Detail redacted as it may contain sensitive data. Specify 'Include Error Detail' in the connection string to include this information.
----------->     (WARNING)  DB.ExecuteQuery: [80]DBExecuteError - 23505: duplicate key value violates unique constraint "ad_process_access_pkey"

DETAIL: Detail redacted as it may contain sensitive data. Specify 'Include Error Detail' in the connection string to include this information.
----------->     (WARNING)  X_AD_Process_Access.ImportNow: [80]Not insertedAD_Process_Access
===========>     (SEVERE)   DB.ExecuteQuery: [80] => 23503: insert or update on table "ad_modulewindow" violates foreign key constraint "fk1000352_1008004"

DETAIL: Detail redacted as it may contain sensitive data. Specify 'Include Error Detail' in the connection string to include this information.
----------->     (WARNING)  DB.ExecuteQuery: [80]DBExecuteError - 23503: insert or update on table "ad_modulewindow" violates foreign key constraint "fk1000352_1008004"

DETAIL: Detail redacted as it may contain sensitive data. Specify 'Include Error Detail' in the connection string to include this information.
===========>     (SEVERE)   DB.ExecuteQuery: [80] => 23505: duplicate key value violates unique constraint "ad_window_access_pkey"

DETAIL: Detail redacted as it may contain sensitive data. Specify 'Include Error Detail' in the connection string to include this information.
----------->     (WARNING)  DB.ExecuteQuery: [80]DBExecuteError - 23505: duplicate key value violates unique constraint "ad_window_access_pkey"

DETAIL: Detail redacted as it may contain sensitive data. Specify 'Include Error Detail' in the connection string to include this information.
----------->     (WARNING)  X_AD_Window_Access.AddWindowToMenu: [80]Not insertedAD_Window_Access
===========>     (SEVERE)   DB.ExecuteQuery: [80] => 23505: duplicate key value violates unique constraint "ad_window_access_pkey"

DETAIL: Detail redacted as it may contain sensitive data. Specify 'Include Error Detail' in the connection string to include this information.
----------->     (WARNING)  DB.ExecuteQuery: [80]DBExecuteError - 23505: duplicate key value violates unique constraint "ad_window_access_pkey"

DETAIL: Detail redacted as it may contain sensitive data. Specify 'Include Error Detail' in the connection string to include this information.
----------->     (WARNING)  X_AD_Window_Access.AddWindowToMenu: [80]Not insertedAD_Window_Access
===========>     (SEVERE)   DB.ExecuteQuery: [80] => 23505: duplicate key value violates unique constraint "ad_process_access_pkey"

DETAIL: Detail redacted as it may contain sensitive data. Specify 'Include Error Detail' in the connection string to include this information.
----------->     (WARNING)  DB.ExecuteQuery: [80]DBExecuteError - 23505: duplicate key value violates unique constraint "ad_process_access_pkey"

DETAIL: Detail redacted as it may contain sensitive data. Specify 'Include Error Detail' in the connection string to include this information.
----------->     (WARNING)  X_AD_Process_Access.ImportNow: [80]Not insertedAD_Process_Access
===========>     (SEVERE)   DB.ExecuteQuery: [80] => 23505: duplicate key value violates unique constraint "ad_process_access_pkey"

DETAIL: Detail redacted as it may contain sensitive data. Specify 'Include Error Detail' in the connection string to include this information.
----------->     (WARNING)  DB.ExecuteQuery: [80]DBExecuteError - 23505: duplicate key value violates unique constraint "ad_process_access_pkey"

DETAIL: Detail redacted as it may contain sensitive data. Specify 'Include Error Detail' in the connection string to include this information.
----------->     (WARNING)  X_AD_Process_Access.ImportNow: [80]Not insertedAD_Process_Access
===========>     (SEVERE)   DB.ExecuteQuery: [80] => 23505: duplicate key value violates unique constraint "ad_process_access_pkey"

DETAIL: Detail redacted as it may contain sensitive data. Specify 'Include Error Detail' in the connection string to include this information.
----------->     (WARNING)  DB.ExecuteQuery: [80]DBExecuteError - 23505: duplicate key value violates unique constraint "ad_process_access_pkey"

DETAIL: Detail redacted as it may contain sensitive data. Specify 'Include Error Detail' in the connection string to include this information.
----------->     (WARNING)  X_AD_Process_Access.ImportNow: [80]Not insertedAD_Process_Access
===========>     (SEVERE)   DB.ExecuteQuery: [80] => 23505: duplicate key value violates unique constraint "ad_process_access_pkey"

DETAIL: Detail redacted as it may contain sensitive data. Specify 'Include Error Detail' in the connection string to include this information.
----------->     (WARNING)  DB.ExecuteQuery: [80]DBExecuteError - 23505: duplicate key value violates unique constraint "ad_process_access_pkey"

DETAIL: Detail redacted as it may contain sensitive data. Specify 'Include Error Detail' in the connection string to include this information.
----------->     (WARNING)  X_AD_Process_Access.ImportNow: [80]Not insertedAD_Process_Access
===========>     (SEVERE)   DB.ExecuteQuery: [80] => 23505: duplicate key value violates unique constraint "ad_process_access_pkey"

DETAIL: Detail redacted as it may contain sensitive data. Specify 'Include Error Detail' in the connection string to include this information.
----------->     (WARNING)  DB.ExecuteQuery: [80]DBExecuteError - 23505: duplicate key value violates unique constraint "ad_process_access_pkey"

DETAIL: Detail redacted as it may contain sensitive data. Specify 'Include Error Detail' in the connection string to include this information.
----------->     (WARNING)  X_AD_Process_Access.ImportNow: [80]Not insertedAD_Process_Access
===========>     (SEVERE)   DB.ExecuteQuery: [80] => 23505: duplicate key value violates unique constraint "ad_process_access_pkey"

DETAIL: Detail redacted as it may contain sensitive data. Specify 'Include Error Detail' in the connection string to include this information.
----------->     (WARNING)  DB.ExecuteQuery: [80]DBExecuteError - 23505: duplicate key value violates unique constraint "ad_process_access_pkey"

DETAIL: Detail redacted as it may contain sensitive data. Specify 'Include Error Detail' in the connection string to include this information.
----------->     (WARNING)  X_AD_Process_Access.ImportNow: [80]Not insertedAD_Process_Access
===========>     (SEVERE)   DB.ExecuteQuery: [80] => 23505: duplicate key value violates unique constraint "ad_workflow_access_pkey"

DETAIL: Detail redacted as it may contain sensitive data. Specify 'Include Error Detail' in the connection string to include this information.
----------->     (WARNING)  DB.ExecuteQuery: [80]DBExecuteError - 23505: duplicate key value violates unique constraint "ad_workflow_access_pkey"

DETAIL: Detail redacted as it may contain sensitive data. Specify 'Include Error Detail' in the connection string to include this information.
----------->     (WARNING)  X_AD_Workflow_Access.ImportNow: [80]Not insertedAD_Workflow_Access
===========>     (SEVERE)   DB.ExecuteQuery: [80] => 23505: duplicate key value violates unique constraint "ad_workflow_access_pkey"

DETAIL: Detail redacted as it may contain sensitive data. Specify 'Include Error Detail' in the connection string to include this information.
----------->     (WARNING)  DB.ExecuteQuery: [80]DBExecuteError - 23505: duplicate key value violates unique constraint "ad_workflow_access_pkey"

DETAIL: Detail redacted as it may contain sensitive data. Specify 'Include Error Detail' in the connection string to include this information.
----------->     (WARNING)  X_AD_Workflow_Access.ImportNow: [80]Not insertedAD_Workflow_Access
===========>     (SEVERE)   DB.ExecuteQuery: [80] => 23505: duplicate key value violates unique constraint "ad_process_access_pkey"

DETAIL: Detail redacted as it may contain sensitive data. Specify 'Include Error Detail' in the connection string to include this information.
----------->     (WARNING)  DB.ExecuteQuery: [80]DBExecuteError - 23505: duplicate key value violates unique constraint "ad_process_access_pkey"

DETAIL: Detail redacted as it may contain sensitive data. Specify 'Include Error Detail' in the connection string to include this information.
----------->     (WARNING)  X_AD_Process_Access.ImportNow: [80]Not insertedAD_Process_Access
===========>     (SEVERE)   DB.ExecuteQuery: [80] => 23505: duplicate key value violates unique constraint "ad_process_access_pkey"

DETAIL: Detail redacted as it may contain sensitive data. Specify 'Include Error Detail' in the connection string to include this information.
----------->     (WARNING)  DB.ExecuteQuery: [80]DBExecuteError - 23505: duplicate key value violates unique constraint "ad_process_access_pkey"

DETAIL: Detail redacted as it may contain sensitive data. Specify 'Include Error Detail' in the connection string to include this information.
----------->     (WARNING)  X_AD_Process_Access.ImportNow: [80]Not insertedAD_Process_Access
===========>     (SEVERE)   DB.ExecuteQuery: [80] => 23505: duplicate key value violates unique constraint "ad_window_access_pkey"

DETAIL: Detail redacted as it may contain sensitive data. Specify 'Include Error Detail' in the connection string to include this information.
----------->     (WARNING)  DB.ExecuteQuery: [80]DBExecuteError - 23505: duplicate key value violates unique constraint "ad_window_access_pkey"

DETAIL: Detail redacted as it may contain sensitive data. Specify 'Include Error Detail' in the connection string to include this information.
----------->     (WARNING)  X_AD_Window_Access.AddWindowToMenu: [80]Not insertedAD_Window_Access
===========>     (SEVERE)   DB.ExecuteQuery: [80] => 23505: duplicate key value violates unique constraint "ad_window_access_pkey"

DETAIL: Detail redacted as it may contain sensitive data. Specify 'Include Error Detail' in the connection string to include this information.
----------->     (WARNING)  DB.ExecuteQuery: [80]DBExecuteError - 23505: duplicate key value violates unique constraint "ad_window_access_pkey"

DETAIL: Detail redacted as it may contain sensitive data. Specify 'Include Error Detail' in the connection string to include this information.
----------->     (WARNING)  X_AD_Window_Access.AddWindowToMenu: [80]Not insertedAD_Window_Access
===========>     (SEVERE)   DB.ExecuteQuery: [80] => 23505: duplicate key value violates unique constraint "ad_window_access_pkey"

DETAIL: Detail redacted as it may contain sensitive data. Specify 'Include Error Detail' in the connection string to include this information.
----------->     (WARNING)  DB.ExecuteQuery: [80]DBExecuteError - 23505: duplicate key value violates unique constraint "ad_window_access_pkey"

DETAIL: Detail redacted as it may contain sensitive data. Specify 'Include Error Detail' in the connection string to include this information.
----------->     (WARNING)  X_AD_Window_Access.AddWindowToMenu: [80]Not insertedAD_Window_Access
===========>     (SEVERE)   DB.ExecuteQuery: [80] => 23505: duplicate key value violates unique constraint "ad_window_access_pkey"

DETAIL: Detail redacted as it may contain sensitive data. Specify 'Include Error Detail' in the connection string to include this information.
----------->     (WARNING)  DB.ExecuteQuery: [80]DBExecuteError - 23505: duplicate key value violates unique constraint "ad_window_access_pkey"

DETAIL: Detail redacted as it may contain sensitive data. Specify 'Include Error Detail' in the connection string to include this information.
----------->     (WARNING)  X_AD_Window_Access.AddWindowToMenu: [80]Not insertedAD_Window_Access
===========>     (SEVERE)   DB.ExecuteQuery: [80] => 23505: duplicate key value violates unique constraint "ad_window_access_pkey"

DETAIL: Detail redacted as it may contain sensitive data. Specify 'Include Error Detail' in the connection string to include this information.
----------->     (WARNING)  DB.ExecuteQuery: [80]DBExecuteError - 23505: duplicate key value violates unique constraint "ad_window_access_pkey"

DETAIL: Detail redacted as it may contain sensitive data. Specify 'Include Error Detail' in the connection string to include this information.
----------->     (WARNING)  X_AD_Window_Access.AddWindowToMenu: [80]Not insertedAD_Window_Access
===========>     (SEVERE)   DB.ExecuteQuery: [80] => 23505: duplicate key value violates unique constraint "ad_window_access_pkey"

DETAIL: Detail redacted as it may contain sensitive data. Specify 'Include Error Detail' in the connection string to include this information.
----------->     (WARNING)  DB.ExecuteQuery: [80]DBExecuteError - 23505: duplicate key value violates unique constraint "ad_window_access_pkey"

DETAIL: Detail redacted as it may contain sensitive data. Specify 'Include Error Detail' in the connection string to include this information.
----------->     (WARNING)  X_AD_Window_Access.AddWindowToMenu: [80]Not insertedAD_Window_Access
===========>     (SEVERE)   DB.ExecuteQuery: [80] => 23505: duplicate key value violates unique constraint "ad_process_access_pkey"

DETAIL: Detail redacted as it may contain sensitive data. Specify 'Include Error Detail' in the connection string to include this information.
----------->     (WARNING)  DB.ExecuteQuery: [80]DBExecuteError - 23505: duplicate key value violates unique constraint "ad_process_access_pkey"

DETAIL: Detail redacted as it may contain sensitive data. Specify 'Include Error Detail' in the connection string to include this information.
----------->     (WARNING)  X_AD_Process_Access.ImportNow: [80]Not insertedAD_Process_Access
===========>     (SEVERE)   DB.ExecuteQuery: [80] => 23505: duplicate key value violates unique constraint "ad_process_access_pkey"

DETAIL: Detail redacted as it may contain sensitive data. Specify 'Include Error Detail' in the connection string to include this information.
----------->     (WARNING)  DB.ExecuteQuery: [80]DBExecuteError - 23505: duplicate key value violates unique constraint "ad_process_access_pkey"

DETAIL: Detail redacted as it may contain sensitive data. Specify 'Include Error Detail' in the connection string to include this information.
----------->     (WARNING)  X_AD_Process_Access.ImportNow: [80]Not insertedAD_Process_Access
===========>     (SEVERE)   DB.ExecuteQuery: [80] => 23505: duplicate key value violates unique constraint "ad_process_access_pkey"

DETAIL: Detail redacted as it may contain sensitive data. Specify 'Include Error Detail' in the connection string to include this information.
----------->     (WARNING)  DB.ExecuteQuery: [80]DBExecuteError - 23505: duplicate key value violates unique constraint "ad_process_access_pkey"

DETAIL: Detail redacted as it may contain sensitive data. Specify 'Include Error Detail' in the connection string to include this information.
----------->     (WARNING)  X_AD_Process_Access.ImportNow: [80]Not insertedAD_Process_Access
===========>     (SEVERE)   DB.ExecuteQuery: [80] => 23505: duplicate key value violates unique constraint "ad_process_access_pkey"

DETAIL: Detail redacted as it may contain sensitive data. Specify 'Include Error Detail' in the connection string to include this information.
----------->     (WARNING)  DB.ExecuteQuery: [80]DBExecuteError - 23505: duplicate key value violates unique constraint "ad_process_access_pkey"

DETAIL: Detail redacted as it may contain sensitive data. Specify 'Include Error Detail' in the connection string to include this information.
----------->     (WARNING)  X_AD_Process_Access.ImportNow: [80]Not insertedAD_Process_Access
===========>     (SEVERE)   DB.ExecuteQuery: [80] => 23505: duplicate key value violates unique constraint "ad_process_access_pkey"

DETAIL: Detail redacted as it may contain sensitive data. Specify 'Include Error Detail' in the connection string to include this information.
----------->     (WARNING)  DB.ExecuteQuery: [80]DBExecuteError - 23505: duplicate key value violates unique constraint "ad_process_access_pkey"

DETAIL: Detail redacted as it may contain sensitive data. Specify 'Include Error Detail' in the connection string to include this information.
----------->     (WARNING)  X_AD_Process_Access.ImportNow: [80]Not insertedAD_Process_Access
===========>     (SEVERE)   DB.ExecuteQuery: [80] => 23505: duplicate key value violates unique constraint "ad_process_access_pkey"

DETAIL: Detail redacted as it may contain sensitive data. Specify 'Include Error Detail' in the connection string to include this information.
----------->     (WARNING)  DB.ExecuteQuery: [80]DBExecuteError - 23505: duplicate key value violates unique constraint "ad_process_access_pkey"

DETAIL: Detail redacted as it may contain sensitive data. Specify 'Include Error Detail' in the connection string to include this information.
----------->     (WARNING)  X_AD_Process_Access.ImportNow: [80]Not insertedAD_Process_Access
===========>     (SEVERE)   DB.ExecuteQuery: [80] => 23505: duplicate key value violates unique constraint "ad_process_access_pkey"

DETAIL: Detail redacted as it may contain sensitive data. Specify 'Include Error Detail' in the connection string to include this information.
----------->     (WARNING)  DB.ExecuteQuery: [80]DBExecuteError - 23505: duplicate key value violates unique constraint "ad_process_access_pkey"

DETAIL: Detail redacted as it may contain sensitive data. Specify 'Include Error Detail' in the connection string to include this information.
----------->     (WARNING)  X_AD_Process_Access.ImportNow: [80]Not insertedAD_Process_Access
===========>     (SEVERE)   DB.ExecuteQuery: [80] => 23505: duplicate key value violates unique constraint "ad_process_access_pkey"

DETAIL: Detail redacted as it may contain sensitive data. Specify 'Include Error Detail' in the connection string to include this information.
----------->     (WARNING)  DB.ExecuteQuery: [80]DBExecuteError - 23505: duplicate key value violates unique constraint "ad_process_access_pkey"

DETAIL: Detail redacted as it may contain sensitive data. Specify 'Include Error Detail' in the connection string to include this information.
----------->     (WARNING)  X_AD_Process_Access.ImportNow: [80]Not insertedAD_Process_Access
===========>     (SEVERE)   DB.ExecuteQuery: [80] => 23505: duplicate key value violates unique constraint "ad_process_access_pkey"

DETAIL: Detail redacted as it may contain sensitive data. Specify 'Include Error Detail' in the connection string to include this information.
----------->     (WARNING)  DB.ExecuteQuery: [80]DBExecuteError - 23505: duplicate key value violates unique constraint "ad_process_access_pkey"

DETAIL: Detail redacted as it may contain sensitive data. Specify 'Include Error Detail' in the connection string to include this information.
----------->     (WARNING)  X_AD_Process_Access.ImportNow: [80]Not insertedAD_Process_Access
===========>     (SEVERE)   DB.ExecuteQuery: [80] => 23505: duplicate key value violates unique constraint "ad_process_access_pkey"

DETAIL: Detail redacted as it may contain sensitive data. Specify 'Include Error Detail' in the connection string to include this information.
----------->     (WARNING)  DB.ExecuteQuery: [80]DBExecuteError - 23505: duplicate key value violates unique constraint "ad_process_access_pkey"

DETAIL: Detail redacted as it may contain sensitive data. Specify 'Include Error Detail' in the connection string to include this information.
----------->     (WARNING)  X_AD_Process_Access.ImportNow: [80]Not insertedAD_Process_Access
===========>     (SEVERE)   DB.ExecuteQuery: [80] => 23505: duplicate key value violates unique constraint "ad_process_access_pkey"

DETAIL: Detail redacted as it may contain sensitive data. Specify 'Include Error Detail' in the connection string to include this information.
----------->     (WARNING)  DB.ExecuteQuery: [80]DBExecuteError - 23505: duplicate key value violates unique constraint "ad_process_access_pkey"

DETAIL: Detail redacted as it may contain sensitive data. Specify 'Include Error Detail' in the connection string to include this information.
----------->     (WARNING)  X_AD_Process_Access.ImportNow: [80]Not insertedAD_Process_Access
===========>     (SEVERE)   DB.ExecuteQuery: [80] => 23505: duplicate key value violates unique constraint "ad_process_access_pkey"

DETAIL: Detail redacted as it may contain sensitive data. Specify 'Include Error Detail' in the connection string to include this information.
----------->     (WARNING)  DB.ExecuteQuery: [80]DBExecuteError - 23505: duplicate key value violates unique constraint "ad_process_access_pkey"

DETAIL: Detail redacted as it may contain sensitive data. Specify 'Include Error Detail' in the connection string to include this information.
----------->     (WARNING)  X_AD_Process_Access.ImportNow: [80]Not insertedAD_Process_Access
===========>     (SEVERE)   DB.ExecuteQuery: [80] => 23505: duplicate key value violates unique constraint "ad_window_access_pkey"

DETAIL: Detail redacted as it may contain sensitive data. Specify 'Include Error Detail' in the connection string to include this information.
----------->     (WARNING)  DB.ExecuteQuery: [80]DBExecuteError - 23505: duplicate key value violates unique constraint "ad_window_access_pkey"

DETAIL: Detail redacted as it may contain sensitive data. Specify 'Include Error Detail' in the connection string to include this information.
----------->     (WARNING)  X_AD_Window_Access.AddWindowToMenu: [80]Not insertedAD_Window_Access
===========>     (SEVERE)   DB.ExecuteQuery: [80] => 23505: duplicate key value violates unique constraint "ad_window_access_pkey"

DETAIL: Detail redacted as it may contain sensitive data. Specify 'Include Error Detail' in the connection string to include this information.
----------->     (WARNING)  DB.ExecuteQuery: [80]DBExecuteError - 23505: duplicate key value violates unique constraint "ad_window_access_pkey"

DETAIL: Detail redacted as it may contain sensitive data. Specify 'Include Error Detail' in the connection string to include this information.
----------->     (WARNING)  X_AD_Window_Access.AddWindowToMenu: [80]Not insertedAD_Window_Access
===========>     (SEVERE)   DB.ExecuteQuery: [80] => 23505: duplicate key value violates unique constraint "ad_window_access_pkey"

DETAIL: Detail redacted as it may contain sensitive data. Specify 'Include Error Detail' in the connection string to include this information.
----------->     (WARNING)  DB.ExecuteQuery: [80]DBExecuteError - 23505: duplicate key value violates unique constraint "ad_window_access_pkey"

DETAIL: Detail redacted as it may contain sensitive data. Specify 'Include Error Detail' in the connection string to include this information.
----------->     (WARNING)  X_AD_Window_Access.AddWindowToMenu: [80]Not insertedAD_Window_Access
===========>     (SEVERE)   DB.ExecuteQuery: [80] => 23505: duplicate key value violates unique constraint "ad_window_access_pkey"

DETAIL: Detail redacted as it may contain sensitive data. Specify 'Include Error Detail' in the connection string to include this information.
----------->     (WARNING)  DB.ExecuteQuery: [80]DBExecuteError - 23505: duplicate key value violates unique constraint "ad_window_access_pkey"

DETAIL: Detail redacted as it may contain sensitive data. Specify 'Include Error Detail' in the connection string to include this information.
----------->     (WARNING)  X_AD_Window_Access.AddWindowToMenu: [80]Not insertedAD_Window_Access
===========>     (SEVERE)   PostgreHelper.ExecuteReader: [80]42703: column "varpt_salequotationline_v_id" does not exist

POSITION: 13 [Query DR] SELECT MAX( VARPT_SALEQUOTATIONLINE_V_ID) FROM VARPT_SALEQUOTATIONLINE_V
===========>     (SEVERE)   PostgreHelper.ExecuteReader: [80]42703: column "varpt_salequotationline_v_id" does not exist

POSITION: 13 [Query DR] SELECT MAX( VARPT_SALEQUOTATIONLINE_V_ID) FROM VARPT_SALEQUOTATIONLINE_V
===========>     (SEVERE)   DB.GetSQLValue: [80]SELECT MAX( VARPT_SALEQUOTATIONLINE_V_ID) FROM VARPT_SALEQUOTATIONLINE_V => 42703: column "varpt_salequotationline_v_id" does not exist

POSITION: 13
===========>     (SEVERE)   DB.ExecuteQuery: [80] => 42P01: sequence "varpt_salequotationline_v_seq" does not exist
----------->     (WARNING)  DB.ExecuteQuery: [80]DBExecuteError - 42P01: sequence "varpt_salequotationline_v_seq" does not exist
===========>     (SEVERE)   PostgreHelper.ExecuteReader: [80]21000: more than one row returned by a subquery used as an expression [Query DR] SELECT MAX( VARPT_SalesQuotation_V_ID) FROM VARPT_SalesQuotation_V
===========>     (SEVERE)   PostgreHelper.ExecuteReader: [80]21000: more than one row returned by a subquery used as an expression [Query DR] SELECT MAX( VARPT_SalesQuotation_V_ID) FROM VARPT_SalesQuotation_V
===========>     (SEVERE)   DB.GetSQLValue: [80]SELECT MAX( VARPT_SalesQuotation_V_ID) FROM VARPT_SalesQuotation_V => 21000: more than one row returned by a subquery used as an expression
===========>     (SEVERE)   DB.ExecuteQuery: [80] => 42P01: sequence "varpt_salesquotation_v_seq" does not exist
----------->     (WARNING)  DB.ExecuteQuery: [80]DBExecuteError - 42P01: sequence "varpt_salesquotation_v_seq" does not exist
===========>     (SEVERE)   PostgreHelper.ExecuteReader: [80]42703: column "varpt_salesquotationtax_v_id" does not exist

POSITION: 13 [Query DR] SELECT MAX( VARPT_SalesQuotationTax_V_ID) FROM VARPT_SalesQuotationTax_V
===========>     (SEVERE)   PostgreHelper.ExecuteReader: [80]42703: column "varpt_salesquotationtax_v_id" does not exist

POSITION: 13 [Query DR] SELECT MAX( VARPT_SalesQuotationTax_V_ID) FROM VARPT_SalesQuotationTax_V
===========>     (SEVERE)   DB.GetSQLValue: [80]SELECT MAX( VARPT_SalesQuotationTax_V_ID) FROM VARPT_SalesQuotationTax_V => 42703: column "varpt_salesquotationtax_v_id" does not exist

POSITION: 13
===========>     (SEVERE)   DB.ExecuteQuery: [80] => 42P01: sequence "varpt_salesquotationtax_v_seq" does not exist
----------->     (WARNING)  DB.ExecuteQuery: [80]DBExecuteError - 42P01: sequence "varpt_salesquotationtax_v_seq" does not exist
===========>     (SEVERE)   DB.ExecuteQuery: [80] => 23505: duplicate key value violates unique constraint "ad_process_access_pkey"

DETAIL: Detail redacted as it may contain sensitive data. Specify 'Include Error Detail' in the connection string to include this information.
----------->     (WARNING)  DB.ExecuteQuery: [80]DBExecuteError - 23505: duplicate key value violates unique constraint "ad_process_access_pkey"

DETAIL: Detail redacted as it may contain sensitive data. Specify 'Include Error Detail' in the connection string to include this information.
----------->     (WARNING)  X_AD_Process_Access.ImportNow: [80]Not insertedAD_Process_Access
===========>     (SEVERE)   DB.ExecuteQuery: [80] => 23505: duplicate key value violates unique constraint "ad_process_access_pkey"

DETAIL: Detail redacted as it may contain sensitive data. Specify 'Include Error Detail' in the connection string to include this information.
----------->     (WARNING)  DB.ExecuteQuery: [80]DBExecuteError - 23505: duplicate key value violates unique constraint "ad_process_access_pkey"

DETAIL: Detail redacted as it may contain sensitive data. Specify 'Include Error Detail' in the connection string to include this information.
----------->     (WARNING)  X_AD_Process_Access.ImportNow: [80]Not insertedAD_Process_Access
===========>     (SEVERE)   PostgreHelper.ExecuteReader: [80]42703: column "va009_invoicedetails_v_id" does not exist

POSITION: 13 [Query DR] SELECT MAX( VA009_InvoiceDetails_V_ID) FROM VA009_InvoiceDetails_V
===========>     (SEVERE)   PostgreHelper.ExecuteReader: [80]42703: column "va009_invoicedetails_v_id" does not exist

POSITION: 13 [Query DR] SELECT MAX( VA009_InvoiceDetails_V_ID) FROM VA009_InvoiceDetails_V
===========>     (SEVERE)   DB.GetSQLValue: [80]SELECT MAX( VA009_InvoiceDetails_V_ID) FROM VA009_InvoiceDetails_V => 42703: column "va009_invoicedetails_v_id" does not exist

POSITION: 13
===========>     (SEVERE)   DB.ExecuteQuery: [80] => 42P01: sequence "va009_invoicedetails_v_seq" does not exist
----------->     (WARNING)  DB.ExecuteQuery: [80]DBExecuteError - 42P01: sequence "va009_invoicedetails_v_seq" does not exist
===========>     (SEVERE)   PostgreHelper.ExecuteReader: [80]42P01: relation "va075_fieldservicereq" does not exist

POSITION: 44 [Query DR] SELECT MAX( VA075_FieldServiceReq_ID) FROM VA075_FieldServiceReq
===========>     (SEVERE)   PostgreHelper.ExecuteReader: [80]42P01: relation "va075_fieldservicereq" does not exist

POSITION: 44 [Query DR] SELECT MAX( VA075_FieldServiceReq_ID) FROM VA075_FieldServiceReq
===========>     (SEVERE)   DB.GetSQLValue: [80]SELECT MAX( VA075_FieldServiceReq_ID) FROM VA075_FieldServiceReq => 42P01: relation "va075_fieldservicereq" does not exist

POSITION: 44
===========>     (SEVERE)   DB.ExecuteQuery: [80] => 42P01: sequence "va075_fieldservicereq_seq" does not exist
----------->     (WARNING)  DB.ExecuteQuery: [80]DBExecuteError - 42P01: sequence "va075_fieldservicereq_seq" does not exist
===========>     (SEVERE)   DB.ExecuteQuery: [80] => 23503: insert or update on table "ad_cardview" violates foreign key constraint "fk1000565_1014191"

DETAIL: Detail redacted as it may contain sensitive data. Specify 'Include Error Detail' in the connection string to include this information.
----------->     (WARNING)  DB.ExecuteQuery: [80]DBExecuteError - 23503: insert or update on table "ad_cardview" violates foreign key constraint "fk1000565_1014191"

DETAIL: Detail redacted as it may contain sensitive data. Specify 'Include Error Detail' in the connection string to include this information.
===========>     (SEVERE)   DB.ExecuteQuery: [80] => 23503: insert or update on table "ad_cardview" violates foreign key constraint "fk1000565_1014191"

DETAIL: Detail redacted as it may contain sensitive data. Specify 'Include Error Detail' in the connection string to include this information.
----------->     (WARNING)  DB.ExecuteQuery: [80]DBExecuteError - 23503: insert or update on table "ad_cardview" violates foreign key constraint "fk1000565_1014191"

DETAIL: Detail redacted as it may contain sensitive data. Specify 'Include Error Detail' in the connection string to include this information.
===========>     (SEVERE)   DB.ExecuteQuery: [80] => 23503: insert or update on table "ad_cardview" violates foreign key constraint "fk1000565_1014191"

DETAIL: Detail redacted as it may contain sensitive data. Specify 'Include Error Detail' in the connection string to include this information.
----------->     (WARNING)  DB.ExecuteQuery: [80]DBExecuteError - 23503: insert or update on table "ad_cardview" violates foreign key constraint "fk1000565_1014191"

DETAIL: Detail redacted as it may contain sensitive data. Specify 'Include Error Detail' in the connection string to include this information.
===========>     (SEVERE)   DB.ExecuteQuery: [80] => 23503: insert or update on table "ad_cardview" violates foreign key constraint "fk1000565_1014191"

DETAIL: Detail redacted as it may contain sensitive data. Specify 'Include Error Detail' in the connection string to include this information.
----------->     (WARNING)  DB.ExecuteQuery: [80]DBExecuteError - 23503: insert or update on table "ad_cardview" violates foreign key constraint "fk1000565_1014191"

DETAIL: Detail redacted as it may contain sensitive data. Specify 'Include Error Detail' in the connection string to include this information.
===========>     (SEVERE)   DB.ExecuteQuery: [80] => 23505: duplicate key value violates unique constraint "gridlayout_unique"

DETAIL: Detail redacted as it may contain sensitive data. Specify 'Include Error Detail' in the connection string to include this information.
----------->     (WARNING)  DB.ExecuteQuery: [80]DBExecuteError - 23505: duplicate key value violates unique constraint "gridlayout_unique"

DETAIL: Detail redacted as it may contain sensitive data. Specify 'Include Error Detail' in the connection string to include this information.
===========>     (SEVERE)   DB.ExecuteQuery: [80] => 23503: insert or update on table "ad_gridlayoutitems" violates foreign key constraint "fk1000753_1018761"

DETAIL: Detail redacted as it may contain sensitive data. Specify 'Include Error Detail' in the connection string to include this information.
----------->     (WARNING)  DB.ExecuteQuery: [80]DBExecuteError - 23503: insert or update on table "ad_gridlayoutitems" violates foreign key constraint "fk1000753_1018761"

DETAIL: Detail redacted as it may contain sensitive data. Specify 'Include Error Detail' in the connection string to include this information.
===========>     (SEVERE)   DB.ExecuteQuery: [80] => 23503: insert or update on table "ad_gridlayoutitems" violates foreign key constraint "fk1000753_1018761"

DETAIL: Detail redacted as it may contain sensitive data. Specify 'Include Error Detail' in the connection string to include this information.
----------->     (WARNING)  DB.ExecuteQuery: [80]DBExecuteError - 23503: insert or update on table "ad_gridlayoutitems" violates foreign key constraint "fk1000753_1018761"

DETAIL: Detail redacted as it may contain sensitive data. Specify 'Include Error Detail' in the connection string to include this information.
===========>     (SEVERE)   PostgreHelper.ExecuteReader: [80]42P01: relation "va072_paymentdetails" does not exist

POSITION: 43 [Query DR] SELECT MAX( VA072_PaymentDetails_ID) FROM VA072_PaymentDetails
===========>     (SEVERE)   PostgreHelper.ExecuteReader: [80]42P01: relation "va072_paymentdetails" does not exist

POSITION: 43 [Query DR] SELECT MAX( VA072_PaymentDetails_ID) FROM VA072_PaymentDetails
===========>     (SEVERE)   DB.GetSQLValue: [80]SELECT MAX( VA072_PaymentDetails_ID) FROM VA072_PaymentDetails => 42P01: relation "va072_paymentdetails" does not exist

POSITION: 43
===========>     (SEVERE)   DB.ExecuteQuery: [80] => 42P01: sequence "va072_paymentdetails_seq" does not exist
----------->     (WARNING)  DB.ExecuteQuery: [80]DBExecuteError - 42P01: sequence "va072_paymentdetails_seq" does not exist
===========>     (SEVERE)   DB.ExecuteQuery: [80] => 23503: insert or update on table "ad_cardview" violates foreign key constraint "fk1000565_1014191"

DETAIL: Detail redacted as it may contain sensitive data. Specify 'Include Error Detail' in the connection string to include this information.
----------->     (WARNING)  DB.ExecuteQuery: [80]DBExecuteError - 23503: insert or update on table "ad_cardview" violates foreign key constraint "fk1000565_1014191"

DETAIL: Detail redacted as it may contain sensitive data. Specify 'Include Error Detail' in the connection string to include this information.
===========>     (SEVERE)   DB.ExecuteQuery: [80] => 23503: insert or update on table "ad_cardview_condition" violates foreign key constraint "fk1000566_1014205"

DETAIL: Detail redacted as it may contain sensitive data. Specify 'Include Error Detail' in the connection string to include this information.
----------->     (WARNING)  DB.ExecuteQuery: [80]DBExecuteError - 23503: insert or update on table "ad_cardview_condition" violates foreign key constraint "fk1000566_1014205"

DETAIL: Detail redacted as it may contain sensitive data. Specify 'Include Error Detail' in the connection string to include this information.
===========>     (SEVERE)   DB.ExecuteQuery: [80] => 23503: insert or update on table "ad_cardview_condition" violates foreign key constraint "fk1000566_1014205"

DETAIL: Detail redacted as it may contain sensitive data. Specify 'Include Error Detail' in the connection string to include this information.
----------->     (WARNING)  DB.ExecuteQuery: [80]DBExecuteError - 23503: insert or update on table "ad_cardview_condition" violates foreign key constraint "fk1000566_1014205"

DETAIL: Detail redacted as it may contain sensitive data. Specify 'Include Error Detail' in the connection string to include this information.
===========>     (SEVERE)   DB.ExecuteQuery: [80] => 23503: insert or update on table "ad_cardview_condition" violates foreign key constraint "fk1000566_1014205"

DETAIL: Detail redacted as it may contain sensitive data. Specify 'Include Error Detail' in the connection string to include this information.
----------->     (WARNING)  DB.ExecuteQuery: [80]DBExecuteError - 23503: insert or update on table "ad_cardview_condition" violates foreign key constraint "fk1000566_1014205"

DETAIL: Detail redacted as it may contain sensitive data. Specify 'Include Error Detail' in the connection string to include this information.
===========>     (SEVERE)   DB.ExecuteQuery: [80] => 23503: insert or update on table "ad_cardview_condition" violates foreign key constraint "fk1000566_1014205"

DETAIL: Detail redacted as it may contain sensitive data. Specify 'Include Error Detail' in the connection string to include this information.
----------->     (WARNING)  DB.ExecuteQuery: [80]DBExecuteError - 23503: insert or update on table "ad_cardview_condition" violates foreign key constraint "fk1000566_1014205"

DETAIL: Detail redacted as it may contain sensitive data. Specify 'Include Error Detail' in the connection string to include this information.
===========>     (SEVERE)   DB.ExecuteQuery: [80] => 23503: insert or update on table "ad_cardview_condition" violates foreign key constraint "fk1000566_1014205"

DETAIL: Detail redacted as it may contain sensitive data. Specify 'Include Error Detail' in the connection string to include this information.
----------->     (WARNING)  DB.ExecuteQuery: [80]DBExecuteError - 23503: insert or update on table "ad_cardview_condition" violates foreign key constraint "fk1000566_1014205"

DETAIL: Detail redacted as it may contain sensitive data. Specify 'Include Error Detail' in the connection string to include this information.
===========>     (SEVERE)   DB.ExecuteQuery: [80] => 23505: duplicate key value violates unique constraint "ad_process_access_pkey"

DETAIL: Detail redacted as it may contain sensitive data. Specify 'Include Error Detail' in the connection string to include this information.
----------->     (WARNING)  DB.ExecuteQuery: [80]DBExecuteError - 23505: duplicate key value violates unique constraint "ad_process_access_pkey"

DETAIL: Detail redacted as it may contain sensitive data. Specify 'Include Error Detail' in the connection string to include this information.
----------->     (WARNING)  X_AD_Process_Access.ImportNow: [80]Not insertedAD_Process_Access
===========>     (SEVERE)   DB.ExecuteQuery: [80] => 23505: duplicate key value violates unique constraint "ad_process_access_pkey"

DETAIL: Detail redacted as it may contain sensitive data. Specify 'Include Error Detail' in the connection string to include this information.
----------->     (WARNING)  DB.ExecuteQuery: [80]DBExecuteError - 23505: duplicate key value violates unique constraint "ad_process_access_pkey"

DETAIL: Detail redacted as it may contain sensitive data. Specify 'Include Error Detail' in the connection string to include this information.
----------->     (WARNING)  X_AD_Process_Access.ImportNow: [80]Not insertedAD_Process_Access
===========>     (SEVERE)   DB.ExecuteQuery: [80] => 23503: insert or update on table "ad_cardview" violates foreign key constraint "fk1000565_1014191"

DETAIL: Detail redacted as it may contain sensitive data. Specify 'Include Error Detail' in the connection string to include this information.
----------->     (WARNING)  DB.ExecuteQuery: [80]DBExecuteError - 23503: insert or update on table "ad_cardview" violates foreign key constraint "fk1000565_1014191"

DETAIL: Detail redacted as it may contain sensitive data. Specify 'Include Error Detail' in the connection string to include this information.
===========>     (SEVERE)   DB.ExecuteQuery: [80] => 23503: insert or update on table "ad_cardview_condition" violates foreign key constraint "fk1000566_1014205"

DETAIL: Detail redacted as it may contain sensitive data. Specify 'Include Error Detail' in the connection string to include this information.
----------->     (WARNING)  DB.ExecuteQuery: [80]DBExecuteError - 23503: insert or update on table "ad_cardview_condition" violates foreign key constraint "fk1000566_1014205"

DETAIL: Detail redacted as it may contain sensitive data. Specify 'Include Error Detail' in the connection string to include this information.
===========>     (SEVERE)   DB.ExecuteQuery: [80] => 23503: insert or update on table "ad_cardview_condition" violates foreign key constraint "fk1000566_1014205"

DETAIL: Detail redacted as it may contain sensitive data. Specify 'Include Error Detail' in the connection string to include this information.
----------->     (WARNING)  DB.ExecuteQuery: [80]DBExecuteError - 23503: insert or update on table "ad_cardview_condition" violates foreign key constraint "fk1000566_1014205"

DETAIL: Detail redacted as it may contain sensitive data. Specify 'Include Error Detail' in the connection string to include this information.
===========>     (SEVERE)   DB.ExecuteQuery: [80] => 23503: insert or update on table "ad_cardview_condition" violates foreign key constraint "fk1000566_1014205"

DETAIL: Detail redacted as it may contain sensitive data. Specify 'Include Error Detail' in the connection string to include this information.
----------->     (WARNING)  DB.ExecuteQuery: [80]DBExecuteError - 23503: insert or update on table "ad_cardview_condition" violates foreign key constraint "fk1000566_1014205"

DETAIL: Detail redacted as it may contain sensitive data. Specify 'Include Error Detail' in the connection string to include this information.
===========>     (SEVERE)   DB.ExecuteQuery: [80] => 23503: insert or update on table "ad_cardview_condition" violates foreign key constraint "fk1000566_1014205"

DETAIL: Detail redacted as it may contain sensitive data. Specify 'Include Error Detail' in the connection string to include this information.
----------->     (WARNING)  DB.ExecuteQuery: [80]DBExecuteError - 23503: insert or update on table "ad_cardview_condition" violates foreign key constraint "fk1000566_1014205"

DETAIL: Detail redacted as it may contain sensitive data. Specify 'Include Error Detail' in the connection string to include this information.
===========>     (SEVERE)   DB.ExecuteQuery: [80] => 23503: insert or update on table "ad_cardview" violates foreign key constraint "fk1000565_1014191"

DETAIL: Detail redacted as it may contain sensitive data. Specify 'Include Error Detail' in the connection string to include this information.
----------->     (WARNING)  DB.ExecuteQuery: [80]DBExecuteError - 23503: insert or update on table "ad_cardview" violates foreign key constraint "fk1000565_1014191"

DETAIL: Detail redacted as it may contain sensitive data. Specify 'Include Error Detail' in the connection string to include this information.
===========>     (SEVERE)   DB.ExecuteQuery: [80] => 23505: duplicate key value violates unique constraint "ad_process_access_pkey"

DETAIL: Detail redacted as it may contain sensitive data. Specify 'Include Error Detail' in the connection string to include this information.
----------->     (WARNING)  DB.ExecuteQuery: [80]DBExecuteError - 23505: duplicate key value violates unique constraint "ad_process_access_pkey"

DETAIL: Detail redacted as it may contain sensitive data. Specify 'Include Error Detail' in the connection string to include this information.
----------->     (WARNING)  X_AD_Process_Access.ImportNow: [80]Not insertedAD_Process_Access
===========>     (SEVERE)   DB.ExecuteQuery: [80] => 23505: duplicate key value violates unique constraint "ad_process_access_pkey"

DETAIL: Detail redacted as it may contain sensitive data. Specify 'Include Error Detail' in the connection string to include this information.
----------->     (WARNING)  DB.ExecuteQuery: [80]DBExecuteError - 23505: duplicate key value violates unique constraint "ad_process_access_pkey"

DETAIL: Detail redacted as it may contain sensitive data. Specify 'Include Error Detail' in the connection string to include this information.
----------->     (WARNING)  X_AD_Process_Access.ImportNow: [80]Not insertedAD_Process_Access
===========>     (SEVERE)   DB.ExecuteQuery: [80] => 23505: duplicate key value violates unique constraint "ad_process_access_pkey"

DETAIL: Detail redacted as it may contain sensitive data. Specify 'Include Error Detail' in the connection string to include this information.
----------->     (WARNING)  DB.ExecuteQuery: [80]DBExecuteError - 23505: duplicate key value violates unique constraint "ad_process_access_pkey"

DETAIL: Detail redacted as it may contain sensitive data. Specify 'Include Error Detail' in the connection string to include this information.
----------->     (WARNING)  X_AD_Process_Access.ImportNow: [80]Not insertedAD_Process_Access
===========>     (SEVERE)   DB.ExecuteQuery: [80] => 23505: duplicate key value violates unique constraint "ad_process_access_pkey"

DETAIL: Detail redacted as it may contain sensitive data. Specify 'Include Error Detail' in the connection string to include this information.
----------->     (WARNING)  DB.ExecuteQuery: [80]DBExecuteError - 23505: duplicate key value violates unique constraint "ad_process_access_pkey"

DETAIL: Detail redacted as it may contain sensitive data. Specify 'Include Error Detail' in the connection string to include this information.
----------->     (WARNING)  X_AD_Process_Access.ImportNow: [80]Not insertedAD_Process_Access
===========>     (SEVERE)   DB.ExecuteQuery: [80] => 23505: duplicate key value violates unique constraint "ad_process_access_pkey"

DETAIL: Detail redacted as it may contain sensitive data. Specify 'Include Error Detail' in the connection string to include this information.
----------->     (WARNING)  DB.ExecuteQuery: [80]DBExecuteError - 23505: duplicate key value violates unique constraint "ad_process_access_pkey"

DETAIL: Detail redacted as it may contain sensitive data. Specify 'Include Error Detail' in the connection string to include this information.
----------->     (WARNING)  X_AD_Process_Access.AddWindowToMenu: [80]Not insertedAD_Process_Access
===========>     (SEVERE)   DB.ExecuteQuery: [80] => 23505: duplicate key value violates unique constraint "ad_process_access_pkey"

DETAIL: Detail redacted as it may contain sensitive data. Specify 'Include Error Detail' in the connection string to include this information.
----------->     (WARNING)  DB.ExecuteQuery: [80]DBExecuteError - 23505: duplicate key value violates unique constraint "ad_process_access_pkey"

DETAIL: Detail redacted as it may contain sensitive data. Specify 'Include Error Detail' in the connection string to include this information.
----------->     (WARNING)  X_AD_Process_Access.AddWindowToMenu: [80]Not insertedAD_Process_Access
===========>     (SEVERE)   DB.ExecuteQuery: [80] => 23505: duplicate key value violates unique constraint "ad_process_access_pkey"

DETAIL: Detail redacted as it may contain sensitive data. Specify 'Include Error Detail' in the connection string to include this information.
----------->     (WARNING)  DB.ExecuteQuery: [80]DBExecuteError - 23505: duplicate key value violates unique constraint "ad_process_access_pkey"

DETAIL: Detail redacted as it may contain sensitive data. Specify 'Include Error Detail' in the connection string to include this information.
----------->     (WARNING)  X_AD_Process_Access.ImportNow: [80]Not insertedAD_Process_Access
===========>     (SEVERE)   DB.ExecuteQuery: [80] => 23505: duplicate key value violates unique constraint "ad_process_access_pkey"

DETAIL: Detail redacted as it may contain sensitive data. Specify 'Include Error Detail' in the connection string to include this information.
----------->     (WARNING)  DB.ExecuteQuery: [80]DBExecuteError - 23505: duplicate key value violates unique constraint "ad_process_access_pkey"

DETAIL: Detail redacted as it may contain sensitive data. Specify 'Include Error Detail' in the connection string to include this information.
----------->     (WARNING)  X_AD_Process_Access.ImportNow: [80]Not insertedAD_Process_Access
===========>     (SEVERE)   DB.ExecuteQuery: [80] => 23505: duplicate key value violates unique constraint "ad_process_access_pkey"

DETAIL: Detail redacted as it may contain sensitive data. Specify 'Include Error Detail' in the connection string to include this information.
----------->     (WARNING)  DB.ExecuteQuery: [80]DBExecuteError - 23505: duplicate key value violates unique constraint "ad_process_access_pkey"

DETAIL: Detail redacted as it may contain sensitive data. Specify 'Include Error Detail' in the connection string to include this information.
----------->     (WARNING)  X_AD_Process_Access.ImportNow: [80]Not insertedAD_Process_Access
===========>     (SEVERE)   DB.ExecuteQuery: [80] => 23505: duplicate key value violates unique constraint "ad_process_access_pkey"

DETAIL: Detail redacted as it may contain sensitive data. Specify 'Include Error Detail' in the connection string to include this information.
----------->     (WARNING)  DB.ExecuteQuery: [80]DBExecuteError - 23505: duplicate key value violates unique constraint "ad_process_access_pkey"

DETAIL: Detail redacted as it may contain sensitive data. Specify 'Include Error Detail' in the connection string to include this information.
----------->     (WARNING)  X_AD_Process_Access.ImportNow: [80]Not insertedAD_Process_Access
===========>     (SEVERE)   DB.ExecuteQuery: [80] => 23505: duplicate key value violates unique constraint "ad_process_access_pkey"

DETAIL: Detail redacted as it may contain sensitive data. Specify 'Include Error Detail' in the connection string to include this information.
----------->     (WARNING)  DB.ExecuteQuery: [80]DBExecuteError - 23505: duplicate key value violates unique constraint "ad_process_access_pkey"

DETAIL: Detail redacted as it may contain sensitive data. Specify 'Include Error Detail' in the connection string to include this information.
----------->     (WARNING)  X_AD_Process_Access.ImportNow: [80]Not insertedAD_Process_Access
===========>     (SEVERE)   DB.ExecuteQuery: [80] => 23505: duplicate key value violates unique constraint "ad_process_access_pkey"

DETAIL: Detail redacted as it may contain sensitive data. Specify 'Include Error Detail' in the connection string to include this information.
----------->     (WARNING)  DB.ExecuteQuery: [80]DBExecuteError - 23505: duplicate key value violates unique constraint "ad_process_access_pkey"

DETAIL: Detail redacted as it may contain sensitive data. Specify 'Include Error Detail' in the connection string to include this information.
----------->     (WARNING)  X_AD_Process_Access.ImportNow: [80]Not insertedAD_Process_Access
===========>     (SEVERE)   DB.ExecuteQuery: [80] => 23505: duplicate key value violates unique constraint "ad_process_access_pkey"

DETAIL: Detail redacted as it may contain sensitive data. Specify 'Include Error Detail' in the connection string to include this information.
----------->     (WARNING)  DB.ExecuteQuery: [80]DBExecuteError - 23505: duplicate key value violates unique constraint "ad_process_access_pkey"

DETAIL: Detail redacted as it may contain sensitive data. Specify 'Include Error Detail' in the connection string to include this information.
----------->     (WARNING)  X_AD_Process_Access.ImportNow: [80]Not insertedAD_Process_Access
===========>     (SEVERE)   DB.ExecuteQuery: [80] => 23505: duplicate key value violates unique constraint "ad_process_access_pkey"

DETAIL: Detail redacted as it may contain sensitive data. Specify 'Include Error Detail' in the connection string to include this information.
----------->     (WARNING)  DB.ExecuteQuery: [80]DBExecuteError - 23505: duplicate key value violates unique constraint "ad_process_access_pkey"

DETAIL: Detail redacted as it may contain sensitive data. Specify 'Include Error Detail' in the connection string to include this information.
----------->     (WARNING)  X_AD_Process_Access.ImportNow: [80]Not insertedAD_Process_Access
===========>     (SEVERE)   PostgreHelper.ExecuteReader: [80]42P01: relation "va009_checkvalid_v" does not exist

POSITION: 41 [Query DR] SELECT MAX( VA009_CheckValid_V_ID) FROM VA009_CheckValid_V
===========>     (SEVERE)   PostgreHelper.ExecuteReader: [80]42P01: relation "va009_checkvalid_v" does not exist

POSITION: 41 [Query DR] SELECT MAX( VA009_CheckValid_V_ID) FROM VA009_CheckValid_V
===========>     (SEVERE)   DB.GetSQLValue: [80]SELECT MAX( VA009_CheckValid_V_ID) FROM VA009_CheckValid_V => 42P01: relation "va009_checkvalid_v" does not exist

POSITION: 41
===========>     (SEVERE)   DB.ExecuteQuery: [80] => 42P01: sequence "va009_checkvalid_v_seq" does not exist
----------->     (WARNING)  DB.ExecuteQuery: [80]DBExecuteError - 42P01: sequence "va009_checkvalid_v_seq" does not exist
===========>     (SEVERE)   PostgreHelper.ExecuteReader: [80]42703: column "va009_checkdetailreport_v_id" does not exist

POSITION: 13 [Query DR] SELECT MAX( VA009_CHECKDETAILREPORT_V_ID) FROM VA009_CHECKDETAILREPORT_V
===========>     (SEVERE)   PostgreHelper.ExecuteReader: [80]42703: column "va009_checkdetailreport_v_id" does not exist

POSITION: 13 [Query DR] SELECT MAX( VA009_CHECKDETAILREPORT_V_ID) FROM VA009_CHECKDETAILREPORT_V
===========>     (SEVERE)   DB.GetSQLValue: [80]SELECT MAX( VA009_CHECKDETAILREPORT_V_ID) FROM VA009_CHECKDETAILREPORT_V => 42703: column "va009_checkdetailreport_v_id" does not exist

POSITION: 13
===========>     (SEVERE)   DB.ExecuteQuery: [80] => 42P01: sequence "va009_checkdetailreport_v_seq" does not exist
----------->     (WARNING)  DB.ExecuteQuery: [80]DBExecuteError - 42P01: sequence "va009_checkdetailreport_v_seq" does not exist
===========>     (SEVERE)   DB.ExecuteQuery: [80] => 23505: duplicate key value violates unique constraint "ad_process_access_pkey"

DETAIL: Detail redacted as it may contain sensitive data. Specify 'Include Error Detail' in the connection string to include this information.
----------->     (WARNING)  DB.ExecuteQuery: [80]DBExecuteError - 23505: duplicate key value violates unique constraint "ad_process_access_pkey"

DETAIL: Detail redacted as it may contain sensitive data. Specify 'Include Error Detail' in the connection string to include this information.
----------->     (WARNING)  X_AD_Process_Access.ImportNow: [80]Not insertedAD_Process_Access
===========>     (SEVERE)   DB.ExecuteQuery: [80] => 23505: duplicate key value violates unique constraint "ad_process_access_pkey"

DETAIL: Detail redacted as it may contain sensitive data. Specify 'Include Error Detail' in the connection string to include this information.
----------->     (WARNING)  DB.ExecuteQuery: [80]DBExecuteError - 23505: duplicate key value violates unique constraint "ad_process_access_pkey"

DETAIL: Detail redacted as it may contain sensitive data. Specify 'Include Error Detail' in the connection string to include this information.
----------->     (WARNING)  X_AD_Process_Access.ImportNow: [80]Not insertedAD_Process_Access
===========>     (SEVERE)   DB.ExecuteQuery: [80] => 23505: duplicate key value violates unique constraint "ad_process_access_pkey"

DETAIL: Detail redacted as it may contain sensitive data. Specify 'Include Error Detail' in the connection string to include this information.
----------->     (WARNING)  DB.ExecuteQuery: [80]DBExecuteError - 23505: duplicate key value violates unique constraint "ad_process_access_pkey"

DETAIL: Detail redacted as it may contain sensitive data. Specify 'Include Error Detail' in the connection string to include this information.
----------->     (WARNING)  X_AD_Process_Access.AddWindowToMenu: [80]Not insertedAD_Process_Access
===========>     (SEVERE)   DB.ExecuteQuery: [80] => 23505: duplicate key value violates unique constraint "ad_process_access_pkey"

DETAIL: Detail redacted as it may contain sensitive data. Specify 'Include Error Detail' in the connection string to include this information.
----------->     (WARNING)  DB.ExecuteQuery: [80]DBExecuteError - 23505: duplicate key value violates unique constraint "ad_process_access_pkey"

DETAIL: Detail redacted as it may contain sensitive data. Specify 'Include Error Detail' in the connection string to include this information.
----------->     (WARNING)  X_AD_Process_Access.AddWindowToMenu: [80]Not insertedAD_Process_Access
===========>     (SEVERE)   PostgreHelper.ExecuteReader: [80]42P01: relation "va009_paymentsmry_v" does not exist

POSITION: 42 [Query DR] SELECT MAX( VA009_PAYMENTSMRY_V_ID) FROM VA009_PAYMENTSMRY_V
===========>     (SEVERE)   PostgreHelper.ExecuteReader: [80]42P01: relation "va009_paymentsmry_v" does not exist

POSITION: 42 [Query DR] SELECT MAX( VA009_PAYMENTSMRY_V_ID) FROM VA009_PAYMENTSMRY_V
===========>     (SEVERE)   DB.GetSQLValue: [80]SELECT MAX( VA009_PAYMENTSMRY_V_ID) FROM VA009_PAYMENTSMRY_V => 42P01: relation "va009_paymentsmry_v" does not exist

POSITION: 42
===========>     (SEVERE)   DB.ExecuteQuery: [80] => 42P01: sequence "va009_paymentsmry_v_seq" does not exist
----------->     (WARNING)  DB.ExecuteQuery: [80]DBExecuteError - 42P01: sequence "va009_paymentsmry_v_seq" does not exist
===========>     (SEVERE)   DB.ExecuteQuery: [80] => 23505: duplicate key value violates unique constraint "ad_process_access_pkey"

DETAIL: Detail redacted as it may contain sensitive data. Specify 'Include Error Detail' in the connection string to include this information.
----------->     (WARNING)  DB.ExecuteQuery: [80]DBExecuteError - 23505: duplicate key value violates unique constraint "ad_process_access_pkey"

DETAIL: Detail redacted as it may contain sensitive data. Specify 'Include Error Detail' in the connection string to include this information.
----------->     (WARNING)  X_AD_Process_Access.ImportNow: [80]Not insertedAD_Process_Access
===========>     (SEVERE)   DB.ExecuteQuery: [80] => 23505: duplicate key value violates unique constraint "ad_process_access_pkey"

DETAIL: Detail redacted as it may contain sensitive data. Specify 'Include Error Detail' in the connection string to include this information.
----------->     (WARNING)  DB.ExecuteQuery: [80]DBExecuteError - 23505: duplicate key value violates unique constraint "ad_process_access_pkey"

DETAIL: Detail redacted as it may contain sensitive data. Specify 'Include Error Detail' in the connection string to include this information.
----------->     (WARNING)  X_AD_Process_Access.ImportNow: [80]Not insertedAD_Process_Access
===========>     (SEVERE)   DB.ExecuteQuery: [80] => 23505: duplicate key value violates unique constraint "ad_process_access_pkey"

DETAIL: Detail redacted as it may contain sensitive data. Specify 'Include Error Detail' in the connection string to include this information.
----------->     (WARNING)  DB.ExecuteQuery: [80]DBExecuteError - 23505: duplicate key value violates unique constraint "ad_process_access_pkey"

DETAIL: Detail redacted as it may contain sensitive data. Specify 'Include Error Detail' in the connection string to include this information.
----------->     (WARNING)  X_AD_Process_Access.AddWindowToMenu: [80]Not insertedAD_Process_Access
===========>     (SEVERE)   DB.ExecuteQuery: [80] => 23505: duplicate key value violates unique constraint "ad_process_access_pkey"

DETAIL: Detail redacted as it may contain sensitive data. Specify 'Include Error Detail' in the connection string to include this information.
----------->     (WARNING)  DB.ExecuteQuery: [80]DBExecuteError - 23505: duplicate key value violates unique constraint "ad_process_access_pkey"

DETAIL: Detail redacted as it may contain sensitive data. Specify 'Include Error Detail' in the connection string to include this information.
----------->     (WARNING)  X_AD_Process_Access.AddWindowToMenu: [80]Not insertedAD_Process_Access
===========>     (SEVERE)   PostgreHelper.ExecuteReader: [80]42P01: relation "va009_custpaymentcurr_v" does not exist

POSITION: 46 [Query DR] SELECT MAX( VA009_CUSTPAYMENTCURR_V_ID) FROM VA009_CUSTPAYMENTCURR_V
===========>     (SEVERE)   PostgreHelper.ExecuteReader: [80]42P01: relation "va009_custpaymentcurr_v" does not exist

POSITION: 46 [Query DR] SELECT MAX( VA009_CUSTPAYMENTCURR_V_ID) FROM VA009_CUSTPAYMENTCURR_V
===========>     (SEVERE)   DB.GetSQLValue: [80]SELECT MAX( VA009_CUSTPAYMENTCURR_V_ID) FROM VA009_CUSTPAYMENTCURR_V => 42P01: relation "va009_custpaymentcurr_v" does not exist

POSITION: 46
===========>     (SEVERE)   DB.ExecuteQuery: [80] => 42P01: sequence "va009_custpaymentcurr_v_seq" does not exist
----------->     (WARNING)  DB.ExecuteQuery: [80]DBExecuteError - 42P01: sequence "va009_custpaymentcurr_v_seq" does not exist
===========>     (SEVERE)   PostgreHelper.ExecuteReader: [80]42703: column "va009_customerpaymentrpt_v_id" does not exist

POSITION: 13 [Query DR] SELECT MAX( VA009_CustomerPaymentRpt_V_ID) FROM VA009_CustomerPaymentRpt_V
===========>     (SEVERE)   PostgreHelper.ExecuteReader: [80]42703: column "va009_customerpaymentrpt_v_id" does not exist

POSITION: 13 [Query DR] SELECT MAX( VA009_CustomerPaymentRpt_V_ID) FROM VA009_CustomerPaymentRpt_V
===========>     (SEVERE)   DB.GetSQLValue: [80]SELECT MAX( VA009_CustomerPaymentRpt_V_ID) FROM VA009_CustomerPaymentRpt_V => 42703: column "va009_customerpaymentrpt_v_id" does not exist

POSITION: 13
===========>     (SEVERE)   DB.ExecuteQuery: [80] => 42P01: sequence "va009_customerpaymentrpt_v_seq" does not exist
----------->     (WARNING)  DB.ExecuteQuery: [80]DBExecuteError - 42P01: sequence "va009_customerpaymentrpt_v_seq" does not exist
===========>     (SEVERE)   DB.ExecuteQuery: [80] => 23505: duplicate key value violates unique constraint "ad_process_access_pkey"

DETAIL: Detail redacted as it may contain sensitive data. Specify 'Include Error Detail' in the connection string to include this information.
----------->     (WARNING)  DB.ExecuteQuery: [80]DBExecuteError - 23505: duplicate key value violates unique constraint "ad_process_access_pkey"

DETAIL: Detail redacted as it may contain sensitive data. Specify 'Include Error Detail' in the connection string to include this information.
----------->     (WARNING)  X_AD_Process_Access.ImportNow: [80]Not insertedAD_Process_Access
===========>     (SEVERE)   DB.ExecuteQuery: [80] => 23505: duplicate key value violates unique constraint "ad_process_access_pkey"

DETAIL: Detail redacted as it may contain sensitive data. Specify 'Include Error Detail' in the connection string to include this information.
----------->     (WARNING)  DB.ExecuteQuery: [80]DBExecuteError - 23505: duplicate key value violates unique constraint "ad_process_access_pkey"

DETAIL: Detail redacted as it may contain sensitive data. Specify 'Include Error Detail' in the connection string to include this information.
----------->     (WARNING)  X_AD_Process_Access.ImportNow: [80]Not insertedAD_Process_Access
===========>     (SEVERE)   DB.ExecuteQuery: [80] => 23505: duplicate key value violates unique constraint "ad_process_access_pkey"

DETAIL: Detail redacted as it may contain sensitive data. Specify 'Include Error Detail' in the connection string to include this information.
----------->     (WARNING)  DB.ExecuteQuery: [80]DBExecuteError - 23505: duplicate key value violates unique constraint "ad_process_access_pkey"

DETAIL: Detail redacted as it may contain sensitive data. Specify 'Include Error Detail' in the connection string to include this information.
----------->     (WARNING)  X_AD_Process_Access.AddWindowToMenu: [80]Not insertedAD_Process_Access
===========>     (SEVERE)   DB.ExecuteQuery: [80] => 23505: duplicate key value violates unique constraint "ad_process_access_pkey"

DETAIL: Detail redacted as it may contain sensitive data. Specify 'Include Error Detail' in the connection string to include this information.
----------->     (WARNING)  DB.ExecuteQuery: [80]DBExecuteError - 23505: duplicate key value violates unique constraint "ad_process_access_pkey"

DETAIL: Detail redacted as it may contain sensitive data. Specify 'Include Error Detail' in the connection string to include this information.
----------->     (WARNING)  X_AD_Process_Access.AddWindowToMenu: [80]Not insertedAD_Process_Access
===========>     (SEVERE)   DB.ExecuteQuery: [80] => 23505: duplicate key value violates unique constraint "ad_process_access_pkey"

DETAIL: Detail redacted as it may contain sensitive data. Specify 'Include Error Detail' in the connection string to include this information.
----------->     (WARNING)  DB.ExecuteQuery: [80]DBExecuteError - 23505: duplicate key value violates unique constraint "ad_process_access_pkey"

DETAIL: Detail redacted as it may contain sensitive data. Specify 'Include Error Detail' in the connection string to include this information.
----------->     (WARNING)  X_AD_Process_Access.ImportNow: [80]Not insertedAD_Process_Access
===========>     (SEVERE)   DB.ExecuteQuery: [80] => 23505: duplicate key value violates unique constraint "ad_process_access_pkey"

DETAIL: Detail redacted as it may contain sensitive data. Specify 'Include Error Detail' in the connection string to include this information.
----------->     (WARNING)  DB.ExecuteQuery: [80]DBExecuteError - 23505: duplicate key value violates unique constraint "ad_process_access_pkey"

DETAIL: Detail redacted as it may contain sensitive data. Specify 'Include Error Detail' in the connection string to include this information.
----------->     (WARNING)  X_AD_Process_Access.ImportNow: [80]Not insertedAD_Process_Access
===========>     (SEVERE)   PostgreHelper.ExecuteReader: [80]42703: column "va009_paymentdetails_v_id" does not exist

POSITION: 13 [Query DR] SELECT MAX( VA009_PaymentDetails_V_ID) FROM VA009_PaymentDetails_V
===========>     (SEVERE)   PostgreHelper.ExecuteReader: [80]42703: column "va009_paymentdetails_v_id" does not exist

POSITION: 13 [Query DR] SELECT MAX( VA009_PaymentDetails_V_ID) FROM VA009_PaymentDetails_V
===========>     (SEVERE)   DB.GetSQLValue: [80]SELECT MAX( VA009_PaymentDetails_V_ID) FROM VA009_PaymentDetails_V => 42703: column "va009_paymentdetails_v_id" does not exist

POSITION: 13
===========>     (SEVERE)   DB.ExecuteQuery: [80] => 42P01: sequence "va009_paymentdetails_v_seq" does not exist
----------->     (WARNING)  DB.ExecuteQuery: [80]DBExecuteError - 42P01: sequence "va009_paymentdetails_v_seq" does not exist
===========>     (SEVERE)   DB.ExecuteQuery: [80] => 23505: duplicate key value violates unique constraint "ad_process_access_pkey"

DETAIL: Detail redacted as it may contain sensitive data. Specify 'Include Error Detail' in the connection string to include this information.
----------->     (WARNING)  DB.ExecuteQuery: [80]DBExecuteError - 23505: duplicate key value violates unique constraint "ad_process_access_pkey"

DETAIL: Detail redacted as it may contain sensitive data. Specify 'Include Error Detail' in the connection string to include this information.
----------->     (WARNING)  X_AD_Process_Access.ImportNow: [80]Not insertedAD_Process_Access
===========>     (SEVERE)   DB.ExecuteQuery: [80] => 23505: duplicate key value violates unique constraint "ad_process_access_pkey"

DETAIL: Detail redacted as it may contain sensitive data. Specify 'Include Error Detail' in the connection string to include this information.
----------->     (WARNING)  DB.ExecuteQuery: [80]DBExecuteError - 23505: duplicate key value violates unique constraint "ad_process_access_pkey"

DETAIL: Detail redacted as it may contain sensitive data. Specify 'Include Error Detail' in the connection string to include this information.
----------->     (WARNING)  X_AD_Process_Access.ImportNow: [80]Not insertedAD_Process_Access
===========>     (SEVERE)   DB.ExecuteQuery: [80] => 42P01: relation "ad_valuepreference" does not exist

POSITION: 13
----------->     (WARNING)  DB.ExecuteQuery: [80]DBExecuteError - 42P01: relation "ad_valuepreference" does not exist

POSITION: 13
===========>     (SEVERE)   DB.ExecuteQuery: [80] => 23505: duplicate key value violates unique constraint "ad_process_access_pkey"

DETAIL: Detail redacted as it may contain sensitive data. Specify 'Include Error Detail' in the connection string to include this information.
----------->     (WARNING)  DB.ExecuteQuery: [80]DBExecuteError - 23505: duplicate key value violates unique constraint "ad_process_access_pkey"

DETAIL: Detail redacted as it may contain sensitive data. Specify 'Include Error Detail' in the connection string to include this information.
----------->     (WARNING)  X_AD_Process_Access.AddWindowToMenu: [80]Not insertedAD_Process_Access
===========>     (SEVERE)   DB.ExecuteQuery: [80] => 23505: duplicate key value violates unique constraint "ad_process_access_pkey"

DETAIL: Detail redacted as it may contain sensitive data. Specify 'Include Error Detail' in the connection string to include this information.
----------->     (WARNING)  DB.ExecuteQuery: [80]DBExecuteError - 23505: duplicate key value violates unique constraint "ad_process_access_pkey"

DETAIL: Detail redacted as it may contain sensitive data. Specify 'Include Error Detail' in the connection string to include this information.
----------->     (WARNING)  X_AD_Process_Access.AddWindowToMenu: [80]Not insertedAD_Process_Access
===========>     (SEVERE)   PostgreHelper.ExecuteReader: [80]42P01: relation "va009_vendorpaymentrptsub_v" does not exist

POSITION: 50 [Query DR] SELECT MAX( VA009_VendorPaymentRptSub_V_ID) FROM VA009_VendorPaymentRptSub_V
===========>     (SEVERE)   PostgreHelper.ExecuteReader: [80]42P01: relation "va009_vendorpaymentrptsub_v" does not exist

POSITION: 50 [Query DR] SELECT MAX( VA009_VendorPaymentRptSub_V_ID) FROM VA009_VendorPaymentRptSub_V
===========>     (SEVERE)   DB.GetSQLValue: [80]SELECT MAX( VA009_VendorPaymentRptSub_V_ID) FROM VA009_VendorPaymentRptSub_V => 42P01: relation "va009_vendorpaymentrptsub_v" does not exist

POSITION: 50
===========>     (SEVERE)   DB.ExecuteQuery: [80] => 42P01: sequence "va009_vendorpaymentrptsub_v_seq" does not exist
----------->     (WARNING)  DB.ExecuteQuery: [80]DBExecuteError - 42P01: sequence "va009_vendorpaymentrptsub_v_seq" does not exist
===========>     (SEVERE)   PostgreHelper.ExecuteReader: [80]42703: column "va009_vendorpaymentrpt_v_id" does not exist

POSITION: 13 [Query DR] SELECT MAX( VA009_VendorPaymentRpt_V_ID) FROM VA009_VendorPaymentRpt_V
===========>     (SEVERE)   PostgreHelper.ExecuteReader: [80]42703: column "va009_vendorpaymentrpt_v_id" does not exist

POSITION: 13 [Query DR] SELECT MAX( VA009_VendorPaymentRpt_V_ID) FROM VA009_VendorPaymentRpt_V
===========>     (SEVERE)   DB.GetSQLValue: [80]SELECT MAX( VA009_VendorPaymentRpt_V_ID) FROM VA009_VendorPaymentRpt_V => 42703: column "va009_vendorpaymentrpt_v_id" does not exist

POSITION: 13
===========>     (SEVERE)   DB.ExecuteQuery: [80] => 42P01: sequence "va009_vendorpaymentrpt_v_seq" does not exist
----------->     (WARNING)  DB.ExecuteQuery: [80]DBExecuteError - 42P01: sequence "va009_vendorpaymentrpt_v_seq" does not exist
===========>     (SEVERE)   DB.ExecuteQuery: [80] => 23505: duplicate key value violates unique constraint "ad_process_access_pkey"

DETAIL: Detail redacted as it may contain sensitive data. Specify 'Include Error Detail' in the connection string to include this information.
----------->     (WARNING)  DB.ExecuteQuery: [80]DBExecuteError - 23505: duplicate key value violates unique constraint "ad_process_access_pkey"

DETAIL: Detail redacted as it may contain sensitive data. Specify 'Include Error Detail' in the connection string to include this information.
----------->     (WARNING)  X_AD_Process_Access.ImportNow: [80]Not insertedAD_Process_Access
===========>     (SEVERE)   DB.ExecuteQuery: [80] => 23505: duplicate key value violates unique constraint "ad_process_access_pkey"

DETAIL: Detail redacted as it may contain sensitive data. Specify 'Include Error Detail' in the connection string to include this information.
----------->     (WARNING)  DB.ExecuteQuery: [80]DBExecuteError - 23505: duplicate key value violates unique constraint "ad_process_access_pkey"

DETAIL: Detail redacted as it may contain sensitive data. Specify 'Include Error Detail' in the connection string to include this information.
----------->     (WARNING)  X_AD_Process_Access.ImportNow: [80]Not insertedAD_Process_Access
===========>     (SEVERE)   DB.ExecuteQuery: [80] => 23505: duplicate key value violates unique constraint "ad_process_access_pkey"

DETAIL: Detail redacted as it may contain sensitive data. Specify 'Include Error Detail' in the connection string to include this information.
----------->     (WARNING)  DB.ExecuteQuery: [80]DBExecuteError - 23505: duplicate key value violates unique constraint "ad_process_access_pkey"

DETAIL: Detail redacted as it may contain sensitive data. Specify 'Include Error Detail' in the connection string to include this information.
----------->     (WARNING)  X_AD_Process_Access.AddWindowToMenu: [80]Not insertedAD_Process_Access
===========>     (SEVERE)   DB.ExecuteQuery: [80] => 23505: duplicate key value violates unique constraint "ad_process_access_pkey"

DETAIL: Detail redacted as it may contain sensitive data. Specify 'Include Error Detail' in the connection string to include this information.
----------->     (WARNING)  DB.ExecuteQuery: [80]DBExecuteError - 23505: duplicate key value violates unique constraint "ad_process_access_pkey"

DETAIL: Detail redacted as it may contain sensitive data. Specify 'Include Error Detail' in the connection string to include this information.
----------->     (WARNING)  X_AD_Process_Access.AddWindowToMenu: [80]Not insertedAD_Process_Access
===========>     (SEVERE)   DB.ExecuteQuery: [80] => 23505: duplicate key value violates unique constraint "ad_process_access_pkey"

DETAIL: Detail redacted as it may contain sensitive data. Specify 'Include Error Detail' in the connection string to include this information.
----------->     (WARNING)  DB.ExecuteQuery: [80]DBExecuteError - 23505: duplicate key value violates unique constraint "ad_process_access_pkey"

DETAIL: Detail redacted as it may contain sensitive data. Specify 'Include Error Detail' in the connection string to include this information.
----------->     (WARNING)  X_AD_Process_Access.ImportNow: [80]Not insertedAD_Process_Access
===========>     (SEVERE)   DB.ExecuteQuery: [80] => 23505: duplicate key value violates unique constraint "ad_process_access_pkey"

DETAIL: Detail redacted as it may contain sensitive data. Specify 'Include Error Detail' in the connection string to include this information.
----------->     (WARNING)  DB.ExecuteQuery: [80]DBExecuteError - 23505: duplicate key value violates unique constraint "ad_process_access_pkey"

DETAIL: Detail redacted as it may contain sensitive data. Specify 'Include Error Detail' in the connection string to include this information.
----------->     (WARNING)  X_AD_Process_Access.ImportNow: [80]Not insertedAD_Process_Access
===========>     (SEVERE)   DB.ExecuteQuery: [80] => 23505: duplicate key value violates unique constraint "ad_process_access_pkey"

DETAIL: Detail redacted as it may contain sensitive data. Specify 'Include Error Detail' in the connection string to include this information.
----------->     (WARNING)  DB.ExecuteQuery: [80]DBExecuteError - 23505: duplicate key value violates unique constraint "ad_process_access_pkey"

DETAIL: Detail redacted as it may contain sensitive data. Specify 'Include Error Detail' in the connection string to include this information.
----------->     (WARNING)  X_AD_Process_Access.ImportNow: [80]Not insertedAD_Process_Access
===========>     (SEVERE)   DB.ExecuteQuery: [80] => 23505: duplicate key value violates unique constraint "ad_process_access_pkey"

DETAIL: Detail redacted as it may contain sensitive data. Specify 'Include Error Detail' in the connection string to include this information.
----------->     (WARNING)  DB.ExecuteQuery: [80]DBExecuteError - 23505: duplicate key value violates unique constraint "ad_process_access_pkey"

DETAIL: Detail redacted as it may contain sensitive data. Specify 'Include Error Detail' in the connection string to include this information.
----------->     (WARNING)  X_AD_Process_Access.ImportNow: [80]Not insertedAD_Process_Access
===========>     (SEVERE)   DB.ExecuteQuery: [80] => 23505: duplicate key value violates unique constraint "ad_process_access_pkey"

DETAIL: Detail redacted as it may contain sensitive data. Specify 'Include Error Detail' in the connection string to include this information.
----------->     (WARNING)  DB.ExecuteQuery: [80]DBExecuteError - 23505: duplicate key value violates unique constraint "ad_process_access_pkey"

DETAIL: Detail redacted as it may contain sensitive data. Specify 'Include Error Detail' in the connection string to include this information.
----------->     (WARNING)  X_AD_Process_Access.ImportNow: [80]Not insertedAD_Process_Access
===========>     (SEVERE)   DB.ExecuteQuery: [80] => 23505: duplicate key value violates unique constraint "ad_process_access_pkey"

DETAIL: Detail redacted as it may contain sensitive data. Specify 'Include Error Detail' in the connection string to include this information.
----------->     (WARNING)  DB.ExecuteQuery: [80]DBExecuteError - 23505: duplicate key value violates unique constraint "ad_process_access_pkey"

DETAIL: Detail redacted as it may contain sensitive data. Specify 'Include Error Detail' in the connection string to include this information.
----------->     (WARNING)  X_AD_Process_Access.ImportNow: [80]Not insertedAD_Process_Access
===========>     (SEVERE)   DB.ExecuteQuery: [80] => 23505: duplicate key value violates unique constraint "ad_process_access_pkey"

DETAIL: Detail redacted as it may contain sensitive data. Specify 'Include Error Detail' in the connection string to include this information.
----------->     (WARNING)  DB.ExecuteQuery: [80]DBExecuteError - 23505: duplicate key value violates unique constraint "ad_process_access_pkey"

DETAIL: Detail redacted as it may contain sensitive data. Specify 'Include Error Detail' in the connection string to include this information.
----------->     (WARNING)  X_AD_Process_Access.AddWindowToMenu: [80]Not insertedAD_Process_Access
===========>     (SEVERE)   DB.ExecuteQuery: [80] => 23505: duplicate key value violates unique constraint "ad_process_access_pkey"

DETAIL: Detail redacted as it may contain sensitive data. Specify 'Include Error Detail' in the connection string to include this information.
----------->     (WARNING)  DB.ExecuteQuery: [80]DBExecuteError - 23505: duplicate key value violates unique constraint "ad_process_access_pkey"

DETAIL: Detail redacted as it may contain sensitive data. Specify 'Include Error Detail' in the connection string to include this information.
----------->     (WARNING)  X_AD_Process_Access.AddWindowToMenu: [80]Not insertedAD_Process_Access
===========>     (SEVERE)   DB.ExecuteQuery: [80] => 23505: duplicate key value violates unique constraint "ad_process_access_pkey"

DETAIL: Detail redacted as it may contain sensitive data. Specify 'Include Error Detail' in the connection string to include this information.
----------->     (WARNING)  DB.ExecuteQuery: [80]DBExecuteError - 23505: duplicate key value violates unique constraint "ad_process_access_pkey"

DETAIL: Detail redacted as it may contain sensitive data. Specify 'Include Error Detail' in the connection string to include this information.
----------->     (WARNING)  X_AD_Process_Access.ImportNow: [80]Not insertedAD_Process_Access
===========>     (SEVERE)   DB.ExecuteQuery: [80] => 23505: duplicate key value violates unique constraint "ad_process_access_pkey"

DETAIL: Detail redacted as it may contain sensitive data. Specify 'Include Error Detail' in the connection string to include this information.
----------->     (WARNING)  DB.ExecuteQuery: [80]DBExecuteError - 23505: duplicate key value violates unique constraint "ad_process_access_pkey"

DETAIL: Detail redacted as it may contain sensitive data. Specify 'Include Error Detail' in the connection string to include this information.
----------->     (WARNING)  X_AD_Process_Access.ImportNow: [80]Not insertedAD_Process_Access
===========>     (SEVERE)   DB.ExecuteQuery: [80] => 22001: value too long for type character varying(50)
----------->     (WARNING)  DB.ExecuteQuery: [80]DBExecuteError - 22001: value too long for type character varying(50)
===========>     (SEVERE)   DB.ExecuteQuery: [80] => 23505: duplicate key value violates unique constraint "ad_ref_table_pkey"

DETAIL: Detail redacted as it may contain sensitive data. Specify 'Include Error Detail' in the connection string to include this information.
----------->     (WARNING)  DB.ExecuteQuery: [80]DBExecuteError - 23505: duplicate key value violates unique constraint "ad_ref_table_pkey"

DETAIL: Detail redacted as it may contain sensitive data. Specify 'Include Error Detail' in the connection string to include this information.
----------->     (WARNING)  X_AD_Ref_Table.Add_AD_Ref_Tables: [80]Not insertedAD_Ref_Table
10:02:22.222    (INFO)     CacheMgt.Reset: [80]AD_Ref_Table: #1 (0)
10:02:22.222    (INFO)     CacheMgt.Reset: [80]AD_Ref_Table: #1 (0)
===========>     (SEVERE)   DB.ExecuteQuery: [80] => 23505: duplicate key value violates unique constraint "ad_ref_table_pkey"

DETAIL: Detail redacted as it may contain sensitive data. Specify 'Include Error Detail' in the connection string to include this information.
----------->     (WARNING)  DB.ExecuteQuery: [80]DBExecuteError - 23505: duplicate key value violates unique constraint "ad_ref_table_pkey"

DETAIL: Detail redacted as it may contain sensitive data. Specify 'Include Error Detail' in the connection string to include this information.
----------->     (WARNING)  X_AD_Ref_Table.Add_AD_Ref_Tables: [80]Not insertedAD_Ref_Table
10:02:22.222    (INFO)     CacheMgt.Reset: [80]AD_Ref_Table: #1 (0)
10:02:22.222    (INFO)     CacheMgt.Reset: [80]AD_Ref_Table: #1 (0)
10:02:22.222    (INFO)     CacheMgt.Reset: [80]AD_Ref_Table: #1 (0)
10:02:22.222    (INFO)     CacheMgt.Reset: [80]AD_Ref_Table: #1 (0)
10:02:22.222    (INFO)     CacheMgt.Reset: [80]AD_Ref_Table: #1 (0)
10:02:22.222    (INFO)     CacheMgt.Reset: [80]AD_Ref_Table: #1 (0)
10:02:22.222    (INFO)     CacheMgt.Reset: [80]AD_Ref_Table: #1 (0)
10:02:22.222    (INFO)     CacheMgt.Reset: [80]AD_Ref_Table: #1 (0)
10:02:22.222    (INFO)     CacheMgt.Reset: [80]AD_Ref_Table: #1 (0)
10:02:22.222    (INFO)     CacheMgt.Reset: [80]AD_Ref_Table: #1 (0)
10:02:22.222    (INFO)     CacheMgt.Reset: [80]AD_Ref_Table: #1 (0)
10:02:22.222    (INFO)     CacheMgt.Reset: [80]AD_Ref_Table: #1 (0)
10:02:22.222    (INFO)     CacheMgt.Reset: [80]AD_Ref_Table: #1 (0)
10:02:22.222    (INFO)     CacheMgt.Reset: [80]AD_Ref_Table: #1 (0)
10:02:22.222    (INFO)     CacheMgt.Reset: [80]AD_Ref_Table: #1 (0)
10:02:22.222    (INFO)     CacheMgt.Reset: [80]AD_Ref_Table: #1 (0)
10:02:22.222    (INFO)     CacheMgt.Reset: [80]AD_Ref_Table: #1 (0)
10:02:23.223    (INFO)     CacheMgt.Reset: [80]AD_Ref_Table: #1 (0)
10:02:23.223    (INFO)     CacheMgt.Reset: [80]AD_Ref_Table: #1 (0)
10:02:23.223    (INFO)     CacheMgt.Reset: [80]AD_Ref_Table: #1 (0)
===========>     (SEVERE)   DB.ExecuteQuery: [80] => 42703: column "y" does not exist

POSITION: 30
----------->     (WARNING)  DB.ExecuteQuery: [80]DBExecuteError - 42703: column "y" does not exist

POSITION: 30
===========>     (SEVERE)   DB.ExecuteQuery: [80] => 42703: column "y" does not exist

POSITION: 29
----------->     (WARNING)  DB.ExecuteQuery: [80]DBExecuteError - 42703: column "y" does not exist

POSITION: 29
===========>     (SEVERE)   DB.ExecuteQuery: [80] => 0A000: cannot alter type of a column used by a view or rule

DETAIL: Detail redacted as it may contain sensitive data. Specify 'Include Error Detail' in the connection string to include this information.
----------->     (WARNING)  DB.ExecuteQuery: [80]DBExecuteError - 0A000: cannot alter type of a column used by a view or rule

DETAIL: Detail redacted as it may contain sensitive data. Specify 'Include Error Detail' in the connection string to include this information.
===========>     (SEVERE)   DB.ExecuteQuery: [80] => 42703: column "y" does not exist

POSITION: 38
----------->     (WARNING)  DB.ExecuteQuery: [80]DBExecuteError - 42703: column "y" does not exist

POSITION: 38
===========>     (SEVERE)   DB.ExecuteQuery: [80] => 0A000: cannot alter type of a column used by a view or rule

DETAIL: Detail redacted as it may contain sensitive data. Specify 'Include Error Detail' in the connection string to include this information.
----------->     (WARNING)  DB.ExecuteQuery: [80]DBExecuteError - 0A000: cannot alter type of a column used by a view or rule

DETAIL: Detail redacted as it may contain sensitive data. Specify 'Include Error Detail' in the connection string to include this information.
===========>     (SEVERE)   DB.ExecuteQuery: [80] => 0A000: cannot alter type of a column used by a view or rule

DETAIL: Detail redacted as it may contain sensitive data. Specify 'Include Error Detail' in the connection string to include this information.
----------->     (WARNING)  DB.ExecuteQuery: [80]DBExecuteError - 0A000: cannot alter type of a column used by a view or rule

DETAIL: Detail redacted as it may contain sensitive data. Specify 'Include Error Detail' in the connection string to include this information.
===========>     (SEVERE)   DB.ExecuteQuery: [80] => 0A000: cannot alter type of a column used by a view or rule

DETAIL: Detail redacted as it may contain sensitive data. Specify 'Include Error Detail' in the connection string to include this information.
----------->     (WARNING)  DB.ExecuteQuery: [80]DBExecuteError - 0A000: cannot alter type of a column used by a view or rule

DETAIL: Detail redacted as it may contain sensitive data. Specify 'Include Error Detail' in the connection string to include this information.
===========>     (SEVERE)   DB.ExecuteQuery: [80] => 42703: column "s" does not exist

POSITION: 34
----------->     (WARNING)  DB.ExecuteQuery: [80]DBExecuteError - 42703: column "s" does not exist

POSITION: 34
===========>     (SEVERE)   DB.ExecuteQuery: [80] => 0A000: cannot alter type of a column used by a view or rule

DETAIL: Detail redacted as it may contain sensitive data. Specify 'Include Error Detail' in the connection string to include this information.
----------->     (WARNING)  DB.ExecuteQuery: [80]DBExecuteError - 0A000: cannot alter type of a column used by a view or rule

DETAIL: Detail redacted as it may contain sensitive data. Specify 'Include Error Detail' in the connection string to include this information.
===========>     (SEVERE)   DB.ExecuteQuery: [80] => 0A000: cannot alter type of a column used by a view or rule

DETAIL: Detail redacted as it may contain sensitive data. Specify 'Include Error Detail' in the connection string to include this information.
----------->     (WARNING)  DB.ExecuteQuery: [80]DBExecuteError - 0A000: cannot alter type of a column used by a view or rule

DETAIL: Detail redacted as it may contain sensitive data. Specify 'Include Error Detail' in the connection string to include this information.
===========>     (SEVERE)   DB.ExecuteQuery: [80] => 0A000: cannot alter type of a column used by a view or rule

DETAIL: Detail redacted as it may contain sensitive data. Specify 'Include Error Detail' in the connection string to include this information.
----------->     (WARNING)  DB.ExecuteQuery: [80]DBExecuteError - 0A000: cannot alter type of a column used by a view or rule

DETAIL: Detail redacted as it may contain sensitive data. Specify 'Include Error Detail' in the connection string to include this information.
===========>     (SEVERE)   DB.ExecuteQuery: [80] => 0A000: cannot alter type of a column used by a view or rule

DETAIL: Detail redacted as it may contain sensitive data. Specify 'Include Error Detail' in the connection string to include this information.
----------->     (WARNING)  DB.ExecuteQuery: [80]DBExecuteError - 0A000: cannot alter type of a column used by a view or rule

DETAIL: Detail redacted as it may contain sensitive data. Specify 'Include Error Detail' in the connection string to include this information.
===========>     (SEVERE)   DB.ExecuteQuery: [80] => 0A000: cannot alter type of a column used by a view or rule

DETAIL: Detail redacted as it may contain sensitive data. Specify 'Include Error Detail' in the connection string to include this information.
----------->     (WARNING)  DB.ExecuteQuery: [80]DBExecuteError - 0A000: cannot alter type of a column used by a view or rule

DETAIL: Detail redacted as it may contain sensitive data. Specify 'Include Error Detail' in the connection string to include this information.
===========>     (SEVERE)   DB.ExecuteQuery: [80] => 0A000: cannot alter type of a column used by a view or rule

DETAIL: Detail redacted as it may contain sensitive data. Specify 'Include Error Detail' in the connection string to include this information.
----------->     (WARNING)  DB.ExecuteQuery: [80]DBExecuteError - 0A000: cannot alter type of a column used by a view or rule

DETAIL: Detail redacted as it may contain sensitive data. Specify 'Include Error Detail' in the connection string to include this information.
===========>     (SEVERE)   DB.ExecuteQuery: [80] => 42601: syntax error at or near "=@"

POSITION: 29
----------->     (WARNING)  DB.ExecuteQuery: [80]DBExecuteError - 42601: syntax error at or near "=@"

POSITION: 29
===========>     (SEVERE)   DB.ExecuteQuery: [80] => 0A000: cannot alter type of a column used by a view or rule

DETAIL: Detail redacted as it may contain sensitive data. Specify 'Include Error Detail' in the connection string to include this information.
----------->     (WARNING)  DB.ExecuteQuery: [80]DBExecuteError - 0A000: cannot alter type of a column used by a view or rule

DETAIL: Detail redacted as it may contain sensitive data. Specify 'Include Error Detail' in the connection string to include this information.
===========>     (SEVERE)   DB.ExecuteQuery: [80] => 42601: syntax error at or near "=@"

POSITION: 35
----------->     (WARNING)  DB.ExecuteQuery: [80]DBExecuteError - 42601: syntax error at or near "=@"

POSITION: 35
===========>     (SEVERE)   DB.ExecuteQuery: [80] => 0A000: cannot alter type of a column used by a view or rule

DETAIL: Detail redacted as it may contain sensitive data. Specify 'Include Error Detail' in the connection string to include this information.
----------->     (WARNING)  DB.ExecuteQuery: [80]DBExecuteError - 0A000: cannot alter type of a column used by a view or rule

DETAIL: Detail redacted as it may contain sensitive data. Specify 'Include Error Detail' in the connection string to include this information.
===========>     (SEVERE)   DB.ExecuteQuery: [80] => 42601: syntax error at or near "=@"

POSITION: 38
----------->     (WARNING)  DB.ExecuteQuery: [80]DBExecuteError - 42601: syntax error at or near "=@"

POSITION: 38
===========>     (SEVERE)   DB.ExecuteQuery: [80] => 0A000: cannot alter type of a column used by a view or rule

DETAIL: Detail redacted as it may contain sensitive data. Specify 'Include Error Detail' in the connection string to include this information.
----------->     (WARNING)  DB.ExecuteQuery: [80]DBExecuteError - 0A000: cannot alter type of a column used by a view or rule

DETAIL: Detail redacted as it may contain sensitive data. Specify 'Include Error Detail' in the connection string to include this information.
===========>     (SEVERE)   DB.ExecuteQuery: [80] => 0A000: cannot alter type of a column used by a view or rule

DETAIL: Detail redacted as it may contain sensitive data. Specify 'Include Error Detail' in the connection string to include this information.
----------->     (WARNING)  DB.ExecuteQuery: [80]DBExecuteError - 0A000: cannot alter type of a column used by a view or rule

DETAIL: Detail redacted as it may contain sensitive data. Specify 'Include Error Detail' in the connection string to include this information.
===========>     (SEVERE)   DB.ExecuteQuery: [80] => 0A000: cannot alter type of a column used by a view or rule

DETAIL: Detail redacted as it may contain sensitive data. Specify 'Include Error Detail' in the connection string to include this information.
----------->     (WARNING)  DB.ExecuteQuery: [80]DBExecuteError - 0A000: cannot alter type of a column used by a view or rule

DETAIL: Detail redacted as it may contain sensitive data. Specify 'Include Error Detail' in the connection string to include this information.
===========>     (SEVERE)   DB.ExecuteQuery: [80] => 42703: column "co" does not exist

POSITION: 32
----------->     (WARNING)  DB.ExecuteQuery: [80]DBExecuteError - 42703: column "co" does not exist

POSITION: 32
===========>     (SEVERE)   DB.ExecuteQuery: [80] => 0A000: cannot alter type of a column used by a view or rule

DETAIL: Detail redacted as it may contain sensitive data. Specify 'Include Error Detail' in the connection string to include this information.
----------->     (WARNING)  DB.ExecuteQuery: [80]DBExecuteError - 0A000: cannot alter type of a column used by a view or rule

DETAIL: Detail redacted as it may contain sensitive data. Specify 'Include Error Detail' in the connection string to include this information.
===========>     (SEVERE)   DB.ExecuteQuery: [80] => 42601: syntax error at or near "=@#"

POSITION: 36
----------->     (WARNING)  DB.ExecuteQuery: [80]DBExecuteError - 42601: syntax error at or near "=@#"

POSITION: 36
===========>     (SEVERE)   DB.ExecuteQuery: [80] => 0A000: cannot alter type of a column used by a view or rule

DETAIL: Detail redacted as it may contain sensitive data. Specify 'Include Error Detail' in the connection string to include this information.
----------->     (WARNING)  DB.ExecuteQuery: [80]DBExecuteError - 0A000: cannot alter type of a column used by a view or rule

DETAIL: Detail redacted as it may contain sensitive data. Specify 'Include Error Detail' in the connection string to include this information.
===========>     (SEVERE)   DB.ExecuteQuery: [80] => 42601: syntax error at or near "=@"

POSITION: 32
----------->     (WARNING)  DB.ExecuteQuery: [80]DBExecuteError - 42601: syntax error at or near "=@"

POSITION: 32
===========>     (SEVERE)   DB.ExecuteQuery: [80] => 0A000: cannot alter type of a column used by a view or rule

DETAIL: Detail redacted as it may contain sensitive data. Specify 'Include Error Detail' in the connection string to include this information.
----------->     (WARNING)  DB.ExecuteQuery: [80]DBExecuteError - 0A000: cannot alter type of a column used by a view or rule

DETAIL: Detail redacted as it may contain sensitive data. Specify 'Include Error Detail' in the connection string to include this information.
===========>     (SEVERE)   DB.ExecuteQuery: [80] => 0A000: cannot alter type of a column used by a view or rule

DETAIL: Detail redacted as it may contain sensitive data. Specify 'Include Error Detail' in the connection string to include this information.
----------->     (WARNING)  DB.ExecuteQuery: [80]DBExecuteError - 0A000: cannot alter type of a column used by a view or rule

DETAIL: Detail redacted as it may contain sensitive data. Specify 'Include Error Detail' in the connection string to include this information.
===========>     (SEVERE)   DB.ExecuteQuery: [80] => 0A000: cannot alter type of a column used by a view or rule

DETAIL: Detail redacted as it may contain sensitive data. Specify 'Include Error Detail' in the connection string to include this information.
----------->     (WARNING)  DB.ExecuteQuery: [80]DBExecuteError - 0A000: cannot alter type of a column used by a view or rule

DETAIL: Detail redacted as it may contain sensitive data. Specify 'Include Error Detail' in the connection string to include this information.
===========>     (SEVERE)   DB.ExecuteQuery: [80] => 0A000: cannot alter type of a column used by a view or rule

DETAIL: Detail redacted as it may contain sensitive data. Specify 'Include Error Detail' in the connection string to include this information.
----------->     (WARNING)  DB.ExecuteQuery: [80]DBExecuteError - 0A000: cannot alter type of a column used by a view or rule

DETAIL: Detail redacted as it may contain sensitive data. Specify 'Include Error Detail' in the connection string to include this information.
===========>     (SEVERE)   DB.ExecuteQuery: [80] => 0A000: cannot alter type of a column used by a view or rule

DETAIL: Detail redacted as it may contain sensitive data. Specify 'Include Error Detail' in the connection string to include this information.
----------->     (WARNING)  DB.ExecuteQuery: [80]DBExecuteError - 0A000: cannot alter type of a column used by a view or rule

DETAIL: Detail redacted as it may contain sensitive data. Specify 'Include Error Detail' in the connection string to include this information.
===========>     (SEVERE)   DB.ExecuteQuery: [80] => 0A000: cannot alter type of a column used by a view or rule

DETAIL: Detail redacted as it may contain sensitive data. Specify 'Include Error Detail' in the connection string to include this information.
----------->     (WARNING)  DB.ExecuteQuery: [80]DBExecuteError - 0A000: cannot alter type of a column used by a view or rule

DETAIL: Detail redacted as it may contain sensitive data. Specify 'Include Error Detail' in the connection string to include this information.
===========>     (SEVERE)   DB.ExecuteQuery: [80] => 0A000: cannot alter type of a column used by a view or rule

DETAIL: Detail redacted as it may contain sensitive data. Specify 'Include Error Detail' in the connection string to include this information.
----------->     (WARNING)  DB.ExecuteQuery: [80]DBExecuteError - 0A000: cannot alter type of a column used by a view or rule

DETAIL: Detail redacted as it may contain sensitive data. Specify 'Include Error Detail' in the connection string to include this information.
===========>     (SEVERE)   DB.ExecuteQuery: [80] => 0A000: cannot alter type of a column used by a view or rule

DETAIL: Detail redacted as it may contain sensitive data. Specify 'Include Error Detail' in the connection string to include this information.
----------->     (WARNING)  DB.ExecuteQuery: [80]DBExecuteError - 0A000: cannot alter type of a column used by a view or rule

DETAIL: Detail redacted as it may contain sensitive data. Specify 'Include Error Detail' in the connection string to include this information.
===========>     (SEVERE)   DB.ExecuteQuery: [80] => 0A000: cannot alter type of a column used by a view or rule

DETAIL: Detail redacted as it may contain sensitive data. Specify 'Include Error Detail' in the connection string to include this information.
----------->     (WARNING)  DB.ExecuteQuery: [80]DBExecuteError - 0A000: cannot alter type of a column used by a view or rule

DETAIL: Detail redacted as it may contain sensitive data. Specify 'Include Error Detail' in the connection string to include this information.
===========>     (SEVERE)   DB.ExecuteQuery: [80] => 42703: column "n" does not exist

POSITION: 32
----------->     (WARNING)  DB.ExecuteQuery: [80]DBExecuteError - 42703: column "n" does not exist

POSITION: 32
===========>     (SEVERE)   DB.ExecuteQuery: [80] => 0A000: cannot alter type of a column used by a view or rule

DETAIL: Detail redacted as it may contain sensitive data. Specify 'Include Error Detail' in the connection string to include this information.
----------->     (WARNING)  DB.ExecuteQuery: [80]DBExecuteError - 0A000: cannot alter type of a column used by a view or rule

DETAIL: Detail redacted as it may contain sensitive data. Specify 'Include Error Detail' in the connection string to include this information.
===========>     (SEVERE)   DB.ExecuteQuery: [80] => 0A000: cannot alter type of a column used by a view or rule

DETAIL: Detail redacted as it may contain sensitive data. Specify 'Include Error Detail' in the connection string to include this information.
----------->     (WARNING)  DB.ExecuteQuery: [80]DBExecuteError - 0A000: cannot alter type of a column used by a view or rule

DETAIL: Detail redacted as it may contain sensitive data. Specify 'Include Error Detail' in the connection string to include this information.
===========>     (SEVERE)   DB.ExecuteQuery: [80] => 0A000: cannot alter type of a column used by a view or rule

DETAIL: Detail redacted as it may contain sensitive data. Specify 'Include Error Detail' in the connection string to include this information.
----------->     (WARNING)  DB.ExecuteQuery: [80]DBExecuteError - 0A000: cannot alter type of a column used by a view or rule

DETAIL: Detail redacted as it may contain sensitive data. Specify 'Include Error Detail' in the connection string to include this information.
===========>     (SEVERE)   DB.ExecuteQuery: [80] => 0A000: cannot alter type of a column used by a view or rule

DETAIL: Detail redacted as it may contain sensitive data. Specify 'Include Error Detail' in the connection string to include this information.
----------->     (WARNING)  DB.ExecuteQuery: [80]DBExecuteError - 0A000: cannot alter type of a column used by a view or rule

DETAIL: Detail redacted as it may contain sensitive data. Specify 'Include Error Detail' in the connection string to include this information.
===========>     (SEVERE)   DB.ExecuteQuery: [80] => 0A000: cannot alter type of a column used by a view or rule

DETAIL: Detail redacted as it may contain sensitive data. Specify 'Include Error Detail' in the connection string to include this information.
----------->     (WARNING)  DB.ExecuteQuery: [80]DBExecuteError - 0A000: cannot alter type of a column used by a view or rule

DETAIL: Detail redacted as it may contain sensitive data. Specify 'Include Error Detail' in the connection string to include this information.
===========>     (SEVERE)   DB.ExecuteQuery: [80] => 0A000: cannot alter type of a column used by a view or rule

DETAIL: Detail redacted as it may contain sensitive data. Specify 'Include Error Detail' in the connection string to include this information.
----------->     (WARNING)  DB.ExecuteQuery: [80]DBExecuteError - 0A000: cannot alter type of a column used by a view or rule

DETAIL: Detail redacted as it may contain sensitive data. Specify 'Include Error Detail' in the connection string to include this information.
===========>     (SEVERE)   DB.ExecuteQuery: [80] => 0A000: cannot alter type of a column used by a view or rule

DETAIL: Detail redacted as it may contain sensitive data. Specify 'Include Error Detail' in the connection string to include this information.
----------->     (WARNING)  DB.ExecuteQuery: [80]DBExecuteError - 0A000: cannot alter type of a column used by a view or rule

DETAIL: Detail redacted as it may contain sensitive data. Specify 'Include Error Detail' in the connection string to include this information.
===========>     (SEVERE)   DB.ExecuteQuery: [80] => 42601: syntax error at or near "=@"

POSITION: 39
----------->     (WARNING)  DB.ExecuteQuery: [80]DBExecuteError - 42601: syntax error at or near "=@"

POSITION: 39
===========>     (SEVERE)   DB.ExecuteQuery: [80] => 0A000: cannot alter type of a column used by a view or rule

DETAIL: Detail redacted as it may contain sensitive data. Specify 'Include Error Detail' in the connection string to include this information.
----------->     (WARNING)  DB.ExecuteQuery: [80]DBExecuteError - 0A000: cannot alter type of a column used by a view or rule

DETAIL: Detail redacted as it may contain sensitive data. Specify 'Include Error Detail' in the connection string to include this information.
===========>     (SEVERE)   DB.ExecuteQuery: [80] => 42601: syntax error at or near "=@#"

POSITION: 31
----------->     (WARNING)  DB.ExecuteQuery: [80]DBExecuteError - 42601: syntax error at or near "=@#"

POSITION: 31
===========>     (SEVERE)   DB.ExecuteQuery: [80] => 42601: syntax error at or near "=@#"

POSITION: 28
----------->     (WARNING)  DB.ExecuteQuery: [80]DBExecuteError - 42601: syntax error at or near "=@#"

POSITION: 28
===========>     (SEVERE)   DB.ExecuteQuery: [80] => 42703: column "y" does not exist

POSITION: 33
----------->     (WARNING)  DB.ExecuteQuery: [80]DBExecuteError - 42703: column "y" does not exist

POSITION: 33
===========>     (SEVERE)   DB.ExecuteQuery: [80] => 0A000: cannot alter type of a column used by a view or rule

DETAIL: Detail redacted as it may contain sensitive data. Specify 'Include Error Detail' in the connection string to include this information.
----------->     (WARNING)  DB.ExecuteQuery: [80]DBExecuteError - 0A000: cannot alter type of a column used by a view or rule

DETAIL: Detail redacted as it may contain sensitive data. Specify 'Include Error Detail' in the connection string to include this information.
===========>     (SEVERE)   DB.ExecuteQuery: [80] => 0A000: cannot alter type of a column used by a view or rule

DETAIL: Detail redacted as it may contain sensitive data. Specify 'Include Error Detail' in the connection string to include this information.
----------->     (WARNING)  DB.ExecuteQuery: [80]DBExecuteError - 0A000: cannot alter type of a column used by a view or rule

DETAIL: Detail redacted as it may contain sensitive data. Specify 'Include Error Detail' in the connection string to include this information.
===========>     (SEVERE)   DB.ExecuteQuery: [80] => 0A000: cannot alter type of a column used by a view or rule

DETAIL: Detail redacted as it may contain sensitive data. Specify 'Include Error Detail' in the connection string to include this information.
----------->     (WARNING)  DB.ExecuteQuery: [80]DBExecuteError - 0A000: cannot alter type of a column used by a view or rule

DETAIL: Detail redacted as it may contain sensitive data. Specify 'Include Error Detail' in the connection string to include this information.
===========>     (SEVERE)   DB.ExecuteQuery: [80] => 42601: syntax error at or near "=@"

POSITION: 44
----------->     (WARNING)  DB.ExecuteQuery: [80]DBExecuteError - 42601: syntax error at or near "=@"

POSITION: 44
===========>     (SEVERE)   DB.ExecuteQuery: [80] => 0A000: cannot alter type of a column used by a view or rule

DETAIL: Detail redacted as it may contain sensitive data. Specify 'Include Error Detail' in the connection string to include this information.
----------->     (WARNING)  DB.ExecuteQuery: [80]DBExecuteError - 0A000: cannot alter type of a column used by a view or rule

DETAIL: Detail redacted as it may contain sensitive data. Specify 'Include Error Detail' in the connection string to include this information.
===========>     (SEVERE)   DB.ExecuteQuery: [80] => 42601: syntax error at or near "=@#"

POSITION: 29
----------->     (WARNING)  DB.ExecuteQuery: [80]DBExecuteError - 42601: syntax error at or near "=@#"

POSITION: 29
===========>     (SEVERE)   DB.ExecuteQuery: [80] => 0A000: cannot alter type of a column used by a view or rule

DETAIL: Detail redacted as it may contain sensitive data. Specify 'Include Error Detail' in the connection string to include this information.
----------->     (WARNING)  DB.ExecuteQuery: [80]DBExecuteError - 0A000: cannot alter type of a column used by a view or rule

DETAIL: Detail redacted as it may contain sensitive data. Specify 'Include Error Detail' in the connection string to include this information.
===========>     (SEVERE)   DB.ExecuteQuery: [80] => 0A000: cannot alter type of a column used by a view or rule

DETAIL: Detail redacted as it may contain sensitive data. Specify 'Include Error Detail' in the connection string to include this information.
----------->     (WARNING)  DB.ExecuteQuery: [80]DBExecuteError - 0A000: cannot alter type of a column used by a view or rule

DETAIL: Detail redacted as it may contain sensitive data. Specify 'Include Error Detail' in the connection string to include this information.
===========>     (SEVERE)   DB.ExecuteQuery: [80] => 42601: syntax error at or near "=@#"

POSITION: 30
----------->     (WARNING)  DB.ExecuteQuery: [80]DBExecuteError - 42601: syntax error at or near "=@#"

POSITION: 30
===========>     (SEVERE)   DB.ExecuteQuery: [80] => 0A000: cannot alter type of a column used by a view or rule

DETAIL: Detail redacted as it may contain sensitive data. Specify 'Include Error Detail' in the connection string to include this information.
----------->     (WARNING)  DB.ExecuteQuery: [80]DBExecuteError - 0A000: cannot alter type of a column used by a view or rule

DETAIL: Detail redacted as it may contain sensitive data. Specify 'Include Error Detail' in the connection string to include this information.
===========>     (SEVERE)   DB.ExecuteQuery: [80] => 42703: column "y" does not exist

POSITION: 28
----------->     (WARNING)  DB.ExecuteQuery: [80]DBExecuteError - 42703: column "y" does not exist

POSITION: 28
===========>     (SEVERE)   DB.ExecuteQuery: [80] => 0A000: cannot alter type of a column used by a view or rule

DETAIL: Detail redacted as it may contain sensitive data. Specify 'Include Error Detail' in the connection string to include this information.
----------->     (WARNING)  DB.ExecuteQuery: [80]DBExecuteError - 0A000: cannot alter type of a column used by a view or rule

DETAIL: Detail redacted as it may contain sensitive data. Specify 'Include Error Detail' in the connection string to include this information.
===========>     (SEVERE)   DB.ExecuteQuery: [80] => 0A000: cannot alter type of a column used by a view or rule

DETAIL: Detail redacted as it may contain sensitive data. Specify 'Include Error Detail' in the connection string to include this information.
----------->     (WARNING)  DB.ExecuteQuery: [80]DBExecuteError - 0A000: cannot alter type of a column used by a view or rule

DETAIL: Detail redacted as it may contain sensitive data. Specify 'Include Error Detail' in the connection string to include this information.
===========>     (SEVERE)   DB.ExecuteQuery: [80] => 0A000: cannot alter type of a column used by a view or rule

DETAIL: Detail redacted as it may contain sensitive data. Specify 'Include Error Detail' in the connection string to include this information.
----------->     (WARNING)  DB.ExecuteQuery: [80]DBExecuteError - 0A000: cannot alter type of a column used by a view or rule

DETAIL: Detail redacted as it may contain sensitive data. Specify 'Include Error Detail' in the connection string to include this information.
===========>     (SEVERE)   DB.ExecuteQuery: [80] => 0A000: cannot alter type of a column used by a view or rule

DETAIL: Detail redacted as it may contain sensitive data. Specify 'Include Error Detail' in the connection string to include this information.
----------->     (WARNING)  DB.ExecuteQuery: [80]DBExecuteError - 0A000: cannot alter type of a column used by a view or rule

DETAIL: Detail redacted as it may contain sensitive data. Specify 'Include Error Detail' in the connection string to include this information.
===========>     (SEVERE)   DB.ExecuteQuery: [80] => 0A000: cannot alter type of a column used by a view or rule

DETAIL: Detail redacted as it may contain sensitive data. Specify 'Include Error Detail' in the connection string to include this information.
----------->     (WARNING)  DB.ExecuteQuery: [80]DBExecuteError - 0A000: cannot alter type of a column used by a view or rule

DETAIL: Detail redacted as it may contain sensitive data. Specify 'Include Error Detail' in the connection string to include this information.
===========>     (SEVERE)   DB.ExecuteQuery: [80] => 0A000: cannot alter type of a column used by a view or rule

DETAIL: Detail redacted as it may contain sensitive data. Specify 'Include Error Detail' in the connection string to include this information.
----------->     (WARNING)  DB.ExecuteQuery: [80]DBExecuteError - 0A000: cannot alter type of a column used by a view or rule

DETAIL: Detail redacted as it may contain sensitive data. Specify 'Include Error Detail' in the connection string to include this information.
===========>     (SEVERE)   DB.ExecuteQuery: [80] => 0A000: cannot alter type of a column used by a view or rule

DETAIL: Detail redacted as it may contain sensitive data. Specify 'Include Error Detail' in the connection string to include this information.
----------->     (WARNING)  DB.ExecuteQuery: [80]DBExecuteError - 0A000: cannot alter type of a column used by a view or rule

DETAIL: Detail redacted as it may contain sensitive data. Specify 'Include Error Detail' in the connection string to include this information.
===========>     (SEVERE)   DB.ExecuteQuery: [80] => 0A000: cannot alter type of a column used by a view or rule

DETAIL: Detail redacted as it may contain sensitive data. Specify 'Include Error Detail' in the connection string to include this information.
----------->     (WARNING)  DB.ExecuteQuery: [80]DBExecuteError - 0A000: cannot alter type of a column used by a view or rule

DETAIL: Detail redacted as it may contain sensitive data. Specify 'Include Error Detail' in the connection string to include this information.
===========>     (SEVERE)   DB.ExecuteQuery: [80] => 0A000: cannot alter type of a column used by a view or rule

DETAIL: Detail redacted as it may contain sensitive data. Specify 'Include Error Detail' in the connection string to include this information.
----------->     (WARNING)  DB.ExecuteQuery: [80]DBExecuteError - 0A000: cannot alter type of a column used by a view or rule

DETAIL: Detail redacted as it may contain sensitive data. Specify 'Include Error Detail' in the connection string to include this information.
===========>     (SEVERE)   DB.ExecuteQuery: [80] => 42703: column "y" does not exist

POSITION: 36
----------->     (WARNING)  DB.ExecuteQuery: [80]DBExecuteError - 42703: column "y" does not exist

POSITION: 36
===========>     (SEVERE)   DB.ExecuteQuery: [80] => 0A000: cannot alter type of a column used by a view or rule

DETAIL: Detail redacted as it may contain sensitive data. Specify 'Include Error Detail' in the connection string to include this information.
----------->     (WARNING)  DB.ExecuteQuery: [80]DBExecuteError - 0A000: cannot alter type of a column used by a view or rule

DETAIL: Detail redacted as it may contain sensitive data. Specify 'Include Error Detail' in the connection string to include this information.
===========>     (SEVERE)   DB.ExecuteQuery: [80] => 0A000: cannot alter type of a column used by a view or rule

DETAIL: Detail redacted as it may contain sensitive data. Specify 'Include Error Detail' in the connection string to include this information.
----------->     (WARNING)  DB.ExecuteQuery: [80]DBExecuteError - 0A000: cannot alter type of a column used by a view or rule

DETAIL: Detail redacted as it may contain sensitive data. Specify 'Include Error Detail' in the connection string to include this information.
===========>     (SEVERE)   DB.ExecuteQuery: [80] => 42601: syntax error at or near "=@#"

POSITION: 39
----------->     (WARNING)  DB.ExecuteQuery: [80]DBExecuteError - 42601: syntax error at or near "=@#"

POSITION: 39
===========>     (SEVERE)   DB.ExecuteQuery: [80] => 0A000: cannot alter type of a column used by a view or rule

DETAIL: Detail redacted as it may contain sensitive data. Specify 'Include Error Detail' in the connection string to include this information.
----------->     (WARNING)  DB.ExecuteQuery: [80]DBExecuteError - 0A000: cannot alter type of a column used by a view or rule

DETAIL: Detail redacted as it may contain sensitive data. Specify 'Include Error Detail' in the connection string to include this information.
===========>     (SEVERE)   DB.ExecuteQuery: [80] => 0A000: cannot alter type of a column used by a view or rule

DETAIL: Detail redacted as it may contain sensitive data. Specify 'Include Error Detail' in the connection string to include this information.
----------->     (WARNING)  DB.ExecuteQuery: [80]DBExecuteError - 0A000: cannot alter type of a column used by a view or rule

DETAIL: Detail redacted as it may contain sensitive data. Specify 'Include Error Detail' in the connection string to include this information.
===========>     (SEVERE)   DB.ExecuteQuery: [80] => 42601: syntax error at or near "=@"

POSITION: 41
----------->     (WARNING)  DB.ExecuteQuery: [80]DBExecuteError - 42601: syntax error at or near "=@"

POSITION: 41
===========>     (SEVERE)   DB.ExecuteQuery: [80] => 0A000: cannot alter type of a column used by a view or rule

DETAIL: Detail redacted as it may contain sensitive data. Specify 'Include Error Detail' in the connection string to include this information.
----------->     (WARNING)  DB.ExecuteQuery: [80]DBExecuteError - 0A000: cannot alter type of a column used by a view or rule

DETAIL: Detail redacted as it may contain sensitive data. Specify 'Include Error Detail' in the connection string to include this information.
===========>     (SEVERE)   DB.ExecuteQuery: [80] => 42601: syntax error at or near "=@"

POSITION: 35
----------->     (WARNING)  DB.ExecuteQuery: [80]DBExecuteError - 42601: syntax error at or near "=@"

POSITION: 35
===========>     (SEVERE)   DB.ExecuteQuery: [80] => 0A000: cannot alter type of a column used by a view or rule

DETAIL: Detail redacted as it may contain sensitive data. Specify 'Include Error Detail' in the connection string to include this information.
----------->     (WARNING)  DB.ExecuteQuery: [80]DBExecuteError - 0A000: cannot alter type of a column used by a view or rule

DETAIL: Detail redacted as it may contain sensitive data. Specify 'Include Error Detail' in the connection string to include this information.
===========>     (SEVERE)   DB.ExecuteQuery: [80] => 0A000: cannot alter type of a column used by a view or rule

DETAIL: Detail redacted as it may contain sensitive data. Specify 'Include Error Detail' in the connection string to include this information.
----------->     (WARNING)  DB.ExecuteQuery: [80]DBExecuteError - 0A000: cannot alter type of a column used by a view or rule

DETAIL: Detail redacted as it may contain sensitive data. Specify 'Include Error Detail' in the connection string to include this information.
===========>     (SEVERE)   DB.ExecuteQuery: [80] => 0A000: cannot alter type of a column used by a view or rule

DETAIL: Detail redacted as it may contain sensitive data. Specify 'Include Error Detail' in the connection string to include this information.
----------->     (WARNING)  DB.ExecuteQuery: [80]DBExecuteError - 0A000: cannot alter type of a column used by a view or rule

DETAIL: Detail redacted as it may contain sensitive data. Specify 'Include Error Detail' in the connection string to include this information.
===========>     (SEVERE)   DB.ExecuteQuery: [80] => 0A000: cannot alter type of a column used by a view or rule

DETAIL: Detail redacted as it may contain sensitive data. Specify 'Include Error Detail' in the connection string to include this information.
----------->     (WARNING)  DB.ExecuteQuery: [80]DBExecuteError - 0A000: cannot alter type of a column used by a view or rule

DETAIL: Detail redacted as it may contain sensitive data. Specify 'Include Error Detail' in the connection string to include this information.
===========>     (SEVERE)   DB.ExecuteQuery: [80] => 42703: column "y" does not exist

POSITION: 32
----------->     (WARNING)  DB.ExecuteQuery: [80]DBExecuteError - 42703: column "y" does not exist

POSITION: 32
===========>     (SEVERE)   DB.ExecuteQuery: [80] => 0A000: cannot alter type of a column used by a view or rule

DETAIL: Detail redacted as it may contain sensitive data. Specify 'Include Error Detail' in the connection string to include this information.
----------->     (WARNING)  DB.ExecuteQuery: [80]DBExecuteError - 0A000: cannot alter type of a column used by a view or rule

DETAIL: Detail redacted as it may contain sensitive data. Specify 'Include Error Detail' in the connection string to include this information.
===========>     (SEVERE)   DB.ExecuteQuery: [80] => 0A000: cannot alter type of a column used by a view or rule

DETAIL: Detail redacted as it may contain sensitive data. Specify 'Include Error Detail' in the connection string to include this information.
----------->     (WARNING)  DB.ExecuteQuery: [80]DBExecuteError - 0A000: cannot alter type of a column used by a view or rule

DETAIL: Detail redacted as it may contain sensitive data. Specify 'Include Error Detail' in the connection string to include this information.
===========>     (SEVERE)   DB.ExecuteQuery: [80] => 0A000: cannot alter type of a column used by a view or rule

DETAIL: Detail redacted as it may contain sensitive data. Specify 'Include Error Detail' in the connection string to include this information.
----------->     (WARNING)  DB.ExecuteQuery: [80]DBExecuteError - 0A000: cannot alter type of a column used by a view or rule

DETAIL: Detail redacted as it may contain sensitive data. Specify 'Include Error Detail' in the connection string to include this information.
===========>     (SEVERE)   DB.ExecuteQuery: [80] => 42601: syntax error at or near "=@"

POSITION: 45
----------->     (WARNING)  DB.ExecuteQuery: [80]DBExecuteError - 42601: syntax error at or near "=@"

POSITION: 45
===========>     (SEVERE)   DB.ExecuteQuery: [80] => 0A000: cannot alter type of a column used by a view or rule

DETAIL: Detail redacted as it may contain sensitive data. Specify 'Include Error Detail' in the connection string to include this information.
----------->     (WARNING)  DB.ExecuteQuery: [80]DBExecuteError - 0A000: cannot alter type of a column used by a view or rule

DETAIL: Detail redacted as it may contain sensitive data. Specify 'Include Error Detail' in the connection string to include this information.
===========>     (SEVERE)   DB.ExecuteQuery: [80] => 0A000: cannot alter type of a column used by a view or rule

DETAIL: Detail redacted as it may contain sensitive data. Specify 'Include Error Detail' in the connection string to include this information.
----------->     (WARNING)  DB.ExecuteQuery: [80]DBExecuteError - 0A000: cannot alter type of a column used by a view or rule

DETAIL: Detail redacted as it may contain sensitive data. Specify 'Include Error Detail' in the connection string to include this information.
===========>     (SEVERE)   DB.ExecuteQuery: [80] => 0A000: cannot alter type of a column used by a view or rule

DETAIL: Detail redacted as it may contain sensitive data. Specify 'Include Error Detail' in the connection string to include this information.
----------->     (WARNING)  DB.ExecuteQuery: [80]DBExecuteError - 0A000: cannot alter type of a column used by a view or rule

DETAIL: Detail redacted as it may contain sensitive data. Specify 'Include Error Detail' in the connection string to include this information.
===========>     (SEVERE)   DB.ExecuteQuery: [80] => 42703: column "e" does not exist

POSITION: 32
----------->     (WARNING)  DB.ExecuteQuery: [80]DBExecuteError - 42703: column "e" does not exist

POSITION: 32
===========>     (SEVERE)   DB.ExecuteQuery: [80] => 0A000: cannot alter type of a column used by a view or rule

DETAIL: Detail redacted as it may contain sensitive data. Specify 'Include Error Detail' in the connection string to include this information.
----------->     (WARNING)  DB.ExecuteQuery: [80]DBExecuteError - 0A000: cannot alter type of a column used by a view or rule

DETAIL: Detail redacted as it may contain sensitive data. Specify 'Include Error Detail' in the connection string to include this information.
===========>     (SEVERE)   DB.ExecuteQuery: [80] => 0A000: cannot alter type of a column used by a view or rule

DETAIL: Detail redacted as it may contain sensitive data. Specify 'Include Error Detail' in the connection string to include this information.
----------->     (WARNING)  DB.ExecuteQuery: [80]DBExecuteError - 0A000: cannot alter type of a column used by a view or rule

DETAIL: Detail redacted as it may contain sensitive data. Specify 'Include Error Detail' in the connection string to include this information.
===========>     (SEVERE)   DB.ExecuteQuery: [80] => 0A000: cannot alter type of a column used by a view or rule

DETAIL: Detail redacted as it may contain sensitive data. Specify 'Include Error Detail' in the connection string to include this information.
----------->     (WARNING)  DB.ExecuteQuery: [80]DBExecuteError - 0A000: cannot alter type of a column used by a view or rule

DETAIL: Detail redacted as it may contain sensitive data. Specify 'Include Error Detail' in the connection string to include this information.
===========>     (SEVERE)   DB.ExecuteQuery: [80] => 42703: column "k" does not exist

POSITION: 33
----------->     (WARNING)  DB.ExecuteQuery: [80]DBExecuteError - 42703: column "k" does not exist

POSITION: 33
===========>     (SEVERE)   DB.ExecuteQuery: [80] => 0A000: cannot alter type of a column used by a view or rule

DETAIL: Detail redacted as it may contain sensitive data. Specify 'Include Error Detail' in the connection string to include this information.
----------->     (WARNING)  DB.ExecuteQuery: [80]DBExecuteError - 0A000: cannot alter type of a column used by a view or rule

DETAIL: Detail redacted as it may contain sensitive data. Specify 'Include Error Detail' in the connection string to include this information.
===========>     (SEVERE)   DB.ExecuteQuery: [80] => 0A000: cannot alter type of a column used by a view or rule

DETAIL: Detail redacted as it may contain sensitive data. Specify 'Include Error Detail' in the connection string to include this information.
----------->     (WARNING)  DB.ExecuteQuery: [80]DBExecuteError - 0A000: cannot alter type of a column used by a view or rule

DETAIL: Detail redacted as it may contain sensitive data. Specify 'Include Error Detail' in the connection string to include this information.
===========>     (SEVERE)   DB.ExecuteQuery: [80] => 0A000: cannot alter type of a column used by a view or rule

DETAIL: Detail redacted as it may contain sensitive data. Specify 'Include Error Detail' in the connection string to include this information.
----------->     (WARNING)  DB.ExecuteQuery: [80]DBExecuteError - 0A000: cannot alter type of a column used by a view or rule

DETAIL: Detail redacted as it may contain sensitive data. Specify 'Include Error Detail' in the connection string to include this information.
===========>     (SEVERE)   DB.ExecuteQuery: [80] => 42601: syntax error at or near "=@#"

POSITION: 39
----------->     (WARNING)  DB.ExecuteQuery: [80]DBExecuteError - 42601: syntax error at or near "=@#"

POSITION: 39
===========>     (SEVERE)   DB.ExecuteQuery: [80] => 42703: column "y" does not exist

POSITION: 36
----------->     (WARNING)  DB.ExecuteQuery: [80]DBExecuteError - 42703: column "y" does not exist

POSITION: 36
===========>     (SEVERE)   DB.ExecuteQuery: [80] => 0A000: cannot alter type of a column used by a view or rule

DETAIL: Detail redacted as it may contain sensitive data. Specify 'Include Error Detail' in the connection string to include this information.
----------->     (WARNING)  DB.ExecuteQuery: [80]DBExecuteError - 0A000: cannot alter type of a column used by a view or rule

DETAIL: Detail redacted as it may contain sensitive data. Specify 'Include Error Detail' in the connection string to include this information.
===========>     (SEVERE)   DB.ExecuteQuery: [80] => 0A000: cannot alter type of a column used by a view or rule

DETAIL: Detail redacted as it may contain sensitive data. Specify 'Include Error Detail' in the connection string to include this information.
----------->     (WARNING)  DB.ExecuteQuery: [80]DBExecuteError - 0A000: cannot alter type of a column used by a view or rule

DETAIL: Detail redacted as it may contain sensitive data. Specify 'Include Error Detail' in the connection string to include this information.
===========>     (SEVERE)   DB.ExecuteQuery: [80] => 0A000: cannot alter type of a column used by a view or rule

DETAIL: Detail redacted as it may contain sensitive data. Specify 'Include Error Detail' in the connection string to include this information.
----------->     (WARNING)  DB.ExecuteQuery: [80]DBExecuteError - 0A000: cannot alter type of a column used by a view or rule

DETAIL: Detail redacted as it may contain sensitive data. Specify 'Include Error Detail' in the connection string to include this information.
===========>     (SEVERE)   DB.ExecuteQuery: [80] => 0A000: cannot alter type of a column used by a view or rule

DETAIL: Detail redacted as it may contain sensitive data. Specify 'Include Error Detail' in the connection string to include this information.
----------->     (WARNING)  DB.ExecuteQuery: [80]DBExecuteError - 0A000: cannot alter type of a column used by a view or rule

DETAIL: Detail redacted as it may contain sensitive data. Specify 'Include Error Detail' in the connection string to include this information.
===========>     (SEVERE)   DB.ExecuteQuery: [80] => 0A000: cannot alter type of a column used by a view or rule

DETAIL: Detail redacted as it may contain sensitive data. Specify 'Include Error Detail' in the connection string to include this information.
----------->     (WARNING)  DB.ExecuteQuery: [80]DBExecuteError - 0A000: cannot alter type of a column used by a view or rule

DETAIL: Detail redacted as it may contain sensitive data. Specify 'Include Error Detail' in the connection string to include this information.
===========>     (SEVERE)   DB.ExecuteQuery: [80] => 0A000: cannot alter type of a column used by a view or rule

DETAIL: Detail redacted as it may contain sensitive data. Specify 'Include Error Detail' in the connection string to include this information.
----------->     (WARNING)  DB.ExecuteQuery: [80]DBExecuteError - 0A000: cannot alter type of a column used by a view or rule

DETAIL: Detail redacted as it may contain sensitive data. Specify 'Include Error Detail' in the connection string to include this information.
===========>     (SEVERE)   DB.ExecuteQuery: [80] => 0A000: cannot alter type of a column used by a view or rule

DETAIL: Detail redacted as it may contain sensitive data. Specify 'Include Error Detail' in the connection string to include this information.
----------->     (WARNING)  DB.ExecuteQuery: [80]DBExecuteError - 0A000: cannot alter type of a column used by a view or rule

DETAIL: Detail redacted as it may contain sensitive data. Specify 'Include Error Detail' in the connection string to include this information.
===========>     (SEVERE)   DB.ExecuteQuery: [80] => 0A000: cannot alter type of a column used by a view or rule

DETAIL: Detail redacted as it may contain sensitive data. Specify 'Include Error Detail' in the connection string to include this information.
----------->     (WARNING)  DB.ExecuteQuery: [80]DBExecuteError - 0A000: cannot alter type of a column used by a view or rule

DETAIL: Detail redacted as it may contain sensitive data. Specify 'Include Error Detail' in the connection string to include this information.
===========>     (SEVERE)   DB.ExecuteQuery: [80] => 42703: column "dr" does not exist

POSITION: 32
----------->     (WARNING)  DB.ExecuteQuery: [80]DBExecuteError - 42703: column "dr" does not exist

POSITION: 32
===========>     (SEVERE)   DB.ExecuteQuery: [80] => 0A000: cannot alter type of a column used by a view or rule

DETAIL: Detail redacted as it may contain sensitive data. Specify 'Include Error Detail' in the connection string to include this information.
----------->     (WARNING)  DB.ExecuteQuery: [80]DBExecuteError - 0A000: cannot alter type of a column used by a view or rule

DETAIL: Detail redacted as it may contain sensitive data. Specify 'Include Error Detail' in the connection string to include this information.
===========>     (SEVERE)   DB.ExecuteQuery: [80] => 0A000: cannot alter type of a column used by a view or rule

DETAIL: Detail redacted as it may contain sensitive data. Specify 'Include Error Detail' in the connection string to include this information.
----------->     (WARNING)  DB.ExecuteQuery: [80]DBExecuteError - 0A000: cannot alter type of a column used by a view or rule

DETAIL: Detail redacted as it may contain sensitive data. Specify 'Include Error Detail' in the connection string to include this information.
===========>     (SEVERE)   DB.ExecuteQuery: [80] => 0A000: cannot alter type of a column used by a view or rule

DETAIL: Detail redacted as it may contain sensitive data. Specify 'Include Error Detail' in the connection string to include this information.
----------->     (WARNING)  DB.ExecuteQuery: [80]DBExecuteError - 0A000: cannot alter type of a column used by a view or rule

DETAIL: Detail redacted as it may contain sensitive data. Specify 'Include Error Detail' in the connection string to include this information.
===========>     (SEVERE)   DB.ExecuteQuery: [80] => 0A000: cannot alter type of a column used by a view or rule

DETAIL: Detail redacted as it may contain sensitive data. Specify 'Include Error Detail' in the connection string to include this information.
----------->     (WARNING)  DB.ExecuteQuery: [80]DBExecuteError - 0A000: cannot alter type of a column used by a view or rule

DETAIL: Detail redacted as it may contain sensitive data. Specify 'Include Error Detail' in the connection string to include this information.
===========>     (SEVERE)   DB.ExecuteQuery: [80] => 42601: syntax error at or near "=@#"

POSITION: 34
----------->     (WARNING)  DB.ExecuteQuery: [80]DBExecuteError - 42601: syntax error at or near "=@#"

POSITION: 34
===========>     (SEVERE)   DB.ExecuteQuery: [80] => 0A000: cannot alter type of a column used by a view or rule

DETAIL: Detail redacted as it may contain sensitive data. Specify 'Include Error Detail' in the connection string to include this information.
----------->     (WARNING)  DB.ExecuteQuery: [80]DBExecuteError - 0A000: cannot alter type of a column used by a view or rule

DETAIL: Detail redacted as it may contain sensitive data. Specify 'Include Error Detail' in the connection string to include this information.
===========>     (SEVERE)   DB.ExecuteQuery: [80] => 0A000: cannot alter type of a column used by a view or rule

DETAIL: Detail redacted as it may contain sensitive data. Specify 'Include Error Detail' in the connection string to include this information.
----------->     (WARNING)  DB.ExecuteQuery: [80]DBExecuteError - 0A000: cannot alter type of a column used by a view or rule

DETAIL: Detail redacted as it may contain sensitive data. Specify 'Include Error Detail' in the connection string to include this information.
===========>     (SEVERE)   DB.ExecuteQuery: [80] => 0A000: cannot alter type of a column used by a view or rule

DETAIL: Detail redacted as it may contain sensitive data. Specify 'Include Error Detail' in the connection string to include this information.
----------->     (WARNING)  DB.ExecuteQuery: [80]DBExecuteError - 0A000: cannot alter type of a column used by a view or rule

DETAIL: Detail redacted as it may contain sensitive data. Specify 'Include Error Detail' in the connection string to include this information.
===========>     (SEVERE)   DB.ExecuteQuery: [80] => 0A000: cannot alter type of a column used by a view or rule

DETAIL: Detail redacted as it may contain sensitive data. Specify 'Include Error Detail' in the connection string to include this information.
----------->     (WARNING)  DB.ExecuteQuery: [80]DBExecuteError - 0A000: cannot alter type of a column used by a view or rule

DETAIL: Detail redacted as it may contain sensitive data. Specify 'Include Error Detail' in the connection string to include this information.
===========>     (SEVERE)   DB.ExecuteQuery: [80] => 0A000: cannot alter type of a column used by a view or rule

DETAIL: Detail redacted as it may contain sensitive data. Specify 'Include Error Detail' in the connection string to include this information.
----------->     (WARNING)  DB.ExecuteQuery: [80]DBExecuteError - 0A000: cannot alter type of a column used by a view or rule

DETAIL: Detail redacted as it may contain sensitive data. Specify 'Include Error Detail' in the connection string to include this information.
===========>     (SEVERE)   DB.ExecuteQuery: [80] => 42601: syntax error at or near "=@#"

POSITION: 31
----------->     (WARNING)  DB.ExecuteQuery: [80]DBExecuteError - 42601: syntax error at or near "=@#"

POSITION: 31
===========>     (SEVERE)   DB.ExecuteQuery: [80] => 0A000: cannot alter type of a column used by a view or rule

DETAIL: Detail redacted as it may contain sensitive data. Specify 'Include Error Detail' in the connection string to include this information.
----------->     (WARNING)  DB.ExecuteQuery: [80]DBExecuteError - 0A000: cannot alter type of a column used by a view or rule

DETAIL: Detail redacted as it may contain sensitive data. Specify 'Include Error Detail' in the connection string to include this information.
===========>     (SEVERE)   DB.ExecuteQuery: [80] => 0A000: cannot alter type of a column used by a view or rule

DETAIL: Detail redacted as it may contain sensitive data. Specify 'Include Error Detail' in the connection string to include this information.
----------->     (WARNING)  DB.ExecuteQuery: [80]DBExecuteError - 0A000: cannot alter type of a column used by a view or rule

DETAIL: Detail redacted as it may contain sensitive data. Specify 'Include Error Detail' in the connection string to include this information.
===========>     (SEVERE)   DB.ExecuteQuery: [80] => 0A000: cannot alter type of a column used by a view or rule

DETAIL: Detail redacted as it may contain sensitive data. Specify 'Include Error Detail' in the connection string to include this information.
----------->     (WARNING)  DB.ExecuteQuery: [80]DBExecuteError - 0A000: cannot alter type of a column used by a view or rule

DETAIL: Detail redacted as it may contain sensitive data. Specify 'Include Error Detail' in the connection string to include this information.
===========>     (SEVERE)   DB.ExecuteQuery: [80] => 0A000: cannot alter type of a column used by a view or rule

DETAIL: Detail redacted as it may contain sensitive data. Specify 'Include Error Detail' in the connection string to include this information.
----------->     (WARNING)  DB.ExecuteQuery: [80]DBExecuteError - 0A000: cannot alter type of a column used by a view or rule

DETAIL: Detail redacted as it may contain sensitive data. Specify 'Include Error Detail' in the connection string to include this information.
===========>     (SEVERE)   DB.ExecuteQuery: [80] => 42601: syntax error at or near "=@"

POSITION: 35
----------->     (WARNING)  DB.ExecuteQuery: [80]DBExecuteError - 42601: syntax error at or near "=@"

POSITION: 35
===========>     (SEVERE)   DB.ExecuteQuery: [80] => 0A000: cannot alter type of a column used by a view or rule

DETAIL: Detail redacted as it may contain sensitive data. Specify 'Include Error Detail' in the connection string to include this information.
----------->     (WARNING)  DB.ExecuteQuery: [80]DBExecuteError - 0A000: cannot alter type of a column used by a view or rule

DETAIL: Detail redacted as it may contain sensitive data. Specify 'Include Error Detail' in the connection string to include this information.
===========>     (SEVERE)   DB.ExecuteQuery: [80] => 0A000: cannot alter type of a column used by a view or rule

DETAIL: Detail redacted as it may contain sensitive data. Specify 'Include Error Detail' in the connection string to include this information.
----------->     (WARNING)  DB.ExecuteQuery: [80]DBExecuteError - 0A000: cannot alter type of a column used by a view or rule

DETAIL: Detail redacted as it may contain sensitive data. Specify 'Include Error Detail' in the connection string to include this information.
===========>     (SEVERE)   DB.ExecuteQuery: [80] => 0A000: cannot alter type of a column used by a view or rule

DETAIL: Detail redacted as it may contain sensitive data. Specify 'Include Error Detail' in the connection string to include this information.
----------->     (WARNING)  DB.ExecuteQuery: [80]DBExecuteError - 0A000: cannot alter type of a column used by a view or rule

DETAIL: Detail redacted as it may contain sensitive data. Specify 'Include Error Detail' in the connection string to include this information.
===========>     (SEVERE)   DB.ExecuteQuery: [80] => 0A000: cannot alter type of a column used by a view or rule

DETAIL: Detail redacted as it may contain sensitive data. Specify 'Include Error Detail' in the connection string to include this information.
----------->     (WARNING)  DB.ExecuteQuery: [80]DBExecuteError - 0A000: cannot alter type of a column used by a view or rule

DETAIL: Detail redacted as it may contain sensitive data. Specify 'Include Error Detail' in the connection string to include this information.
===========>     (SEVERE)   DB.ExecuteQuery: [80] => 42601: syntax error at or near "=@#"

POSITION: 35
----------->     (WARNING)  DB.ExecuteQuery: [80]DBExecuteError - 42601: syntax error at or near "=@#"

POSITION: 35
===========>     (SEVERE)   DB.ExecuteQuery: [80] => 0A000: cannot alter type of a column used by a view or rule

DETAIL: Detail redacted as it may contain sensitive data. Specify 'Include Error Detail' in the connection string to include this information.
----------->     (WARNING)  DB.ExecuteQuery: [80]DBExecuteError - 0A000: cannot alter type of a column used by a view or rule

DETAIL: Detail redacted as it may contain sensitive data. Specify 'Include Error Detail' in the connection string to include this information.
===========>     (SEVERE)   DB.ExecuteQuery: [80] => 42601: syntax error at or near "=@"

POSITION: 38
----------->     (WARNING)  DB.ExecuteQuery: [80]DBExecuteError - 42601: syntax error at or near "=@"

POSITION: 38
===========>     (SEVERE)   DB.ExecuteQuery: [80] => 0A000: cannot alter type of a column used by a view or rule

DETAIL: Detail redacted as it may contain sensitive data. Specify 'Include Error Detail' in the connection string to include this information.
----------->     (WARNING)  DB.ExecuteQuery: [80]DBExecuteError - 0A000: cannot alter type of a column used by a view or rule

DETAIL: Detail redacted as it may contain sensitive data. Specify 'Include Error Detail' in the connection string to include this information.
===========>     (SEVERE)   DB.ExecuteQuery: [80] => 42703: column "y" does not exist

POSITION: 35
----------->     (WARNING)  DB.ExecuteQuery: [80]DBExecuteError - 42703: column "y" does not exist

POSITION: 35
===========>     (SEVERE)   DB.ExecuteQuery: [80] => 0A000: cannot alter type of a column used by a view or rule

DETAIL: Detail redacted as it may contain sensitive data. Specify 'Include Error Detail' in the connection string to include this information.
----------->     (WARNING)  DB.ExecuteQuery: [80]DBExecuteError - 0A000: cannot alter type of a column used by a view or rule

DETAIL: Detail redacted as it may contain sensitive data. Specify 'Include Error Detail' in the connection string to include this information.
===========>     (SEVERE)   DB.ExecuteQuery: [80] => 0A000: cannot alter type of a column used by a view or rule

DETAIL: Detail redacted as it may contain sensitive data. Specify 'Include Error Detail' in the connection string to include this information.
----------->     (WARNING)  DB.ExecuteQuery: [80]DBExecuteError - 0A000: cannot alter type of a column used by a view or rule

DETAIL: Detail redacted as it may contain sensitive data. Specify 'Include Error Detail' in the connection string to include this information.
===========>     (SEVERE)   DB.ExecuteQuery: [80] => 0A000: cannot alter type of a column used by a view or rule

DETAIL: Detail redacted as it may contain sensitive data. Specify 'Include Error Detail' in the connection string to include this information.
----------->     (WARNING)  DB.ExecuteQuery: [80]DBExecuteError - 0A000: cannot alter type of a column used by a view or rule

DETAIL: Detail redacted as it may contain sensitive data. Specify 'Include Error Detail' in the connection string to include this information.
===========>     (SEVERE)   DB.ExecuteQuery: [80] => 0A000: cannot alter type of a column used by a view or rule

DETAIL: Detail redacted as it may contain sensitive data. Specify 'Include Error Detail' in the connection string to include this information.
----------->     (WARNING)  DB.ExecuteQuery: [80]DBExecuteError - 0A000: cannot alter type of a column used by a view or rule

DETAIL: Detail redacted as it may contain sensitive data. Specify 'Include Error Detail' in the connection string to include this information.
===========>     (SEVERE)   DB.ExecuteQuery: [80] => 0A000: cannot alter type of a column used by a view or rule

DETAIL: Detail redacted as it may contain sensitive data. Specify 'Include Error Detail' in the connection string to include this information.
----------->     (WARNING)  DB.ExecuteQuery: [80]DBExecuteError - 0A000: cannot alter type of a column used by a view or rule

DETAIL: Detail redacted as it may contain sensitive data. Specify 'Include Error Detail' in the connection string to include this information.
===========>     (SEVERE)   DB.ExecuteQuery: [80] => 42601: syntax error at or near "=@#"

POSITION: 31
----------->     (WARNING)  DB.ExecuteQuery: [80]DBExecuteError - 42601: syntax error at or near "=@#"

POSITION: 31
===========>     (SEVERE)   DB.ExecuteQuery: [80] => 42703: column "y" does not exist

POSITION: 32
----------->     (WARNING)  DB.ExecuteQuery: [80]DBExecuteError - 42703: column "y" does not exist

POSITION: 32
===========>     (SEVERE)   DB.ExecuteQuery: [80] => 0A000: cannot alter type of a column used by a view or rule

DETAIL: Detail redacted as it may contain sensitive data. Specify 'Include Error Detail' in the connection string to include this information.
----------->     (WARNING)  DB.ExecuteQuery: [80]DBExecuteError - 0A000: cannot alter type of a column used by a view or rule

DETAIL: Detail redacted as it may contain sensitive data. Specify 'Include Error Detail' in the connection string to include this information.
===========>     (SEVERE)   DB.ExecuteQuery: [80] => 0A000: cannot alter type of a column used by a view or rule

DETAIL: Detail redacted as it may contain sensitive data. Specify 'Include Error Detail' in the connection string to include this information.
----------->     (WARNING)  DB.ExecuteQuery: [80]DBExecuteError - 0A000: cannot alter type of a column used by a view or rule

DETAIL: Detail redacted as it may contain sensitive data. Specify 'Include Error Detail' in the connection string to include this information.
===========>     (SEVERE)   DB.ExecuteQuery: [80] => 42601: syntax error at or near "=@#"

POSITION: 31
----------->     (WARNING)  DB.ExecuteQuery: [80]DBExecuteError - 42601: syntax error at or near "=@#"

POSITION: 31
===========>     (SEVERE)   DB.ExecuteQuery: [80] => 0A000: cannot alter type of a column used by a view or rule

DETAIL: Detail redacted as it may contain sensitive data. Specify 'Include Error Detail' in the connection string to include this information.
----------->     (WARNING)  DB.ExecuteQuery: [80]DBExecuteError - 0A000: cannot alter type of a column used by a view or rule

DETAIL: Detail redacted as it may contain sensitive data. Specify 'Include Error Detail' in the connection string to include this information.
===========>     (SEVERE)   DB.ExecuteQuery: [80] => 0A000: cannot alter type of a column used by a view or rule

DETAIL: Detail redacted as it may contain sensitive data. Specify 'Include Error Detail' in the connection string to include this information.
----------->     (WARNING)  DB.ExecuteQuery: [80]DBExecuteError - 0A000: cannot alter type of a column used by a view or rule

DETAIL: Detail redacted as it may contain sensitive data. Specify 'Include Error Detail' in the connection string to include this information.
===========>     (SEVERE)   DB.ExecuteQuery: [80] => 0A000: cannot alter type of a column used by a view or rule

DETAIL: Detail redacted as it may contain sensitive data. Specify 'Include Error Detail' in the connection string to include this information.
----------->     (WARNING)  DB.ExecuteQuery: [80]DBExecuteError - 0A000: cannot alter type of a column used by a view or rule

DETAIL: Detail redacted as it may contain sensitive data. Specify 'Include Error Detail' in the connection string to include this information.
===========>     (SEVERE)   DB.ExecuteQuery: [80] => 0A000: cannot alter type of a column used by a view or rule

DETAIL: Detail redacted as it may contain sensitive data. Specify 'Include Error Detail' in the connection string to include this information.
----------->     (WARNING)  DB.ExecuteQuery: [80]DBExecuteError - 0A000: cannot alter type of a column used by a view or rule

DETAIL: Detail redacted as it may contain sensitive data. Specify 'Include Error Detail' in the connection string to include this information.
===========>     (SEVERE)   DB.ExecuteQuery: [80] => 42601: syntax error at or near "=@"

POSITION: 41
----------->     (WARNING)  DB.ExecuteQuery: [80]DBExecuteError - 42601: syntax error at or near "=@"

POSITION: 41
===========>     (SEVERE)   DB.ExecuteQuery: [80] => 0A000: cannot alter type of a column used by a view or rule

DETAIL: Detail redacted as it may contain sensitive data. Specify 'Include Error Detail' in the connection string to include this information.
----------->     (WARNING)  DB.ExecuteQuery: [80]DBExecuteError - 0A000: cannot alter type of a column used by a view or rule

DETAIL: Detail redacted as it may contain sensitive data. Specify 'Include Error Detail' in the connection string to include this information.
===========>     (SEVERE)   DB.ExecuteQuery: [80] => 42601: syntax error at or near "=@#"

POSITION: 33
----------->     (WARNING)  DB.ExecuteQuery: [80]DBExecuteError - 42601: syntax error at or near "=@#"

POSITION: 33
===========>     (SEVERE)   DB.ExecuteQuery: [80] => 0A000: cannot alter type of a column used by a view or rule

DETAIL: Detail redacted as it may contain sensitive data. Specify 'Include Error Detail' in the connection string to include this information.
----------->     (WARNING)  DB.ExecuteQuery: [80]DBExecuteError - 0A000: cannot alter type of a column used by a view or rule

DETAIL: Detail redacted as it may contain sensitive data. Specify 'Include Error Detail' in the connection string to include this information.
===========>     (SEVERE)   DB.ExecuteQuery: [80] => 42601: syntax error at or near "=@"

POSITION: 44
----------->     (WARNING)  DB.ExecuteQuery: [80]DBExecuteError - 42601: syntax error at or near "=@"

POSITION: 44
===========>     (SEVERE)   DB.ExecuteQuery: [80] => 42703: column "y" does not exist

POSITION: 40
----------->     (WARNING)  DB.ExecuteQuery: [80]DBExecuteError - 42703: column "y" does not exist

POSITION: 40
===========>     (SEVERE)   DB.ExecuteQuery: [80] => 0A000: cannot alter type of a column used by a view or rule

DETAIL: Detail redacted as it may contain sensitive data. Specify 'Include Error Detail' in the connection string to include this information.
----------->     (WARNING)  DB.ExecuteQuery: [80]DBExecuteError - 0A000: cannot alter type of a column used by a view or rule

DETAIL: Detail redacted as it may contain sensitive data. Specify 'Include Error Detail' in the connection string to include this information.
===========>     (SEVERE)   DB.ExecuteQuery: [80] => 0A000: cannot alter type of a column used by a view or rule

DETAIL: Detail redacted as it may contain sensitive data. Specify 'Include Error Detail' in the connection string to include this information.
----------->     (WARNING)  DB.ExecuteQuery: [80]DBExecuteError - 0A000: cannot alter type of a column used by a view or rule

DETAIL: Detail redacted as it may contain sensitive data. Specify 'Include Error Detail' in the connection string to include this information.
===========>     (SEVERE)   DB.ExecuteQuery: [80] => 0A000: cannot alter type of a column used by a view or rule

DETAIL: Detail redacted as it may contain sensitive data. Specify 'Include Error Detail' in the connection string to include this information.
----------->     (WARNING)  DB.ExecuteQuery: [80]DBExecuteError - 0A000: cannot alter type of a column used by a view or rule

DETAIL: Detail redacted as it may contain sensitive data. Specify 'Include Error Detail' in the connection string to include this information.
===========>     (SEVERE)   DB.ExecuteQuery: [80] => 0A000: cannot alter type of a column used by a view or rule

DETAIL: Detail redacted as it may contain sensitive data. Specify 'Include Error Detail' in the connection string to include this information.
----------->     (WARNING)  DB.ExecuteQuery: [80]DBExecuteError - 0A000: cannot alter type of a column used by a view or rule

DETAIL: Detail redacted as it may contain sensitive data. Specify 'Include Error Detail' in the connection string to include this information.
===========>     (SEVERE)   DB.ExecuteQuery: [80] => 0A000: cannot alter type of a column used by a view or rule

DETAIL: Detail redacted as it may contain sensitive data. Specify 'Include Error Detail' in the connection string to include this information.
----------->     (WARNING)  DB.ExecuteQuery: [80]DBExecuteError - 0A000: cannot alter type of a column used by a view or rule

DETAIL: Detail redacted as it may contain sensitive data. Specify 'Include Error Detail' in the connection string to include this information.
===========>     (SEVERE)   DB.ExecuteQuery: [80] => 0A000: cannot alter type of a column used by a view or rule

DETAIL: Detail redacted as it may contain sensitive data. Specify 'Include Error Detail' in the connection string to include this information.
----------->     (WARNING)  DB.ExecuteQuery: [80]DBExecuteError - 0A000: cannot alter type of a column used by a view or rule

DETAIL: Detail redacted as it may contain sensitive data. Specify 'Include Error Detail' in the connection string to include this information.
===========>     (SEVERE)   DB.ExecuteQuery: [80] => 0A000: cannot alter type of a column used by a view or rule

DETAIL: Detail redacted as it may contain sensitive data. Specify 'Include Error Detail' in the connection string to include this information.
----------->     (WARNING)  DB.ExecuteQuery: [80]DBExecuteError - 0A000: cannot alter type of a column used by a view or rule

DETAIL: Detail redacted as it may contain sensitive data. Specify 'Include Error Detail' in the connection string to include this information.
===========>     (SEVERE)   DB.ExecuteQuery: [80] => 42703: column "y" does not exist

POSITION: 31
----------->     (WARNING)  DB.ExecuteQuery: [80]DBExecuteError - 42703: column "y" does not exist

POSITION: 31
===========>     (SEVERE)   DB.ExecuteQuery: [80] => 0A000: cannot alter type of a column used by a view or rule

DETAIL: Detail redacted as it may contain sensitive data. Specify 'Include Error Detail' in the connection string to include this information.
----------->     (WARNING)  DB.ExecuteQuery: [80]DBExecuteError - 0A000: cannot alter type of a column used by a view or rule

DETAIL: Detail redacted as it may contain sensitive data. Specify 'Include Error Detail' in the connection string to include this information.
===========>     (SEVERE)   DB.ExecuteQuery: [80] => 42601: syntax error at or near "=@#"

POSITION: 31
----------->     (WARNING)  DB.ExecuteQuery: [80]DBExecuteError - 42601: syntax error at or near "=@#"

POSITION: 31
===========>     (SEVERE)   DB.ExecuteQuery: [80] => 0A000: cannot alter type of a column used by a view or rule

DETAIL: Detail redacted as it may contain sensitive data. Specify 'Include Error Detail' in the connection string to include this information.
----------->     (WARNING)  DB.ExecuteQuery: [80]DBExecuteError - 0A000: cannot alter type of a column used by a view or rule

DETAIL: Detail redacted as it may contain sensitive data. Specify 'Include Error Detail' in the connection string to include this information.
===========>     (SEVERE)   DB.ExecuteQuery: [80] => 0A000: cannot alter type of a column used by a view or rule

DETAIL: Detail redacted as it may contain sensitive data. Specify 'Include Error Detail' in the connection string to include this information.
----------->     (WARNING)  DB.ExecuteQuery: [80]DBExecuteError - 0A000: cannot alter type of a column used by a view or rule

DETAIL: Detail redacted as it may contain sensitive data. Specify 'Include Error Detail' in the connection string to include this information.
===========>     (SEVERE)   DB.ExecuteQuery: [80] => 42601: syntax error at or near "=@"

POSITION: 39
----------->     (WARNING)  DB.ExecuteQuery: [80]DBExecuteError - 42601: syntax error at or near "=@"

POSITION: 39
===========>     (SEVERE)   DB.ExecuteQuery: [80] => 42601: syntax error at or near "=@"

POSITION: 41
----------->     (WARNING)  DB.ExecuteQuery: [80]DBExecuteError - 42601: syntax error at or near "=@"

POSITION: 41
===========>     (SEVERE)   DB.ExecuteQuery: [80] => 0A000: cannot alter type of a column used by a view or rule

DETAIL: Detail redacted as it may contain sensitive data. Specify 'Include Error Detail' in the connection string to include this information.
----------->     (WARNING)  DB.ExecuteQuery: [80]DBExecuteError - 0A000: cannot alter type of a column used by a view or rule

DETAIL: Detail redacted as it may contain sensitive data. Specify 'Include Error Detail' in the connection string to include this information.
===========>     (SEVERE)   DB.ExecuteQuery: [80] => 0A000: cannot alter type of a column used by a view or rule

DETAIL: Detail redacted as it may contain sensitive data. Specify 'Include Error Detail' in the connection string to include this information.
----------->     (WARNING)  DB.ExecuteQuery: [80]DBExecuteError - 0A000: cannot alter type of a column used by a view or rule

DETAIL: Detail redacted as it may contain sensitive data. Specify 'Include Error Detail' in the connection string to include this information.
===========>     (SEVERE)   DB.ExecuteQuery: [80] => 42601: syntax error at or near "=@"

POSITION: 41
----------->     (WARNING)  DB.ExecuteQuery: [80]DBExecuteError - 42601: syntax error at or near "=@"

POSITION: 41
===========>     (SEVERE)   DB.ExecuteQuery: [80] => 0A000: cannot alter type of a column used by a view or rule

DETAIL: Detail redacted as it may contain sensitive data. Specify 'Include Error Detail' in the connection string to include this information.
----------->     (WARNING)  DB.ExecuteQuery: [80]DBExecuteError - 0A000: cannot alter type of a column used by a view or rule

DETAIL: Detail redacted as it may contain sensitive data. Specify 'Include Error Detail' in the connection string to include this information.
===========>     (SEVERE)   DB.ExecuteQuery: [80] => 0A000: cannot alter type of a column used by a view or rule

DETAIL: Detail redacted as it may contain sensitive data. Specify 'Include Error Detail' in the connection string to include this information.
----------->     (WARNING)  DB.ExecuteQuery: [80]DBExecuteError - 0A000: cannot alter type of a column used by a view or rule

DETAIL: Detail redacted as it may contain sensitive data. Specify 'Include Error Detail' in the connection string to include this information.
===========>     (SEVERE)   DB.ExecuteQuery: [80] => 42703: column "y" does not exist

POSITION: 30
----------->     (WARNING)  DB.ExecuteQuery: [80]DBExecuteError - 42703: column "y" does not exist

POSITION: 30
===========>     (SEVERE)   DB.ExecuteQuery: [80] => 0A000: cannot alter type of a column used by a view or rule

DETAIL: Detail redacted as it may contain sensitive data. Specify 'Include Error Detail' in the connection string to include this information.
----------->     (WARNING)  DB.ExecuteQuery: [80]DBExecuteError - 0A000: cannot alter type of a column used by a view or rule

DETAIL: Detail redacted as it may contain sensitive data. Specify 'Include Error Detail' in the connection string to include this information.
===========>     (SEVERE)   DB.ExecuteQuery: [80] => 42601: syntax error at or near "=@"

POSITION: 39
----------->     (WARNING)  DB.ExecuteQuery: [80]DBExecuteError - 42601: syntax error at or near "=@"

POSITION: 39
===========>     (SEVERE)   DB.ExecuteQuery: [80] => 0A000: cannot alter type of a column used by a view or rule

DETAIL: Detail redacted as it may contain sensitive data. Specify 'Include Error Detail' in the connection string to include this information.
----------->     (WARNING)  DB.ExecuteQuery: [80]DBExecuteError - 0A000: cannot alter type of a column used by a view or rule

DETAIL: Detail redacted as it may contain sensitive data. Specify 'Include Error Detail' in the connection string to include this information.
===========>     (SEVERE)   DB.ExecuteQuery: [80] => 0A000: cannot alter type of a column used by a view or rule

DETAIL: Detail redacted as it may contain sensitive data. Specify 'Include Error Detail' in the connection string to include this information.
----------->     (WARNING)  DB.ExecuteQuery: [80]DBExecuteError - 0A000: cannot alter type of a column used by a view or rule

DETAIL: Detail redacted as it may contain sensitive data. Specify 'Include Error Detail' in the connection string to include this information.
===========>     (SEVERE)   DB.ExecuteQuery: [80] => 0A000: cannot alter type of a column used by a view or rule

DETAIL: Detail redacted as it may contain sensitive data. Specify 'Include Error Detail' in the connection string to include this information.
----------->     (WARNING)  DB.ExecuteQuery: [80]DBExecuteError - 0A000: cannot alter type of a column used by a view or rule

DETAIL: Detail redacted as it may contain sensitive data. Specify 'Include Error Detail' in the connection string to include this information.
===========>     (SEVERE)   DB.ExecuteQuery: [80] => 0A000: cannot alter type of a column used by a view or rule

DETAIL: Detail redacted as it may contain sensitive data. Specify 'Include Error Detail' in the connection string to include this information.
----------->     (WARNING)  DB.ExecuteQuery: [80]DBExecuteError - 0A000: cannot alter type of a column used by a view or rule

DETAIL: Detail redacted as it may contain sensitive data. Specify 'Include Error Detail' in the connection string to include this information.
===========>     (SEVERE)   DB.ExecuteQuery: [80] => 0A000: cannot alter type of a column used by a view or rule

DETAIL: Detail redacted as it may contain sensitive data. Specify 'Include Error Detail' in the connection string to include this information.
----------->     (WARNING)  DB.ExecuteQuery: [80]DBExecuteError - 0A000: cannot alter type of a column used by a view or rule

DETAIL: Detail redacted as it may contain sensitive data. Specify 'Include Error Detail' in the connection string to include this information.
===========>     (SEVERE)   DB.ExecuteQuery: [80] => 0A000: cannot alter type of a column used by a view or rule

DETAIL: Detail redacted as it may contain sensitive data. Specify 'Include Error Detail' in the connection string to include this information.
----------->     (WARNING)  DB.ExecuteQuery: [80]DBExecuteError - 0A000: cannot alter type of a column used by a view or rule

DETAIL: Detail redacted as it may contain sensitive data. Specify 'Include Error Detail' in the connection string to include this information.
===========>     (SEVERE)   DB.ExecuteQuery: [80] => 42703: column "n" does not exist

POSITION: 29
----------->     (WARNING)  DB.ExecuteQuery: [80]DBExecuteError - 42703: column "n" does not exist

POSITION: 29
===========>     (SEVERE)   DB.ExecuteQuery: [80] => 42601: syntax error at or near "=@"

POSITION: 38
----------->     (WARNING)  DB.ExecuteQuery: [80]DBExecuteError - 42601: syntax error at or near "=@"

POSITION: 38
===========>     (SEVERE)   DB.ExecuteQuery: [80] => 0A000: cannot alter type of a column used by a view or rule

DETAIL: Detail redacted as it may contain sensitive data. Specify 'Include Error Detail' in the connection string to include this information.
----------->     (WARNING)  DB.ExecuteQuery: [80]DBExecuteError - 0A000: cannot alter type of a column used by a view or rule

DETAIL: Detail redacted as it may contain sensitive data. Specify 'Include Error Detail' in the connection string to include this information.
===========>     (SEVERE)   DB.ExecuteQuery: [80] => 0A000: cannot alter type of a column used by a view or rule

DETAIL: Detail redacted as it may contain sensitive data. Specify 'Include Error Detail' in the connection string to include this information.
----------->     (WARNING)  DB.ExecuteQuery: [80]DBExecuteError - 0A000: cannot alter type of a column used by a view or rule

DETAIL: Detail redacted as it may contain sensitive data. Specify 'Include Error Detail' in the connection string to include this information.
===========>     (SEVERE)   DB.ExecuteQuery: [80] => 0A000: cannot alter type of a column used by a view or rule

DETAIL: Detail redacted as it may contain sensitive data. Specify 'Include Error Detail' in the connection string to include this information.
----------->     (WARNING)  DB.ExecuteQuery: [80]DBExecuteError - 0A000: cannot alter type of a column used by a view or rule

DETAIL: Detail redacted as it may contain sensitive data. Specify 'Include Error Detail' in the connection string to include this information.
===========>     (SEVERE)   DB.ExecuteQuery: [80] => 0A000: cannot alter type of a column used by a view or rule

DETAIL: Detail redacted as it may contain sensitive data. Specify 'Include Error Detail' in the connection string to include this information.
----------->     (WARNING)  DB.ExecuteQuery: [80]DBExecuteError - 0A000: cannot alter type of a column used by a view or rule

DETAIL: Detail redacted as it may contain sensitive data. Specify 'Include Error Detail' in the connection string to include this information.
===========>     (SEVERE)   DB.ExecuteQuery: [80] => 0A000: cannot alter type of a column used by a view or rule

DETAIL: Detail redacted as it may contain sensitive data. Specify 'Include Error Detail' in the connection string to include this information.
----------->     (WARNING)  DB.ExecuteQuery: [80]DBExecuteError - 0A000: cannot alter type of a column used by a view or rule

DETAIL: Detail redacted as it may contain sensitive data. Specify 'Include Error Detail' in the connection string to include this information.
===========>     (SEVERE)   DB.ExecuteQuery: [80] => 0A000: cannot alter type of a column used by a view or rule

DETAIL: Detail redacted as it may contain sensitive data. Specify 'Include Error Detail' in the connection string to include this information.
----------->     (WARNING)  DB.ExecuteQuery: [80]DBExecuteError - 0A000: cannot alter type of a column used by a view or rule

DETAIL: Detail redacted as it may contain sensitive data. Specify 'Include Error Detail' in the connection string to include this information.
===========>     (SEVERE)   DB.ExecuteQuery: [80] => 0A000: cannot alter type of a column used by a view or rule

DETAIL: Detail redacted as it may contain sensitive data. Specify 'Include Error Detail' in the connection string to include this information.
----------->     (WARNING)  DB.ExecuteQuery: [80]DBExecuteError - 0A000: cannot alter type of a column used by a view or rule

DETAIL: Detail redacted as it may contain sensitive data. Specify 'Include Error Detail' in the connection string to include this information.
===========>     (SEVERE)   DB.ExecuteQuery: [80] => 42601: syntax error at or near "=@#"

POSITION: 34
----------->     (WARNING)  DB.ExecuteQuery: [80]DBExecuteError - 42601: syntax error at or near "=@#"

POSITION: 34
===========>     (SEVERE)   DB.ExecuteQuery: [80] => 0A000: cannot alter type of a column used by a view or rule

DETAIL: Detail redacted as it may contain sensitive data. Specify 'Include Error Detail' in the connection string to include this information.
----------->     (WARNING)  DB.ExecuteQuery: [80]DBExecuteError - 0A000: cannot alter type of a column used by a view or rule

DETAIL: Detail redacted as it may contain sensitive data. Specify 'Include Error Detail' in the connection string to include this information.
===========>     (SEVERE)   DB.ExecuteQuery: [80] => 0A000: cannot alter type of a column used by a view or rule

DETAIL: Detail redacted as it may contain sensitive data. Specify 'Include Error Detail' in the connection string to include this information.
----------->     (WARNING)  DB.ExecuteQuery: [80]DBExecuteError - 0A000: cannot alter type of a column used by a view or rule

DETAIL: Detail redacted as it may contain sensitive data. Specify 'Include Error Detail' in the connection string to include this information.
===========>     (SEVERE)   DB.ExecuteQuery: [80] => 0A000: cannot alter type of a column used by a view or rule

DETAIL: Detail redacted as it may contain sensitive data. Specify 'Include Error Detail' in the connection string to include this information.
----------->     (WARNING)  DB.ExecuteQuery: [80]DBExecuteError - 0A000: cannot alter type of a column used by a view or rule

DETAIL: Detail redacted as it may contain sensitive data. Specify 'Include Error Detail' in the connection string to include this information.
===========>     (SEVERE)   DB.ExecuteQuery: [80] => 0A000: cannot alter type of a column used by a view or rule

DETAIL: Detail redacted as it may contain sensitive data. Specify 'Include Error Detail' in the connection string to include this information.
----------->     (WARNING)  DB.ExecuteQuery: [80]DBExecuteError - 0A000: cannot alter type of a column used by a view or rule

DETAIL: Detail redacted as it may contain sensitive data. Specify 'Include Error Detail' in the connection string to include this information.
===========>     (SEVERE)   DB.ExecuteQuery: [80] => 0A000: cannot alter type of a column used by a view or rule

DETAIL: Detail redacted as it may contain sensitive data. Specify 'Include Error Detail' in the connection string to include this information.
----------->     (WARNING)  DB.ExecuteQuery: [80]DBExecuteError - 0A000: cannot alter type of a column used by a view or rule

DETAIL: Detail redacted as it may contain sensitive data. Specify 'Include Error Detail' in the connection string to include this information.
===========>     (SEVERE)   DB.ExecuteQuery: [80] => 0A000: cannot alter type of a column used by a view or rule

DETAIL: Detail redacted as it may contain sensitive data. Specify 'Include Error Detail' in the connection string to include this information.
----------->     (WARNING)  DB.ExecuteQuery: [80]DBExecuteError - 0A000: cannot alter type of a column used by a view or rule

DETAIL: Detail redacted as it may contain sensitive data. Specify 'Include Error Detail' in the connection string to include this information.
===========>     (SEVERE)   DB.ExecuteQuery: [80] => 0A000: cannot alter type of a column used by a view or rule

DETAIL: Detail redacted as it may contain sensitive data. Specify 'Include Error Detail' in the connection string to include this information.
----------->     (WARNING)  DB.ExecuteQuery: [80]DBExecuteError - 0A000: cannot alter type of a column used by a view or rule

DETAIL: Detail redacted as it may contain sensitive data. Specify 'Include Error Detail' in the connection string to include this information.
===========>     (SEVERE)   DB.ExecuteQuery: [80] => 42703: column "y" does not exist

POSITION: 41
----------->     (WARNING)  DB.ExecuteQuery: [80]DBExecuteError - 42703: column "y" does not exist

POSITION: 41
===========>     (SEVERE)   DB.ExecuteQuery: [80] => 42703: column "y" does not exist

POSITION: 38
----------->     (WARNING)  DB.ExecuteQuery: [80]DBExecuteError - 42703: column "y" does not exist

POSITION: 38
===========>     (SEVERE)   DB.ExecuteQuery: [80] => 42601: syntax error at or near "=@"

POSITION: 39
----------->     (WARNING)  DB.ExecuteQuery: [80]DBExecuteError - 42601: syntax error at or near "=@"

POSITION: 39
===========>     (SEVERE)   DB.ExecuteQuery: [80] => 0A000: cannot alter type of a column used by a view or rule

DETAIL: Detail redacted as it may contain sensitive data. Specify 'Include Error Detail' in the connection string to include this information.
----------->     (WARNING)  DB.ExecuteQuery: [80]DBExecuteError - 0A000: cannot alter type of a column used by a view or rule

DETAIL: Detail redacted as it may contain sensitive data. Specify 'Include Error Detail' in the connection string to include this information.
===========>     (SEVERE)   DB.ExecuteQuery: [80] => 0A000: cannot alter type of a column used by a view or rule

DETAIL: Detail redacted as it may contain sensitive data. Specify 'Include Error Detail' in the connection string to include this information.
----------->     (WARNING)  DB.ExecuteQuery: [80]DBExecuteError - 0A000: cannot alter type of a column used by a view or rule

DETAIL: Detail redacted as it may contain sensitive data. Specify 'Include Error Detail' in the connection string to include this information.
===========>     (SEVERE)   DB.ExecuteQuery: [80] => 0A000: cannot alter type of a column used by a view or rule

DETAIL: Detail redacted as it may contain sensitive data. Specify 'Include Error Detail' in the connection string to include this information.
----------->     (WARNING)  DB.ExecuteQuery: [80]DBExecuteError - 0A000: cannot alter type of a column used by a view or rule

DETAIL: Detail redacted as it may contain sensitive data. Specify 'Include Error Detail' in the connection string to include this information.
===========>     (SEVERE)   DB.ExecuteQuery: [80] => 42601: syntax error at or near "=@#"

POSITION: 33
----------->     (WARNING)  DB.ExecuteQuery: [80]DBExecuteError - 42601: syntax error at or near "=@#"

POSITION: 33
===========>     (SEVERE)   DB.ExecuteQuery: [80] => 42703: column "y" does not exist

POSITION: 28
----------->     (WARNING)  DB.ExecuteQuery: [80]DBExecuteError - 42703: column "y" does not exist

POSITION: 28
===========>     (SEVERE)   DB.ExecuteQuery: [80] => 0A000: cannot alter type of a column used by a view or rule

DETAIL: Detail redacted as it may contain sensitive data. Specify 'Include Error Detail' in the connection string to include this information.
----------->     (WARNING)  DB.ExecuteQuery: [80]DBExecuteError - 0A000: cannot alter type of a column used by a view or rule

DETAIL: Detail redacted as it may contain sensitive data. Specify 'Include Error Detail' in the connection string to include this information.
===========>     (SEVERE)   DB.ExecuteQuery: [80] => 0A000: cannot alter type of a column used by a view or rule

DETAIL: Detail redacted as it may contain sensitive data. Specify 'Include Error Detail' in the connection string to include this information.
----------->     (WARNING)  DB.ExecuteQuery: [80]DBExecuteError - 0A000: cannot alter type of a column used by a view or rule

DETAIL: Detail redacted as it may contain sensitive data. Specify 'Include Error Detail' in the connection string to include this information.
===========>     (SEVERE)   DB.ExecuteQuery: [80] => 42601: syntax error at or near "=@"

POSITION: 33
----------->     (WARNING)  DB.ExecuteQuery: [80]DBExecuteError - 42601: syntax error at or near "=@"

POSITION: 33
===========>     (SEVERE)   DB.ExecuteQuery: [80] => 0A000: cannot alter type of a column used by a view or rule

DETAIL: Detail redacted as it may contain sensitive data. Specify 'Include Error Detail' in the connection string to include this information.
----------->     (WARNING)  DB.ExecuteQuery: [80]DBExecuteError - 0A000: cannot alter type of a column used by a view or rule

DETAIL: Detail redacted as it may contain sensitive data. Specify 'Include Error Detail' in the connection string to include this information.
===========>     (SEVERE)   DB.ExecuteQuery: [80] => 42703: column "y" does not exist

POSITION: 31
----------->     (WARNING)  DB.ExecuteQuery: [80]DBExecuteError - 42703: column "y" does not exist

POSITION: 31
===========>     (SEVERE)   DB.ExecuteQuery: [80] => 0A000: cannot alter type of a column used by a view or rule

DETAIL: Detail redacted as it may contain sensitive data. Specify 'Include Error Detail' in the connection string to include this information.
----------->     (WARNING)  DB.ExecuteQuery: [80]DBExecuteError - 0A000: cannot alter type of a column used by a view or rule

DETAIL: Detail redacted as it may contain sensitive data. Specify 'Include Error Detail' in the connection string to include this information.
===========>     (SEVERE)   DB.ExecuteQuery: [80] => 42601: syntax error at or near "=@#"

POSITION: 31
----------->     (WARNING)  DB.ExecuteQuery: [80]DBExecuteError - 42601: syntax error at or near "=@#"

POSITION: 31
===========>     (SEVERE)   DB.ExecuteQuery: [80] => 0A000: cannot alter type of a column used by a view or rule

DETAIL: Detail redacted as it may contain sensitive data. Specify 'Include Error Detail' in the connection string to include this information.
----------->     (WARNING)  DB.ExecuteQuery: [80]DBExecuteError - 0A000: cannot alter type of a column used by a view or rule

DETAIL: Detail redacted as it may contain sensitive data. Specify 'Include Error Detail' in the connection string to include this information.
===========>     (SEVERE)   DB.ExecuteQuery: [80] => 0A000: cannot alter type of a column used by a view or rule

DETAIL: Detail redacted as it may contain sensitive data. Specify 'Include Error Detail' in the connection string to include this information.
----------->     (WARNING)  DB.ExecuteQuery: [80]DBExecuteError - 0A000: cannot alter type of a column used by a view or rule

DETAIL: Detail redacted as it may contain sensitive data. Specify 'Include Error Detail' in the connection string to include this information.
===========>     (SEVERE)   DB.ExecuteQuery: [80] => 42601: syntax error at or near "=@#"

POSITION: 36
----------->     (WARNING)  DB.ExecuteQuery: [80]DBExecuteError - 42601: syntax error at or near "=@#"

POSITION: 36
===========>     (SEVERE)   DB.ExecuteQuery: [80] => 0A000: cannot alter type of a column used by a view or rule

DETAIL: Detail redacted as it may contain sensitive data. Specify 'Include Error Detail' in the connection string to include this information.
----------->     (WARNING)  DB.ExecuteQuery: [80]DBExecuteError - 0A000: cannot alter type of a column used by a view or rule

DETAIL: Detail redacted as it may contain sensitive data. Specify 'Include Error Detail' in the connection string to include this information.
===========>     (SEVERE)   DB.ExecuteQuery: [80] => 42601: syntax error at or near "=@#"

POSITION: 32
----------->     (WARNING)  DB.ExecuteQuery: [80]DBExecuteError - 42601: syntax error at or near "=@#"

POSITION: 32
===========>     (SEVERE)   DB.ExecuteQuery: [80] => 0A000: cannot alter type of a column used by a view or rule

DETAIL: Detail redacted as it may contain sensitive data. Specify 'Include Error Detail' in the connection string to include this information.
----------->     (WARNING)  DB.ExecuteQuery: [80]DBExecuteError - 0A000: cannot alter type of a column used by a view or rule

DETAIL: Detail redacted as it may contain sensitive data. Specify 'Include Error Detail' in the connection string to include this information.
===========>     (SEVERE)   DB.ExecuteQuery: [80] => 42601: syntax error at or near "=@#"

POSITION: 35
----------->     (WARNING)  DB.ExecuteQuery: [80]DBExecuteError - 42601: syntax error at or near "=@#"

POSITION: 35
===========>     (SEVERE)   DB.ExecuteQuery: [80] => 0A000: cannot alter type of a column used by a view or rule

DETAIL: Detail redacted as it may contain sensitive data. Specify 'Include Error Detail' in the connection string to include this information.
----------->     (WARNING)  DB.ExecuteQuery: [80]DBExecuteError - 0A000: cannot alter type of a column used by a view or rule

DETAIL: Detail redacted as it may contain sensitive data. Specify 'Include Error Detail' in the connection string to include this information.
===========>     (SEVERE)   DB.ExecuteQuery: [80] => 0A000: cannot alter type of a column used by a view or rule

DETAIL: Detail redacted as it may contain sensitive data. Specify 'Include Error Detail' in the connection string to include this information.
----------->     (WARNING)  DB.ExecuteQuery: [80]DBExecuteError - 0A000: cannot alter type of a column used by a view or rule

DETAIL: Detail redacted as it may contain sensitive data. Specify 'Include Error Detail' in the connection string to include this information.
===========>     (SEVERE)   DB.ExecuteQuery: [80] => 42601: syntax error at or near "=@#"

POSITION: 34
----------->     (WARNING)  DB.ExecuteQuery: [80]DBExecuteError - 42601: syntax error at or near "=@#"

POSITION: 34
===========>     (SEVERE)   DB.ExecuteQuery: [80] => 0A000: cannot alter type of a column used by a view or rule

DETAIL: Detail redacted as it may contain sensitive data. Specify 'Include Error Detail' in the connection string to include this information.
----------->     (WARNING)  DB.ExecuteQuery: [80]DBExecuteError - 0A000: cannot alter type of a column used by a view or rule

DETAIL: Detail redacted as it may contain sensitive data. Specify 'Include Error Detail' in the connection string to include this information.
===========>     (SEVERE)   DB.ExecuteQuery: [80] => 42703: column "y" does not exist

POSITION: 41
----------->     (WARNING)  DB.ExecuteQuery: [80]DBExecuteError - 42703: column "y" does not exist

POSITION: 41
===========>     (SEVERE)   DB.ExecuteQuery: [80] => 0A000: cannot alter type of a column used by a view or rule

DETAIL: Detail redacted as it may contain sensitive data. Specify 'Include Error Detail' in the connection string to include this information.
----------->     (WARNING)  DB.ExecuteQuery: [80]DBExecuteError - 0A000: cannot alter type of a column used by a view or rule

DETAIL: Detail redacted as it may contain sensitive data. Specify 'Include Error Detail' in the connection string to include this information.
===========>     (SEVERE)   DB.ExecuteQuery: [80] => 0A000: cannot alter type of a column used by a view or rule

DETAIL: Detail redacted as it may contain sensitive data. Specify 'Include Error Detail' in the connection string to include this information.
----------->     (WARNING)  DB.ExecuteQuery: [80]DBExecuteError - 0A000: cannot alter type of a column used by a view or rule

DETAIL: Detail redacted as it may contain sensitive data. Specify 'Include Error Detail' in the connection string to include this information.
===========>     (SEVERE)   DB.ExecuteQuery: [80] => 0A000: cannot alter type of a column used by a view or rule

DETAIL: Detail redacted as it may contain sensitive data. Specify 'Include Error Detail' in the connection string to include this information.
----------->     (WARNING)  DB.ExecuteQuery: [80]DBExecuteError - 0A000: cannot alter type of a column used by a view or rule

DETAIL: Detail redacted as it may contain sensitive data. Specify 'Include Error Detail' in the connection string to include this information.
===========>     (SEVERE)   DB.ExecuteQuery: [80] => 42703: column "y" does not exist

POSITION: 29
----------->     (WARNING)  DB.ExecuteQuery: [80]DBExecuteError - 42703: column "y" does not exist

POSITION: 29
===========>     (SEVERE)   DB.ExecuteQuery: [80] => 0A000: cannot alter type of a column used by a view or rule

DETAIL: Detail redacted as it may contain sensitive data. Specify 'Include Error Detail' in the connection string to include this information.
----------->     (WARNING)  DB.ExecuteQuery: [80]DBExecuteError - 0A000: cannot alter type of a column used by a view or rule

DETAIL: Detail redacted as it may contain sensitive data. Specify 'Include Error Detail' in the connection string to include this information.
===========>     (SEVERE)   DB.ExecuteQuery: [80] => 0A000: cannot alter type of a column used by a view or rule

DETAIL: Detail redacted as it may contain sensitive data. Specify 'Include Error Detail' in the connection string to include this information.
----------->     (WARNING)  DB.ExecuteQuery: [80]DBExecuteError - 0A000: cannot alter type of a column used by a view or rule

DETAIL: Detail redacted as it may contain sensitive data. Specify 'Include Error Detail' in the connection string to include this information.
===========>     (SEVERE)   DB.ExecuteQuery: [80] => 0A000: cannot alter type of a column used by a view or rule

DETAIL: Detail redacted as it may contain sensitive data. Specify 'Include Error Detail' in the connection string to include this information.
----------->     (WARNING)  DB.ExecuteQuery: [80]DBExecuteError - 0A000: cannot alter type of a column used by a view or rule

DETAIL: Detail redacted as it may contain sensitive data. Specify 'Include Error Detail' in the connection string to include this information.
===========>     (SEVERE)   DB.ExecuteQuery: [80] => 0A000: cannot alter type of a column used by a view or rule

DETAIL: Detail redacted as it may contain sensitive data. Specify 'Include Error Detail' in the connection string to include this information.
----------->     (WARNING)  DB.ExecuteQuery: [80]DBExecuteError - 0A000: cannot alter type of a column used by a view or rule

DETAIL: Detail redacted as it may contain sensitive data. Specify 'Include Error Detail' in the connection string to include this information.
===========>     (SEVERE)   DB.ExecuteQuery: [80] => 0A000: cannot alter type of a column used by a view or rule

DETAIL: Detail redacted as it may contain sensitive data. Specify 'Include Error Detail' in the connection string to include this information.
----------->     (WARNING)  DB.ExecuteQuery: [80]DBExecuteError - 0A000: cannot alter type of a column used by a view or rule

DETAIL: Detail redacted as it may contain sensitive data. Specify 'Include Error Detail' in the connection string to include this information.
===========>     (SEVERE)   DB.ExecuteQuery: [80] => 0A000: cannot alter type of a column used by a view or rule

DETAIL: Detail redacted as it may contain sensitive data. Specify 'Include Error Detail' in the connection string to include this information.
----------->     (WARNING)  DB.ExecuteQuery: [80]DBExecuteError - 0A000: cannot alter type of a column used by a view or rule

DETAIL: Detail redacted as it may contain sensitive data. Specify 'Include Error Detail' in the connection string to include this information.
===========>     (SEVERE)   DB.ExecuteQuery: [80] => 42703: column "y" does not exist

POSITION: 31
----------->     (WARNING)  DB.ExecuteQuery: [80]DBExecuteError - 42703: column "y" does not exist

POSITION: 31
===========>     (SEVERE)   DB.ExecuteQuery: [80] => 42601: syntax error at or near "=@"

POSITION: 36
----------->     (WARNING)  DB.ExecuteQuery: [80]DBExecuteError - 42601: syntax error at or near "=@"

POSITION: 36
===========>     (SEVERE)   DB.ExecuteQuery: [80] => 0A000: cannot alter type of a column used by a view or rule

DETAIL: Detail redacted as it may contain sensitive data. Specify 'Include Error Detail' in the connection string to include this information.
----------->     (WARNING)  DB.ExecuteQuery: [80]DBExecuteError - 0A000: cannot alter type of a column used by a view or rule

DETAIL: Detail redacted as it may contain sensitive data. Specify 'Include Error Detail' in the connection string to include this information.
===========>     (SEVERE)   DB.ExecuteQuery: [80] => 0A000: cannot alter type of a column used by a view or rule

DETAIL: Detail redacted as it may contain sensitive data. Specify 'Include Error Detail' in the connection string to include this information.
----------->     (WARNING)  DB.ExecuteQuery: [80]DBExecuteError - 0A000: cannot alter type of a column used by a view or rule

DETAIL: Detail redacted as it may contain sensitive data. Specify 'Include Error Detail' in the connection string to include this information.
===========>     (SEVERE)   DB.ExecuteQuery: [80] => 0A000: cannot alter type of a column used by a view or rule

DETAIL: Detail redacted as it may contain sensitive data. Specify 'Include Error Detail' in the connection string to include this information.
----------->     (WARNING)  DB.ExecuteQuery: [80]DBExecuteError - 0A000: cannot alter type of a column used by a view or rule

DETAIL: Detail redacted as it may contain sensitive data. Specify 'Include Error Detail' in the connection string to include this information.
===========>     (SEVERE)   DB.ExecuteQuery: [80] => 0A000: cannot alter type of a column used by a view or rule

DETAIL: Detail redacted as it may contain sensitive data. Specify 'Include Error Detail' in the connection string to include this information.
----------->     (WARNING)  DB.ExecuteQuery: [80]DBExecuteError - 0A000: cannot alter type of a column used by a view or rule

DETAIL: Detail redacted as it may contain sensitive data. Specify 'Include Error Detail' in the connection string to include this information.
===========>     (SEVERE)   DB.ExecuteQuery: [80] => 0A000: cannot alter type of a column used by a view or rule

DETAIL: Detail redacted as it may contain sensitive data. Specify 'Include Error Detail' in the connection string to include this information.
----------->     (WARNING)  DB.ExecuteQuery: [80]DBExecuteError - 0A000: cannot alter type of a column used by a view or rule

DETAIL: Detail redacted as it may contain sensitive data. Specify 'Include Error Detail' in the connection string to include this information.
===========>     (SEVERE)   DB.ExecuteQuery: [80] => 42601: syntax error at or near "=@#"

POSITION: 34
----------->     (WARNING)  DB.ExecuteQuery: [80]DBExecuteError - 42601: syntax error at or near "=@#"

POSITION: 34
===========>     (SEVERE)   DB.ExecuteQuery: [80] => 0A000: cannot alter type of a column used by a view or rule

DETAIL: Detail redacted as it may contain sensitive data. Specify 'Include Error Detail' in the connection string to include this information.
----------->     (WARNING)  DB.ExecuteQuery: [80]DBExecuteError - 0A000: cannot alter type of a column used by a view or rule

DETAIL: Detail redacted as it may contain sensitive data. Specify 'Include Error Detail' in the connection string to include this information.
===========>     (SEVERE)   DB.ExecuteQuery: [80] => 42601: syntax error at or near "=@#"

POSITION: 29
----------->     (WARNING)  DB.ExecuteQuery: [80]DBExecuteError - 42601: syntax error at or near "=@#"

POSITION: 29
===========>     (SEVERE)   DB.ExecuteQuery: [80] => 42601: syntax error at or near "=@#"

POSITION: 32
----------->     (WARNING)  DB.ExecuteQuery: [80]DBExecuteError - 42601: syntax error at or near "=@#"

POSITION: 32
===========>     (SEVERE)   DB.ExecuteQuery: [80] => 42703: column "y" does not exist

POSITION: 35
----------->     (WARNING)  DB.ExecuteQuery: [80]DBExecuteError - 42703: column "y" does not exist

POSITION: 35
===========>     (SEVERE)   DB.ExecuteQuery: [80] => 0A000: cannot alter type of a column used by a view or rule

DETAIL: Detail redacted as it may contain sensitive data. Specify 'Include Error Detail' in the connection string to include this information.
----------->     (WARNING)  DB.ExecuteQuery: [80]DBExecuteError - 0A000: cannot alter type of a column used by a view or rule

DETAIL: Detail redacted as it may contain sensitive data. Specify 'Include Error Detail' in the connection string to include this information.
===========>     (SEVERE)   DB.ExecuteQuery: [80] => 0A000: cannot alter type of a column used by a view or rule

DETAIL: Detail redacted as it may contain sensitive data. Specify 'Include Error Detail' in the connection string to include this information.
----------->     (WARNING)  DB.ExecuteQuery: [80]DBExecuteError - 0A000: cannot alter type of a column used by a view or rule

DETAIL: Detail redacted as it may contain sensitive data. Specify 'Include Error Detail' in the connection string to include this information.
===========>     (SEVERE)   DB.ExecuteQuery: [80] => 42601: syntax error at or near "=@#"

POSITION: 38
----------->     (WARNING)  DB.ExecuteQuery: [80]DBExecuteError - 42601: syntax error at or near "=@#"

POSITION: 38
===========>     (SEVERE)   DB.ExecuteQuery: [80] => 42703: column "y" does not exist

POSITION: 36
----------->     (WARNING)  DB.ExecuteQuery: [80]DBExecuteError - 42703: column "y" does not exist

POSITION: 36
===========>     (SEVERE)   DB.ExecuteQuery: [80] => 42601: syntax error at or near "=@#"

POSITION: 35
----------->     (WARNING)  DB.ExecuteQuery: [80]DBExecuteError - 42601: syntax error at or near "=@#"

POSITION: 35
===========>     (SEVERE)   DB.ExecuteQuery: [80] => 0A000: cannot alter type of a column used by a view or rule

DETAIL: Detail redacted as it may contain sensitive data. Specify 'Include Error Detail' in the connection string to include this information.
----------->     (WARNING)  DB.ExecuteQuery: [80]DBExecuteError - 0A000: cannot alter type of a column used by a view or rule

DETAIL: Detail redacted as it may contain sensitive data. Specify 'Include Error Detail' in the connection string to include this information.
===========>     (SEVERE)   DB.ExecuteQuery: [80] => 0A000: cannot alter type of a column used by a view or rule

DETAIL: Detail redacted as it may contain sensitive data. Specify 'Include Error Detail' in the connection string to include this information.
----------->     (WARNING)  DB.ExecuteQuery: [80]DBExecuteError - 0A000: cannot alter type of a column used by a view or rule

DETAIL: Detail redacted as it may contain sensitive data. Specify 'Include Error Detail' in the connection string to include this information.
===========>     (SEVERE)   DB.ExecuteQuery: [80] => 0A000: cannot alter type of a column used by a view or rule

DETAIL: Detail redacted as it may contain sensitive data. Specify 'Include Error Detail' in the connection string to include this information.
----------->     (WARNING)  DB.ExecuteQuery: [80]DBExecuteError - 0A000: cannot alter type of a column used by a view or rule

DETAIL: Detail redacted as it may contain sensitive data. Specify 'Include Error Detail' in the connection string to include this information.
===========>     (SEVERE)   DB.ExecuteQuery: [80] => 42601: syntax error at or near "=@"

POSITION: 38
----------->     (WARNING)  DB.ExecuteQuery: [80]DBExecuteError - 42601: syntax error at or near "=@"

POSITION: 38
===========>     (SEVERE)   DB.ExecuteQuery: [80] => 0A000: cannot alter type of a column used by a view or rule

DETAIL: Detail redacted as it may contain sensitive data. Specify 'Include Error Detail' in the connection string to include this information.
----------->     (WARNING)  DB.ExecuteQuery: [80]DBExecuteError - 0A000: cannot alter type of a column used by a view or rule

DETAIL: Detail redacted as it may contain sensitive data. Specify 'Include Error Detail' in the connection string to include this information.
===========>     (SEVERE)   DB.ExecuteQuery: [80] => 0A000: cannot alter type of a column used by a view or rule

DETAIL: Detail redacted as it may contain sensitive data. Specify 'Include Error Detail' in the connection string to include this information.
----------->     (WARNING)  DB.ExecuteQuery: [80]DBExecuteError - 0A000: cannot alter type of a column used by a view or rule

DETAIL: Detail redacted as it may contain sensitive data. Specify 'Include Error Detail' in the connection string to include this information.
===========>     (SEVERE)   DB.ExecuteQuery: [80] => 42703: column "y" does not exist

POSITION: 29
----------->     (WARNING)  DB.ExecuteQuery: [80]DBExecuteError - 42703: column "y" does not exist

POSITION: 29
===========>     (SEVERE)   DB.ExecuteQuery: [80] => 0A000: cannot alter type of a column used by a view or rule

DETAIL: Detail redacted as it may contain sensitive data. Specify 'Include Error Detail' in the connection string to include this information.
----------->     (WARNING)  DB.ExecuteQuery: [80]DBExecuteError - 0A000: cannot alter type of a column used by a view or rule

DETAIL: Detail redacted as it may contain sensitive data. Specify 'Include Error Detail' in the connection string to include this information.
===========>     (SEVERE)   DB.ExecuteQuery: [80] => 0A000: cannot alter type of a column used by a view or rule

DETAIL: Detail redacted as it may contain sensitive data. Specify 'Include Error Detail' in the connection string to include this information.
----------->     (WARNING)  DB.ExecuteQuery: [80]DBExecuteError - 0A000: cannot alter type of a column used by a view or rule

DETAIL: Detail redacted as it may contain sensitive data. Specify 'Include Error Detail' in the connection string to include this information.
===========>     (SEVERE)   DB.ExecuteQuery: [80] => 42601: syntax error at or near "=@#"

POSITION: 32
----------->     (WARNING)  DB.ExecuteQuery: [80]DBExecuteError - 42601: syntax error at or near "=@#"

POSITION: 32
===========>     (SEVERE)   DB.ExecuteQuery: [80] => 0A000: cannot alter type of a column used by a view or rule

DETAIL: Detail redacted as it may contain sensitive data. Specify 'Include Error Detail' in the connection string to include this information.
----------->     (WARNING)  DB.ExecuteQuery: [80]DBExecuteError - 0A000: cannot alter type of a column used by a view or rule

DETAIL: Detail redacted as it may contain sensitive data. Specify 'Include Error Detail' in the connection string to include this information.
===========>     (SEVERE)   DB.ExecuteQuery: [80] => 0A000: cannot alter type of a column used by a view or rule

DETAIL: Detail redacted as it may contain sensitive data. Specify 'Include Error Detail' in the connection string to include this information.
----------->     (WARNING)  DB.ExecuteQuery: [80]DBExecuteError - 0A000: cannot alter type of a column used by a view or rule

DETAIL: Detail redacted as it may contain sensitive data. Specify 'Include Error Detail' in the connection string to include this information.
===========>     (SEVERE)   DB.ExecuteQuery: [80] => 42601: syntax error at or near "=@"

POSITION: 30
----------->     (WARNING)  DB.ExecuteQuery: [80]DBExecuteError - 42601: syntax error at or near "=@"

POSITION: 30
===========>     (SEVERE)   DB.ExecuteQuery: [80] => 0A000: cannot alter type of a column used by a view or rule

DETAIL: Detail redacted as it may contain sensitive data. Specify 'Include Error Detail' in the connection string to include this information.
----------->     (WARNING)  DB.ExecuteQuery: [80]DBExecuteError - 0A000: cannot alter type of a column used by a view or rule

DETAIL: Detail redacted as it may contain sensitive data. Specify 'Include Error Detail' in the connection string to include this information.
===========>     (SEVERE)   DB.ExecuteQuery: [80] => 42703: column "y" does not exist

POSITION: 32
----------->     (WARNING)  DB.ExecuteQuery: [80]DBExecuteError - 42703: column "y" does not exist

POSITION: 32
===========>     (SEVERE)   DB.ExecuteQuery: [80] => 0A000: cannot alter type of a column used by a view or rule

DETAIL: Detail redacted as it may contain sensitive data. Specify 'Include Error Detail' in the connection string to include this information.
----------->     (WARNING)  DB.ExecuteQuery: [80]DBExecuteError - 0A000: cannot alter type of a column used by a view or rule

DETAIL: Detail redacted as it may contain sensitive data. Specify 'Include Error Detail' in the connection string to include this information.
===========>     (SEVERE)   DB.ExecuteQuery: [80] => 42703: column "y" does not exist

POSITION: 33
----------->     (WARNING)  DB.ExecuteQuery: [80]DBExecuteError - 42703: column "y" does not exist

POSITION: 33
===========>     (SEVERE)   DB.ExecuteQuery: [80] => 42601: syntax error at or near "=@#"

POSITION: 33
----------->     (WARNING)  DB.ExecuteQuery: [80]DBExecuteError - 42601: syntax error at or near "=@#"

POSITION: 33
===========>     (SEVERE)   DB.ExecuteQuery: [80] => 0A000: cannot alter type of a column used by a view or rule

DETAIL: Detail redacted as it may contain sensitive data. Specify 'Include Error Detail' in the connection string to include this information.
----------->     (WARNING)  DB.ExecuteQuery: [80]DBExecuteError - 0A000: cannot alter type of a column used by a view or rule

DETAIL: Detail redacted as it may contain sensitive data. Specify 'Include Error Detail' in the connection string to include this information.
===========>     (SEVERE)   DB.ExecuteQuery: [80] => 42601: syntax error at or near "=@"

POSITION: 41
----------->     (WARNING)  DB.ExecuteQuery: [80]DBExecuteError - 42601: syntax error at or near "=@"

POSITION: 41
===========>     (SEVERE)   DB.ExecuteQuery: [80] => 0A000: cannot alter type of a column used by a view or rule

DETAIL: Detail redacted as it may contain sensitive data. Specify 'Include Error Detail' in the connection string to include this information.
----------->     (WARNING)  DB.ExecuteQuery: [80]DBExecuteError - 0A000: cannot alter type of a column used by a view or rule

DETAIL: Detail redacted as it may contain sensitive data. Specify 'Include Error Detail' in the connection string to include this information.
===========>     (SEVERE)   DB.ExecuteQuery: [80] => 0A000: cannot alter type of a column used by a view or rule

DETAIL: Detail redacted as it may contain sensitive data. Specify 'Include Error Detail' in the connection string to include this information.
----------->     (WARNING)  DB.ExecuteQuery: [80]DBExecuteError - 0A000: cannot alter type of a column used by a view or rule

DETAIL: Detail redacted as it may contain sensitive data. Specify 'Include Error Detail' in the connection string to include this information.
===========>     (SEVERE)   DB.ExecuteQuery: [80] => 42703: column "s" does not exist

POSITION: 32
----------->     (WARNING)  DB.ExecuteQuery: [80]DBExecuteError - 42703: column "s" does not exist

POSITION: 32
===========>     (SEVERE)   DB.ExecuteQuery: [80] => 0A000: cannot alter type of a column used by a view or rule

DETAIL: Detail redacted as it may contain sensitive data. Specify 'Include Error Detail' in the connection string to include this information.
----------->     (WARNING)  DB.ExecuteQuery: [80]DBExecuteError - 0A000: cannot alter type of a column used by a view or rule

DETAIL: Detail redacted as it may contain sensitive data. Specify 'Include Error Detail' in the connection string to include this information.
===========>     (SEVERE)   DB.ExecuteQuery: [80] => 42703: column "y" does not exist

POSITION: 41
----------->     (WARNING)  DB.ExecuteQuery: [80]DBExecuteError - 42703: column "y" does not exist

POSITION: 41
===========>     (SEVERE)   DB.ExecuteQuery: [80] => 0A000: cannot alter type of a column used by a view or rule

DETAIL: Detail redacted as it may contain sensitive data. Specify 'Include Error Detail' in the connection string to include this information.
----------->     (WARNING)  DB.ExecuteQuery: [80]DBExecuteError - 0A000: cannot alter type of a column used by a view or rule

DETAIL: Detail redacted as it may contain sensitive data. Specify 'Include Error Detail' in the connection string to include this information.
===========>     (SEVERE)   DB.ExecuteQuery: [80] => 42703: column "n" does not exist

POSITION: 34
----------->     (WARNING)  DB.ExecuteQuery: [80]DBExecuteError - 42703: column "n" does not exist

POSITION: 34
===========>     (SEVERE)   DB.ExecuteQuery: [80] => 0A000: cannot alter type of a column used by a view or rule

DETAIL: Detail redacted as it may contain sensitive data. Specify 'Include Error Detail' in the connection string to include this information.
----------->     (WARNING)  DB.ExecuteQuery: [80]DBExecuteError - 0A000: cannot alter type of a column used by a view or rule

DETAIL: Detail redacted as it may contain sensitive data. Specify 'Include Error Detail' in the connection string to include this information.
===========>     (SEVERE)   DB.ExecuteQuery: [80] => 0A000: cannot alter type of a column used by a view or rule

DETAIL: Detail redacted as it may contain sensitive data. Specify 'Include Error Detail' in the connection string to include this information.
----------->     (WARNING)  DB.ExecuteQuery: [80]DBExecuteError - 0A000: cannot alter type of a column used by a view or rule

DETAIL: Detail redacted as it may contain sensitive data. Specify 'Include Error Detail' in the connection string to include this information.
===========>     (SEVERE)   DB.ExecuteQuery: [80] => 0A000: cannot alter type of a column used by a view or rule

DETAIL: Detail redacted as it may contain sensitive data. Specify 'Include Error Detail' in the connection string to include this information.
----------->     (WARNING)  DB.ExecuteQuery: [80]DBExecuteError - 0A000: cannot alter type of a column used by a view or rule

DETAIL: Detail redacted as it may contain sensitive data. Specify 'Include Error Detail' in the connection string to include this information.
===========>     (SEVERE)   DB.ExecuteQuery: [80] => 42703: column "n" does not exist

POSITION: 41
----------->     (WARNING)  DB.ExecuteQuery: [80]DBExecuteError - 42703: column "n" does not exist

POSITION: 41
===========>     (SEVERE)   DB.ExecuteQuery: [80] => 0A000: cannot alter type of a column used by a view or rule

DETAIL: Detail redacted as it may contain sensitive data. Specify 'Include Error Detail' in the connection string to include this information.
----------->     (WARNING)  DB.ExecuteQuery: [80]DBExecuteError - 0A000: cannot alter type of a column used by a view or rule

DETAIL: Detail redacted as it may contain sensitive data. Specify 'Include Error Detail' in the connection string to include this information.
===========>     (SEVERE)   DB.ExecuteQuery: [80] => 42601: syntax error at or near "=@"

POSITION: 42
----------->     (WARNING)  DB.ExecuteQuery: [80]DBExecuteError - 42601: syntax error at or near "=@"

POSITION: 42
===========>     (SEVERE)   DB.ExecuteQuery: [80] => 42703: column "n" does not exist

POSITION: 42
----------->     (WARNING)  DB.ExecuteQuery: [80]DBExecuteError - 42703: column "n" does not exist

POSITION: 42
===========>     (SEVERE)   DB.ExecuteQuery: [80] => 0A000: cannot alter type of a column used by a view or rule

DETAIL: Detail redacted as it may contain sensitive data. Specify 'Include Error Detail' in the connection string to include this information.
----------->     (WARNING)  DB.ExecuteQuery: [80]DBExecuteError - 0A000: cannot alter type of a column used by a view or rule

DETAIL: Detail redacted as it may contain sensitive data. Specify 'Include Error Detail' in the connection string to include this information.
===========>     (SEVERE)   DB.ExecuteQuery: [80] => 42703: column "n" does not exist

POSITION: 34
----------->     (WARNING)  DB.ExecuteQuery: [80]DBExecuteError - 42703: column "n" does not exist

POSITION: 34
===========>     (SEVERE)   DB.ExecuteQuery: [80] => 0A000: cannot alter type of a column used by a view or rule

DETAIL: Detail redacted as it may contain sensitive data. Specify 'Include Error Detail' in the connection string to include this information.
----------->     (WARNING)  DB.ExecuteQuery: [80]DBExecuteError - 0A000: cannot alter type of a column used by a view or rule

DETAIL: Detail redacted as it may contain sensitive data. Specify 'Include Error Detail' in the connection string to include this information.
===========>     (SEVERE)   DB.ExecuteQuery: [80] => 42703: column "y" does not exist

POSITION: 38
----------->     (WARNING)  DB.ExecuteQuery: [80]DBExecuteError - 42703: column "y" does not exist

POSITION: 38
===========>     (SEVERE)   DB.ExecuteQuery: [80] => 42703: column "y" does not exist

POSITION: 38
----------->     (WARNING)  DB.ExecuteQuery: [80]DBExecuteError - 42703: column "y" does not exist

POSITION: 38
===========>     (SEVERE)   DB.ExecuteQuery: [80] => 42703: column "n" does not exist

POSITION: 39
----------->     (WARNING)  DB.ExecuteQuery: [80]DBExecuteError - 42703: column "n" does not exist

POSITION: 39
===========>     (SEVERE)   DB.ExecuteQuery: [80] => 42601: syntax error at or near "=@#"

POSITION: 36
----------->     (WARNING)  DB.ExecuteQuery: [80]DBExecuteError - 42601: syntax error at or near "=@#"

POSITION: 36
===========>     (SEVERE)   DB.ExecuteQuery: [80] => 0A000: cannot alter type of a column used by a view or rule

DETAIL: Detail redacted as it may contain sensitive data. Specify 'Include Error Detail' in the connection string to include this information.
----------->     (WARNING)  DB.ExecuteQuery: [80]DBExecuteError - 0A000: cannot alter type of a column used by a view or rule

DETAIL: Detail redacted as it may contain sensitive data. Specify 'Include Error Detail' in the connection string to include this information.
===========>     (SEVERE)   DB.ExecuteQuery: [80] => 0A000: cannot alter type of a column used by a view or rule

DETAIL: Detail redacted as it may contain sensitive data. Specify 'Include Error Detail' in the connection string to include this information.
----------->     (WARNING)  DB.ExecuteQuery: [80]DBExecuteError - 0A000: cannot alter type of a column used by a view or rule

DETAIL: Detail redacted as it may contain sensitive data. Specify 'Include Error Detail' in the connection string to include this information.
===========>     (SEVERE)   DB.ExecuteQuery: [80] => 0A000: cannot alter type of a column used by a view or rule

DETAIL: Detail redacted as it may contain sensitive data. Specify 'Include Error Detail' in the connection string to include this information.
----------->     (WARNING)  DB.ExecuteQuery: [80]DBExecuteError - 0A000: cannot alter type of a column used by a view or rule

DETAIL: Detail redacted as it may contain sensitive data. Specify 'Include Error Detail' in the connection string to include this information.
===========>     (SEVERE)   DB.ExecuteQuery: [80] => 0A000: cannot alter type of a column used by a view or rule

DETAIL: Detail redacted as it may contain sensitive data. Specify 'Include Error Detail' in the connection string to include this information.
----------->     (WARNING)  DB.ExecuteQuery: [80]DBExecuteError - 0A000: cannot alter type of a column used by a view or rule

DETAIL: Detail redacted as it may contain sensitive data. Specify 'Include Error Detail' in the connection string to include this information.
===========>     (SEVERE)   DB.ExecuteQuery: [80] => 0A000: cannot alter type of a column used by a view or rule

DETAIL: Detail redacted as it may contain sensitive data. Specify 'Include Error Detail' in the connection string to include this information.
----------->     (WARNING)  DB.ExecuteQuery: [80]DBExecuteError - 0A000: cannot alter type of a column used by a view or rule

DETAIL: Detail redacted as it may contain sensitive data. Specify 'Include Error Detail' in the connection string to include this information.
===========>     (SEVERE)   DB.ExecuteQuery: [80] => 0A000: cannot alter type of a column used by a view or rule

DETAIL: Detail redacted as it may contain sensitive data. Specify 'Include Error Detail' in the connection string to include this information.
----------->     (WARNING)  DB.ExecuteQuery: [80]DBExecuteError - 0A000: cannot alter type of a column used by a view or rule

DETAIL: Detail redacted as it may contain sensitive data. Specify 'Include Error Detail' in the connection string to include this information.
===========>     (SEVERE)   DB.ExecuteQuery: [80] => 0A000: cannot alter type of a column used by a view or rule

DETAIL: Detail redacted as it may contain sensitive data. Specify 'Include Error Detail' in the connection string to include this information.
----------->     (WARNING)  DB.ExecuteQuery: [80]DBExecuteError - 0A000: cannot alter type of a column used by a view or rule

DETAIL: Detail redacted as it may contain sensitive data. Specify 'Include Error Detail' in the connection string to include this information.
===========>     (SEVERE)   DB.ExecuteQuery: [80] => 0A000: cannot alter type of a column used by a view or rule

DETAIL: Detail redacted as it may contain sensitive data. Specify 'Include Error Detail' in the connection string to include this information.
----------->     (WARNING)  DB.ExecuteQuery: [80]DBExecuteError - 0A000: cannot alter type of a column used by a view or rule

DETAIL: Detail redacted as it may contain sensitive data. Specify 'Include Error Detail' in the connection string to include this information.
===========>     (SEVERE)   DB.ExecuteQuery: [80] => 42601: syntax error at or near "=@"

POSITION: 32
----------->     (WARNING)  DB.ExecuteQuery: [80]DBExecuteError - 42601: syntax error at or near "=@"

POSITION: 32
===========>     (SEVERE)   DB.ExecuteQuery: [80] => 0A000: cannot alter type of a column used by a view or rule

DETAIL: Detail redacted as it may contain sensitive data. Specify 'Include Error Detail' in the connection string to include this information.
----------->     (WARNING)  DB.ExecuteQuery: [80]DBExecuteError - 0A000: cannot alter type of a column used by a view or rule

DETAIL: Detail redacted as it may contain sensitive data. Specify 'Include Error Detail' in the connection string to include this information.
===========>     (SEVERE)   DB.ExecuteQuery: [80] => 0A000: cannot alter type of a column used by a view or rule

DETAIL: Detail redacted as it may contain sensitive data. Specify 'Include Error Detail' in the connection string to include this information.
----------->     (WARNING)  DB.ExecuteQuery: [80]DBExecuteError - 0A000: cannot alter type of a column used by a view or rule

DETAIL: Detail redacted as it may contain sensitive data. Specify 'Include Error Detail' in the connection string to include this information.
===========>     (SEVERE)   DB.ExecuteQuery: [80] => 42601: syntax error at or near "=@"

POSITION: 38
----------->     (WARNING)  DB.ExecuteQuery: [80]DBExecuteError - 42601: syntax error at or near "=@"

POSITION: 38
===========>     (SEVERE)   DB.ExecuteQuery: [80] => 0A000: cannot alter type of a column used by a view or rule

DETAIL: Detail redacted as it may contain sensitive data. Specify 'Include Error Detail' in the connection string to include this information.
----------->     (WARNING)  DB.ExecuteQuery: [80]DBExecuteError - 0A000: cannot alter type of a column used by a view or rule

DETAIL: Detail redacted as it may contain sensitive data. Specify 'Include Error Detail' in the connection string to include this information.
===========>     (SEVERE)   DB.ExecuteQuery: [80] => 42601: syntax error at or near "=@"

POSITION: 44
----------->     (WARNING)  DB.ExecuteQuery: [80]DBExecuteError - 42601: syntax error at or near "=@"

POSITION: 44
===========>     (SEVERE)   DB.ExecuteQuery: [80] => 0A000: cannot alter type of a column used by a view or rule

DETAIL: Detail redacted as it may contain sensitive data. Specify 'Include Error Detail' in the connection string to include this information.
----------->     (WARNING)  DB.ExecuteQuery: [80]DBExecuteError - 0A000: cannot alter type of a column used by a view or rule

DETAIL: Detail redacted as it may contain sensitive data. Specify 'Include Error Detail' in the connection string to include this information.
===========>     (SEVERE)   DB.ExecuteQuery: [80] => 42703: column "n" does not exist

POSITION: 43
----------->     (WARNING)  DB.ExecuteQuery: [80]DBExecuteError - 42703: column "n" does not exist

POSITION: 43
===========>     (SEVERE)   DB.ExecuteQuery: [80] => 0A000: cannot alter type of a column used by a view or rule

DETAIL: Detail redacted as it may contain sensitive data. Specify 'Include Error Detail' in the connection string to include this information.
----------->     (WARNING)  DB.ExecuteQuery: [80]DBExecuteError - 0A000: cannot alter type of a column used by a view or rule

DETAIL: Detail redacted as it may contain sensitive data. Specify 'Include Error Detail' in the connection string to include this information.
===========>     (SEVERE)   DB.ExecuteQuery: [80] => 0A000: cannot alter type of a column used by a view or rule

DETAIL: Detail redacted as it may contain sensitive data. Specify 'Include Error Detail' in the connection string to include this information.
----------->     (WARNING)  DB.ExecuteQuery: [80]DBExecuteError - 0A000: cannot alter type of a column used by a view or rule

DETAIL: Detail redacted as it may contain sensitive data. Specify 'Include Error Detail' in the connection string to include this information.
===========>     (SEVERE)   DB.ExecuteQuery: [80] => 0A000: cannot alter type of a column used by a view or rule

DETAIL: Detail redacted as it may contain sensitive data. Specify 'Include Error Detail' in the connection string to include this information.
----------->     (WARNING)  DB.ExecuteQuery: [80]DBExecuteError - 0A000: cannot alter type of a column used by a view or rule

DETAIL: Detail redacted as it may contain sensitive data. Specify 'Include Error Detail' in the connection string to include this information.
===========>     (SEVERE)   DB.ExecuteQuery: [80] => 0A000: cannot alter type of a column used by a view or rule

DETAIL: Detail redacted as it may contain sensitive data. Specify 'Include Error Detail' in the connection string to include this information.
----------->     (WARNING)  DB.ExecuteQuery: [80]DBExecuteError - 0A000: cannot alter type of a column used by a view or rule

DETAIL: Detail redacted as it may contain sensitive data. Specify 'Include Error Detail' in the connection string to include this information.
===========>     (SEVERE)   DB.ExecuteQuery: [80] => 0A000: cannot alter type of a column used by a view or rule

DETAIL: Detail redacted as it may contain sensitive data. Specify 'Include Error Detail' in the connection string to include this information.
----------->     (WARNING)  DB.ExecuteQuery: [80]DBExecuteError - 0A000: cannot alter type of a column used by a view or rule

DETAIL: Detail redacted as it may contain sensitive data. Specify 'Include Error Detail' in the connection string to include this information.
===========>     (SEVERE)   DB.ExecuteQuery: [80] => 0A000: cannot alter type of a column used by a view or rule

DETAIL: Detail redacted as it may contain sensitive data. Specify 'Include Error Detail' in the connection string to include this information.
----------->     (WARNING)  DB.ExecuteQuery: [80]DBExecuteError - 0A000: cannot alter type of a column used by a view or rule

DETAIL: Detail redacted as it may contain sensitive data. Specify 'Include Error Detail' in the connection string to include this information.
===========>     (SEVERE)   DB.ExecuteQuery: [80] => 0A000: cannot alter type of a column used by a view or rule

DETAIL: Detail redacted as it may contain sensitive data. Specify 'Include Error Detail' in the connection string to include this information.
----------->     (WARNING)  DB.ExecuteQuery: [80]DBExecuteError - 0A000: cannot alter type of a column used by a view or rule

DETAIL: Detail redacted as it may contain sensitive data. Specify 'Include Error Detail' in the connection string to include this information.
===========>     (SEVERE)   DB.ExecuteQuery: [80] => 42703: column "y" does not exist

POSITION: 35
----------->     (WARNING)  DB.ExecuteQuery: [80]DBExecuteError - 42703: column "y" does not exist

POSITION: 35
===========>     (SEVERE)   DB.ExecuteQuery: [80] => 0A000: cannot alter type of a column used by a view or rule

DETAIL: Detail redacted as it may contain sensitive data. Specify 'Include Error Detail' in the connection string to include this information.
----------->     (WARNING)  DB.ExecuteQuery: [80]DBExecuteError - 0A000: cannot alter type of a column used by a view or rule

DETAIL: Detail redacted as it may contain sensitive data. Specify 'Include Error Detail' in the connection string to include this information.
===========>     (SEVERE)   DB.ExecuteQuery: [80] => 0A000: cannot alter type of a column used by a view or rule

DETAIL: Detail redacted as it may contain sensitive data. Specify 'Include Error Detail' in the connection string to include this information.
----------->     (WARNING)  DB.ExecuteQuery: [80]DBExecuteError - 0A000: cannot alter type of a column used by a view or rule

DETAIL: Detail redacted as it may contain sensitive data. Specify 'Include Error Detail' in the connection string to include this information.
===========>     (SEVERE)   DB.ExecuteQuery: [80] => 0A000: cannot alter type of a column used by a view or rule

DETAIL: Detail redacted as it may contain sensitive data. Specify 'Include Error Detail' in the connection string to include this information.
----------->     (WARNING)  DB.ExecuteQuery: [80]DBExecuteError - 0A000: cannot alter type of a column used by a view or rule

DETAIL: Detail redacted as it may contain sensitive data. Specify 'Include Error Detail' in the connection string to include this information.
===========>     (SEVERE)   DB.ExecuteQuery: [80] => 0A000: cannot alter type of a column used by a view or rule

DETAIL: Detail redacted as it may contain sensitive data. Specify 'Include Error Detail' in the connection string to include this information.
----------->     (WARNING)  DB.ExecuteQuery: [80]DBExecuteError - 0A000: cannot alter type of a column used by a view or rule

DETAIL: Detail redacted as it may contain sensitive data. Specify 'Include Error Detail' in the connection string to include this information.
===========>     (SEVERE)   DB.ExecuteQuery: [80] => 0A000: cannot alter type of a column used by a view or rule

DETAIL: Detail redacted as it may contain sensitive data. Specify 'Include Error Detail' in the connection string to include this information.
----------->     (WARNING)  DB.ExecuteQuery: [80]DBExecuteError - 0A000: cannot alter type of a column used by a view or rule

DETAIL: Detail redacted as it may contain sensitive data. Specify 'Include Error Detail' in the connection string to include this information.
===========>     (SEVERE)   DB.ExecuteQuery: [80] => 42703: column "y" does not exist

POSITION: 31
----------->     (WARNING)  DB.ExecuteQuery: [80]DBExecuteError - 42703: column "y" does not exist

POSITION: 31
===========>     (SEVERE)   DB.ExecuteQuery: [80] => 0A000: cannot alter type of a column used by a view or rule

DETAIL: Detail redacted as it may contain sensitive data. Specify 'Include Error Detail' in the connection string to include this information.
----------->     (WARNING)  DB.ExecuteQuery: [80]DBExecuteError - 0A000: cannot alter type of a column used by a view or rule

DETAIL: Detail redacted as it may contain sensitive data. Specify 'Include Error Detail' in the connection string to include this information.
===========>     (SEVERE)   DB.ExecuteQuery: [80] => 42601: syntax error at or near "=@#"

POSITION: 36
----------->     (WARNING)  DB.ExecuteQuery: [80]DBExecuteError - 42601: syntax error at or near "=@#"

POSITION: 36
===========>     (SEVERE)   DB.ExecuteQuery: [80] => 0A000: cannot alter type of a column used by a view or rule

DETAIL: Detail redacted as it may contain sensitive data. Specify 'Include Error Detail' in the connection string to include this information.
----------->     (WARNING)  DB.ExecuteQuery: [80]DBExecuteError - 0A000: cannot alter type of a column used by a view or rule

DETAIL: Detail redacted as it may contain sensitive data. Specify 'Include Error Detail' in the connection string to include this information.
===========>     (SEVERE)   DB.ExecuteQuery: [80] => 0A000: cannot alter type of a column used by a view or rule

DETAIL: Detail redacted as it may contain sensitive data. Specify 'Include Error Detail' in the connection string to include this information.
----------->     (WARNING)  DB.ExecuteQuery: [80]DBExecuteError - 0A000: cannot alter type of a column used by a view or rule

DETAIL: Detail redacted as it may contain sensitive data. Specify 'Include Error Detail' in the connection string to include this information.
===========>     (SEVERE)   DB.ExecuteQuery: [80] => 0A000: cannot alter type of a column used by a view or rule

DETAIL: Detail redacted as it may contain sensitive data. Specify 'Include Error Detail' in the connection string to include this information.
----------->     (WARNING)  DB.ExecuteQuery: [80]DBExecuteError - 0A000: cannot alter type of a column used by a view or rule

DETAIL: Detail redacted as it may contain sensitive data. Specify 'Include Error Detail' in the connection string to include this information.
===========>     (SEVERE)   DB.ExecuteQuery: [80] => 0A000: cannot alter type of a column used by a view or rule

DETAIL: Detail redacted as it may contain sensitive data. Specify 'Include Error Detail' in the connection string to include this information.
----------->     (WARNING)  DB.ExecuteQuery: [80]DBExecuteError - 0A000: cannot alter type of a column used by a view or rule

DETAIL: Detail redacted as it may contain sensitive data. Specify 'Include Error Detail' in the connection string to include this information.
===========>     (SEVERE)   DB.ExecuteQuery: [80] => 0A000: cannot alter type of a column used by a view or rule

DETAIL: Detail redacted as it may contain sensitive data. Specify 'Include Error Detail' in the connection string to include this information.
----------->     (WARNING)  DB.ExecuteQuery: [80]DBExecuteError - 0A000: cannot alter type of a column used by a view or rule

DETAIL: Detail redacted as it may contain sensitive data. Specify 'Include Error Detail' in the connection string to include this information.
===========>     (SEVERE)   DB.ExecuteQuery: [80] => 42601: syntax error at or near "=@#"

POSITION: 31
----------->     (WARNING)  DB.ExecuteQuery: [80]DBExecuteError - 42601: syntax error at or near "=@#"

POSITION: 31
===========>     (SEVERE)   DB.ExecuteQuery: [80] => 42601: syntax error at or near "=@"

POSITION: 38
----------->     (WARNING)  DB.ExecuteQuery: [80]DBExecuteError - 42601: syntax error at or near "=@"

POSITION: 38
===========>     (SEVERE)   DB.ExecuteQuery: [80] => 0A000: cannot alter type of a column used by a view or rule

DETAIL: Detail redacted as it may contain sensitive data. Specify 'Include Error Detail' in the connection string to include this information.
----------->     (WARNING)  DB.ExecuteQuery: [80]DBExecuteError - 0A000: cannot alter type of a column used by a view or rule

DETAIL: Detail redacted as it may contain sensitive data. Specify 'Include Error Detail' in the connection string to include this information.
===========>     (SEVERE)   DB.ExecuteQuery: [80] => 0A000: cannot alter type of a column used by a view or rule

DETAIL: Detail redacted as it may contain sensitive data. Specify 'Include Error Detail' in the connection string to include this information.
----------->     (WARNING)  DB.ExecuteQuery: [80]DBExecuteError - 0A000: cannot alter type of a column used by a view or rule

DETAIL: Detail redacted as it may contain sensitive data. Specify 'Include Error Detail' in the connection string to include this information.
===========>     (SEVERE)   DB.ExecuteQuery: [80] => 42601: syntax error at or near "=@"

POSITION: 35
----------->     (WARNING)  DB.ExecuteQuery: [80]DBExecuteError - 42601: syntax error at or near "=@"

POSITION: 35
===========>     (SEVERE)   DB.ExecuteQuery: [80] => 42601: syntax error at or near "=@#"

POSITION: 36
----------->     (WARNING)  DB.ExecuteQuery: [80]DBExecuteError - 42601: syntax error at or near "=@#"

POSITION: 36
===========>     (SEVERE)   DB.ExecuteQuery: [80] => 0A000: cannot alter type of a column used by a view or rule

DETAIL: Detail redacted as it may contain sensitive data. Specify 'Include Error Detail' in the connection string to include this information.
----------->     (WARNING)  DB.ExecuteQuery: [80]DBExecuteError - 0A000: cannot alter type of a column used by a view or rule

DETAIL: Detail redacted as it may contain sensitive data. Specify 'Include Error Detail' in the connection string to include this information.
===========>     (SEVERE)   DB.ExecuteQuery: [80] => 0A000: cannot alter type of a column used by a view or rule

DETAIL: Detail redacted as it may contain sensitive data. Specify 'Include Error Detail' in the connection string to include this information.
----------->     (WARNING)  DB.ExecuteQuery: [80]DBExecuteError - 0A000: cannot alter type of a column used by a view or rule

DETAIL: Detail redacted as it may contain sensitive data. Specify 'Include Error Detail' in the connection string to include this information.
===========>     (SEVERE)   DB.ExecuteQuery: [80] => 0A000: cannot alter type of a column used by a view or rule

DETAIL: Detail redacted as it may contain sensitive data. Specify 'Include Error Detail' in the connection string to include this information.
----------->     (WARNING)  DB.ExecuteQuery: [80]DBExecuteError - 0A000: cannot alter type of a column used by a view or rule

DETAIL: Detail redacted as it may contain sensitive data. Specify 'Include Error Detail' in the connection string to include this information.
===========>     (SEVERE)   DB.ExecuteQuery: [80] => 42601: syntax error at or near "=@#"

POSITION: 41
----------->     (WARNING)  DB.ExecuteQuery: [80]DBExecuteError - 42601: syntax error at or near "=@#"

POSITION: 41
===========>     (SEVERE)   DB.ExecuteQuery: [80] => 42601: syntax error at or near "=@#"

POSITION: 38
----------->     (WARNING)  DB.ExecuteQuery: [80]DBExecuteError - 42601: syntax error at or near "=@#"

POSITION: 38
===========>     (SEVERE)   DB.ExecuteQuery: [80] => 0A000: cannot alter type of a column used by a view or rule

DETAIL: Detail redacted as it may contain sensitive data. Specify 'Include Error Detail' in the connection string to include this information.
----------->     (WARNING)  DB.ExecuteQuery: [80]DBExecuteError - 0A000: cannot alter type of a column used by a view or rule

DETAIL: Detail redacted as it may contain sensitive data. Specify 'Include Error Detail' in the connection string to include this information.
===========>     (SEVERE)   DB.ExecuteQuery: [80] => 0A000: cannot alter type of a column used by a view or rule

DETAIL: Detail redacted as it may contain sensitive data. Specify 'Include Error Detail' in the connection string to include this information.
----------->     (WARNING)  DB.ExecuteQuery: [80]DBExecuteError - 0A000: cannot alter type of a column used by a view or rule

DETAIL: Detail redacted as it may contain sensitive data. Specify 'Include Error Detail' in the connection string to include this information.
===========>     (SEVERE)   DB.ExecuteQuery: [80] => 42601: syntax error at or near "=@#"

POSITION: 32
----------->     (WARNING)  DB.ExecuteQuery: [80]DBExecuteError - 42601: syntax error at or near "=@#"

POSITION: 32
===========>     (SEVERE)   DB.ExecuteQuery: [80] => 0A000: cannot alter type of a column used by a view or rule

DETAIL: Detail redacted as it may contain sensitive data. Specify 'Include Error Detail' in the connection string to include this information.
----------->     (WARNING)  DB.ExecuteQuery: [80]DBExecuteError - 0A000: cannot alter type of a column used by a view or rule

DETAIL: Detail redacted as it may contain sensitive data. Specify 'Include Error Detail' in the connection string to include this information.
===========>     (SEVERE)   DB.ExecuteQuery: [80] => 0A000: cannot alter type of a column used by a view or rule

DETAIL: Detail redacted as it may contain sensitive data. Specify 'Include Error Detail' in the connection string to include this information.
----------->     (WARNING)  DB.ExecuteQuery: [80]DBExecuteError - 0A000: cannot alter type of a column used by a view or rule

DETAIL: Detail redacted as it may contain sensitive data. Specify 'Include Error Detail' in the connection string to include this information.
===========>     (SEVERE)   DB.ExecuteQuery: [80] => 0A000: cannot alter type of a column used by a view or rule

DETAIL: Detail redacted as it may contain sensitive data. Specify 'Include Error Detail' in the connection string to include this information.
----------->     (WARNING)  DB.ExecuteQuery: [80]DBExecuteError - 0A000: cannot alter type of a column used by a view or rule

DETAIL: Detail redacted as it may contain sensitive data. Specify 'Include Error Detail' in the connection string to include this information.
===========>     (SEVERE)   DB.ExecuteQuery: [80] => 0A000: cannot alter type of a column used by a view or rule

DETAIL: Detail redacted as it may contain sensitive data. Specify 'Include Error Detail' in the connection string to include this information.
----------->     (WARNING)  DB.ExecuteQuery: [80]DBExecuteError - 0A000: cannot alter type of a column used by a view or rule

DETAIL: Detail redacted as it may contain sensitive data. Specify 'Include Error Detail' in the connection string to include this information.
===========>     (SEVERE)   DB.ExecuteQuery: [80] => 42601: syntax error at or near "=@#"

POSITION: 39
----------->     (WARNING)  DB.ExecuteQuery: [80]DBExecuteError - 42601: syntax error at or near "=@#"

POSITION: 39
----------->     (WARNING)  MColumn.GetSQLDefaultValue: [80]Get sql default: @SQL=SELECT NVL(MAX(AD_Language_ID),999999)+1 FROM AD_Language WHERE AD_Language_ID > 1000
===========>     (SEVERE)   DB.ExecuteQuery: [80] => 42601: syntax error at or near "=@"

POSITION: 38
----------->     (WARNING)  DB.ExecuteQuery: [80]DBExecuteError - 42601: syntax error at or near "=@"

POSITION: 38
===========>     (SEVERE)   DB.ExecuteQuery: [80] => 0A000: cannot alter type of a column used by a view or rule

DETAIL: Detail redacted as it may contain sensitive data. Specify 'Include Error Detail' in the connection string to include this information.
----------->     (WARNING)  DB.ExecuteQuery: [80]DBExecuteError - 0A000: cannot alter type of a column used by a view or rule

DETAIL: Detail redacted as it may contain sensitive data. Specify 'Include Error Detail' in the connection string to include this information.
===========>     (SEVERE)   DB.ExecuteQuery: [80] => 0A000: cannot alter type of a column used by a view or rule

DETAIL: Detail redacted as it may contain sensitive data. Specify 'Include Error Detail' in the connection string to include this information.
----------->     (WARNING)  DB.ExecuteQuery: [80]DBExecuteError - 0A000: cannot alter type of a column used by a view or rule

DETAIL: Detail redacted as it may contain sensitive data. Specify 'Include Error Detail' in the connection string to include this information.
===========>     (SEVERE)   DB.ExecuteQuery: [80] => 42703: column "y" does not exist

POSITION: 42
----------->     (WARNING)  DB.ExecuteQuery: [80]DBExecuteError - 42703: column "y" does not exist

POSITION: 42
===========>     (SEVERE)   DB.ExecuteQuery: [80] => 0A000: cannot alter type of a column used by a view or rule

DETAIL: Detail redacted as it may contain sensitive data. Specify 'Include Error Detail' in the connection string to include this information.
----------->     (WARNING)  DB.ExecuteQuery: [80]DBExecuteError - 0A000: cannot alter type of a column used by a view or rule

DETAIL: Detail redacted as it may contain sensitive data. Specify 'Include Error Detail' in the connection string to include this information.
===========>     (SEVERE)   DB.ExecuteQuery: [80] => 42601: syntax error at or near "=@"

POSITION: 36
----------->     (WARNING)  DB.ExecuteQuery: [80]DBExecuteError - 42601: syntax error at or near "=@"

POSITION: 36
===========>     (SEVERE)   DB.ExecuteQuery: [80] => 0A000: cannot alter type of a column used by a view or rule

DETAIL: Detail redacted as it may contain sensitive data. Specify 'Include Error Detail' in the connection string to include this information.
----------->     (WARNING)  DB.ExecuteQuery: [80]DBExecuteError - 0A000: cannot alter type of a column used by a view or rule

DETAIL: Detail redacted as it may contain sensitive data. Specify 'Include Error Detail' in the connection string to include this information.
===========>     (SEVERE)   DB.ExecuteQuery: [80] => 0A000: cannot alter type of a column used by a view or rule

DETAIL: Detail redacted as it may contain sensitive data. Specify 'Include Error Detail' in the connection string to include this information.
----------->     (WARNING)  DB.ExecuteQuery: [80]DBExecuteError - 0A000: cannot alter type of a column used by a view or rule

DETAIL: Detail redacted as it may contain sensitive data. Specify 'Include Error Detail' in the connection string to include this information.
===========>     (SEVERE)   DB.ExecuteQuery: [80] => 0A000: cannot alter type of a column used by a view or rule

DETAIL: Detail redacted as it may contain sensitive data. Specify 'Include Error Detail' in the connection string to include this information.
----------->     (WARNING)  DB.ExecuteQuery: [80]DBExecuteError - 0A000: cannot alter type of a column used by a view or rule

DETAIL: Detail redacted as it may contain sensitive data. Specify 'Include Error Detail' in the connection string to include this information.
===========>     (SEVERE)   DB.ExecuteQuery: [80] => 0A000: cannot alter type of a column used by a view or rule

DETAIL: Detail redacted as it may contain sensitive data. Specify 'Include Error Detail' in the connection string to include this information.
----------->     (WARNING)  DB.ExecuteQuery: [80]DBExecuteError - 0A000: cannot alter type of a column used by a view or rule

DETAIL: Detail redacted as it may contain sensitive data. Specify 'Include Error Detail' in the connection string to include this information.
===========>     (SEVERE)   DB.ExecuteQuery: [80] => 0A000: cannot alter type of a column used by a view or rule

DETAIL: Detail redacted as it may contain sensitive data. Specify 'Include Error Detail' in the connection string to include this information.
----------->     (WARNING)  DB.ExecuteQuery: [80]DBExecuteError - 0A000: cannot alter type of a column used by a view or rule

DETAIL: Detail redacted as it may contain sensitive data. Specify 'Include Error Detail' in the connection string to include this information.
===========>     (SEVERE)   DB.ExecuteQuery: [80] => 0A000: cannot alter type of a column used by a view or rule

DETAIL: Detail redacted as it may contain sensitive data. Specify 'Include Error Detail' in the connection string to include this information.
----------->     (WARNING)  DB.ExecuteQuery: [80]DBExecuteError - 0A000: cannot alter type of a column used by a view or rule

DETAIL: Detail redacted as it may contain sensitive data. Specify 'Include Error Detail' in the connection string to include this information.
===========>     (SEVERE)   DB.ExecuteQuery: [80] => 0A000: cannot alter type of a column used by a view or rule

DETAIL: Detail redacted as it may contain sensitive data. Specify 'Include Error Detail' in the connection string to include this information.
----------->     (WARNING)  DB.ExecuteQuery: [80]DBExecuteError - 0A000: cannot alter type of a column used by a view or rule

DETAIL: Detail redacted as it may contain sensitive data. Specify 'Include Error Detail' in the connection string to include this information.
===========>     (SEVERE)   DB.ExecuteQuery: [80] => 0A000: cannot alter type of a column used by a view or rule

DETAIL: Detail redacted as it may contain sensitive data. Specify 'Include Error Detail' in the connection string to include this information.
----------->     (WARNING)  DB.ExecuteQuery: [80]DBExecuteError - 0A000: cannot alter type of a column used by a view or rule

DETAIL: Detail redacted as it may contain sensitive data. Specify 'Include Error Detail' in the connection string to include this information.
===========>     (SEVERE)   DB.ExecuteQuery: [80] => 0A000: cannot alter type of a column used by a view or rule

DETAIL: Detail redacted as it may contain sensitive data. Specify 'Include Error Detail' in the connection string to include this information.
----------->     (WARNING)  DB.ExecuteQuery: [80]DBExecuteError - 0A000: cannot alter type of a column used by a view or rule

DETAIL: Detail redacted as it may contain sensitive data. Specify 'Include Error Detail' in the connection string to include this information.
----------->     (WARNING)  MColumn.GetSQLDefaultValue: [80]Get sql default: @SQL=SELECT NVL(MAX(Line),0)+10 AS DefaultValue FROM C_PaySelectionLine WHERE C_PaySelection_ID=@C_PaySelection_ID@
===========>     (SEVERE)   DB.ExecuteQuery: [80] => 0A000: cannot alter type of a column used by a view or rule

DETAIL: Detail redacted as it may contain sensitive data. Specify 'Include Error Detail' in the connection string to include this information.
----------->     (WARNING)  DB.ExecuteQuery: [80]DBExecuteError - 0A000: cannot alter type of a column used by a view or rule

DETAIL: Detail redacted as it may contain sensitive data. Specify 'Include Error Detail' in the connection string to include this information.
===========>     (SEVERE)   DB.ExecuteQuery: [80] => 42601: syntax error at or near "=@"

POSITION: 35
----------->     (WARNING)  DB.ExecuteQuery: [80]DBExecuteError - 42601: syntax error at or near "=@"

POSITION: 35
===========>     (SEVERE)   DB.ExecuteQuery: [80] => 42601: syntax error at or near "=@"

POSITION: 41
----------->     (WARNING)  DB.ExecuteQuery: [80]DBExecuteError - 42601: syntax error at or near "=@"

POSITION: 41
===========>     (SEVERE)   DB.ExecuteQuery: [80] => 0A000: cannot alter type of a column used by a view or rule

DETAIL: Detail redacted as it may contain sensitive data. Specify 'Include Error Detail' in the connection string to include this information.
----------->     (WARNING)  DB.ExecuteQuery: [80]DBExecuteError - 0A000: cannot alter type of a column used by a view or rule

DETAIL: Detail redacted as it may contain sensitive data. Specify 'Include Error Detail' in the connection string to include this information.
===========>     (SEVERE)   DB.ExecuteQuery: [80] => 42601: syntax error at or near "=@#"

POSITION: 34
----------->     (WARNING)  DB.ExecuteQuery: [80]DBExecuteError - 42601: syntax error at or near "=@#"

POSITION: 34
===========>     (SEVERE)   DB.ExecuteQuery: [80] => 0A000: cannot alter type of a column used by a view or rule

DETAIL: Detail redacted as it may contain sensitive data. Specify 'Include Error Detail' in the connection string to include this information.
----------->     (WARNING)  DB.ExecuteQuery: [80]DBExecuteError - 0A000: cannot alter type of a column used by a view or rule

DETAIL: Detail redacted as it may contain sensitive data. Specify 'Include Error Detail' in the connection string to include this information.
===========>     (SEVERE)   DB.ExecuteQuery: [80] => 0A000: cannot alter type of a column used by a view or rule

DETAIL: Detail redacted as it may contain sensitive data. Specify 'Include Error Detail' in the connection string to include this information.
----------->     (WARNING)  DB.ExecuteQuery: [80]DBExecuteError - 0A000: cannot alter type of a column used by a view or rule

DETAIL: Detail redacted as it may contain sensitive data. Specify 'Include Error Detail' in the connection string to include this information.
===========>     (SEVERE)   DB.ExecuteQuery: [80] => 42703: column "s" does not exist

POSITION: 43
----------->     (WARNING)  DB.ExecuteQuery: [80]DBExecuteError - 42703: column "s" does not exist

POSITION: 43
===========>     (SEVERE)   DB.ExecuteQuery: [80] => 0A000: cannot alter type of a column used by a view or rule

DETAIL: Detail redacted as it may contain sensitive data. Specify 'Include Error Detail' in the connection string to include this information.
----------->     (WARNING)  DB.ExecuteQuery: [80]DBExecuteError - 0A000: cannot alter type of a column used by a view or rule

DETAIL: Detail redacted as it may contain sensitive data. Specify 'Include Error Detail' in the connection string to include this information.
===========>     (SEVERE)   DB.ExecuteQuery: [80] => 0A000: cannot alter type of a column used by a view or rule

DETAIL: Detail redacted as it may contain sensitive data. Specify 'Include Error Detail' in the connection string to include this information.
----------->     (WARNING)  DB.ExecuteQuery: [80]DBExecuteError - 0A000: cannot alter type of a column used by a view or rule

DETAIL: Detail redacted as it may contain sensitive data. Specify 'Include Error Detail' in the connection string to include this information.
===========>     (SEVERE)   DB.ExecuteQuery: [80] => 42601: syntax error at or near "=@"

POSITION: 43
----------->     (WARNING)  DB.ExecuteQuery: [80]DBExecuteError - 42601: syntax error at or near "=@"

POSITION: 43
===========>     (SEVERE)   DB.ExecuteQuery: [80] => 0A000: cannot alter type of a column used by a view or rule

DETAIL: Detail redacted as it may contain sensitive data. Specify 'Include Error Detail' in the connection string to include this information.
----------->     (WARNING)  DB.ExecuteQuery: [80]DBExecuteError - 0A000: cannot alter type of a column used by a view or rule

DETAIL: Detail redacted as it may contain sensitive data. Specify 'Include Error Detail' in the connection string to include this information.
===========>     (SEVERE)   DB.ExecuteQuery: [80] => 42601: syntax error at or near "=@"

POSITION: 40
----------->     (WARNING)  DB.ExecuteQuery: [80]DBExecuteError - 42601: syntax error at or near "=@"

POSITION: 40
===========>     (SEVERE)   DB.ExecuteQuery: [80] => 0A000: cannot alter type of a column used by a view or rule

DETAIL: Detail redacted as it may contain sensitive data. Specify 'Include Error Detail' in the connection string to include this information.
----------->     (WARNING)  DB.ExecuteQuery: [80]DBExecuteError - 0A000: cannot alter type of a column used by a view or rule

DETAIL: Detail redacted as it may contain sensitive data. Specify 'Include Error Detail' in the connection string to include this information.
===========>     (SEVERE)   DB.ExecuteQuery: [80] => 42601: syntax error at or near "=@"

POSITION: 42
----------->     (WARNING)  DB.ExecuteQuery: [80]DBExecuteError - 42601: syntax error at or near "=@"

POSITION: 42
===========>     (SEVERE)   DB.ExecuteQuery: [80] => 0A000: cannot alter type of a column used by a view or rule

DETAIL: Detail redacted as it may contain sensitive data. Specify 'Include Error Detail' in the connection string to include this information.
----------->     (WARNING)  DB.ExecuteQuery: [80]DBExecuteError - 0A000: cannot alter type of a column used by a view or rule

DETAIL: Detail redacted as it may contain sensitive data. Specify 'Include Error Detail' in the connection string to include this information.
===========>     (SEVERE)   DB.ExecuteQuery: [80] => 0A000: cannot alter type of a column used by a view or rule

DETAIL: Detail redacted as it may contain sensitive data. Specify 'Include Error Detail' in the connection string to include this information.
----------->     (WARNING)  DB.ExecuteQuery: [80]DBExecuteError - 0A000: cannot alter type of a column used by a view or rule

DETAIL: Detail redacted as it may contain sensitive data. Specify 'Include Error Detail' in the connection string to include this information.
===========>     (SEVERE)   DB.ExecuteQuery: [80] => 0A000: cannot alter type of a column used by a view or rule

DETAIL: Detail redacted as it may contain sensitive data. Specify 'Include Error Detail' in the connection string to include this information.
----------->     (WARNING)  DB.ExecuteQuery: [80]DBExecuteError - 0A000: cannot alter type of a column used by a view or rule

DETAIL: Detail redacted as it may contain sensitive data. Specify 'Include Error Detail' in the connection string to include this information.
===========>     (SEVERE)   DB.ExecuteQuery: [80] => 42703: column "y" does not exist

POSITION: 35
----------->     (WARNING)  DB.ExecuteQuery: [80]DBExecuteError - 42703: column "y" does not exist

POSITION: 35
===========>     (SEVERE)   DB.ExecuteQuery: [80] => 0A000: cannot alter type of a column used by a view or rule

DETAIL: Detail redacted as it may contain sensitive data. Specify 'Include Error Detail' in the connection string to include this information.
----------->     (WARNING)  DB.ExecuteQuery: [80]DBExecuteError - 0A000: cannot alter type of a column used by a view or rule

DETAIL: Detail redacted as it may contain sensitive data. Specify 'Include Error Detail' in the connection string to include this information.
===========>     (SEVERE)   DB.ExecuteQuery: [80] => 0A000: cannot alter type of a column used by a view or rule

DETAIL: Detail redacted as it may contain sensitive data. Specify 'Include Error Detail' in the connection string to include this information.
----------->     (WARNING)  DB.ExecuteQuery: [80]DBExecuteError - 0A000: cannot alter type of a column used by a view or rule

DETAIL: Detail redacted as it may contain sensitive data. Specify 'Include Error Detail' in the connection string to include this information.
===========>     (SEVERE)   DB.ExecuteQuery: [80] => 0A000: cannot alter type of a column used by a view or rule

DETAIL: Detail redacted as it may contain sensitive data. Specify 'Include Error Detail' in the connection string to include this information.
----------->     (WARNING)  DB.ExecuteQuery: [80]DBExecuteError - 0A000: cannot alter type of a column used by a view or rule

DETAIL: Detail redacted as it may contain sensitive data. Specify 'Include Error Detail' in the connection string to include this information.
===========>     (SEVERE)   DB.ExecuteQuery: [80] => 0A000: cannot alter type of a column used by a view or rule

DETAIL: Detail redacted as it may contain sensitive data. Specify 'Include Error Detail' in the connection string to include this information.
----------->     (WARNING)  DB.ExecuteQuery: [80]DBExecuteError - 0A000: cannot alter type of a column used by a view or rule

DETAIL: Detail redacted as it may contain sensitive data. Specify 'Include Error Detail' in the connection string to include this information.
===========>     (SEVERE)   DB.ExecuteQuery: [80] => 42703: column "y" does not exist

POSITION: 39
----------->     (WARNING)  DB.ExecuteQuery: [80]DBExecuteError - 42703: column "y" does not exist

POSITION: 39
===========>     (SEVERE)   DB.ExecuteQuery: [80] => 0A000: cannot alter type of a column used by a view or rule

DETAIL: Detail redacted as it may contain sensitive data. Specify 'Include Error Detail' in the connection string to include this information.
----------->     (WARNING)  DB.ExecuteQuery: [80]DBExecuteError - 0A000: cannot alter type of a column used by a view or rule

DETAIL: Detail redacted as it may contain sensitive data. Specify 'Include Error Detail' in the connection string to include this information.
===========>     (SEVERE)   DB.ExecuteQuery: [80] => 0A000: cannot alter type of a column used by a view or rule

DETAIL: Detail redacted as it may contain sensitive data. Specify 'Include Error Detail' in the connection string to include this information.
----------->     (WARNING)  DB.ExecuteQuery: [80]DBExecuteError - 0A000: cannot alter type of a column used by a view or rule

DETAIL: Detail redacted as it may contain sensitive data. Specify 'Include Error Detail' in the connection string to include this information.
===========>     (SEVERE)   DB.ExecuteQuery: [80] => 0A000: cannot alter type of a column used by a view or rule

DETAIL: Detail redacted as it may contain sensitive data. Specify 'Include Error Detail' in the connection string to include this information.
----------->     (WARNING)  DB.ExecuteQuery: [80]DBExecuteError - 0A000: cannot alter type of a column used by a view or rule

DETAIL: Detail redacted as it may contain sensitive data. Specify 'Include Error Detail' in the connection string to include this information.
===========>     (SEVERE)   DB.ExecuteQuery: [80] => 0A000: cannot alter type of a column used by a view or rule

DETAIL: Detail redacted as it may contain sensitive data. Specify 'Include Error Detail' in the connection string to include this information.
----------->     (WARNING)  DB.ExecuteQuery: [80]DBExecuteError - 0A000: cannot alter type of a column used by a view or rule

DETAIL: Detail redacted as it may contain sensitive data. Specify 'Include Error Detail' in the connection string to include this information.
===========>     (SEVERE)   DB.ExecuteQuery: [80] => 0A000: cannot alter type of a column used by a view or rule

DETAIL: Detail redacted as it may contain sensitive data. Specify 'Include Error Detail' in the connection string to include this information.
----------->     (WARNING)  DB.ExecuteQuery: [80]DBExecuteError - 0A000: cannot alter type of a column used by a view or rule

DETAIL: Detail redacted as it may contain sensitive data. Specify 'Include Error Detail' in the connection string to include this information.
===========>     (SEVERE)   DB.ExecuteQuery: [80] => 0A000: cannot alter type of a column used by a view or rule

DETAIL: Detail redacted as it may contain sensitive data. Specify 'Include Error Detail' in the connection string to include this information.
----------->     (WARNING)  DB.ExecuteQuery: [80]DBExecuteError - 0A000: cannot alter type of a column used by a view or rule

DETAIL: Detail redacted as it may contain sensitive data. Specify 'Include Error Detail' in the connection string to include this information.
===========>     (SEVERE)   DB.ExecuteQuery: [80] => 0A000: cannot alter type of a column used by a view or rule

DETAIL: Detail redacted as it may contain sensitive data. Specify 'Include Error Detail' in the connection string to include this information.
----------->     (WARNING)  DB.ExecuteQuery: [80]DBExecuteError - 0A000: cannot alter type of a column used by a view or rule

DETAIL: Detail redacted as it may contain sensitive data. Specify 'Include Error Detail' in the connection string to include this information.
===========>     (SEVERE)   DB.ExecuteQuery: [80] => 42601: syntax error at or near "=@#"

POSITION: 43
----------->     (WARNING)  DB.ExecuteQuery: [80]DBExecuteError - 42601: syntax error at or near "=@#"

POSITION: 43
===========>     (SEVERE)   DB.ExecuteQuery: [80] => 0A000: cannot alter type of a column used by a view or rule

DETAIL: Detail redacted as it may contain sensitive data. Specify 'Include Error Detail' in the connection string to include this information.
----------->     (WARNING)  DB.ExecuteQuery: [80]DBExecuteError - 0A000: cannot alter type of a column used by a view or rule

DETAIL: Detail redacted as it may contain sensitive data. Specify 'Include Error Detail' in the connection string to include this information.
===========>     (SEVERE)   DB.ExecuteQuery: [80] => 42703: column "s" does not exist

POSITION: 54
----------->     (WARNING)  DB.ExecuteQuery: [80]DBExecuteError - 42703: column "s" does not exist

POSITION: 54
===========>     (SEVERE)   DB.ExecuteQuery: [80] => 42601: syntax error at or near "=@#"

POSITION: 40
----------->     (WARNING)  DB.ExecuteQuery: [80]DBExecuteError - 42601: syntax error at or near "=@#"

POSITION: 40
===========>     (SEVERE)   DB.ExecuteQuery: [80] => 42703: column "y" does not exist

POSITION: 40
----------->     (WARNING)  DB.ExecuteQuery: [80]DBExecuteError - 42703: column "y" does not exist

POSITION: 40
===========>     (SEVERE)   DB.ExecuteQuery: [80] => 42703: column "y" does not exist

POSITION: 44
----------->     (WARNING)  DB.ExecuteQuery: [80]DBExecuteError - 42703: column "y" does not exist

POSITION: 44
===========>     (SEVERE)   DB.ExecuteQuery: [80] => 0A000: cannot alter type of a column used by a view or rule

DETAIL: Detail redacted as it may contain sensitive data. Specify 'Include Error Detail' in the connection string to include this information.
----------->     (WARNING)  DB.ExecuteQuery: [80]DBExecuteError - 0A000: cannot alter type of a column used by a view or rule

DETAIL: Detail redacted as it may contain sensitive data. Specify 'Include Error Detail' in the connection string to include this information.
===========>     (SEVERE)   DB.ExecuteQuery: [80] => 0A000: cannot alter type of a column used by a view or rule

DETAIL: Detail redacted as it may contain sensitive data. Specify 'Include Error Detail' in the connection string to include this information.
----------->     (WARNING)  DB.ExecuteQuery: [80]DBExecuteError - 0A000: cannot alter type of a column used by a view or rule

DETAIL: Detail redacted as it may contain sensitive data. Specify 'Include Error Detail' in the connection string to include this information.
===========>     (SEVERE)   DB.ExecuteQuery: [80] => 42601: syntax error at or near "=@#"

POSITION: 46
----------->     (WARNING)  DB.ExecuteQuery: [80]DBExecuteError - 42601: syntax error at or near "=@#"

POSITION: 46
===========>     (SEVERE)   DB.ExecuteQuery: [80] => 42601: syntax error at or near "=@"

POSITION: 43
----------->     (WARNING)  DB.ExecuteQuery: [80]DBExecuteError - 42601: syntax error at or near "=@"

POSITION: 43
===========>     (SEVERE)   DB.ExecuteQuery: [80] => 42601: syntax error at or near "=@"

POSITION: 38
----------->     (WARNING)  DB.ExecuteQuery: [80]DBExecuteError - 42601: syntax error at or near "=@"

POSITION: 38
===========>     (SEVERE)   DB.ExecuteQuery: [80] => 42601: syntax error at or near "=@#"

POSITION: 36
----------->     (WARNING)  DB.ExecuteQuery: [80]DBExecuteError - 42601: syntax error at or near "=@#"

POSITION: 36
===========>     (SEVERE)   DB.ExecuteQuery: [80] => 42601: syntax error at or near "=@#"

POSITION: 33
----------->     (WARNING)  DB.ExecuteQuery: [80]DBExecuteError - 42601: syntax error at or near "=@#"

POSITION: 33
===========>     (SEVERE)   DB.ExecuteQuery: [80] => 42703: column "y" does not exist

POSITION: 43
----------->     (WARNING)  DB.ExecuteQuery: [80]DBExecuteError - 42703: column "y" does not exist

POSITION: 43
===========>     (SEVERE)   DB.ExecuteQuery: [80] => 42703: column "y" does not exist

POSITION: 38
----------->     (WARNING)  DB.ExecuteQuery: [80]DBExecuteError - 42703: column "y" does not exist

POSITION: 38
===========>     (SEVERE)   DB.ExecuteQuery: [80] => 42601: syntax error at or near "=@#"

POSITION: 47
----------->     (WARNING)  DB.ExecuteQuery: [80]DBExecuteError - 42601: syntax error at or near "=@#"

POSITION: 47
===========>     (SEVERE)   DB.ExecuteQuery: [80] => 42601: syntax error at or near "=@"

POSITION: 44
----------->     (WARNING)  DB.ExecuteQuery: [80]DBExecuteError - 42601: syntax error at or near "=@"

POSITION: 44
===========>     (SEVERE)   DB.ExecuteQuery: [80] => 0A000: cannot alter type of a column used by a view or rule

DETAIL: Detail redacted as it may contain sensitive data. Specify 'Include Error Detail' in the connection string to include this information.
----------->     (WARNING)  DB.ExecuteQuery: [80]DBExecuteError - 0A000: cannot alter type of a column used by a view or rule

DETAIL: Detail redacted as it may contain sensitive data. Specify 'Include Error Detail' in the connection string to include this information.
===========>     (SEVERE)   DB.ExecuteQuery: [80] => 42703: column "y" does not exist

POSITION: 33
----------->     (WARNING)  DB.ExecuteQuery: [80]DBExecuteError - 42703: column "y" does not exist

POSITION: 33
===========>     (SEVERE)   DB.ExecuteQuery: [80] => 42601: syntax error at or near "=@#"

POSITION: 41
----------->     (WARNING)  DB.ExecuteQuery: [80]DBExecuteError - 42601: syntax error at or near "=@#"

POSITION: 41
===========>     (SEVERE)   DB.ExecuteQuery: [80] => 0A000: cannot alter type of a column used by a view or rule

DETAIL: Detail redacted as it may contain sensitive data. Specify 'Include Error Detail' in the connection string to include this information.
----------->     (WARNING)  DB.ExecuteQuery: [80]DBExecuteError - 0A000: cannot alter type of a column used by a view or rule

DETAIL: Detail redacted as it may contain sensitive data. Specify 'Include Error Detail' in the connection string to include this information.
===========>     (SEVERE)   DB.ExecuteQuery: [80] => 0A000: cannot alter type of a column used by a view or rule

DETAIL: Detail redacted as it may contain sensitive data. Specify 'Include Error Detail' in the connection string to include this information.
----------->     (WARNING)  DB.ExecuteQuery: [80]DBExecuteError - 0A000: cannot alter type of a column used by a view or rule

DETAIL: Detail redacted as it may contain sensitive data. Specify 'Include Error Detail' in the connection string to include this information.
===========>     (SEVERE)   DB.ExecuteQuery: [80] => 0A000: cannot alter type of a column used by a view or rule

DETAIL: Detail redacted as it may contain sensitive data. Specify 'Include Error Detail' in the connection string to include this information.
----------->     (WARNING)  DB.ExecuteQuery: [80]DBExecuteError - 0A000: cannot alter type of a column used by a view or rule

DETAIL: Detail redacted as it may contain sensitive data. Specify 'Include Error Detail' in the connection string to include this information.
===========>     (SEVERE)   DB.ExecuteQuery: [80] => 0A000: cannot alter type of a column used by a view or rule

DETAIL: Detail redacted as it may contain sensitive data. Specify 'Include Error Detail' in the connection string to include this information.
----------->     (WARNING)  DB.ExecuteQuery: [80]DBExecuteError - 0A000: cannot alter type of a column used by a view or rule

DETAIL: Detail redacted as it may contain sensitive data. Specify 'Include Error Detail' in the connection string to include this information.
===========>     (SEVERE)   DB.ExecuteQuery: [80] => 0A000: cannot alter type of a column used by a view or rule

DETAIL: Detail redacted as it may contain sensitive data. Specify 'Include Error Detail' in the connection string to include this information.
----------->     (WARNING)  DB.ExecuteQuery: [80]DBExecuteError - 0A000: cannot alter type of a column used by a view or rule

DETAIL: Detail redacted as it may contain sensitive data. Specify 'Include Error Detail' in the connection string to include this information.
===========>     (SEVERE)   DB.ExecuteQuery: [80] => 42703: column "y" does not exist

POSITION: 45
----------->     (WARNING)  DB.ExecuteQuery: [80]DBExecuteError - 42703: column "y" does not exist

POSITION: 45
===========>     (SEVERE)   DB.ExecuteQuery: [80] => 0A000: cannot alter type of a column used by a view or rule

DETAIL: Detail redacted as it may contain sensitive data. Specify 'Include Error Detail' in the connection string to include this information.
----------->     (WARNING)  DB.ExecuteQuery: [80]DBExecuteError - 0A000: cannot alter type of a column used by a view or rule

DETAIL: Detail redacted as it may contain sensitive data. Specify 'Include Error Detail' in the connection string to include this information.
===========>     (SEVERE)   DB.ExecuteQuery: [80] => 0A000: cannot alter type of a column used by a view or rule

DETAIL: Detail redacted as it may contain sensitive data. Specify 'Include Error Detail' in the connection string to include this information.
----------->     (WARNING)  DB.ExecuteQuery: [80]DBExecuteError - 0A000: cannot alter type of a column used by a view or rule

DETAIL: Detail redacted as it may contain sensitive data. Specify 'Include Error Detail' in the connection string to include this information.
===========>     (SEVERE)   DB.ExecuteQuery: [80] => 0A000: cannot alter type of a column used by a view or rule

DETAIL: Detail redacted as it may contain sensitive data. Specify 'Include Error Detail' in the connection string to include this information.
----------->     (WARNING)  DB.ExecuteQuery: [80]DBExecuteError - 0A000: cannot alter type of a column used by a view or rule

DETAIL: Detail redacted as it may contain sensitive data. Specify 'Include Error Detail' in the connection string to include this information.
===========>     (SEVERE)   DB.ExecuteQuery: [80] => 0A000: cannot alter type of a column used by a view or rule

DETAIL: Detail redacted as it may contain sensitive data. Specify 'Include Error Detail' in the connection string to include this information.
----------->     (WARNING)  DB.ExecuteQuery: [80]DBExecuteError - 0A000: cannot alter type of a column used by a view or rule

DETAIL: Detail redacted as it may contain sensitive data. Specify 'Include Error Detail' in the connection string to include this information.
===========>     (SEVERE)   DB.ExecuteQuery: [80] => 42601: syntax error at or near "=@#"

POSITION: 47
----------->     (WARNING)  DB.ExecuteQuery: [80]DBExecuteError - 42601: syntax error at or near "=@#"

POSITION: 47
===========>     (SEVERE)   DB.ExecuteQuery: [80] => 42601: syntax error at or near "=@#"

POSITION: 44
----------->     (WARNING)  DB.ExecuteQuery: [80]DBExecuteError - 42601: syntax error at or near "=@#"

POSITION: 44
===========>     (SEVERE)   DB.ExecuteQuery: [80] => 0A000: cannot alter type of a column used by a view or rule

DETAIL: Detail redacted as it may contain sensitive data. Specify 'Include Error Detail' in the connection string to include this information.
----------->     (WARNING)  DB.ExecuteQuery: [80]DBExecuteError - 0A000: cannot alter type of a column used by a view or rule

DETAIL: Detail redacted as it may contain sensitive data. Specify 'Include Error Detail' in the connection string to include this information.
===========>     (SEVERE)   DB.ExecuteQuery: [80] => 42601: syntax error at or near "=@#"

POSITION: 41
----------->     (WARNING)  DB.ExecuteQuery: [80]DBExecuteError - 42601: syntax error at or near "=@#"

POSITION: 41
===========>     (SEVERE)   DB.ExecuteQuery: [80] => 42601: syntax error at or near "=@#"

POSITION: 38
----------->     (WARNING)  DB.ExecuteQuery: [80]DBExecuteError - 42601: syntax error at or near "=@#"

POSITION: 38
===========>     (SEVERE)   DB.ExecuteQuery: [80] => 42601: syntax error at or near "=@#"

POSITION: 40
----------->     (WARNING)  DB.ExecuteQuery: [80]DBExecuteError - 42601: syntax error at or near "=@#"

POSITION: 40
===========>     (SEVERE)   DB.ExecuteQuery: [80] => 42601: syntax error at or near "=@#"

POSITION: 37
----------->     (WARNING)  DB.ExecuteQuery: [80]DBExecuteError - 42601: syntax error at or near "=@#"

POSITION: 37
===========>     (SEVERE)   DB.ExecuteQuery: [80] => 0A000: cannot alter type of a column used by a view or rule

DETAIL: Detail redacted as it may contain sensitive data. Specify 'Include Error Detail' in the connection string to include this information.
----------->     (WARNING)  DB.ExecuteQuery: [80]DBExecuteError - 0A000: cannot alter type of a column used by a view or rule

DETAIL: Detail redacted as it may contain sensitive data. Specify 'Include Error Detail' in the connection string to include this information.
===========>     (SEVERE)   DB.ExecuteQuery: [80] => 42703: column "y" does not exist

POSITION: 44
----------->     (WARNING)  DB.ExecuteQuery: [80]DBExecuteError - 42703: column "y" does not exist

POSITION: 44
===========>     (SEVERE)   DB.ExecuteQuery: [80] => 0A000: cannot alter type of a column used by a view or rule

DETAIL: Detail redacted as it may contain sensitive data. Specify 'Include Error Detail' in the connection string to include this information.
----------->     (WARNING)  DB.ExecuteQuery: [80]DBExecuteError - 0A000: cannot alter type of a column used by a view or rule

DETAIL: Detail redacted as it may contain sensitive data. Specify 'Include Error Detail' in the connection string to include this information.
===========>     (SEVERE)   DB.ExecuteQuery: [80] => 0A000: cannot alter type of a column used by a view or rule

DETAIL: Detail redacted as it may contain sensitive data. Specify 'Include Error Detail' in the connection string to include this information.
----------->     (WARNING)  DB.ExecuteQuery: [80]DBExecuteError - 0A000: cannot alter type of a column used by a view or rule

DETAIL: Detail redacted as it may contain sensitive data. Specify 'Include Error Detail' in the connection string to include this information.
===========>     (SEVERE)   DB.ExecuteQuery: [80] => 0A000: cannot alter type of a column used by a view or rule

DETAIL: Detail redacted as it may contain sensitive data. Specify 'Include Error Detail' in the connection string to include this information.
----------->     (WARNING)  DB.ExecuteQuery: [80]DBExecuteError - 0A000: cannot alter type of a column used by a view or rule

DETAIL: Detail redacted as it may contain sensitive data. Specify 'Include Error Detail' in the connection string to include this information.
===========>     (SEVERE)   DB.ExecuteQuery: [80] => 0A000: cannot alter type of a column used by a view or rule

DETAIL: Detail redacted as it may contain sensitive data. Specify 'Include Error Detail' in the connection string to include this information.
----------->     (WARNING)  DB.ExecuteQuery: [80]DBExecuteError - 0A000: cannot alter type of a column used by a view or rule

DETAIL: Detail redacted as it may contain sensitive data. Specify 'Include Error Detail' in the connection string to include this information.
===========>     (SEVERE)   DB.ExecuteQuery: [80] => 0A000: cannot alter type of a column used by a view or rule

DETAIL: Detail redacted as it may contain sensitive data. Specify 'Include Error Detail' in the connection string to include this information.
----------->     (WARNING)  DB.ExecuteQuery: [80]DBExecuteError - 0A000: cannot alter type of a column used by a view or rule

DETAIL: Detail redacted as it may contain sensitive data. Specify 'Include Error Detail' in the connection string to include this information.
===========>     (SEVERE)   DB.ExecuteQuery: [80] => 0A000: cannot alter type of a column used by a view or rule

DETAIL: Detail redacted as it may contain sensitive data. Specify 'Include Error Detail' in the connection string to include this information.
----------->     (WARNING)  DB.ExecuteQuery: [80]DBExecuteError - 0A000: cannot alter type of a column used by a view or rule

DETAIL: Detail redacted as it may contain sensitive data. Specify 'Include Error Detail' in the connection string to include this information.
===========>     (SEVERE)   DB.ExecuteQuery: [80] => 42703: column "mo" does not exist

POSITION: 42
----------->     (WARNING)  DB.ExecuteQuery: [80]DBExecuteError - 42703: column "mo" does not exist

POSITION: 42
===========>     (SEVERE)   DB.ExecuteQuery: [80] => 0A000: cannot alter type of a column used by a view or rule

DETAIL: Detail redacted as it may contain sensitive data. Specify 'Include Error Detail' in the connection string to include this information.
----------->     (WARNING)  DB.ExecuteQuery: [80]DBExecuteError - 0A000: cannot alter type of a column used by a view or rule

DETAIL: Detail redacted as it may contain sensitive data. Specify 'Include Error Detail' in the connection string to include this information.
===========>     (SEVERE)   DB.ExecuteQuery: [80] => 42601: syntax error at or near "=@#"

POSITION: 34
----------->     (WARNING)  DB.ExecuteQuery: [80]DBExecuteError - 42601: syntax error at or near "=@#"

POSITION: 34
===========>     (SEVERE)   DB.ExecuteQuery: [80] => 0A000: cannot alter type of a column used by a view or rule

DETAIL: Detail redacted as it may contain sensitive data. Specify 'Include Error Detail' in the connection string to include this information.
----------->     (WARNING)  DB.ExecuteQuery: [80]DBExecuteError - 0A000: cannot alter type of a column used by a view or rule

DETAIL: Detail redacted as it may contain sensitive data. Specify 'Include Error Detail' in the connection string to include this information.
===========>     (SEVERE)   DB.ExecuteQuery: [80] => 0A000: cannot alter type of a column used by a view or rule

DETAIL: Detail redacted as it may contain sensitive data. Specify 'Include Error Detail' in the connection string to include this information.
----------->     (WARNING)  DB.ExecuteQuery: [80]DBExecuteError - 0A000: cannot alter type of a column used by a view or rule

DETAIL: Detail redacted as it may contain sensitive data. Specify 'Include Error Detail' in the connection string to include this information.
===========>     (SEVERE)   DB.ExecuteQuery: [80] => 42703: column "y" does not exist

POSITION: 36
----------->     (WARNING)  DB.ExecuteQuery: [80]DBExecuteError - 42703: column "y" does not exist

POSITION: 36
===========>     (SEVERE)   DB.ExecuteQuery: [80] => 0A000: cannot alter type of a column used by a view or rule

DETAIL: Detail redacted as it may contain sensitive data. Specify 'Include Error Detail' in the connection string to include this information.
----------->     (WARNING)  DB.ExecuteQuery: [80]DBExecuteError - 0A000: cannot alter type of a column used by a view or rule

DETAIL: Detail redacted as it may contain sensitive data. Specify 'Include Error Detail' in the connection string to include this information.
===========>     (SEVERE)   DB.ExecuteQuery: [80] => 0A000: cannot alter type of a column used by a view or rule

DETAIL: Detail redacted as it may contain sensitive data. Specify 'Include Error Detail' in the connection string to include this information.
----------->     (WARNING)  DB.ExecuteQuery: [80]DBExecuteError - 0A000: cannot alter type of a column used by a view or rule

DETAIL: Detail redacted as it may contain sensitive data. Specify 'Include Error Detail' in the connection string to include this information.
===========>     (SEVERE)   DB.ExecuteQuery: [80] => 42703: column "co" does not exist

POSITION: 34
----------->     (WARNING)  DB.ExecuteQuery: [80]DBExecuteError - 42703: column "co" does not exist

POSITION: 34
===========>     (SEVERE)   DB.ExecuteQuery: [80] => 42601: syntax error at or near "=@"

POSITION: 44
----------->     (WARNING)  DB.ExecuteQuery: [80]DBExecuteError - 42601: syntax error at or near "=@"

POSITION: 44
===========>     (SEVERE)   DB.ExecuteQuery: [80] => 0A000: cannot alter type of a column used by a view or rule

DETAIL: Detail redacted as it may contain sensitive data. Specify 'Include Error Detail' in the connection string to include this information.
----------->     (WARNING)  DB.ExecuteQuery: [80]DBExecuteError - 0A000: cannot alter type of a column used by a view or rule

DETAIL: Detail redacted as it may contain sensitive data. Specify 'Include Error Detail' in the connection string to include this information.
===========>     (SEVERE)   DB.ExecuteQuery: [80] => 42703: column "y" does not exist

POSITION: 44
----------->     (WARNING)  DB.ExecuteQuery: [80]DBExecuteError - 42703: column "y" does not exist

POSITION: 44
===========>     (SEVERE)   DB.ExecuteQuery: [80] => 42703: column "n" does not exist

POSITION: 45
----------->     (WARNING)  DB.ExecuteQuery: [80]DBExecuteError - 42703: column "n" does not exist

POSITION: 45
===========>     (SEVERE)   DB.ExecuteQuery: [80] => 0A000: cannot alter type of a column used by a view or rule

DETAIL: Detail redacted as it may contain sensitive data. Specify 'Include Error Detail' in the connection string to include this information.
----------->     (WARNING)  DB.ExecuteQuery: [80]DBExecuteError - 0A000: cannot alter type of a column used by a view or rule

DETAIL: Detail redacted as it may contain sensitive data. Specify 'Include Error Detail' in the connection string to include this information.
===========>     (SEVERE)   DB.ExecuteQuery: [80] => 42601: syntax error at or near "=@#"

POSITION: 47
----------->     (WARNING)  DB.ExecuteQuery: [80]DBExecuteError - 42601: syntax error at or near "=@#"

POSITION: 47
===========>     (SEVERE)   DB.ExecuteQuery: [80] => 42703: column "dr" does not exist

POSITION: 34
----------->     (WARNING)  DB.ExecuteQuery: [80]DBExecuteError - 42703: column "dr" does not exist

POSITION: 34
===========>     (SEVERE)   DB.ExecuteQuery: [80] => 0A000: cannot alter type of a column used by a view or rule

DETAIL: Detail redacted as it may contain sensitive data. Specify 'Include Error Detail' in the connection string to include this information.
----------->     (WARNING)  DB.ExecuteQuery: [80]DBExecuteError - 0A000: cannot alter type of a column used by a view or rule

DETAIL: Detail redacted as it may contain sensitive data. Specify 'Include Error Detail' in the connection string to include this information.
===========>     (SEVERE)   DB.ExecuteQuery: [80] => 42601: syntax error at or near "=@#"

POSITION: 48
----------->     (WARNING)  DB.ExecuteQuery: [80]DBExecuteError - 42601: syntax error at or near "=@#"

POSITION: 48
===========>     (SEVERE)   DB.ExecuteQuery: [80] => 42601: syntax error at or near "=@#"

POSITION: 45
----------->     (WARNING)  DB.ExecuteQuery: [80]DBExecuteError - 42601: syntax error at or near "=@#"

POSITION: 45
===========>     (SEVERE)   DB.ExecuteQuery: [80] => 42601: syntax error at or near "=@"

POSITION: 42
----------->     (WARNING)  DB.ExecuteQuery: [80]DBExecuteError - 42601: syntax error at or near "=@"

POSITION: 42
===========>     (SEVERE)   DB.ExecuteQuery: [80] => 0A000: cannot alter type of a column used by a view or rule

DETAIL: Detail redacted as it may contain sensitive data. Specify 'Include Error Detail' in the connection string to include this information.
----------->     (WARNING)  DB.ExecuteQuery: [80]DBExecuteError - 0A000: cannot alter type of a column used by a view or rule

DETAIL: Detail redacted as it may contain sensitive data. Specify 'Include Error Detail' in the connection string to include this information.
===========>     (SEVERE)   DB.ExecuteQuery: [80] => 42703: column "y" does not exist

POSITION: 42
----------->     (WARNING)  DB.ExecuteQuery: [80]DBExecuteError - 42703: column "y" does not exist

POSITION: 42
===========>     (SEVERE)   DB.ExecuteQuery: [80] => 42601: syntax error at or near "=@#"

POSITION: 45
----------->     (WARNING)  DB.ExecuteQuery: [80]DBExecuteError - 42601: syntax error at or near "=@#"

POSITION: 45
===========>     (SEVERE)   DB.ExecuteQuery: [80] => 42601: syntax error at or near "=@#"

POSITION: 44
----------->     (WARNING)  DB.ExecuteQuery: [80]DBExecuteError - 42601: syntax error at or near "=@#"

POSITION: 44
===========>     (SEVERE)   DB.ExecuteQuery: [80] => 42601: syntax error at or near "=@#"

POSITION: 41
----------->     (WARNING)  DB.ExecuteQuery: [80]DBExecuteError - 42601: syntax error at or near "=@#"

POSITION: 41
===========>     (SEVERE)   DB.ExecuteQuery: [80] => 0A000: cannot alter type of a column used by a view or rule

DETAIL: Detail redacted as it may contain sensitive data. Specify 'Include Error Detail' in the connection string to include this information.
----------->     (WARNING)  DB.ExecuteQuery: [80]DBExecuteError - 0A000: cannot alter type of a column used by a view or rule

DETAIL: Detail redacted as it may contain sensitive data. Specify 'Include Error Detail' in the connection string to include this information.
===========>     (SEVERE)   DB.ExecuteQuery: [80] => 0A000: cannot alter type of a column used by a view or rule

DETAIL: Detail redacted as it may contain sensitive data. Specify 'Include Error Detail' in the connection string to include this information.
----------->     (WARNING)  DB.ExecuteQuery: [80]DBExecuteError - 0A000: cannot alter type of a column used by a view or rule

DETAIL: Detail redacted as it may contain sensitive data. Specify 'Include Error Detail' in the connection string to include this information.
===========>     (SEVERE)   DB.ExecuteQuery: [80] => 42703: column "y" does not exist

POSITION: 38
----------->     (WARNING)  DB.ExecuteQuery: [80]DBExecuteError - 42703: column "y" does not exist

POSITION: 38
===========>     (SEVERE)   DB.ExecuteQuery: [80] => 42601: syntax error at or near "=@#"

POSITION: 47
----------->     (WARNING)  DB.ExecuteQuery: [80]DBExecuteError - 42601: syntax error at or near "=@#"

POSITION: 47
===========>     (SEVERE)   DB.ExecuteQuery: [80] => 42601: syntax error at or near "=@#"

POSITION: 44
----------->     (WARNING)  DB.ExecuteQuery: [80]DBExecuteError - 42601: syntax error at or near "=@#"

POSITION: 44
===========>     (SEVERE)   DB.ExecuteQuery: [80] => 0A000: cannot alter type of a column used by a view or rule

DETAIL: Detail redacted as it may contain sensitive data. Specify 'Include Error Detail' in the connection string to include this information.
----------->     (WARNING)  DB.ExecuteQuery: [80]DBExecuteError - 0A000: cannot alter type of a column used by a view or rule

DETAIL: Detail redacted as it may contain sensitive data. Specify 'Include Error Detail' in the connection string to include this information.
===========>     (SEVERE)   DB.ExecuteQuery: [80] => 42703: column "y" does not exist

POSITION: 41
----------->     (WARNING)  DB.ExecuteQuery: [80]DBExecuteError - 42703: column "y" does not exist

POSITION: 41
===========>     (SEVERE)   DB.ExecuteQuery: [80] => 0A000: cannot alter type of a column used by a view or rule

DETAIL: Detail redacted as it may contain sensitive data. Specify 'Include Error Detail' in the connection string to include this information.
----------->     (WARNING)  DB.ExecuteQuery: [80]DBExecuteError - 0A000: cannot alter type of a column used by a view or rule

DETAIL: Detail redacted as it may contain sensitive data. Specify 'Include Error Detail' in the connection string to include this information.
===========>     (SEVERE)   DB.ExecuteQuery: [80] => 0A000: cannot alter type of a column used by a view or rule

DETAIL: Detail redacted as it may contain sensitive data. Specify 'Include Error Detail' in the connection string to include this information.
----------->     (WARNING)  DB.ExecuteQuery: [80]DBExecuteError - 0A000: cannot alter type of a column used by a view or rule

DETAIL: Detail redacted as it may contain sensitive data. Specify 'Include Error Detail' in the connection string to include this information.
===========>     (SEVERE)   DB.ExecuteQuery: [80] => 0A000: cannot alter type of a column used by a view or rule

DETAIL: Detail redacted as it may contain sensitive data. Specify 'Include Error Detail' in the connection string to include this information.
----------->     (WARNING)  DB.ExecuteQuery: [80]DBExecuteError - 0A000: cannot alter type of a column used by a view or rule

DETAIL: Detail redacted as it may contain sensitive data. Specify 'Include Error Detail' in the connection string to include this information.
===========>     (SEVERE)   DB.ExecuteQuery: [80] => 0A000: cannot alter type of a column used by a view or rule

DETAIL: Detail redacted as it may contain sensitive data. Specify 'Include Error Detail' in the connection string to include this information.
----------->     (WARNING)  DB.ExecuteQuery: [80]DBExecuteError - 0A000: cannot alter type of a column used by a view or rule

DETAIL: Detail redacted as it may contain sensitive data. Specify 'Include Error Detail' in the connection string to include this information.
===========>     (SEVERE)   DB.ExecuteQuery: [80] => 0A000: cannot alter type of a column used by a view or rule

DETAIL: Detail redacted as it may contain sensitive data. Specify 'Include Error Detail' in the connection string to include this information.
----------->     (WARNING)  DB.ExecuteQuery: [80]DBExecuteError - 0A000: cannot alter type of a column used by a view or rule

DETAIL: Detail redacted as it may contain sensitive data. Specify 'Include Error Detail' in the connection string to include this information.
===========>     (SEVERE)   DB.ExecuteQuery: [80] => 42703: column "y" does not exist

POSITION: 44
----------->     (WARNING)  DB.ExecuteQuery: [80]DBExecuteError - 42703: column "y" does not exist

POSITION: 44
===========>     (SEVERE)   DB.ExecuteQuery: [80] => 42703: column "y" does not exist

POSITION: 37
----------->     (WARNING)  DB.ExecuteQuery: [80]DBExecuteError - 42703: column "y" does not exist

POSITION: 37
===========>     (SEVERE)   DB.ExecuteQuery: [80] => 42601: syntax error at or near "=@#"

POSITION: 46
----------->     (WARNING)  DB.ExecuteQuery: [80]DBExecuteError - 42601: syntax error at or near "=@#"

POSITION: 46
===========>     (SEVERE)   DB.ExecuteQuery: [80] => 42601: syntax error at or near "=@#"

POSITION: 43
----------->     (WARNING)  DB.ExecuteQuery: [80]DBExecuteError - 42601: syntax error at or near "=@#"

POSITION: 43
===========>     (SEVERE)   DB.ExecuteQuery: [80] => 42703: column "y" does not exist

POSITION: 43
----------->     (WARNING)  DB.ExecuteQuery: [80]DBExecuteError - 42703: column "y" does not exist

POSITION: 43
===========>     (SEVERE)   DB.ExecuteQuery: [80] => 42601: syntax error at or near "=@#"

POSITION: 50
----------->     (WARNING)  DB.ExecuteQuery: [80]DBExecuteError - 42601: syntax error at or near "=@#"

POSITION: 50
===========>     (SEVERE)   DB.ExecuteQuery: [80] => 42601: syntax error at or near "=@#"

POSITION: 47
----------->     (WARNING)  DB.ExecuteQuery: [80]DBExecuteError - 42601: syntax error at or near "=@#"

POSITION: 47
===========>     (SEVERE)   DB.ExecuteQuery: [80] => 42703: column "y" does not exist

POSITION: 47
----------->     (WARNING)  DB.ExecuteQuery: [80]DBExecuteError - 42703: column "y" does not exist

POSITION: 47
===========>     (SEVERE)   DB.ExecuteQuery: [80] => 42601: syntax error at or near "=@#"

POSITION: 45
----------->     (WARNING)  DB.ExecuteQuery: [80]DBExecuteError - 42601: syntax error at or near "=@#"

POSITION: 45
===========>     (SEVERE)   DB.ExecuteQuery: [80] => 42601: syntax error at or near "=@#"

POSITION: 42
----------->     (WARNING)  DB.ExecuteQuery: [80]DBExecuteError - 42601: syntax error at or near "=@#"

POSITION: 42
===========>     (SEVERE)   DB.ExecuteQuery: [80] => 42703: column "y" does not exist

POSITION: 42
----------->     (WARNING)  DB.ExecuteQuery: [80]DBExecuteError - 42703: column "y" does not exist

POSITION: 42
===========>     (SEVERE)   DB.ExecuteQuery: [80] => 42P07: relation "value_uc" already exists
----------->     (WARNING)  DB.ExecuteQuery: [80]DBExecuteError - 42P07: relation "value_uc" already exists
===========>     (SEVERE)   DB.ExecuteQuery: [80] => 42601: syntax error at or near "force"

POSITION: 19
----------->     (WARNING)  DB.ExecuteQuery: [80]DBExecuteError - 42601: syntax error at or near "force"

POSITION: 19
===========>     (SEVERE)   DB.ExecuteQuery: [80] => 42701: column "c_campaign_id" specified more than once
----------->     (WARNING)  DB.ExecuteQuery: [80]DBExecuteError - 42701: column "c_campaign_id" specified more than once
===========>     (SEVERE)   DB.ExecuteQuery: [80] => 42601: syntax error at or near "AS"

POSITION: 105
----------->     (WARNING)  DB.ExecuteQuery: [80]DBExecuteError - 42601: syntax error at or near "AS"

POSITION: 105
===========>     (SEVERE)   DB.ExecuteQuery: [80] => 42601: syntax error at or near "countRecord"

POSITION: 77
----------->     (WARNING)  DB.ExecuteQuery: [80]DBExecuteError - 42601: syntax error at or near "countRecord"

POSITION: 77
===========>     (SEVERE)   DB.ExecuteQuery: [80] => 42601: syntax error at or near "VARCHAR"

POSITION: 23
----------->     (WARNING)  DB.ExecuteQuery: [80]DBExecuteError - 42601: syntax error at or near "VARCHAR"

POSITION: 23
===========>     (SEVERE)   DB.ExecuteQuery: [80] => 23505: duplicate key value violates unique constraint "ad_wf_nodenext_pkey"

DETAIL: Detail redacted as it may contain sensitive data. Specify 'Include Error Detail' in the connection string to include this information.
----------->     (WARNING)  DB.ExecuteQuery: [80]DBExecuteError - 23505: duplicate key value violates unique constraint "ad_wf_nodenext_pkey"

DETAIL: Detail redacted as it may contain sensitive data. Specify 'Include Error Detail' in the connection string to include this information.
===========>     (SEVERE)   DB.ExecuteQuery: [80] => 42601: syntax error at or near "AS"

POSITION: 79
----------->     (WARNING)  DB.ExecuteQuery: [80]DBExecuteError - 42601: syntax error at or near "AS"

POSITION: 79
10:03:24.324    (INFO)     ConvertSQL.ApplyConvertMap: [80]Exception clause needs to be converted: CREATE OR REPLACE FUNCTION ORDEROPENASOFDATE( p_C_Order_ID IN NUMBER, p_VA009_OrderPaySchedule_ID IN NUMBER, p_StmtDate IN DATE ) RETURN NUMBER AS v_Currency_ID INTEGER; v_CurrencyType_ID INTEGER; v_TotalOpenAmt NUMBER := 0; v_PaidAmt NUMBER := 0; v_Remaining NUMBER := 0; v_MultiplierAP NUMBER := 0; v_MultiplierCM NUMBER := 0; v_Temp NUMBER := 0; CURSOR Cur_Alloc IS SELECT a.AD_Client_ID, a.AD_Org_ID , al.Amount , al.DiscountAmt , al.WriteOffAmt , a.C_Currency_ID , a.DateTrx FROM C_AllocationLine al INNER JOIN C_AllocationHdr a ON (Al.C_Allocationhdr_Id=A.C_Allocationhdr_Id) WHERE al.C_Order_ID = p_C_Order_ID AND TRUNC(a.DateTrx) <= COALESCE(TRUNC(p_StmtDate), TRUNC(a.DateTrx)) AND a.IsActive ='Y'; CURSOR Cur_PaySchedule IS SELECT VA009_OrderPaySchedule_ID, DueAmt From Va009_Orderpayschedule WHERE C_Order_ID = p_C_Order_ID ORDER BY DueDate; BEGIN BEGIN IF (p_VA009_OrderPaySchedule_ID > 0) THEN SELECT MAX(C_Currency_ID), MAX(C_ConversionType_ID), SUM(GrandTotal) , MAX(MultiplierAP) , MAX(Multiplier) INTO v_Currency_ID, v_CurrencyType_ID , v_TotalOpenAmt , v_MultiplierAP , V_Multipliercm FROM C_Order_V WHERE C_Order_ID = p_C_Order_ID AND NVL(VA009_OrderPaySchedule_ID,0) = NVL(p_VA009_OrderPaySchedule_ID,0); ELSE SELECT MAX(C_Currency_ID), MAX(C_ConversionType_ID), SUM(GrandTotal) , MAX(MultiplierAP) , MAX(Multiplier) INTO v_Currency_ID, v_CurrencyType_ID , v_TotalOpenAmt , v_MultiplierAP , V_Multipliercm FROM C_Order_V WHERE C_Order_ID = p_C_Order_ID; END IF; EXCEPTION WHEN OTHERS THEN DBMS_OUTPUT.PUT_LINE('OrderOpen - ' || SQLERRM); RETURN NULL; END; DBMS_OUTPUT.PUT_LINE('== C_Order_ID=' || p_C_Order_ID || ', Total=' || v_TotalOpenAmt || ', AP=' || v_MultiplierAP || ', CM=' || v_MultiplierCM); FOR a IN Cur_Alloc LOOP v_Temp := a.Amount + a.DiscountAmt + a.WriteOffAmt; v_PaidAmt := v_PaidAmt + currencyConvert(v_Temp * v_MultiplierAP, a.C_Currency_ID, v_Currency_ID, a.DateTrx, v_CurrencyType_ID, a.AD_Client_ID, a.AD_Org_ID); DBMS_OUTPUT.PUT_LINE(' PaidAmt=' || v_PaidAmt || ', Allocation=' || v_Temp || ' * ' || v_MultiplierAP); END LOOP; IF (p_VA009_OrderPaySchedule_ID > 0) THEN v_Remaining := v_PaidAmt; FOR s IN Cur_PaySchedule LOOP IF (s.VA009_OrderPaySchedule_ID = p_VA009_OrderPaySchedule_ID) THEN IF (s.DueAmt > 0) THEN IF (s.DueAmt < v_Remaining) THEN v_TotalOpenAmt := 0; ELSE v_TotalOpenAmt := (s.DueAmt*v_MultiplierCM) - v_Remaining; END IF; ELSE IF (s.DueAmt > v_Remaining) THEN v_TotalOpenAmt := 0; ELSE v_TotalOpenAmt := (s.DueAmt*v_MultiplierCM) + v_Remaining; END IF; END IF; DBMS_OUTPUT.PUT_LINE('Sched Total=' || v_TotalOpenAmt || ', Due=' || s.DueAmt || ',Remaining=' || v_Remaining || ',CM=' || v_MultiplierCM); ELSE IF (s.DueAmt > 0) THEN v_Remaining := v_Remaining - s.DueAmt; ELSE v_Remaining := v_Remaining + s.DueAmt; END IF; IF (v_Remaining < 0) THEN v_Remaining := 0; END IF; DBMS_OUTPUT.PUT_LINE('Remaining=' || v_Remaining); END IF; END LOOP; ELSE v_TotalOpenAmt := v_TotalOpenAmt - v_PaidAmt; END IF; DBMS_OUTPUT.PUT_LINE('== Total=' || v_TotalOpenAmt); v_TotalOpenAmt := currencyRound(v_TotalOpenAmt, v_Currency_ID, NULL); IF (v_paidAmt != 0 AND v_TotalOpenAmt BETWEEN -0.00999 AND 0.00999) THEN v_TotalOpenAmt := 0; END IF; RETURN V_Totalopenamt; END ORDEROPENASOFDATE;
===========>     (SEVERE)   DB.ExecuteQuery: [80] => 42601: syntax error at or near "AS"

POSITION: 145
----------->     (WARNING)  DB.ExecuteQuery: [80]DBExecuteError - 42601: syntax error at or near "AS"

POSITION: 145
===========>     (SEVERE)   DB.ExecuteQuery: [80] => 42601: syntax error at or near "AS"

POSITION: 120
----------->     (WARNING)  DB.ExecuteQuery: [80]DBExecuteError - 42601: syntax error at or near "AS"

POSITION: 120
10:03:24.324    (INFO)     ConvertSQL.ApplyConvertMap: [80]Exception clause needs to be converted: CREATE OR REPLACE FUNCTION ORDERDISCOUNT( p_C_Order_ID IN NUMBER, p_PayDate IN DATE, p_VA009_OrderPaySchedule_ID IN NUMBER ) RETURN NUMBER AS v_Amount NUMBER; v_IsDiscountLineAmt CHAR(1); v_GrandTotal NUMBER; v_TotalLines NUMBER; v_C_PaymentTerm_ID INTEGER; v_DocDate DATE; V_PAYDATE DATE := SYSDATE; v_VA009_IsPayScheduleValid  CHAR(1); BEGIN SELECT ci.IsDiscountLineAmt, i.GrandTotal, i.TotalLines, I.C_PAYMENTTERM_ID, I.Dateordered, i.VA009_IsPayScheduleValid INTO v_IsDiscountLineAmt, v_GrandTotal, v_TotalLines, V_C_PAYMENTTERM_ID, v_DocDate, v_VA009_IsPayScheduleValid FROM AD_ClientInfo ci, C_Order i WHERE ci.AD_Client_ID =i.AD_Client_ID AND i.C_Order_ID =p_C_Order_ID; IF (v_IsDiscountLineAmt = 'Y') THEN v_Amount := v_TotalLines; ELSE v_Amount := v_GrandTotal; END IF; IF (v_Amount = 0) THEN RETURN 0; END IF; IF (p_PayDate IS NOT NULL) THEN v_PayDate := p_PayDate; END IF; IF (v_VA009_IsPayScheduleValid='Y' AND p_VA009_OrderPaySchedule_ID > 0) THEN SELECT COALESCE(MAX(DiscountAmt),0) INTO v_Amount FROM VA009_OrderPaySchedule WHERE VA009_OrderPaySchedule_ID=p_VA009_OrderPaySchedule_ID AND DiscountDate <= v_PayDate; RETURN v_Amount; END IF; RETURN paymentTermDiscount (v_Amount, 0, v_C_PaymentTerm_ID, v_DocDate, p_PayDate); EXCEPTION WHEN OTHERS THEN RETURN NULL; END Orderdiscount;
===========>     (SEVERE)   DB.ExecuteQuery: [80] => 42601: syntax error at or near "AS"

POSITION: 140
----------->     (WARNING)  DB.ExecuteQuery: [80]DBExecuteError - 42601: syntax error at or near "AS"

POSITION: 140
===========>     (SEVERE)   DB.ExecuteQuery: [80] => 42601: syntax error at or near "force"

POSITION: 19
----------->     (WARNING)  DB.ExecuteQuery: [80]DBExecuteError - 42601: syntax error at or near "force"

POSITION: 19
===========>     (SEVERE)   DB.ExecuteQuery: [80] => 22P02: invalid input syntax for type boolean: "@GL_JournalLine_ID@>0"

POSITION: 36
----------->     (WARNING)  DB.ExecuteQuery: [80]DBExecuteError - 22P02: invalid input syntax for type boolean: "@GL_JournalLine_ID@>0"

POSITION: 36
===========>     (SEVERE)   DB.ExecuteQuery: [80]System.IndexOutOfRangeException: Index was outside the bounds of the array.
   at System.String.get_Chars(Int32 index)
   at VAdvantage.DBPort.ConvertSQL_PostgreSQL.ConvertUpdate(String sqlStatement)
   at VAdvantage.DBPort.ConvertSQL_PostgreSQL.ConvertStatement(String sqlStatement)
   at VAdvantage.DBPort.ConvertSQL.ConvertIt(String sqlStatements)
   at VAdvantage.DBPort.ConvertSQL.Convert(String sqlStatements)
   at VAdvantage.DataBase.DB_PostgreSQL.ConvertStatement(String oraStatement)
   at CoreLibrary.DataBase.DB.ConvertSqlQuery(String sql)
   at VAdvantage.SqlExec.ExecuteQuery.ExecuteNonQuery(String sql, SqlParameter[] arrParam)
   at CoreLibrary.DataBase.DB.ExecuteQuery(String sql, SqlParameter[] param, Trx trx, Boolean ignoreError, Boolean throwError)
===========>     (SEVERE)   DB.ExecuteQuery: [80] => VISDBERRORCOLUMN: VALUE,AD_REFERENCE_ID
----------->     (WARNING)  DB.ExecuteQuery: [80]DBExecuteError - VISDBERRORCOLUMN: VALUE,AD_REFERENCE_ID
===========>     (SEVERE)   DB.ExecuteQuery: [80] => VISDBERRORCOLUMN: VALUE,AD_REFERENCE_ID
----------->     (WARNING)  DB.ExecuteQuery: [80]DBExecuteError - VISDBERRORCOLUMN: VALUE,AD_REFERENCE_ID
===========>     (SEVERE)   DB.ExecuteQuery: [80] => VISDBERRORCOLUMN: VALUE,AD_REFERENCE_ID
----------->     (WARNING)  DB.ExecuteQuery: [80]DBExecuteError - VISDBERRORCOLUMN: VALUE,AD_REFERENCE_ID
===========>     (SEVERE)   DB.ExecuteQuery: [80] => VISDBERRORCOLUMN: VALUE,AD_REFERENCE_ID
----------->     (WARNING)  DB.ExecuteQuery: [80]DBExecuteError - VISDBERRORCOLUMN: VALUE,AD_REFERENCE_ID
===========>     (SEVERE)   DB.ExecuteQuery: [80] => 23505: duplicate key value violates unique constraint "ad_userquery_pkey"

DETAIL: Detail redacted as it may contain sensitive data. Specify 'Include Error Detail' in the connection string to include this information.
----------->     (WARNING)  DB.ExecuteQuery: [80]DBExecuteError - 23505: duplicate key value violates unique constraint "ad_userquery_pkey"

DETAIL: Detail redacted as it may contain sensitive data. Specify 'Include Error Detail' in the connection string to include this information.
===========>     (SEVERE)   DB.ExecuteQuery: [80] => 23505: duplicate key value violates unique constraint "ad_form_access_pkey"

DETAIL: Detail redacted as it may contain sensitive data. Specify 'Include Error Detail' in the connection string to include this information.
----------->     (WARNING)  DB.ExecuteQuery: [80]DBExecuteError - 23505: duplicate key value violates unique constraint "ad_form_access_pkey"

DETAIL: Detail redacted as it may contain sensitive data. Specify 'Include Error Detail' in the connection string to include this information.
----------->     (WARNING)  X_AD_Form_Access.ImportNow: [80]Not insertedAD_Form_Access
===========>     (SEVERE)   DB.ExecuteQuery: [80] => 23505: duplicate key value violates unique constraint "ad_form_access_pkey"

DETAIL: Detail redacted as it may contain sensitive data. Specify 'Include Error Detail' in the connection string to include this information.
----------->     (WARNING)  DB.ExecuteQuery: [80]DBExecuteError - 23505: duplicate key value violates unique constraint "ad_form_access_pkey"

DETAIL: Detail redacted as it may contain sensitive data. Specify 'Include Error Detail' in the connection string to include this information.
----------->     (WARNING)  X_AD_Form_Access.ImportNow: [80]Not insertedAD_Form_Access
===========>     (SEVERE)   DB.ExecuteQuery: [80] => 23505: duplicate key value violates unique constraint "ad_process_access_pkey"

DETAIL: Detail redacted as it may contain sensitive data. Specify 'Include Error Detail' in the connection string to include this information.
----------->     (WARNING)  DB.ExecuteQuery: [80]DBExecuteError - 23505: duplicate key value violates unique constraint "ad_process_access_pkey"

DETAIL: Detail redacted as it may contain sensitive data. Specify 'Include Error Detail' in the connection string to include this information.
----------->     (WARNING)  X_AD_Process_Access.ImportNow: [80]Not insertedAD_Process_Access
===========>     (SEVERE)   DB.ExecuteQuery: [80] => 23505: duplicate key value violates unique constraint "ad_process_access_pkey"

DETAIL: Detail redacted as it may contain sensitive data. Specify 'Include Error Detail' in the connection string to include this information.
----------->     (WARNING)  DB.ExecuteQuery: [80]DBExecuteError - 23505: duplicate key value violates unique constraint "ad_process_access_pkey"

DETAIL: Detail redacted as it may contain sensitive data. Specify 'Include Error Detail' in the connection string to include this information.
----------->     (WARNING)  X_AD_Process_Access.ImportNow: [80]Not insertedAD_Process_Access
===========>     (SEVERE)   DB.ExecuteQuery: [80] => 42703: column "binarydata" of relation "ad_group_process" does not exist

POSITION: 29
----------->     (WARNING)  DB.ExecuteQuery: [80]DBExecuteError - 42703: column "binarydata" of relation "ad_group_process" does not exist

POSITION: 29
===========>     (SEVERE)   DB.ExecuteQuery: [80] => 23505: duplicate key value violates unique constraint "ad_process_access_pkey"

DETAIL: Detail redacted as it may contain sensitive data. Specify 'Include Error Detail' in the connection string to include this information.
----------->     (WARNING)  DB.ExecuteQuery: [80]DBExecuteError - 23505: duplicate key value violates unique constraint "ad_process_access_pkey"

DETAIL: Detail redacted as it may contain sensitive data. Specify 'Include Error Detail' in the connection string to include this information.
----------->     (WARNING)  X_AD_Process_Access.ImportNow: [80]Not insertedAD_Process_Access
===========>     (SEVERE)   DB.ExecuteQuery: [80] => 23505: duplicate key value violates unique constraint "ad_process_access_pkey"

DETAIL: Detail redacted as it may contain sensitive data. Specify 'Include Error Detail' in the connection string to include this information.
----------->     (WARNING)  DB.ExecuteQuery: [80]DBExecuteError - 23505: duplicate key value violates unique constraint "ad_process_access_pkey"

DETAIL: Detail redacted as it may contain sensitive data. Specify 'Include Error Detail' in the connection string to include this information.
----------->     (WARNING)  X_AD_Process_Access.ImportNow: [80]Not insertedAD_Process_Access
===========>     (SEVERE)   PostgreHelper.ExecuteReader: [80]42P01: relation "vafam_wiptofinishedasset" does not exist

POSITION: 47 [Query DR] SELECT MAX( VAFAM_WIPToFinishedAsset_ID) FROM VAFAM_WIPToFinishedAsset
===========>     (SEVERE)   PostgreHelper.ExecuteReader: [80]42P01: relation "vafam_wiptofinishedasset" does not exist

POSITION: 47 [Query DR] SELECT MAX( VAFAM_WIPToFinishedAsset_ID) FROM VAFAM_WIPToFinishedAsset
===========>     (SEVERE)   DB.GetSQLValue: [80]SELECT MAX( VAFAM_WIPToFinishedAsset_ID) FROM VAFAM_WIPToFinishedAsset => 42P01: relation "vafam_wiptofinishedasset" does not exist

POSITION: 47
===========>     (SEVERE)   DB.ExecuteQuery: [80] => 42P01: sequence "vafam_wiptofinishedasset_seq" does not exist
----------->     (WARNING)  DB.ExecuteQuery: [80]DBExecuteError - 42P01: sequence "vafam_wiptofinishedasset_seq" does not exist
===========>     (SEVERE)   DB.ExecuteQuery: [80] => 23505: duplicate key value violates unique constraint "ad_process_access_pkey"

DETAIL: Detail redacted as it may contain sensitive data. Specify 'Include Error Detail' in the connection string to include this information.
----------->     (WARNING)  DB.ExecuteQuery: [80]DBExecuteError - 23505: duplicate key value violates unique constraint "ad_process_access_pkey"

DETAIL: Detail redacted as it may contain sensitive data. Specify 'Include Error Detail' in the connection string to include this information.
----------->     (WARNING)  X_AD_Process_Access.ImportNow: [80]Not insertedAD_Process_Access
===========>     (SEVERE)   DB.ExecuteQuery: [80] => 23505: duplicate key value violates unique constraint "ad_process_access_pkey"

DETAIL: Detail redacted as it may contain sensitive data. Specify 'Include Error Detail' in the connection string to include this information.
----------->     (WARNING)  DB.ExecuteQuery: [80]DBExecuteError - 23505: duplicate key value violates unique constraint "ad_process_access_pkey"

DETAIL: Detail redacted as it may contain sensitive data. Specify 'Include Error Detail' in the connection string to include this information.
----------->     (WARNING)  X_AD_Process_Access.ImportNow: [80]Not insertedAD_Process_Access
===========>     (SEVERE)   DB.ExecuteQuery: [80] => 23505: duplicate key value violates unique constraint "ad_process_access_pkey"

DETAIL: Detail redacted as it may contain sensitive data. Specify 'Include Error Detail' in the connection string to include this information.
----------->     (WARNING)  DB.ExecuteQuery: [80]DBExecuteError - 23505: duplicate key value violates unique constraint "ad_process_access_pkey"

DETAIL: Detail redacted as it may contain sensitive data. Specify 'Include Error Detail' in the connection string to include this information.
----------->     (WARNING)  X_AD_Process_Access.ImportNow: [80]Not insertedAD_Process_Access
===========>     (SEVERE)   DB.ExecuteQuery: [80] => 23505: duplicate key value violates unique constraint "ad_process_access_pkey"

DETAIL: Detail redacted as it may contain sensitive data. Specify 'Include Error Detail' in the connection string to include this information.
----------->     (WARNING)  DB.ExecuteQuery: [80]DBExecuteError - 23505: duplicate key value violates unique constraint "ad_process_access_pkey"

DETAIL: Detail redacted as it may contain sensitive data. Specify 'Include Error Detail' in the connection string to include this information.
----------->     (WARNING)  X_AD_Process_Access.ImportNow: [80]Not insertedAD_Process_Access
===========>     (SEVERE)   DB.ExecuteQuery: [80] => 23505: duplicate key value violates unique constraint "ad_process_access_pkey"

DETAIL: Detail redacted as it may contain sensitive data. Specify 'Include Error Detail' in the connection string to include this information.
----------->     (WARNING)  DB.ExecuteQuery: [80]DBExecuteError - 23505: duplicate key value violates unique constraint "ad_process_access_pkey"

DETAIL: Detail redacted as it may contain sensitive data. Specify 'Include Error Detail' in the connection string to include this information.
----------->     (WARNING)  X_AD_Process_Access.ImportNow: [80]Not insertedAD_Process_Access
===========>     (SEVERE)   DB.ExecuteQuery: [80] => 23505: duplicate key value violates unique constraint "ad_process_access_pkey"

DETAIL: Detail redacted as it may contain sensitive data. Specify 'Include Error Detail' in the connection string to include this information.
----------->     (WARNING)  DB.ExecuteQuery: [80]DBExecuteError - 23505: duplicate key value violates unique constraint "ad_process_access_pkey"

DETAIL: Detail redacted as it may contain sensitive data. Specify 'Include Error Detail' in the connection string to include this information.
----------->     (WARNING)  X_AD_Process_Access.ImportNow: [80]Not insertedAD_Process_Access
===========>     (SEVERE)   PostgreHelper.ExecuteReader: [80]42P01: relation "va027_postdatedcheck" does not exist

POSITION: 43 [Query DR] SELECT MAX( VA027_PostDatedCheck_ID) FROM VA027_PostDatedCheck
===========>     (SEVERE)   PostgreHelper.ExecuteReader: [80]42P01: relation "va027_postdatedcheck" does not exist

POSITION: 43 [Query DR] SELECT MAX( VA027_PostDatedCheck_ID) FROM VA027_PostDatedCheck
===========>     (SEVERE)   DB.GetSQLValue: [80]SELECT MAX( VA027_PostDatedCheck_ID) FROM VA027_PostDatedCheck => 42P01: relation "va027_postdatedcheck" does not exist

POSITION: 43
===========>     (SEVERE)   DB.ExecuteQuery: [80] => 42P01: sequence "va027_postdatedcheck_seq" does not exist
----------->     (WARNING)  DB.ExecuteQuery: [80]DBExecuteError - 42P01: sequence "va027_postdatedcheck_seq" does not exist
===========>     (SEVERE)   PostgreHelper.ExecuteReader: [80]42P01: relation "vafam_assetimpairenhance" does not exist

POSITION: 47 [Query DR] SELECT MAX( VAFAM_AssetImpairEnhance_ID) FROM VAFAM_AssetImpairEnhance
===========>     (SEVERE)   PostgreHelper.ExecuteReader: [80]42P01: relation "vafam_assetimpairenhance" does not exist

POSITION: 47 [Query DR] SELECT MAX( VAFAM_AssetImpairEnhance_ID) FROM VAFAM_AssetImpairEnhance
===========>     (SEVERE)   DB.GetSQLValue: [80]SELECT MAX( VAFAM_AssetImpairEnhance_ID) FROM VAFAM_AssetImpairEnhance => 42P01: relation "vafam_assetimpairenhance" does not exist

POSITION: 47
===========>     (SEVERE)   DB.ExecuteQuery: [80] => 42P01: sequence "vafam_assetimpairenhance_seq" does not exist
----------->     (WARNING)  DB.ExecuteQuery: [80]DBExecuteError - 42P01: sequence "vafam_assetimpairenhance_seq" does not exist
===========>     (SEVERE)   PostgreHelper.ExecuteReader: [80]42P01: relation "vafam_assetdisposal" does not exist

POSITION: 42 [Query DR] SELECT MAX( VAFAM_AssetDisposal_ID) FROM VAFAM_AssetDisposal
===========>     (SEVERE)   PostgreHelper.ExecuteReader: [80]42P01: relation "vafam_assetdisposal" does not exist

POSITION: 42 [Query DR] SELECT MAX( VAFAM_AssetDisposal_ID) FROM VAFAM_AssetDisposal
===========>     (SEVERE)   DB.GetSQLValue: [80]SELECT MAX( VAFAM_AssetDisposal_ID) FROM VAFAM_AssetDisposal => 42P01: relation "vafam_assetdisposal" does not exist

POSITION: 42
===========>     (SEVERE)   DB.ExecuteQuery: [80] => 42P01: sequence "vafam_assetdisposal_seq" does not exist
----------->     (WARNING)  DB.ExecuteQuery: [80]DBExecuteError - 42P01: sequence "vafam_assetdisposal_seq" does not exist
===========>     (SEVERE)   PostgreHelper.ExecuteReader: [80]42P01: relation "vafam_assetdepreciation" does not exist

POSITION: 46 [Query DR] SELECT MAX( VAFAM_AssetDepreciation_ID) FROM VAFAM_AssetDepreciation
===========>     (SEVERE)   PostgreHelper.ExecuteReader: [80]42P01: relation "vafam_assetdepreciation" does not exist

POSITION: 46 [Query DR] SELECT MAX( VAFAM_AssetDepreciation_ID) FROM VAFAM_AssetDepreciation
===========>     (SEVERE)   DB.GetSQLValue: [80]SELECT MAX( VAFAM_AssetDepreciation_ID) FROM VAFAM_AssetDepreciation => 42P01: relation "vafam_assetdepreciation" does not exist

POSITION: 46
===========>     (SEVERE)   DB.ExecuteQuery: [80] => 42P01: sequence "vafam_assetdepreciation_seq" does not exist
----------->     (WARNING)  DB.ExecuteQuery: [80]DBExecuteError - 42P01: sequence "vafam_assetdepreciation_seq" does not exist
===========>     (SEVERE)   DB.ExecuteQuery: [80] => 23505: duplicate key value violates unique constraint "ad_process_access_pkey"

DETAIL: Detail redacted as it may contain sensitive data. Specify 'Include Error Detail' in the connection string to include this information.
----------->     (WARNING)  DB.ExecuteQuery: [80]DBExecuteError - 23505: duplicate key value violates unique constraint "ad_process_access_pkey"

DETAIL: Detail redacted as it may contain sensitive data. Specify 'Include Error Detail' in the connection string to include this information.
----------->     (WARNING)  X_AD_Process_Access.ImportNow: [80]Not insertedAD_Process_Access
===========>     (SEVERE)   DB.ExecuteQuery: [80] => 23505: duplicate key value violates unique constraint "ad_process_access_pkey"

DETAIL: Detail redacted as it may contain sensitive data. Specify 'Include Error Detail' in the connection string to include this information.
----------->     (WARNING)  DB.ExecuteQuery: [80]DBExecuteError - 23505: duplicate key value violates unique constraint "ad_process_access_pkey"

DETAIL: Detail redacted as it may contain sensitive data. Specify 'Include Error Detail' in the connection string to include this information.
----------->     (WARNING)  X_AD_Process_Access.ImportNow: [80]Not insertedAD_Process_Access
===========>     (SEVERE)   DB.ExecuteQuery: [80] => 23505: duplicate key value violates unique constraint "ad_process_access_pkey"

DETAIL: Detail redacted as it may contain sensitive data. Specify 'Include Error Detail' in the connection string to include this information.
----------->     (WARNING)  DB.ExecuteQuery: [80]DBExecuteError - 23505: duplicate key value violates unique constraint "ad_process_access_pkey"

DETAIL: Detail redacted as it may contain sensitive data. Specify 'Include Error Detail' in the connection string to include this information.
----------->     (WARNING)  X_AD_Process_Access.ImportNow: [80]Not insertedAD_Process_Access
===========>     (SEVERE)   DB.ExecuteQuery: [80] => 23505: duplicate key value violates unique constraint "ad_process_access_pkey"

DETAIL: Detail redacted as it may contain sensitive data. Specify 'Include Error Detail' in the connection string to include this information.
----------->     (WARNING)  DB.ExecuteQuery: [80]DBExecuteError - 23505: duplicate key value violates unique constraint "ad_process_access_pkey"

DETAIL: Detail redacted as it may contain sensitive data. Specify 'Include Error Detail' in the connection string to include this information.
----------->     (WARNING)  X_AD_Process_Access.ImportNow: [80]Not insertedAD_Process_Access
===========>     (SEVERE)   DB.ExecuteQuery: [80] => 23505: duplicate key value violates unique constraint "ad_process_access_pkey"

DETAIL: Detail redacted as it may contain sensitive data. Specify 'Include Error Detail' in the connection string to include this information.
----------->     (WARNING)  DB.ExecuteQuery: [80]DBExecuteError - 23505: duplicate key value violates unique constraint "ad_process_access_pkey"

DETAIL: Detail redacted as it may contain sensitive data. Specify 'Include Error Detail' in the connection string to include this information.
----------->     (WARNING)  X_AD_Process_Access.ImportNow: [80]Not insertedAD_Process_Access
===========>     (SEVERE)   DB.ExecuteQuery: [80] => 23505: duplicate key value violates unique constraint "ad_process_access_pkey"

DETAIL: Detail redacted as it may contain sensitive data. Specify 'Include Error Detail' in the connection string to include this information.
----------->     (WARNING)  DB.ExecuteQuery: [80]DBExecuteError - 23505: duplicate key value violates unique constraint "ad_process_access_pkey"

DETAIL: Detail redacted as it may contain sensitive data. Specify 'Include Error Detail' in the connection string to include this information.
----------->     (WARNING)  X_AD_Process_Access.ImportNow: [80]Not insertedAD_Process_Access
===========>     (SEVERE)   DB.ExecuteQuery: [80] => 23505: duplicate key value violates unique constraint "ad_process_access_pkey"

DETAIL: Detail redacted as it may contain sensitive data. Specify 'Include Error Detail' in the connection string to include this information.
----------->     (WARNING)  DB.ExecuteQuery: [80]DBExecuteError - 23505: duplicate key value violates unique constraint "ad_process_access_pkey"

DETAIL: Detail redacted as it may contain sensitive data. Specify 'Include Error Detail' in the connection string to include this information.
----------->     (WARNING)  X_AD_Process_Access.ImportNow: [80]Not insertedAD_Process_Access
===========>     (SEVERE)   DB.ExecuteQuery: [80] => 23505: duplicate key value violates unique constraint "ad_process_access_pkey"

DETAIL: Detail redacted as it may contain sensitive data. Specify 'Include Error Detail' in the connection string to include this information.
----------->     (WARNING)  DB.ExecuteQuery: [80]DBExecuteError - 23505: duplicate key value violates unique constraint "ad_process_access_pkey"

DETAIL: Detail redacted as it may contain sensitive data. Specify 'Include Error Detail' in the connection string to include this information.
----------->     (WARNING)  X_AD_Process_Access.ImportNow: [80]Not insertedAD_Process_Access
===========>     (SEVERE)   DB.ExecuteQuery: [80] => 23505: duplicate key value violates unique constraint "ad_process_access_pkey"

DETAIL: Detail redacted as it may contain sensitive data. Specify 'Include Error Detail' in the connection string to include this information.
----------->     (WARNING)  DB.ExecuteQuery: [80]DBExecuteError - 23505: duplicate key value violates unique constraint "ad_process_access_pkey"

DETAIL: Detail redacted as it may contain sensitive data. Specify 'Include Error Detail' in the connection string to include this information.
----------->     (WARNING)  X_AD_Process_Access.ImportNow: [80]Not insertedAD_Process_Access
===========>     (SEVERE)   DB.ExecuteQuery: [80] => 23505: duplicate key value violates unique constraint "ad_process_access_pkey"

DETAIL: Detail redacted as it may contain sensitive data. Specify 'Include Error Detail' in the connection string to include this information.
----------->     (WARNING)  DB.ExecuteQuery: [80]DBExecuteError - 23505: duplicate key value violates unique constraint "ad_process_access_pkey"

DETAIL: Detail redacted as it may contain sensitive data. Specify 'Include Error Detail' in the connection string to include this information.
----------->     (WARNING)  X_AD_Process_Access.ImportNow: [80]Not insertedAD_Process_Access
===========>     (SEVERE)   DB.ExecuteQuery: [80] => 23505: duplicate key value violates unique constraint "ad_process_access_pkey"

DETAIL: Detail redacted as it may contain sensitive data. Specify 'Include Error Detail' in the connection string to include this information.
----------->     (WARNING)  DB.ExecuteQuery: [80]DBExecuteError - 23505: duplicate key value violates unique constraint "ad_process_access_pkey"

DETAIL: Detail redacted as it may contain sensitive data. Specify 'Include Error Detail' in the connection string to include this information.
----------->     (WARNING)  X_AD_Process_Access.ImportNow: [80]Not insertedAD_Process_Access
===========>     (SEVERE)   DB.ExecuteQuery: [80] => 23505: duplicate key value violates unique constraint "ad_process_access_pkey"

DETAIL: Detail redacted as it may contain sensitive data. Specify 'Include Error Detail' in the connection string to include this information.
----------->     (WARNING)  DB.ExecuteQuery: [80]DBExecuteError - 23505: duplicate key value violates unique constraint "ad_process_access_pkey"

DETAIL: Detail redacted as it may contain sensitive data. Specify 'Include Error Detail' in the connection string to include this information.
----------->     (WARNING)  X_AD_Process_Access.ImportNow: [80]Not insertedAD_Process_Access
===========>     (SEVERE)   DB.ExecuteQuery: [80] => 23505: duplicate key value violates unique constraint "ad_process_access_pkey"

DETAIL: Detail redacted as it may contain sensitive data. Specify 'Include Error Detail' in the connection string to include this information.
----------->     (WARNING)  DB.ExecuteQuery: [80]DBExecuteError - 23505: duplicate key value violates unique constraint "ad_process_access_pkey"

DETAIL: Detail redacted as it may contain sensitive data. Specify 'Include Error Detail' in the connection string to include this information.
----------->     (WARNING)  X_AD_Process_Access.ImportNow: [80]Not insertedAD_Process_Access
===========>     (SEVERE)   DB.ExecuteQuery: [80] => 23505: duplicate key value violates unique constraint "ad_process_access_pkey"

DETAIL: Detail redacted as it may contain sensitive data. Specify 'Include Error Detail' in the connection string to include this information.
----------->     (WARNING)  DB.ExecuteQuery: [80]DBExecuteError - 23505: duplicate key value violates unique constraint "ad_process_access_pkey"

DETAIL: Detail redacted as it may contain sensitive data. Specify 'Include Error Detail' in the connection string to include this information.
----------->     (WARNING)  X_AD_Process_Access.ImportNow: [80]Not insertedAD_Process_Access
===========>     (SEVERE)   DB.ExecuteQuery: [80] => 23505: duplicate key value violates unique constraint "ad_process_access_pkey"

DETAIL: Detail redacted as it may contain sensitive data. Specify 'Include Error Detail' in the connection string to include this information.
----------->     (WARNING)  DB.ExecuteQuery: [80]DBExecuteError - 23505: duplicate key value violates unique constraint "ad_process_access_pkey"

DETAIL: Detail redacted as it may contain sensitive data. Specify 'Include Error Detail' in the connection string to include this information.
----------->     (WARNING)  X_AD_Process_Access.ImportNow: [80]Not insertedAD_Process_Access
===========>     (SEVERE)   DB.ExecuteQuery: [80] => 23505: duplicate key value violates unique constraint "ad_process_access_pkey"

DETAIL: Detail redacted as it may contain sensitive data. Specify 'Include Error Detail' in the connection string to include this information.
----------->     (WARNING)  DB.ExecuteQuery: [80]DBExecuteError - 23505: duplicate key value violates unique constraint "ad_process_access_pkey"

DETAIL: Detail redacted as it may contain sensitive data. Specify 'Include Error Detail' in the connection string to include this information.
----------->     (WARNING)  X_AD_Process_Access.ImportNow: [80]Not insertedAD_Process_Access
===========>     (SEVERE)   DB.ExecuteQuery: [80] => 23505: duplicate key value violates unique constraint "ad_process_access_pkey"

DETAIL: Detail redacted as it may contain sensitive data. Specify 'Include Error Detail' in the connection string to include this information.
----------->     (WARNING)  DB.ExecuteQuery: [80]DBExecuteError - 23505: duplicate key value violates unique constraint "ad_process_access_pkey"

DETAIL: Detail redacted as it may contain sensitive data. Specify 'Include Error Detail' in the connection string to include this information.
----------->     (WARNING)  X_AD_Process_Access.ImportNow: [80]Not insertedAD_Process_Access
===========>     (SEVERE)   DB.ExecuteQuery: [80] => 23505: duplicate key value violates unique constraint "ad_process_access_pkey"

DETAIL: Detail redacted as it may contain sensitive data. Specify 'Include Error Detail' in the connection string to include this information.
----------->     (WARNING)  DB.ExecuteQuery: [80]DBExecuteError - 23505: duplicate key value violates unique constraint "ad_process_access_pkey"

DETAIL: Detail redacted as it may contain sensitive data. Specify 'Include Error Detail' in the connection string to include this information.
----------->     (WARNING)  X_AD_Process_Access.ImportNow: [80]Not insertedAD_Process_Access
===========>     (SEVERE)   DB.ExecuteQuery: [80] => 23505: duplicate key value violates unique constraint "ad_process_access_pkey"

DETAIL: Detail redacted as it may contain sensitive data. Specify 'Include Error Detail' in the connection string to include this information.
----------->     (WARNING)  DB.ExecuteQuery: [80]DBExecuteError - 23505: duplicate key value violates unique constraint "ad_process_access_pkey"

DETAIL: Detail redacted as it may contain sensitive data. Specify 'Include Error Detail' in the connection string to include this information.
----------->     (WARNING)  X_AD_Process_Access.ImportNow: [80]Not insertedAD_Process_Access
===========>     (SEVERE)   DB.ExecuteQuery: [80] => 23505: duplicate key value violates unique constraint "ad_process_access_pkey"

DETAIL: Detail redacted as it may contain sensitive data. Specify 'Include Error Detail' in the connection string to include this information.
----------->     (WARNING)  DB.ExecuteQuery: [80]DBExecuteError - 23505: duplicate key value violates unique constraint "ad_process_access_pkey"

DETAIL: Detail redacted as it may contain sensitive data. Specify 'Include Error Detail' in the connection string to include this information.
----------->     (WARNING)  X_AD_Process_Access.ImportNow: [80]Not insertedAD_Process_Access
===========>     (SEVERE)   DB.ExecuteQuery: [80] => 23505: duplicate key value violates unique constraint "ad_process_access_pkey"

DETAIL: Detail redacted as it may contain sensitive data. Specify 'Include Error Detail' in the connection string to include this information.
----------->     (WARNING)  DB.ExecuteQuery: [80]DBExecuteError - 23505: duplicate key value violates unique constraint "ad_process_access_pkey"

DETAIL: Detail redacted as it may contain sensitive data. Specify 'Include Error Detail' in the connection string to include this information.
----------->     (WARNING)  X_AD_Process_Access.ImportNow: [80]Not insertedAD_Process_Access
===========>     (SEVERE)   DB.ExecuteQuery: [80] => 23505: duplicate key value violates unique constraint "ad_process_access_pkey"

DETAIL: Detail redacted as it may contain sensitive data. Specify 'Include Error Detail' in the connection string to include this information.
----------->     (WARNING)  DB.ExecuteQuery: [80]DBExecuteError - 23505: duplicate key value violates unique constraint "ad_process_access_pkey"

DETAIL: Detail redacted as it may contain sensitive data. Specify 'Include Error Detail' in the connection string to include this information.
----------->     (WARNING)  X_AD_Process_Access.ImportNow: [80]Not insertedAD_Process_Access
===========>     (SEVERE)   DB.ExecuteQuery: [80] => 23505: duplicate key value violates unique constraint "ad_process_access_pkey"

DETAIL: Detail redacted as it may contain sensitive data. Specify 'Include Error Detail' in the connection string to include this information.
----------->     (WARNING)  DB.ExecuteQuery: [80]DBExecuteError - 23505: duplicate key value violates unique constraint "ad_process_access_pkey"

DETAIL: Detail redacted as it may contain sensitive data. Specify 'Include Error Detail' in the connection string to include this information.
----------->     (WARNING)  X_AD_Process_Access.ImportNow: [80]Not insertedAD_Process_Access
===========>     (SEVERE)   DB.ExecuteQuery: [80] => 23505: duplicate key value violates unique constraint "ad_process_access_pkey"

DETAIL: Detail redacted as it may contain sensitive data. Specify 'Include Error Detail' in the connection string to include this information.
----------->     (WARNING)  DB.ExecuteQuery: [80]DBExecuteError - 23505: duplicate key value violates unique constraint "ad_process_access_pkey"

DETAIL: Detail redacted as it may contain sensitive data. Specify 'Include Error Detail' in the connection string to include this information.
----------->     (WARNING)  X_AD_Process_Access.ImportNow: [80]Not insertedAD_Process_Access
===========>     (SEVERE)   DB.ExecuteQuery: [80] => 23505: duplicate key value violates unique constraint "ad_process_access_pkey"

DETAIL: Detail redacted as it may contain sensitive data. Specify 'Include Error Detail' in the connection string to include this information.
----------->     (WARNING)  DB.ExecuteQuery: [80]DBExecuteError - 23505: duplicate key value violates unique constraint "ad_process_access_pkey"

DETAIL: Detail redacted as it may contain sensitive data. Specify 'Include Error Detail' in the connection string to include this information.
----------->     (WARNING)  X_AD_Process_Access.ImportNow: [80]Not insertedAD_Process_Access
===========>     (SEVERE)   DB.ExecuteQuery: [80] => 23505: duplicate key value violates unique constraint "ad_process_access_pkey"

DETAIL: Detail redacted as it may contain sensitive data. Specify 'Include Error Detail' in the connection string to include this information.
----------->     (WARNING)  DB.ExecuteQuery: [80]DBExecuteError - 23505: duplicate key value violates unique constraint "ad_process_access_pkey"

DETAIL: Detail redacted as it may contain sensitive data. Specify 'Include Error Detail' in the connection string to include this information.
----------->     (WARNING)  X_AD_Process_Access.ImportNow: [80]Not insertedAD_Process_Access
===========>     (SEVERE)   DB.ExecuteQuery: [80] => 23505: duplicate key value violates unique constraint "ad_process_access_pkey"

DETAIL: Detail redacted as it may contain sensitive data. Specify 'Include Error Detail' in the connection string to include this information.
----------->     (WARNING)  DB.ExecuteQuery: [80]DBExecuteError - 23505: duplicate key value violates unique constraint "ad_process_access_pkey"

DETAIL: Detail redacted as it may contain sensitive data. Specify 'Include Error Detail' in the connection string to include this information.
----------->     (WARNING)  X_AD_Process_Access.ImportNow: [80]Not insertedAD_Process_Access
===========>     (SEVERE)   DB.ExecuteQuery: [80] => 23505: duplicate key value violates unique constraint "ad_process_access_pkey"

DETAIL: Detail redacted as it may contain sensitive data. Specify 'Include Error Detail' in the connection string to include this information.
----------->     (WARNING)  DB.ExecuteQuery: [80]DBExecuteError - 23505: duplicate key value violates unique constraint "ad_process_access_pkey"

DETAIL: Detail redacted as it may contain sensitive data. Specify 'Include Error Detail' in the connection string to include this information.
----------->     (WARNING)  X_AD_Process_Access.ImportNow: [80]Not insertedAD_Process_Access
===========>     (SEVERE)   DB.ExecuteQuery: [80] => 23505: duplicate key value violates unique constraint "ad_process_access_pkey"

DETAIL: Detail redacted as it may contain sensitive data. Specify 'Include Error Detail' in the connection string to include this information.
----------->     (WARNING)  DB.ExecuteQuery: [80]DBExecuteError - 23505: duplicate key value violates unique constraint "ad_process_access_pkey"

DETAIL: Detail redacted as it may contain sensitive data. Specify 'Include Error Detail' in the connection string to include this information.
----------->     (WARNING)  X_AD_Process_Access.ImportNow: [80]Not insertedAD_Process_Access
===========>     (SEVERE)   DB.ExecuteQuery: [80] => 23505: duplicate key value violates unique constraint "ad_process_access_pkey"

DETAIL: Detail redacted as it may contain sensitive data. Specify 'Include Error Detail' in the connection string to include this information.
----------->     (WARNING)  DB.ExecuteQuery: [80]DBExecuteError - 23505: duplicate key value violates unique constraint "ad_process_access_pkey"

DETAIL: Detail redacted as it may contain sensitive data. Specify 'Include Error Detail' in the connection string to include this information.
----------->     (WARNING)  X_AD_Process_Access.ImportNow: [80]Not insertedAD_Process_Access
===========>     (SEVERE)   DB.ExecuteQuery: [80] => 23505: duplicate key value violates unique constraint "ad_workflow_access_pkey"

DETAIL: Detail redacted as it may contain sensitive data. Specify 'Include Error Detail' in the connection string to include this information.
----------->     (WARNING)  DB.ExecuteQuery: [80]DBExecuteError - 23505: duplicate key value violates unique constraint "ad_workflow_access_pkey"

DETAIL: Detail redacted as it may contain sensitive data. Specify 'Include Error Detail' in the connection string to include this information.
----------->     (WARNING)  X_AD_Workflow_Access.ImportNow: [80]Not insertedAD_Workflow_Access
===========>     (SEVERE)   DB.ExecuteQuery: [80] => 23505: duplicate key value violates unique constraint "ad_workflow_access_pkey"

DETAIL: Detail redacted as it may contain sensitive data. Specify 'Include Error Detail' in the connection string to include this information.
----------->     (WARNING)  DB.ExecuteQuery: [80]DBExecuteError - 23505: duplicate key value violates unique constraint "ad_workflow_access_pkey"

DETAIL: Detail redacted as it may contain sensitive data. Specify 'Include Error Detail' in the connection string to include this information.
----------->     (WARNING)  X_AD_Workflow_Access.ImportNow: [80]Not insertedAD_Workflow_Access
===========>     (SEVERE)   DB.ExecuteQuery: [80] => 23505: duplicate key value violates unique constraint "ad_process_access_pkey"

DETAIL: Detail redacted as it may contain sensitive data. Specify 'Include Error Detail' in the connection string to include this information.
----------->     (WARNING)  DB.ExecuteQuery: [80]DBExecuteError - 23505: duplicate key value violates unique constraint "ad_process_access_pkey"

DETAIL: Detail redacted as it may contain sensitive data. Specify 'Include Error Detail' in the connection string to include this information.
----------->     (WARNING)  X_AD_Process_Access.ImportNow: [80]Not insertedAD_Process_Access
===========>     (SEVERE)   DB.ExecuteQuery: [80] => 23505: duplicate key value violates unique constraint "ad_process_access_pkey"

DETAIL: Detail redacted as it may contain sensitive data. Specify 'Include Error Detail' in the connection string to include this information.
----------->     (WARNING)  DB.ExecuteQuery: [80]DBExecuteError - 23505: duplicate key value violates unique constraint "ad_process_access_pkey"

DETAIL: Detail redacted as it may contain sensitive data. Specify 'Include Error Detail' in the connection string to include this information.
----------->     (WARNING)  X_AD_Process_Access.ImportNow: [80]Not insertedAD_Process_Access
===========>     (SEVERE)   DB.ExecuteQuery: [80] => 23505: duplicate key value violates unique constraint "ad_process_access_pkey"

DETAIL: Detail redacted as it may contain sensitive data. Specify 'Include Error Detail' in the connection string to include this information.
----------->     (WARNING)  DB.ExecuteQuery: [80]DBExecuteError - 23505: duplicate key value violates unique constraint "ad_process_access_pkey"

DETAIL: Detail redacted as it may contain sensitive data. Specify 'Include Error Detail' in the connection string to include this information.
----------->     (WARNING)  X_AD_Process_Access.ImportNow: [80]Not insertedAD_Process_Access
===========>     (SEVERE)   DB.ExecuteQuery: [80] => 23505: duplicate key value violates unique constraint "ad_process_access_pkey"

DETAIL: Detail redacted as it may contain sensitive data. Specify 'Include Error Detail' in the connection string to include this information.
----------->     (WARNING)  DB.ExecuteQuery: [80]DBExecuteError - 23505: duplicate key value violates unique constraint "ad_process_access_pkey"

DETAIL: Detail redacted as it may contain sensitive data. Specify 'Include Error Detail' in the connection string to include this information.
----------->     (WARNING)  X_AD_Process_Access.ImportNow: [80]Not insertedAD_Process_Access
===========>     (SEVERE)   DB.ExecuteQuery: [80] => 23505: duplicate key value violates unique constraint "ad_workflow_access_pkey"

DETAIL: Detail redacted as it may contain sensitive data. Specify 'Include Error Detail' in the connection string to include this information.
----------->     (WARNING)  DB.ExecuteQuery: [80]DBExecuteError - 23505: duplicate key value violates unique constraint "ad_workflow_access_pkey"

DETAIL: Detail redacted as it may contain sensitive data. Specify 'Include Error Detail' in the connection string to include this information.
----------->     (WARNING)  X_AD_Workflow_Access.ImportNow: [80]Not insertedAD_Workflow_Access
===========>     (SEVERE)   DB.ExecuteQuery: [80] => 23505: duplicate key value violates unique constraint "ad_workflow_access_pkey"

DETAIL: Detail redacted as it may contain sensitive data. Specify 'Include Error Detail' in the connection string to include this information.
----------->     (WARNING)  DB.ExecuteQuery: [80]DBExecuteError - 23505: duplicate key value violates unique constraint "ad_workflow_access_pkey"

DETAIL: Detail redacted as it may contain sensitive data. Specify 'Include Error Detail' in the connection string to include this information.
----------->     (WARNING)  X_AD_Workflow_Access.ImportNow: [80]Not insertedAD_Workflow_Access
===========>     (SEVERE)   DB.ExecuteQuery: [80] => 23505: duplicate key value violates unique constraint "ad_process_access_pkey"

DETAIL: Detail redacted as it may contain sensitive data. Specify 'Include Error Detail' in the connection string to include this information.
----------->     (WARNING)  DB.ExecuteQuery: [80]DBExecuteError - 23505: duplicate key value violates unique constraint "ad_process_access_pkey"

DETAIL: Detail redacted as it may contain sensitive data. Specify 'Include Error Detail' in the connection string to include this information.
----------->     (WARNING)  X_AD_Process_Access.ImportNow: [80]Not insertedAD_Process_Access
===========>     (SEVERE)   DB.ExecuteQuery: [80] => 23505: duplicate key value violates unique constraint "ad_process_access_pkey"

DETAIL: Detail redacted as it may contain sensitive data. Specify 'Include Error Detail' in the connection string to include this information.
----------->     (WARNING)  DB.ExecuteQuery: [80]DBExecuteError - 23505: duplicate key value violates unique constraint "ad_process_access_pkey"

DETAIL: Detail redacted as it may contain sensitive data. Specify 'Include Error Detail' in the connection string to include this information.
----------->     (WARNING)  X_AD_Process_Access.ImportNow: [80]Not insertedAD_Process_Access
===========>     (SEVERE)   DB.ExecuteQuery: [80] => 23505: duplicate key value violates unique constraint "ad_process_access_pkey"

DETAIL: Detail redacted as it may contain sensitive data. Specify 'Include Error Detail' in the connection string to include this information.
----------->     (WARNING)  DB.ExecuteQuery: [80]DBExecuteError - 23505: duplicate key value violates unique constraint "ad_process_access_pkey"

DETAIL: Detail redacted as it may contain sensitive data. Specify 'Include Error Detail' in the connection string to include this information.
----------->     (WARNING)  X_AD_Process_Access.ImportNow: [80]Not insertedAD_Process_Access
===========>     (SEVERE)   DB.ExecuteQuery: [80] => 23505: duplicate key value violates unique constraint "ad_process_access_pkey"

DETAIL: Detail redacted as it may contain sensitive data. Specify 'Include Error Detail' in the connection string to include this information.
----------->     (WARNING)  DB.ExecuteQuery: [80]DBExecuteError - 23505: duplicate key value violates unique constraint "ad_process_access_pkey"

DETAIL: Detail redacted as it may contain sensitive data. Specify 'Include Error Detail' in the connection string to include this information.
----------->     (WARNING)  X_AD_Process_Access.ImportNow: [80]Not insertedAD_Process_Access
===========>     (SEVERE)   DB.ExecuteQuery: [80] => 23505: duplicate key value violates unique constraint "ad_process_access_pkey"

DETAIL: Detail redacted as it may contain sensitive data. Specify 'Include Error Detail' in the connection string to include this information.
----------->     (WARNING)  DB.ExecuteQuery: [80]DBExecuteError - 23505: duplicate key value violates unique constraint "ad_process_access_pkey"

DETAIL: Detail redacted as it may contain sensitive data. Specify 'Include Error Detail' in the connection string to include this information.
----------->     (WARNING)  X_AD_Process_Access.ImportNow: [80]Not insertedAD_Process_Access
===========>     (SEVERE)   DB.ExecuteQuery: [80] => 23505: duplicate key value violates unique constraint "ad_process_access_pkey"

DETAIL: Detail redacted as it may contain sensitive data. Specify 'Include Error Detail' in the connection string to include this information.
----------->     (WARNING)  DB.ExecuteQuery: [80]DBExecuteError - 23505: duplicate key value violates unique constraint "ad_process_access_pkey"

DETAIL: Detail redacted as it may contain sensitive data. Specify 'Include Error Detail' in the connection string to include this information.
----------->     (WARNING)  X_AD_Process_Access.ImportNow: [80]Not insertedAD_Process_Access
===========>     (SEVERE)   DB.ExecuteQuery: [80] => 23505: duplicate key value violates unique constraint "ad_process_access_pkey"

DETAIL: Detail redacted as it may contain sensitive data. Specify 'Include Error Detail' in the connection string to include this information.
----------->     (WARNING)  DB.ExecuteQuery: [80]DBExecuteError - 23505: duplicate key value violates unique constraint "ad_process_access_pkey"

DETAIL: Detail redacted as it may contain sensitive data. Specify 'Include Error Detail' in the connection string to include this information.
----------->     (WARNING)  X_AD_Process_Access.ImportNow: [80]Not insertedAD_Process_Access
===========>     (SEVERE)   DB.ExecuteQuery: [80] => 23505: duplicate key value violates unique constraint "ad_process_access_pkey"

DETAIL: Detail redacted as it may contain sensitive data. Specify 'Include Error Detail' in the connection string to include this information.
----------->     (WARNING)  DB.ExecuteQuery: [80]DBExecuteError - 23505: duplicate key value violates unique constraint "ad_process_access_pkey"

DETAIL: Detail redacted as it may contain sensitive data. Specify 'Include Error Detail' in the connection string to include this information.
----------->     (WARNING)  X_AD_Process_Access.ImportNow: [80]Not insertedAD_Process_Access
===========>     (SEVERE)   DB.ExecuteQuery: [80] => 23505: duplicate key value violates unique constraint "ad_process_access_pkey"

DETAIL: Detail redacted as it may contain sensitive data. Specify 'Include Error Detail' in the connection string to include this information.
----------->     (WARNING)  DB.ExecuteQuery: [80]DBExecuteError - 23505: duplicate key value violates unique constraint "ad_process_access_pkey"

DETAIL: Detail redacted as it may contain sensitive data. Specify 'Include Error Detail' in the connection string to include this information.
----------->     (WARNING)  X_AD_Process_Access.ImportNow: [80]Not insertedAD_Process_Access
===========>     (SEVERE)   DB.ExecuteQuery: [80] => 23505: duplicate key value violates unique constraint "ad_process_access_pkey"

DETAIL: Detail redacted as it may contain sensitive data. Specify 'Include Error Detail' in the connection string to include this information.
----------->     (WARNING)  DB.ExecuteQuery: [80]DBExecuteError - 23505: duplicate key value violates unique constraint "ad_process_access_pkey"

DETAIL: Detail redacted as it may contain sensitive data. Specify 'Include Error Detail' in the connection string to include this information.
----------->     (WARNING)  X_AD_Process_Access.ImportNow: [80]Not insertedAD_Process_Access
===========>     (SEVERE)   DB.ExecuteQuery: [80] => 23505: duplicate key value violates unique constraint "ad_process_access_pkey"

DETAIL: Detail redacted as it may contain sensitive data. Specify 'Include Error Detail' in the connection string to include this information.
----------->     (WARNING)  DB.ExecuteQuery: [80]DBExecuteError - 23505: duplicate key value violates unique constraint "ad_process_access_pkey"

DETAIL: Detail redacted as it may contain sensitive data. Specify 'Include Error Detail' in the connection string to include this information.
----------->     (WARNING)  X_AD_Process_Access.ImportNow: [80]Not insertedAD_Process_Access
===========>     (SEVERE)   DB.ExecuteQuery: [80] => 23505: duplicate key value violates unique constraint "ad_process_access_pkey"

DETAIL: Detail redacted as it may contain sensitive data. Specify 'Include Error Detail' in the connection string to include this information.
----------->     (WARNING)  DB.ExecuteQuery: [80]DBExecuteError - 23505: duplicate key value violates unique constraint "ad_process_access_pkey"

DETAIL: Detail redacted as it may contain sensitive data. Specify 'Include Error Detail' in the connection string to include this information.
----------->     (WARNING)  X_AD_Process_Access.ImportNow: [80]Not insertedAD_Process_Access
===========>     (SEVERE)   DB.ExecuteQuery: [80] => 23505: duplicate key value violates unique constraint "ad_process_access_pkey"

DETAIL: Detail redacted as it may contain sensitive data. Specify 'Include Error Detail' in the connection string to include this information.
----------->     (WARNING)  DB.ExecuteQuery: [80]DBExecuteError - 23505: duplicate key value violates unique constraint "ad_process_access_pkey"

DETAIL: Detail redacted as it may contain sensitive data. Specify 'Include Error Detail' in the connection string to include this information.
----------->     (WARNING)  X_AD_Process_Access.ImportNow: [80]Not insertedAD_Process_Access
===========>     (SEVERE)   DB.ExecuteQuery: [80] => 23505: duplicate key value violates unique constraint "ad_process_access_pkey"

DETAIL: Detail redacted as it may contain sensitive data. Specify 'Include Error Detail' in the connection string to include this information.
----------->     (WARNING)  DB.ExecuteQuery: [80]DBExecuteError - 23505: duplicate key value violates unique constraint "ad_process_access_pkey"

DETAIL: Detail redacted as it may contain sensitive data. Specify 'Include Error Detail' in the connection string to include this information.
----------->     (WARNING)  X_AD_Process_Access.ImportNow: [80]Not insertedAD_Process_Access
===========>     (SEVERE)   DB.ExecuteQuery: [80] => 23505: duplicate key value violates unique constraint "ad_process_access_pkey"

DETAIL: Detail redacted as it may contain sensitive data. Specify 'Include Error Detail' in the connection string to include this information.
----------->     (WARNING)  DB.ExecuteQuery: [80]DBExecuteError - 23505: duplicate key value violates unique constraint "ad_process_access_pkey"

DETAIL: Detail redacted as it may contain sensitive data. Specify 'Include Error Detail' in the connection string to include this information.
----------->     (WARNING)  X_AD_Process_Access.ImportNow: [80]Not insertedAD_Process_Access
===========>     (SEVERE)   DB.ExecuteQuery: [80] => 23505: duplicate key value violates unique constraint "ad_process_access_pkey"

DETAIL: Detail redacted as it may contain sensitive data. Specify 'Include Error Detail' in the connection string to include this information.
----------->     (WARNING)  DB.ExecuteQuery: [80]DBExecuteError - 23505: duplicate key value violates unique constraint "ad_process_access_pkey"

DETAIL: Detail redacted as it may contain sensitive data. Specify 'Include Error Detail' in the connection string to include this information.
----------->     (WARNING)  X_AD_Process_Access.ImportNow: [80]Not insertedAD_Process_Access
===========>     (SEVERE)   DB.ExecuteQuery: [80] => 23505: duplicate key value violates unique constraint "ad_process_access_pkey"

DETAIL: Detail redacted as it may contain sensitive data. Specify 'Include Error Detail' in the connection string to include this information.
----------->     (WARNING)  DB.ExecuteQuery: [80]DBExecuteError - 23505: duplicate key value violates unique constraint "ad_process_access_pkey"

DETAIL: Detail redacted as it may contain sensitive data. Specify 'Include Error Detail' in the connection string to include this information.
----------->     (WARNING)  X_AD_Process_Access.ImportNow: [80]Not insertedAD_Process_Access
===========>     (SEVERE)   DB.ExecuteQuery: [80] => 23505: duplicate key value violates unique constraint "ad_process_access_pkey"

DETAIL: Detail redacted as it may contain sensitive data. Specify 'Include Error Detail' in the connection string to include this information.
----------->     (WARNING)  DB.ExecuteQuery: [80]DBExecuteError - 23505: duplicate key value violates unique constraint "ad_process_access_pkey"

DETAIL: Detail redacted as it may contain sensitive data. Specify 'Include Error Detail' in the connection string to include this information.
----------->     (WARNING)  X_AD_Process_Access.ImportNow: [80]Not insertedAD_Process_Access
===========>     (SEVERE)   DB.ExecuteQuery: [80] => 23505: duplicate key value violates unique constraint "ad_workflow_access_pkey"

DETAIL: Detail redacted as it may contain sensitive data. Specify 'Include Error Detail' in the connection string to include this information.
----------->     (WARNING)  DB.ExecuteQuery: [80]DBExecuteError - 23505: duplicate key value violates unique constraint "ad_workflow_access_pkey"

DETAIL: Detail redacted as it may contain sensitive data. Specify 'Include Error Detail' in the connection string to include this information.
----------->     (WARNING)  X_AD_Workflow_Access.ImportNow: [80]Not insertedAD_Workflow_Access
===========>     (SEVERE)   DB.ExecuteQuery: [80] => 23505: duplicate key value violates unique constraint "ad_workflow_access_pkey"

DETAIL: Detail redacted as it may contain sensitive data. Specify 'Include Error Detail' in the connection string to include this information.
----------->     (WARNING)  DB.ExecuteQuery: [80]DBExecuteError - 23505: duplicate key value violates unique constraint "ad_workflow_access_pkey"

DETAIL: Detail redacted as it may contain sensitive data. Specify 'Include Error Detail' in the connection string to include this information.
----------->     (WARNING)  X_AD_Workflow_Access.ImportNow: [80]Not insertedAD_Workflow_Access
===========>     (SEVERE)   DB.ExecuteQuery: [80] => 23505: duplicate key value violates unique constraint "ad_process_access_pkey"

DETAIL: Detail redacted as it may contain sensitive data. Specify 'Include Error Detail' in the connection string to include this information.
----------->     (WARNING)  DB.ExecuteQuery: [80]DBExecuteError - 23505: duplicate key value violates unique constraint "ad_process_access_pkey"

DETAIL: Detail redacted as it may contain sensitive data. Specify 'Include Error Detail' in the connection string to include this information.
----------->     (WARNING)  X_AD_Process_Access.ImportNow: [80]Not insertedAD_Process_Access
===========>     (SEVERE)   DB.ExecuteQuery: [80] => 23505: duplicate key value violates unique constraint "ad_process_access_pkey"

DETAIL: Detail redacted as it may contain sensitive data. Specify 'Include Error Detail' in the connection string to include this information.
----------->     (WARNING)  DB.ExecuteQuery: [80]DBExecuteError - 23505: duplicate key value violates unique constraint "ad_process_access_pkey"

DETAIL: Detail redacted as it may contain sensitive data. Specify 'Include Error Detail' in the connection string to include this information.
----------->     (WARNING)  X_AD_Process_Access.ImportNow: [80]Not insertedAD_Process_Access
===========>     (SEVERE)   DB.ExecuteQuery: [80] => 23505: duplicate key value violates unique constraint "ad_process_access_pkey"

DETAIL: Detail redacted as it may contain sensitive data. Specify 'Include Error Detail' in the connection string to include this information.
----------->     (WARNING)  DB.ExecuteQuery: [80]DBExecuteError - 23505: duplicate key value violates unique constraint "ad_process_access_pkey"

DETAIL: Detail redacted as it may contain sensitive data. Specify 'Include Error Detail' in the connection string to include this information.
----------->     (WARNING)  X_AD_Process_Access.ImportNow: [80]Not insertedAD_Process_Access
===========>     (SEVERE)   DB.ExecuteQuery: [80] => 23505: duplicate key value violates unique constraint "ad_process_access_pkey"

DETAIL: Detail redacted as it may contain sensitive data. Specify 'Include Error Detail' in the connection string to include this information.
----------->     (WARNING)  DB.ExecuteQuery: [80]DBExecuteError - 23505: duplicate key value violates unique constraint "ad_process_access_pkey"

DETAIL: Detail redacted as it may contain sensitive data. Specify 'Include Error Detail' in the connection string to include this information.
----------->     (WARNING)  X_AD_Process_Access.ImportNow: [80]Not insertedAD_Process_Access
===========>     (SEVERE)   DB.ExecuteQuery: [80] => 23505: duplicate key value violates unique constraint "ad_process_access_pkey"

DETAIL: Detail redacted as it may contain sensitive data. Specify 'Include Error Detail' in the connection string to include this information.
----------->     (WARNING)  DB.ExecuteQuery: [80]DBExecuteError - 23505: duplicate key value violates unique constraint "ad_process_access_pkey"

DETAIL: Detail redacted as it may contain sensitive data. Specify 'Include Error Detail' in the connection string to include this information.
----------->     (WARNING)  X_AD_Process_Access.ImportNow: [80]Not insertedAD_Process_Access
===========>     (SEVERE)   DB.ExecuteQuery: [80] => 23505: duplicate key value violates unique constraint "ad_process_access_pkey"

DETAIL: Detail redacted as it may contain sensitive data. Specify 'Include Error Detail' in the connection string to include this information.
----------->     (WARNING)  DB.ExecuteQuery: [80]DBExecuteError - 23505: duplicate key value violates unique constraint "ad_process_access_pkey"

DETAIL: Detail redacted as it may contain sensitive data. Specify 'Include Error Detail' in the connection string to include this information.
----------->     (WARNING)  X_AD_Process_Access.ImportNow: [80]Not insertedAD_Process_Access
===========>     (SEVERE)   DB.ExecuteQuery: [80] => 23505: duplicate key value violates unique constraint "ad_workflow_access_pkey"

DETAIL: Detail redacted as it may contain sensitive data. Specify 'Include Error Detail' in the connection string to include this information.
----------->     (WARNING)  DB.ExecuteQuery: [80]DBExecuteError - 23505: duplicate key value violates unique constraint "ad_workflow_access_pkey"

DETAIL: Detail redacted as it may contain sensitive data. Specify 'Include Error Detail' in the connection string to include this information.
----------->     (WARNING)  X_AD_Workflow_Access.ImportNow: [80]Not insertedAD_Workflow_Access
===========>     (SEVERE)   DB.ExecuteQuery: [80] => 23505: duplicate key value violates unique constraint "ad_workflow_access_pkey"

DETAIL: Detail redacted as it may contain sensitive data. Specify 'Include Error Detail' in the connection string to include this information.
----------->     (WARNING)  DB.ExecuteQuery: [80]DBExecuteError - 23505: duplicate key value violates unique constraint "ad_workflow_access_pkey"

DETAIL: Detail redacted as it may contain sensitive data. Specify 'Include Error Detail' in the connection string to include this information.
----------->     (WARNING)  X_AD_Workflow_Access.ImportNow: [80]Not insertedAD_Workflow_Access
===========>     (SEVERE)   DB.ExecuteQuery: [80] => 23505: duplicate key value violates unique constraint "ad_process_access_pkey"

DETAIL: Detail redacted as it may contain sensitive data. Specify 'Include Error Detail' in the connection string to include this information.
----------->     (WARNING)  DB.ExecuteQuery: [80]DBExecuteError - 23505: duplicate key value violates unique constraint "ad_process_access_pkey"

DETAIL: Detail redacted as it may contain sensitive data. Specify 'Include Error Detail' in the connection string to include this information.
----------->     (WARNING)  X_AD_Process_Access.ImportNow: [80]Not insertedAD_Process_Access
===========>     (SEVERE)   DB.ExecuteQuery: [80] => 23505: duplicate key value violates unique constraint "ad_process_access_pkey"

DETAIL: Detail redacted as it may contain sensitive data. Specify 'Include Error Detail' in the connection string to include this information.
----------->     (WARNING)  DB.ExecuteQuery: [80]DBExecuteError - 23505: duplicate key value violates unique constraint "ad_process_access_pkey"

DETAIL: Detail redacted as it may contain sensitive data. Specify 'Include Error Detail' in the connection string to include this information.
----------->     (WARNING)  X_AD_Process_Access.ImportNow: [80]Not insertedAD_Process_Access
===========>     (SEVERE)   DB.ExecuteQuery: [80] => 23505: duplicate key value violates unique constraint "ad_process_access_pkey"

DETAIL: Detail redacted as it may contain sensitive data. Specify 'Include Error Detail' in the connection string to include this information.
----------->     (WARNING)  DB.ExecuteQuery: [80]DBExecuteError - 23505: duplicate key value violates unique constraint "ad_process_access_pkey"

DETAIL: Detail redacted as it may contain sensitive data. Specify 'Include Error Detail' in the connection string to include this information.
----------->     (WARNING)  X_AD_Process_Access.ImportNow: [80]Not insertedAD_Process_Access
===========>     (SEVERE)   DB.ExecuteQuery: [80] => 23505: duplicate key value violates unique constraint "ad_process_access_pkey"

DETAIL: Detail redacted as it may contain sensitive data. Specify 'Include Error Detail' in the connection string to include this information.
----------->     (WARNING)  DB.ExecuteQuery: [80]DBExecuteError - 23505: duplicate key value violates unique constraint "ad_process_access_pkey"

DETAIL: Detail redacted as it may contain sensitive data. Specify 'Include Error Detail' in the connection string to include this information.
----------->     (WARNING)  X_AD_Process_Access.ImportNow: [80]Not insertedAD_Process_Access
===========>     (SEVERE)   DB.ExecuteQuery: [80] => 23505: duplicate key value violates unique constraint "ad_process_access_pkey"

DETAIL: Detail redacted as it may contain sensitive data. Specify 'Include Error Detail' in the connection string to include this information.
----------->     (WARNING)  DB.ExecuteQuery: [80]DBExecuteError - 23505: duplicate key value violates unique constraint "ad_process_access_pkey"

DETAIL: Detail redacted as it may contain sensitive data. Specify 'Include Error Detail' in the connection string to include this information.
----------->     (WARNING)  X_AD_Process_Access.ImportNow: [80]Not insertedAD_Process_Access
===========>     (SEVERE)   DB.ExecuteQuery: [80] => 23505: duplicate key value violates unique constraint "ad_process_access_pkey"

DETAIL: Detail redacted as it may contain sensitive data. Specify 'Include Error Detail' in the connection string to include this information.
----------->     (WARNING)  DB.ExecuteQuery: [80]DBExecuteError - 23505: duplicate key value violates unique constraint "ad_process_access_pkey"

DETAIL: Detail redacted as it may contain sensitive data. Specify 'Include Error Detail' in the connection string to include this information.
----------->     (WARNING)  X_AD_Process_Access.ImportNow: [80]Not insertedAD_Process_Access
===========>     (SEVERE)   DB.ExecuteQuery: [80] => 23505: duplicate key value violates unique constraint "ad_process_access_pkey"

DETAIL: Detail redacted as it may contain sensitive data. Specify 'Include Error Detail' in the connection string to include this information.
----------->     (WARNING)  DB.ExecuteQuery: [80]DBExecuteError - 23505: duplicate key value violates unique constraint "ad_process_access_pkey"

DETAIL: Detail redacted as it may contain sensitive data. Specify 'Include Error Detail' in the connection string to include this information.
----------->     (WARNING)  X_AD_Process_Access.ImportNow: [80]Not insertedAD_Process_Access
===========>     (SEVERE)   DB.ExecuteQuery: [80] => 23505: duplicate key value violates unique constraint "ad_process_access_pkey"

DETAIL: Detail redacted as it may contain sensitive data. Specify 'Include Error Detail' in the connection string to include this information.
----------->     (WARNING)  DB.ExecuteQuery: [80]DBExecuteError - 23505: duplicate key value violates unique constraint "ad_process_access_pkey"

DETAIL: Detail redacted as it may contain sensitive data. Specify 'Include Error Detail' in the connection string to include this information.
----------->     (WARNING)  X_AD_Process_Access.ImportNow: [80]Not insertedAD_Process_Access
===========>     (SEVERE)   DB.ExecuteQuery: [80] => 23505: duplicate key value violates unique constraint "ad_process_access_pkey"

DETAIL: Detail redacted as it may contain sensitive data. Specify 'Include Error Detail' in the connection string to include this information.
----------->     (WARNING)  DB.ExecuteQuery: [80]DBExecuteError - 23505: duplicate key value violates unique constraint "ad_process_access_pkey"

DETAIL: Detail redacted as it may contain sensitive data. Specify 'Include Error Detail' in the connection string to include this information.
----------->     (WARNING)  X_AD_Process_Access.ImportNow: [80]Not insertedAD_Process_Access
===========>     (SEVERE)   DB.ExecuteQuery: [80] => 23505: duplicate key value violates unique constraint "ad_process_access_pkey"

DETAIL: Detail redacted as it may contain sensitive data. Specify 'Include Error Detail' in the connection string to include this information.
----------->     (WARNING)  DB.ExecuteQuery: [80]DBExecuteError - 23505: duplicate key value violates unique constraint "ad_process_access_pkey"

DETAIL: Detail redacted as it may contain sensitive data. Specify 'Include Error Detail' in the connection string to include this information.
----------->     (WARNING)  X_AD_Process_Access.ImportNow: [80]Not insertedAD_Process_Access
===========>     (SEVERE)   DB.ExecuteQuery: [80] => 23505: duplicate key value violates unique constraint "ad_process_access_pkey"

DETAIL: Detail redacted as it may contain sensitive data. Specify 'Include Error Detail' in the connection string to include this information.
----------->     (WARNING)  DB.ExecuteQuery: [80]DBExecuteError - 23505: duplicate key value violates unique constraint "ad_process_access_pkey"

DETAIL: Detail redacted as it may contain sensitive data. Specify 'Include Error Detail' in the connection string to include this information.
----------->     (WARNING)  X_AD_Process_Access.ImportNow: [80]Not insertedAD_Process_Access
===========>     (SEVERE)   DB.ExecuteQuery: [80] => 23505: duplicate key value violates unique constraint "ad_process_access_pkey"

DETAIL: Detail redacted as it may contain sensitive data. Specify 'Include Error Detail' in the connection string to include this information.
----------->     (WARNING)  DB.ExecuteQuery: [80]DBExecuteError - 23505: duplicate key value violates unique constraint "ad_process_access_pkey"

DETAIL: Detail redacted as it may contain sensitive data. Specify 'Include Error Detail' in the connection string to include this information.
----------->     (WARNING)  X_AD_Process_Access.ImportNow: [80]Not insertedAD_Process_Access
===========>     (SEVERE)   DB.ExecuteQuery: [80] => 23505: duplicate key value violates unique constraint "ad_process_access_pkey"

DETAIL: Detail redacted as it may contain sensitive data. Specify 'Include Error Detail' in the connection string to include this information.
----------->     (WARNING)  DB.ExecuteQuery: [80]DBExecuteError - 23505: duplicate key value violates unique constraint "ad_process_access_pkey"

DETAIL: Detail redacted as it may contain sensitive data. Specify 'Include Error Detail' in the connection string to include this information.
----------->     (WARNING)  X_AD_Process_Access.ImportNow: [80]Not insertedAD_Process_Access
===========>     (SEVERE)   DB.ExecuteQuery: [80] => 23505: duplicate key value violates unique constraint "ad_process_access_pkey"

DETAIL: Detail redacted as it may contain sensitive data. Specify 'Include Error Detail' in the connection string to include this information.
----------->     (WARNING)  DB.ExecuteQuery: [80]DBExecuteError - 23505: duplicate key value violates unique constraint "ad_process_access_pkey"

DETAIL: Detail redacted as it may contain sensitive data. Specify 'Include Error Detail' in the connection string to include this information.
----------->     (WARNING)  X_AD_Process_Access.ImportNow: [80]Not insertedAD_Process_Access
===========>     (SEVERE)   DB.ExecuteQuery: [80] => 23505: duplicate key value violates unique constraint "ad_process_access_pkey"

DETAIL: Detail redacted as it may contain sensitive data. Specify 'Include Error Detail' in the connection string to include this information.
----------->     (WARNING)  DB.ExecuteQuery: [80]DBExecuteError - 23505: duplicate key value violates unique constraint "ad_process_access_pkey"

DETAIL: Detail redacted as it may contain sensitive data. Specify 'Include Error Detail' in the connection string to include this information.
----------->     (WARNING)  X_AD_Process_Access.ImportNow: [80]Not insertedAD_Process_Access
===========>     (SEVERE)   DB.ExecuteQuery: [80] => 23505: duplicate key value violates unique constraint "ad_process_access_pkey"

DETAIL: Detail redacted as it may contain sensitive data. Specify 'Include Error Detail' in the connection string to include this information.
----------->     (WARNING)  DB.ExecuteQuery: [80]DBExecuteError - 23505: duplicate key value violates unique constraint "ad_process_access_pkey"

DETAIL: Detail redacted as it may contain sensitive data. Specify 'Include Error Detail' in the connection string to include this information.
----------->     (WARNING)  X_AD_Process_Access.ImportNow: [80]Not insertedAD_Process_Access
===========>     (SEVERE)   DB.ExecuteQuery: [80] => 23505: duplicate key value violates unique constraint "ad_process_access_pkey"

DETAIL: Detail redacted as it may contain sensitive data. Specify 'Include Error Detail' in the connection string to include this information.
----------->     (WARNING)  DB.ExecuteQuery: [80]DBExecuteError - 23505: duplicate key value violates unique constraint "ad_process_access_pkey"

DETAIL: Detail redacted as it may contain sensitive data. Specify 'Include Error Detail' in the connection string to include this information.
----------->     (WARNING)  X_AD_Process_Access.ImportNow: [80]Not insertedAD_Process_Access
===========>     (SEVERE)   DB.ExecuteQuery: [80] => 23505: duplicate key value violates unique constraint "ad_process_access_pkey"

DETAIL: Detail redacted as it may contain sensitive data. Specify 'Include Error Detail' in the connection string to include this information.
----------->     (WARNING)  DB.ExecuteQuery: [80]DBExecuteError - 23505: duplicate key value violates unique constraint "ad_process_access_pkey"

DETAIL: Detail redacted as it may contain sensitive data. Specify 'Include Error Detail' in the connection string to include this information.
----------->     (WARNING)  X_AD_Process_Access.ImportNow: [80]Not insertedAD_Process_Access
===========>     (SEVERE)   DB.ExecuteQuery: [80] => 23505: duplicate key value violates unique constraint "ad_workflow_access_pkey"

DETAIL: Detail redacted as it may contain sensitive data. Specify 'Include Error Detail' in the connection string to include this information.
----------->     (WARNING)  DB.ExecuteQuery: [80]DBExecuteError - 23505: duplicate key value violates unique constraint "ad_workflow_access_pkey"

DETAIL: Detail redacted as it may contain sensitive data. Specify 'Include Error Detail' in the connection string to include this information.
----------->     (WARNING)  X_AD_Workflow_Access.ImportNow: [80]Not insertedAD_Workflow_Access
===========>     (SEVERE)   DB.ExecuteQuery: [80] => 23505: duplicate key value violates unique constraint "ad_workflow_access_pkey"

DETAIL: Detail redacted as it may contain sensitive data. Specify 'Include Error Detail' in the connection string to include this information.
----------->     (WARNING)  DB.ExecuteQuery: [80]DBExecuteError - 23505: duplicate key value violates unique constraint "ad_workflow_access_pkey"

DETAIL: Detail redacted as it may contain sensitive data. Specify 'Include Error Detail' in the connection string to include this information.
----------->     (WARNING)  X_AD_Workflow_Access.ImportNow: [80]Not insertedAD_Workflow_Access
===========>     (SEVERE)   DB.ExecuteQuery: [80] => 23505: duplicate key value violates unique constraint "ad_process_access_pkey"

DETAIL: Detail redacted as it may contain sensitive data. Specify 'Include Error Detail' in the connection string to include this information.
----------->     (WARNING)  DB.ExecuteQuery: [80]DBExecuteError - 23505: duplicate key value violates unique constraint "ad_process_access_pkey"

DETAIL: Detail redacted as it may contain sensitive data. Specify 'Include Error Detail' in the connection string to include this information.
----------->     (WARNING)  X_AD_Process_Access.ImportNow: [80]Not insertedAD_Process_Access
===========>     (SEVERE)   DB.ExecuteQuery: [80] => 23505: duplicate key value violates unique constraint "ad_process_access_pkey"

DETAIL: Detail redacted as it may contain sensitive data. Specify 'Include Error Detail' in the connection string to include this information.
----------->     (WARNING)  DB.ExecuteQuery: [80]DBExecuteError - 23505: duplicate key value violates unique constraint "ad_process_access_pkey"

DETAIL: Detail redacted as it may contain sensitive data. Specify 'Include Error Detail' in the connection string to include this information.
----------->     (WARNING)  X_AD_Process_Access.ImportNow: [80]Not insertedAD_Process_Access
===========>     (SEVERE)   DB.ExecuteQuery: [80] => 23505: duplicate key value violates unique constraint "ad_process_access_pkey"

DETAIL: Detail redacted as it may contain sensitive data. Specify 'Include Error Detail' in the connection string to include this information.
----------->     (WARNING)  DB.ExecuteQuery: [80]DBExecuteError - 23505: duplicate key value violates unique constraint "ad_process_access_pkey"

DETAIL: Detail redacted as it may contain sensitive data. Specify 'Include Error Detail' in the connection string to include this information.
----------->     (WARNING)  X_AD_Process_Access.ImportNow: [80]Not insertedAD_Process_Access
===========>     (SEVERE)   DB.ExecuteQuery: [80] => 23505: duplicate key value violates unique constraint "ad_process_access_pkey"

DETAIL: Detail redacted as it may contain sensitive data. Specify 'Include Error Detail' in the connection string to include this information.
----------->     (WARNING)  DB.ExecuteQuery: [80]DBExecuteError - 23505: duplicate key value violates unique constraint "ad_process_access_pkey"

DETAIL: Detail redacted as it may contain sensitive data. Specify 'Include Error Detail' in the connection string to include this information.
----------->     (WARNING)  X_AD_Process_Access.ImportNow: [80]Not insertedAD_Process_Access
===========>     (SEVERE)   DB.ExecuteQuery: [80] => 23505: duplicate key value violates unique constraint "ad_process_access_pkey"

DETAIL: Detail redacted as it may contain sensitive data. Specify 'Include Error Detail' in the connection string to include this information.
----------->     (WARNING)  DB.ExecuteQuery: [80]DBExecuteError - 23505: duplicate key value violates unique constraint "ad_process_access_pkey"

DETAIL: Detail redacted as it may contain sensitive data. Specify 'Include Error Detail' in the connection string to include this information.
----------->     (WARNING)  X_AD_Process_Access.ImportNow: [80]Not insertedAD_Process_Access
===========>     (SEVERE)   DB.ExecuteQuery: [80] => 23505: duplicate key value violates unique constraint "ad_process_access_pkey"

DETAIL: Detail redacted as it may contain sensitive data. Specify 'Include Error Detail' in the connection string to include this information.
----------->     (WARNING)  DB.ExecuteQuery: [80]DBExecuteError - 23505: duplicate key value violates unique constraint "ad_process_access_pkey"

DETAIL: Detail redacted as it may contain sensitive data. Specify 'Include Error Detail' in the connection string to include this information.
----------->     (WARNING)  X_AD_Process_Access.ImportNow: [80]Not insertedAD_Process_Access
===========>     (SEVERE)   DB.ExecuteQuery: [80] => 23505: duplicate key value violates unique constraint "ad_form_access_pkey"

DETAIL: Detail redacted as it may contain sensitive data. Specify 'Include Error Detail' in the connection string to include this information.
----------->     (WARNING)  DB.ExecuteQuery: [80]DBExecuteError - 23505: duplicate key value violates unique constraint "ad_form_access_pkey"

DETAIL: Detail redacted as it may contain sensitive data. Specify 'Include Error Detail' in the connection string to include this information.
----------->     (WARNING)  X_AD_Form_Access.ImportNow: [80]Not insertedAD_Form_Access
===========>     (SEVERE)   DB.ExecuteQuery: [80] => 23505: duplicate key value violates unique constraint "ad_form_access_pkey"

DETAIL: Detail redacted as it may contain sensitive data. Specify 'Include Error Detail' in the connection string to include this information.
----------->     (WARNING)  DB.ExecuteQuery: [80]DBExecuteError - 23505: duplicate key value violates unique constraint "ad_form_access_pkey"

DETAIL: Detail redacted as it may contain sensitive data. Specify 'Include Error Detail' in the connection string to include this information.
----------->     (WARNING)  X_AD_Form_Access.ImportNow: [80]Not insertedAD_Form_Access
===========>     (SEVERE)   DB.ExecuteQuery: [80] => 23505: duplicate key value violates unique constraint "ad_workflow_access_pkey"

DETAIL: Detail redacted as it may contain sensitive data. Specify 'Include Error Detail' in the connection string to include this information.
----------->     (WARNING)  DB.ExecuteQuery: [80]DBExecuteError - 23505: duplicate key value violates unique constraint "ad_workflow_access_pkey"

DETAIL: Detail redacted as it may contain sensitive data. Specify 'Include Error Detail' in the connection string to include this information.
----------->     (WARNING)  X_AD_Workflow_Access.ImportNow: [80]Not insertedAD_Workflow_Access
===========>     (SEVERE)   DB.ExecuteQuery: [80] => 23505: duplicate key value violates unique constraint "ad_workflow_access_pkey"

DETAIL: Detail redacted as it may contain sensitive data. Specify 'Include Error Detail' in the connection string to include this information.
----------->     (WARNING)  DB.ExecuteQuery: [80]DBExecuteError - 23505: duplicate key value violates unique constraint "ad_workflow_access_pkey"

DETAIL: Detail redacted as it may contain sensitive data. Specify 'Include Error Detail' in the connection string to include this information.
----------->     (WARNING)  X_AD_Workflow_Access.ImportNow: [80]Not insertedAD_Workflow_Access
===========>     (SEVERE)   DB.ExecuteQuery: [80] => 23505: duplicate key value violates unique constraint "ad_workflow_access_pkey"

DETAIL: Detail redacted as it may contain sensitive data. Specify 'Include Error Detail' in the connection string to include this information.
----------->     (WARNING)  DB.ExecuteQuery: [80]DBExecuteError - 23505: duplicate key value violates unique constraint "ad_workflow_access_pkey"

DETAIL: Detail redacted as it may contain sensitive data. Specify 'Include Error Detail' in the connection string to include this information.
----------->     (WARNING)  X_AD_Workflow_Access.ImportNow: [80]Not insertedAD_Workflow_Access
===========>     (SEVERE)   DB.ExecuteQuery: [80] => 23505: duplicate key value violates unique constraint "ad_workflow_access_pkey"

DETAIL: Detail redacted as it may contain sensitive data. Specify 'Include Error Detail' in the connection string to include this information.
----------->     (WARNING)  DB.ExecuteQuery: [80]DBExecuteError - 23505: duplicate key value violates unique constraint "ad_workflow_access_pkey"

DETAIL: Detail redacted as it may contain sensitive data. Specify 'Include Error Detail' in the connection string to include this information.
----------->     (WARNING)  X_AD_Workflow_Access.ImportNow: [80]Not insertedAD_Workflow_Access
===========>     (SEVERE)   DB.ExecuteQuery: [80] => 23505: duplicate key value violates unique constraint "ad_workflow_access_pkey"

DETAIL: Detail redacted as it may contain sensitive data. Specify 'Include Error Detail' in the connection string to include this information.
----------->     (WARNING)  DB.ExecuteQuery: [80]DBExecuteError - 23505: duplicate key value violates unique constraint "ad_workflow_access_pkey"

DETAIL: Detail redacted as it may contain sensitive data. Specify 'Include Error Detail' in the connection string to include this information.
----------->     (WARNING)  X_AD_Workflow_Access.ImportNow: [80]Not insertedAD_Workflow_Access
===========>     (SEVERE)   DB.ExecuteQuery: [80] => 23505: duplicate key value violates unique constraint "ad_workflow_access_pkey"

DETAIL: Detail redacted as it may contain sensitive data. Specify 'Include Error Detail' in the connection string to include this information.
----------->     (WARNING)  DB.ExecuteQuery: [80]DBExecuteError - 23505: duplicate key value violates unique constraint "ad_workflow_access_pkey"

DETAIL: Detail redacted as it may contain sensitive data. Specify 'Include Error Detail' in the connection string to include this information.
----------->     (WARNING)  X_AD_Workflow_Access.ImportNow: [80]Not insertedAD_Workflow_Access
===========>     (SEVERE)   DB.ExecuteQuery: [80] => 23505: duplicate key value violates unique constraint "ad_workflow_access_pkey"

DETAIL: Detail redacted as it may contain sensitive data. Specify 'Include Error Detail' in the connection string to include this information.
----------->     (WARNING)  DB.ExecuteQuery: [80]DBExecuteError - 23505: duplicate key value violates unique constraint "ad_workflow_access_pkey"

DETAIL: Detail redacted as it may contain sensitive data. Specify 'Include Error Detail' in the connection string to include this information.
----------->     (WARNING)  X_AD_Workflow_Access.ImportNow: [80]Not insertedAD_Workflow_Access
===========>     (SEVERE)   DB.ExecuteQuery: [80] => 23505: duplicate key value violates unique constraint "ad_workflow_access_pkey"

DETAIL: Detail redacted as it may contain sensitive data. Specify 'Include Error Detail' in the connection string to include this information.
----------->     (WARNING)  DB.ExecuteQuery: [80]DBExecuteError - 23505: duplicate key value violates unique constraint "ad_workflow_access_pkey"

DETAIL: Detail redacted as it may contain sensitive data. Specify 'Include Error Detail' in the connection string to include this information.
----------->     (WARNING)  X_AD_Workflow_Access.ImportNow: [80]Not insertedAD_Workflow_Access
===========>     (SEVERE)   DB.ExecuteQuery: [80] => 23505: duplicate key value violates unique constraint "ad_process_access_pkey"

DETAIL: Detail redacted as it may contain sensitive data. Specify 'Include Error Detail' in the connection string to include this information.
----------->     (WARNING)  DB.ExecuteQuery: [80]DBExecuteError - 23505: duplicate key value violates unique constraint "ad_process_access_pkey"

DETAIL: Detail redacted as it may contain sensitive data. Specify 'Include Error Detail' in the connection string to include this information.
----------->     (WARNING)  X_AD_Process_Access.ImportNow: [80]Not insertedAD_Process_Access
===========>     (SEVERE)   DB.ExecuteQuery: [80] => 23505: duplicate key value violates unique constraint "ad_process_access_pkey"

DETAIL: Detail redacted as it may contain sensitive data. Specify 'Include Error Detail' in the connection string to include this information.
----------->     (WARNING)  DB.ExecuteQuery: [80]DBExecuteError - 23505: duplicate key value violates unique constraint "ad_process_access_pkey"

DETAIL: Detail redacted as it may contain sensitive data. Specify 'Include Error Detail' in the connection string to include this information.
----------->     (WARNING)  X_AD_Process_Access.ImportNow: [80]Not insertedAD_Process_Access
===========>     (SEVERE)   DB.ExecuteQuery: [80] => 23505: duplicate key value violates unique constraint "ad_process_access_pkey"

DETAIL: Detail redacted as it may contain sensitive data. Specify 'Include Error Detail' in the connection string to include this information.
----------->     (WARNING)  DB.ExecuteQuery: [80]DBExecuteError - 23505: duplicate key value violates unique constraint "ad_process_access_pkey"

DETAIL: Detail redacted as it may contain sensitive data. Specify 'Include Error Detail' in the connection string to include this information.
----------->     (WARNING)  X_AD_Process_Access.ImportNow: [80]Not insertedAD_Process_Access
===========>     (SEVERE)   DB.ExecuteQuery: [80] => 23505: duplicate key value violates unique constraint "ad_process_access_pkey"

DETAIL: Detail redacted as it may contain sensitive data. Specify 'Include Error Detail' in the connection string to include this information.
----------->     (WARNING)  DB.ExecuteQuery: [80]DBExecuteError - 23505: duplicate key value violates unique constraint "ad_process_access_pkey"

DETAIL: Detail redacted as it may contain sensitive data. Specify 'Include Error Detail' in the connection string to include this information.
----------->     (WARNING)  X_AD_Process_Access.ImportNow: [80]Not insertedAD_Process_Access
===========>     (SEVERE)   DB.ExecuteQuery: [80] => 23505: duplicate key value violates unique constraint "ad_process_access_pkey"

DETAIL: Detail redacted as it may contain sensitive data. Specify 'Include Error Detail' in the connection string to include this information.
----------->     (WARNING)  DB.ExecuteQuery: [80]DBExecuteError - 23505: duplicate key value violates unique constraint "ad_process_access_pkey"

DETAIL: Detail redacted as it may contain sensitive data. Specify 'Include Error Detail' in the connection string to include this information.
----------->     (WARNING)  X_AD_Process_Access.ImportNow: [80]Not insertedAD_Process_Access
===========>     (SEVERE)   DB.ExecuteQuery: [80] => 23505: duplicate key value violates unique constraint "ad_process_access_pkey"

DETAIL: Detail redacted as it may contain sensitive data. Specify 'Include Error Detail' in the connection string to include this information.
----------->     (WARNING)  DB.ExecuteQuery: [80]DBExecuteError - 23505: duplicate key value violates unique constraint "ad_process_access_pkey"

DETAIL: Detail redacted as it may contain sensitive data. Specify 'Include Error Detail' in the connection string to include this information.
----------->     (WARNING)  X_AD_Process_Access.ImportNow: [80]Not insertedAD_Process_Access
===========>     (SEVERE)   DB.ExecuteQuery: [80] => 23505: duplicate key value violates unique constraint "ad_process_access_pkey"

DETAIL: Detail redacted as it may contain sensitive data. Specify 'Include Error Detail' in the connection string to include this information.
----------->     (WARNING)  DB.ExecuteQuery: [80]DBExecuteError - 23505: duplicate key value violates unique constraint "ad_process_access_pkey"

DETAIL: Detail redacted as it may contain sensitive data. Specify 'Include Error Detail' in the connection string to include this information.
----------->     (WARNING)  X_AD_Process_Access.ImportNow: [80]Not insertedAD_Process_Access
===========>     (SEVERE)   DB.ExecuteQuery: [80] => 23505: duplicate key value violates unique constraint "ad_process_access_pkey"

DETAIL: Detail redacted as it may contain sensitive data. Specify 'Include Error Detail' in the connection string to include this information.
----------->     (WARNING)  DB.ExecuteQuery: [80]DBExecuteError - 23505: duplicate key value violates unique constraint "ad_process_access_pkey"

DETAIL: Detail redacted as it may contain sensitive data. Specify 'Include Error Detail' in the connection string to include this information.
----------->     (WARNING)  X_AD_Process_Access.ImportNow: [80]Not insertedAD_Process_Access
===========>     (SEVERE)   DB.ExecuteQuery: [80] => 23505: duplicate key value violates unique constraint "ad_process_access_pkey"

DETAIL: Detail redacted as it may contain sensitive data. Specify 'Include Error Detail' in the connection string to include this information.
----------->     (WARNING)  DB.ExecuteQuery: [80]DBExecuteError - 23505: duplicate key value violates unique constraint "ad_process_access_pkey"

DETAIL: Detail redacted as it may contain sensitive data. Specify 'Include Error Detail' in the connection string to include this information.
----------->     (WARNING)  X_AD_Process_Access.ImportNow: [80]Not insertedAD_Process_Access
===========>     (SEVERE)   DB.ExecuteQuery: [80] => 23505: duplicate key value violates unique constraint "ad_process_access_pkey"

DETAIL: Detail redacted as it may contain sensitive data. Specify 'Include Error Detail' in the connection string to include this information.
----------->     (WARNING)  DB.ExecuteQuery: [80]DBExecuteError - 23505: duplicate key value violates unique constraint "ad_process_access_pkey"

DETAIL: Detail redacted as it may contain sensitive data. Specify 'Include Error Detail' in the connection string to include this information.
----------->     (WARNING)  X_AD_Process_Access.ImportNow: [80]Not insertedAD_Process_Access
===========>     (SEVERE)   DB.ExecuteQuery: [80] => 23505: duplicate key value violates unique constraint "ad_process_access_pkey"

DETAIL: Detail redacted as it may contain sensitive data. Specify 'Include Error Detail' in the connection string to include this information.
----------->     (WARNING)  DB.ExecuteQuery: [80]DBExecuteError - 23505: duplicate key value violates unique constraint "ad_process_access_pkey"

DETAIL: Detail redacted as it may contain sensitive data. Specify 'Include Error Detail' in the connection string to include this information.
----------->     (WARNING)  X_AD_Process_Access.ImportNow: [80]Not insertedAD_Process_Access
===========>     (SEVERE)   DB.ExecuteQuery: [80] => 23505: duplicate key value violates unique constraint "ad_process_access_pkey"

DETAIL: Detail redacted as it may contain sensitive data. Specify 'Include Error Detail' in the connection string to include this information.
----------->     (WARNING)  DB.ExecuteQuery: [80]DBExecuteError - 23505: duplicate key value violates unique constraint "ad_process_access_pkey"

DETAIL: Detail redacted as it may contain sensitive data. Specify 'Include Error Detail' in the connection string to include this information.
----------->     (WARNING)  X_AD_Process_Access.ImportNow: [80]Not insertedAD_Process_Access
===========>     (SEVERE)   DB.ExecuteQuery: [80] => 23505: duplicate key value violates unique constraint "ad_form_access_pkey"

DETAIL: Detail redacted as it may contain sensitive data. Specify 'Include Error Detail' in the connection string to include this information.
----------->     (WARNING)  DB.ExecuteQuery: [80]DBExecuteError - 23505: duplicate key value violates unique constraint "ad_form_access_pkey"

DETAIL: Detail redacted as it may contain sensitive data. Specify 'Include Error Detail' in the connection string to include this information.
----------->     (WARNING)  X_AD_Form_Access.ImportNow: [80]Not insertedAD_Form_Access
===========>     (SEVERE)   DB.ExecuteQuery: [80] => 23505: duplicate key value violates unique constraint "ad_form_access_pkey"

DETAIL: Detail redacted as it may contain sensitive data. Specify 'Include Error Detail' in the connection string to include this information.
----------->     (WARNING)  DB.ExecuteQuery: [80]DBExecuteError - 23505: duplicate key value violates unique constraint "ad_form_access_pkey"

DETAIL: Detail redacted as it may contain sensitive data. Specify 'Include Error Detail' in the connection string to include this information.
----------->     (WARNING)  X_AD_Form_Access.ImportNow: [80]Not insertedAD_Form_Access
===========>     (SEVERE)   DB.ExecuteQuery: [80] => 23505: duplicate key value violates unique constraint "ad_form_access_pkey"

DETAIL: Detail redacted as it may contain sensitive data. Specify 'Include Error Detail' in the connection string to include this information.
----------->     (WARNING)  DB.ExecuteQuery: [80]DBExecuteError - 23505: duplicate key value violates unique constraint "ad_form_access_pkey"

DETAIL: Detail redacted as it may contain sensitive data. Specify 'Include Error Detail' in the connection string to include this information.
----------->     (WARNING)  X_AD_Form_Access.ImportNow: [80]Not insertedAD_Form_Access
===========>     (SEVERE)   DB.ExecuteQuery: [80] => 23505: duplicate key value violates unique constraint "ad_form_access_pkey"

DETAIL: Detail redacted as it may contain sensitive data. Specify 'Include Error Detail' in the connection string to include this information.
----------->     (WARNING)  DB.ExecuteQuery: [80]DBExecuteError - 23505: duplicate key value violates unique constraint "ad_form_access_pkey"

DETAIL: Detail redacted as it may contain sensitive data. Specify 'Include Error Detail' in the connection string to include this information.
----------->     (WARNING)  X_AD_Form_Access.ImportNow: [80]Not insertedAD_Form_Access
===========>     (SEVERE)   DB.ExecuteQuery: [80] => 23505: duplicate key value violates unique constraint "ad_process_access_pkey"

DETAIL: Detail redacted as it may contain sensitive data. Specify 'Include Error Detail' in the connection string to include this information.
----------->     (WARNING)  DB.ExecuteQuery: [80]DBExecuteError - 23505: duplicate key value violates unique constraint "ad_process_access_pkey"

DETAIL: Detail redacted as it may contain sensitive data. Specify 'Include Error Detail' in the connection string to include this information.
----------->     (WARNING)  X_AD_Process_Access.ImportNow: [80]Not insertedAD_Process_Access
===========>     (SEVERE)   DB.ExecuteQuery: [80] => 23505: duplicate key value violates unique constraint "ad_process_access_pkey"

DETAIL: Detail redacted as it may contain sensitive data. Specify 'Include Error Detail' in the connection string to include this information.
----------->     (WARNING)  DB.ExecuteQuery: [80]DBExecuteError - 23505: duplicate key value violates unique constraint "ad_process_access_pkey"

DETAIL: Detail redacted as it may contain sensitive data. Specify 'Include Error Detail' in the connection string to include this information.
----------->     (WARNING)  X_AD_Process_Access.ImportNow: [80]Not insertedAD_Process_Access
===========>     (SEVERE)   DB.ExecuteQuery: [80] => 23505: duplicate key value violates unique constraint "ad_form_access_pkey"

DETAIL: Detail redacted as it may contain sensitive data. Specify 'Include Error Detail' in the connection string to include this information.
----------->     (WARNING)  DB.ExecuteQuery: [80]DBExecuteError - 23505: duplicate key value violates unique constraint "ad_form_access_pkey"

DETAIL: Detail redacted as it may contain sensitive data. Specify 'Include Error Detail' in the connection string to include this information.
----------->     (WARNING)  X_AD_Form_Access.ImportNow: [80]Not insertedAD_Form_Access
===========>     (SEVERE)   DB.ExecuteQuery: [80] => 23505: duplicate key value violates unique constraint "ad_form_access_pkey"

DETAIL: Detail redacted as it may contain sensitive data. Specify 'Include Error Detail' in the connection string to include this information.
----------->     (WARNING)  DB.ExecuteQuery: [80]DBExecuteError - 23505: duplicate key value violates unique constraint "ad_form_access_pkey"

DETAIL: Detail redacted as it may contain sensitive data. Specify 'Include Error Detail' in the connection string to include this information.
----------->     (WARNING)  X_AD_Form_Access.ImportNow: [80]Not insertedAD_Form_Access
===========>     (SEVERE)   DB.ExecuteQuery: [80] => 23505: duplicate key value violates unique constraint "ad_process_access_pkey"

DETAIL: Detail redacted as it may contain sensitive data. Specify 'Include Error Detail' in the connection string to include this information.
----------->     (WARNING)  DB.ExecuteQuery: [80]DBExecuteError - 23505: duplicate key value violates unique constraint "ad_process_access_pkey"

DETAIL: Detail redacted as it may contain sensitive data. Specify 'Include Error Detail' in the connection string to include this information.
----------->     (WARNING)  X_AD_Process_Access.ImportNow: [80]Not insertedAD_Process_Access
===========>     (SEVERE)   DB.ExecuteQuery: [80] => 23505: duplicate key value violates unique constraint "ad_process_access_pkey"

DETAIL: Detail redacted as it may contain sensitive data. Specify 'Include Error Detail' in the connection string to include this information.
----------->     (WARNING)  DB.ExecuteQuery: [80]DBExecuteError - 23505: duplicate key value violates unique constraint "ad_process_access_pkey"

DETAIL: Detail redacted as it may contain sensitive data. Specify 'Include Error Detail' in the connection string to include this information.
----------->     (WARNING)  X_AD_Process_Access.ImportNow: [80]Not insertedAD_Process_Access
===========>     (SEVERE)   DB.ExecuteQuery: [80] => 23505: duplicate key value violates unique constraint "ad_process_access_pkey"

DETAIL: Detail redacted as it may contain sensitive data. Specify 'Include Error Detail' in the connection string to include this information.
----------->     (WARNING)  DB.ExecuteQuery: [80]DBExecuteError - 23505: duplicate key value violates unique constraint "ad_process_access_pkey"

DETAIL: Detail redacted as it may contain sensitive data. Specify 'Include Error Detail' in the connection string to include this information.
----------->     (WARNING)  X_AD_Process_Access.ImportNow: [80]Not insertedAD_Process_Access
===========>     (SEVERE)   DB.ExecuteQuery: [80] => 23505: duplicate key value violates unique constraint "ad_process_access_pkey"

DETAIL: Detail redacted as it may contain sensitive data. Specify 'Include Error Detail' in the connection string to include this information.
----------->     (WARNING)  DB.ExecuteQuery: [80]DBExecuteError - 23505: duplicate key value violates unique constraint "ad_process_access_pkey"

DETAIL: Detail redacted as it may contain sensitive data. Specify 'Include Error Detail' in the connection string to include this information.
----------->     (WARNING)  X_AD_Process_Access.ImportNow: [80]Not insertedAD_Process_Access
===========>     (SEVERE)   DB.ExecuteQuery: [80] => 23505: duplicate key value violates unique constraint "ad_process_access_pkey"

DETAIL: Detail redacted as it may contain sensitive data. Specify 'Include Error Detail' in the connection string to include this information.
----------->     (WARNING)  DB.ExecuteQuery: [80]DBExecuteError - 23505: duplicate key value violates unique constraint "ad_process_access_pkey"

DETAIL: Detail redacted as it may contain sensitive data. Specify 'Include Error Detail' in the connection string to include this information.
----------->     (WARNING)  X_AD_Process_Access.ImportNow: [80]Not insertedAD_Process_Access
===========>     (SEVERE)   DB.ExecuteQuery: [80] => 23505: duplicate key value violates unique constraint "ad_process_access_pkey"

DETAIL: Detail redacted as it may contain sensitive data. Specify 'Include Error Detail' in the connection string to include this information.
----------->     (WARNING)  DB.ExecuteQuery: [80]DBExecuteError - 23505: duplicate key value violates unique constraint "ad_process_access_pkey"

DETAIL: Detail redacted as it may contain sensitive data. Specify 'Include Error Detail' in the connection string to include this information.
----------->     (WARNING)  X_AD_Process_Access.ImportNow: [80]Not insertedAD_Process_Access
===========>     (SEVERE)   PostgreHelper.ExecuteReader: [80]42P01: relation "vafam_stocktoasset" does not exist

POSITION: 41 [Query DR] SELECT MAX( VAFAM_StockToAsset_ID) FROM VAFAM_StockToAsset
===========>     (SEVERE)   PostgreHelper.ExecuteReader: [80]42P01: relation "vafam_stocktoasset" does not exist

POSITION: 41 [Query DR] SELECT MAX( VAFAM_StockToAsset_ID) FROM VAFAM_StockToAsset
===========>     (SEVERE)   DB.GetSQLValue: [80]SELECT MAX( VAFAM_StockToAsset_ID) FROM VAFAM_StockToAsset => 42P01: relation "vafam_stocktoasset" does not exist

POSITION: 41
===========>     (SEVERE)   DB.ExecuteQuery: [80] => 42P01: sequence "vafam_stocktoasset_seq" does not exist
----------->     (WARNING)  DB.ExecuteQuery: [80]DBExecuteError - 42P01: sequence "vafam_stocktoasset_seq" does not exist
===========>     (SEVERE)   DB.ExecuteQuery: [80] => 23505: duplicate key value violates unique constraint "ad_workflow_access_pkey"

DETAIL: Detail redacted as it may contain sensitive data. Specify 'Include Error Detail' in the connection string to include this information.
----------->     (WARNING)  DB.ExecuteQuery: [80]DBExecuteError - 23505: duplicate key value violates unique constraint "ad_workflow_access_pkey"

DETAIL: Detail redacted as it may contain sensitive data. Specify 'Include Error Detail' in the connection string to include this information.
----------->     (WARNING)  X_AD_Workflow_Access.ImportNow: [80]Not insertedAD_Workflow_Access
===========>     (SEVERE)   DB.ExecuteQuery: [80] => 23505: duplicate key value violates unique constraint "ad_workflow_access_pkey"

DETAIL: Detail redacted as it may contain sensitive data. Specify 'Include Error Detail' in the connection string to include this information.
----------->     (WARNING)  DB.ExecuteQuery: [80]DBExecuteError - 23505: duplicate key value violates unique constraint "ad_workflow_access_pkey"

DETAIL: Detail redacted as it may contain sensitive data. Specify 'Include Error Detail' in the connection string to include this information.
----------->     (WARNING)  X_AD_Workflow_Access.ImportNow: [80]Not insertedAD_Workflow_Access
===========>     (SEVERE)   DB.ExecuteQuery: [80] => 23505: duplicate key value violates unique constraint "ad_workflow_access_pkey"

DETAIL: Detail redacted as it may contain sensitive data. Specify 'Include Error Detail' in the connection string to include this information.
----------->     (WARNING)  DB.ExecuteQuery: [80]DBExecuteError - 23505: duplicate key value violates unique constraint "ad_workflow_access_pkey"

DETAIL: Detail redacted as it may contain sensitive data. Specify 'Include Error Detail' in the connection string to include this information.
----------->     (WARNING)  X_AD_Workflow_Access.ImportNow: [80]Not insertedAD_Workflow_Access
===========>     (SEVERE)   DB.ExecuteQuery: [80] => 23505: duplicate key value violates unique constraint "ad_workflow_access_pkey"

DETAIL: Detail redacted as it may contain sensitive data. Specify 'Include Error Detail' in the connection string to include this information.
----------->     (WARNING)  DB.ExecuteQuery: [80]DBExecuteError - 23505: duplicate key value violates unique constraint "ad_workflow_access_pkey"

DETAIL: Detail redacted as it may contain sensitive data. Specify 'Include Error Detail' in the connection string to include this information.
----------->     (WARNING)  X_AD_Workflow_Access.ImportNow: [80]Not insertedAD_Workflow_Access
===========>     (SEVERE)   DB.ExecuteQuery: [80] => 23505: duplicate key value violates unique constraint "ad_workflow_access_pkey"

DETAIL: Detail redacted as it may contain sensitive data. Specify 'Include Error Detail' in the connection string to include this information.
----------->     (WARNING)  DB.ExecuteQuery: [80]DBExecuteError - 23505: duplicate key value violates unique constraint "ad_workflow_access_pkey"

DETAIL: Detail redacted as it may contain sensitive data. Specify 'Include Error Detail' in the connection string to include this information.
----------->     (WARNING)  X_AD_Workflow_Access.ImportNow: [80]Not insertedAD_Workflow_Access
===========>     (SEVERE)   DB.ExecuteQuery: [80] => 23505: duplicate key value violates unique constraint "ad_workflow_access_pkey"

DETAIL: Detail redacted as it may contain sensitive data. Specify 'Include Error Detail' in the connection string to include this information.
----------->     (WARNING)  DB.ExecuteQuery: [80]DBExecuteError - 23505: duplicate key value violates unique constraint "ad_workflow_access_pkey"

DETAIL: Detail redacted as it may contain sensitive data. Specify 'Include Error Detail' in the connection string to include this information.
----------->     (WARNING)  X_AD_Workflow_Access.ImportNow: [80]Not insertedAD_Workflow_Access
===========>     (SEVERE)   DB.ExecuteQuery: [80] => 23505: duplicate key value violates unique constraint "ad_process_access_pkey"

DETAIL: Detail redacted as it may contain sensitive data. Specify 'Include Error Detail' in the connection string to include this information.
----------->     (WARNING)  DB.ExecuteQuery: [80]DBExecuteError - 23505: duplicate key value violates unique constraint "ad_process_access_pkey"

DETAIL: Detail redacted as it may contain sensitive data. Specify 'Include Error Detail' in the connection string to include this information.
----------->     (WARNING)  X_AD_Process_Access.ImportNow: [80]Not insertedAD_Process_Access
===========>     (SEVERE)   DB.ExecuteQuery: [80] => 23505: duplicate key value violates unique constraint "ad_process_access_pkey"

DETAIL: Detail redacted as it may contain sensitive data. Specify 'Include Error Detail' in the connection string to include this information.
----------->     (WARNING)  DB.ExecuteQuery: [80]DBExecuteError - 23505: duplicate key value violates unique constraint "ad_process_access_pkey"

DETAIL: Detail redacted as it may contain sensitive data. Specify 'Include Error Detail' in the connection string to include this information.
----------->     (WARNING)  X_AD_Process_Access.ImportNow: [80]Not insertedAD_Process_Access
===========>     (SEVERE)   DB.ExecuteQuery: [80] => 23505: duplicate key value violates unique constraint "ad_process_access_pkey"

DETAIL: Detail redacted as it may contain sensitive data. Specify 'Include Error Detail' in the connection string to include this information.
----------->     (WARNING)  DB.ExecuteQuery: [80]DBExecuteError - 23505: duplicate key value violates unique constraint "ad_process_access_pkey"

DETAIL: Detail redacted as it may contain sensitive data. Specify 'Include Error Detail' in the connection string to include this information.
----------->     (WARNING)  X_AD_Process_Access.ImportNow: [80]Not insertedAD_Process_Access
===========>     (SEVERE)   DB.ExecuteQuery: [80] => 23505: duplicate key value violates unique constraint "ad_process_access_pkey"

DETAIL: Detail redacted as it may contain sensitive data. Specify 'Include Error Detail' in the connection string to include this information.
----------->     (WARNING)  DB.ExecuteQuery: [80]DBExecuteError - 23505: duplicate key value violates unique constraint "ad_process_access_pkey"

DETAIL: Detail redacted as it may contain sensitive data. Specify 'Include Error Detail' in the connection string to include this information.
----------->     (WARNING)  X_AD_Process_Access.ImportNow: [80]Not insertedAD_Process_Access
===========>     (SEVERE)   DB.ExecuteQuery: [80] => 23505: duplicate key value violates unique constraint "ad_process_access_pkey"

DETAIL: Detail redacted as it may contain sensitive data. Specify 'Include Error Detail' in the connection string to include this information.
----------->     (WARNING)  DB.ExecuteQuery: [80]DBExecuteError - 23505: duplicate key value violates unique constraint "ad_process_access_pkey"

DETAIL: Detail redacted as it may contain sensitive data. Specify 'Include Error Detail' in the connection string to include this information.
----------->     (WARNING)  X_AD_Process_Access.ImportNow: [80]Not insertedAD_Process_Access
===========>     (SEVERE)   DB.ExecuteQuery: [80] => 23505: duplicate key value violates unique constraint "ad_process_access_pkey"

DETAIL: Detail redacted as it may contain sensitive data. Specify 'Include Error Detail' in the connection string to include this information.
----------->     (WARNING)  DB.ExecuteQuery: [80]DBExecuteError - 23505: duplicate key value violates unique constraint "ad_process_access_pkey"

DETAIL: Detail redacted as it may contain sensitive data. Specify 'Include Error Detail' in the connection string to include this information.
----------->     (WARNING)  X_AD_Process_Access.ImportNow: [80]Not insertedAD_Process_Access
===========>     (SEVERE)   DB.ExecuteQuery: [80] => 23505: duplicate key value violates unique constraint "ad_process_access_pkey"

DETAIL: Detail redacted as it may contain sensitive data. Specify 'Include Error Detail' in the connection string to include this information.
----------->     (WARNING)  DB.ExecuteQuery: [80]DBExecuteError - 23505: duplicate key value violates unique constraint "ad_process_access_pkey"

DETAIL: Detail redacted as it may contain sensitive data. Specify 'Include Error Detail' in the connection string to include this information.
----------->     (WARNING)  X_AD_Process_Access.ImportNow: [80]Not insertedAD_Process_Access
===========>     (SEVERE)   DB.ExecuteQuery: [80] => 23505: duplicate key value violates unique constraint "ad_process_access_pkey"

DETAIL: Detail redacted as it may contain sensitive data. Specify 'Include Error Detail' in the connection string to include this information.
----------->     (WARNING)  DB.ExecuteQuery: [80]DBExecuteError - 23505: duplicate key value violates unique constraint "ad_process_access_pkey"

DETAIL: Detail redacted as it may contain sensitive data. Specify 'Include Error Detail' in the connection string to include this information.
----------->     (WARNING)  X_AD_Process_Access.ImportNow: [80]Not insertedAD_Process_Access
===========>     (SEVERE)   DB.ExecuteQuery: [80] => 23505: duplicate key value violates unique constraint "ad_process_access_pkey"

DETAIL: Detail redacted as it may contain sensitive data. Specify 'Include Error Detail' in the connection string to include this information.
----------->     (WARNING)  DB.ExecuteQuery: [80]DBExecuteError - 23505: duplicate key value violates unique constraint "ad_process_access_pkey"

DETAIL: Detail redacted as it may contain sensitive data. Specify 'Include Error Detail' in the connection string to include this information.
----------->     (WARNING)  X_AD_Process_Access.ImportNow: [80]Not insertedAD_Process_Access
===========>     (SEVERE)   DB.ExecuteQuery: [80] => 23505: duplicate key value violates unique constraint "ad_process_access_pkey"

DETAIL: Detail redacted as it may contain sensitive data. Specify 'Include Error Detail' in the connection string to include this information.
----------->     (WARNING)  DB.ExecuteQuery: [80]DBExecuteError - 23505: duplicate key value violates unique constraint "ad_process_access_pkey"

DETAIL: Detail redacted as it may contain sensitive data. Specify 'Include Error Detail' in the connection string to include this information.
----------->     (WARNING)  X_AD_Process_Access.ImportNow: [80]Not insertedAD_Process_Access
===========>     (SEVERE)   DB.ExecuteQuery: [80] => 23505: duplicate key value violates unique constraint "ad_process_access_pkey"

DETAIL: Detail redacted as it may contain sensitive data. Specify 'Include Error Detail' in the connection string to include this information.
----------->     (WARNING)  DB.ExecuteQuery: [80]DBExecuteError - 23505: duplicate key value violates unique constraint "ad_process_access_pkey"

DETAIL: Detail redacted as it may contain sensitive data. Specify 'Include Error Detail' in the connection string to include this information.
----------->     (WARNING)  X_AD_Process_Access.ImportNow: [80]Not insertedAD_Process_Access
===========>     (SEVERE)   DB.ExecuteQuery: [80] => 23505: duplicate key value violates unique constraint "ad_process_access_pkey"

DETAIL: Detail redacted as it may contain sensitive data. Specify 'Include Error Detail' in the connection string to include this information.
----------->     (WARNING)  DB.ExecuteQuery: [80]DBExecuteError - 23505: duplicate key value violates unique constraint "ad_process_access_pkey"

DETAIL: Detail redacted as it may contain sensitive data. Specify 'Include Error Detail' in the connection string to include this information.
----------->     (WARNING)  X_AD_Process_Access.ImportNow: [80]Not insertedAD_Process_Access
===========>     (SEVERE)   DB.ExecuteQuery: [80] => 23505: duplicate key value violates unique constraint "ad_process_access_pkey"

DETAIL: Detail redacted as it may contain sensitive data. Specify 'Include Error Detail' in the connection string to include this information.
----------->     (WARNING)  DB.ExecuteQuery: [80]DBExecuteError - 23505: duplicate key value violates unique constraint "ad_process_access_pkey"

DETAIL: Detail redacted as it may contain sensitive data. Specify 'Include Error Detail' in the connection string to include this information.
----------->     (WARNING)  X_AD_Process_Access.ImportNow: [80]Not insertedAD_Process_Access
===========>     (SEVERE)   DB.ExecuteQuery: [80] => 23505: duplicate key value violates unique constraint "ad_process_access_pkey"

DETAIL: Detail redacted as it may contain sensitive data. Specify 'Include Error Detail' in the connection string to include this information.
----------->     (WARNING)  DB.ExecuteQuery: [80]DBExecuteError - 23505: duplicate key value violates unique constraint "ad_process_access_pkey"

DETAIL: Detail redacted as it may contain sensitive data. Specify 'Include Error Detail' in the connection string to include this information.
----------->     (WARNING)  X_AD_Process_Access.ImportNow: [80]Not insertedAD_Process_Access
===========>     (SEVERE)   DB.ExecuteQuery: [80] => 23505: duplicate key value violates unique constraint "ad_process_access_pkey"

DETAIL: Detail redacted as it may contain sensitive data. Specify 'Include Error Detail' in the connection string to include this information.
----------->     (WARNING)  DB.ExecuteQuery: [80]DBExecuteError - 23505: duplicate key value violates unique constraint "ad_process_access_pkey"

DETAIL: Detail redacted as it may contain sensitive data. Specify 'Include Error Detail' in the connection string to include this information.
----------->     (WARNING)  X_AD_Process_Access.ImportNow: [80]Not insertedAD_Process_Access
===========>     (SEVERE)   DB.ExecuteQuery: [80] => 23505: duplicate key value violates unique constraint "ad_process_access_pkey"

DETAIL: Detail redacted as it may contain sensitive data. Specify 'Include Error Detail' in the connection string to include this information.
----------->     (WARNING)  DB.ExecuteQuery: [80]DBExecuteError - 23505: duplicate key value violates unique constraint "ad_process_access_pkey"

DETAIL: Detail redacted as it may contain sensitive data. Specify 'Include Error Detail' in the connection string to include this information.
----------->     (WARNING)  X_AD_Process_Access.ImportNow: [80]Not insertedAD_Process_Access
===========>     (SEVERE)   DB.ExecuteQuery: [80] => 23505: duplicate key value violates unique constraint "ad_process_access_pkey"

DETAIL: Detail redacted as it may contain sensitive data. Specify 'Include Error Detail' in the connection string to include this information.
----------->     (WARNING)  DB.ExecuteQuery: [80]DBExecuteError - 23505: duplicate key value violates unique constraint "ad_process_access_pkey"

DETAIL: Detail redacted as it may contain sensitive data. Specify 'Include Error Detail' in the connection string to include this information.
----------->     (WARNING)  X_AD_Process_Access.ImportNow: [80]Not insertedAD_Process_Access
===========>     (SEVERE)   DB.ExecuteQuery: [80] => 23505: duplicate key value violates unique constraint "ad_process_access_pkey"

DETAIL: Detail redacted as it may contain sensitive data. Specify 'Include Error Detail' in the connection string to include this information.
----------->     (WARNING)  DB.ExecuteQuery: [80]DBExecuteError - 23505: duplicate key value violates unique constraint "ad_process_access_pkey"

DETAIL: Detail redacted as it may contain sensitive data. Specify 'Include Error Detail' in the connection string to include this information.
----------->     (WARNING)  X_AD_Process_Access.ImportNow: [80]Not insertedAD_Process_Access
===========>     (SEVERE)   DB.ExecuteQuery: [80] => 23505: duplicate key value violates unique constraint "ad_process_access_pkey"

DETAIL: Detail redacted as it may contain sensitive data. Specify 'Include Error Detail' in the connection string to include this information.
----------->     (WARNING)  DB.ExecuteQuery: [80]DBExecuteError - 23505: duplicate key value violates unique constraint "ad_process_access_pkey"

DETAIL: Detail redacted as it may contain sensitive data. Specify 'Include Error Detail' in the connection string to include this information.
----------->     (WARNING)  X_AD_Process_Access.ImportNow: [80]Not insertedAD_Process_Access
===========>     (SEVERE)   DB.ExecuteQuery: [80] => 23505: duplicate key value violates unique constraint "ad_process_access_pkey"

DETAIL: Detail redacted as it may contain sensitive data. Specify 'Include Error Detail' in the connection string to include this information.
----------->     (WARNING)  DB.ExecuteQuery: [80]DBExecuteError - 23505: duplicate key value violates unique constraint "ad_process_access_pkey"

DETAIL: Detail redacted as it may contain sensitive data. Specify 'Include Error Detail' in the connection string to include this information.
----------->     (WARNING)  X_AD_Process_Access.ImportNow: [80]Not insertedAD_Process_Access
===========>     (SEVERE)   DB.ExecuteQuery: [80] => 23505: duplicate key value violates unique constraint "ad_process_access_pkey"

DETAIL: Detail redacted as it may contain sensitive data. Specify 'Include Error Detail' in the connection string to include this information.
----------->     (WARNING)  DB.ExecuteQuery: [80]DBExecuteError - 23505: duplicate key value violates unique constraint "ad_process_access_pkey"

DETAIL: Detail redacted as it may contain sensitive data. Specify 'Include Error Detail' in the connection string to include this information.
----------->     (WARNING)  X_AD_Process_Access.ImportNow: [80]Not insertedAD_Process_Access
===========>     (SEVERE)   DB.ExecuteQuery: [80] => 23505: duplicate key value violates unique constraint "ad_process_access_pkey"

DETAIL: Detail redacted as it may contain sensitive data. Specify 'Include Error Detail' in the connection string to include this information.
----------->     (WARNING)  DB.ExecuteQuery: [80]DBExecuteError - 23505: duplicate key value violates unique constraint "ad_process_access_pkey"

DETAIL: Detail redacted as it may contain sensitive data. Specify 'Include Error Detail' in the connection string to include this information.
----------->     (WARNING)  X_AD_Process_Access.ImportNow: [80]Not insertedAD_Process_Access
===========>     (SEVERE)   DB.ExecuteQuery: [80] => 23505: duplicate key value violates unique constraint "ad_process_access_pkey"

DETAIL: Detail redacted as it may contain sensitive data. Specify 'Include Error Detail' in the connection string to include this information.
----------->     (WARNING)  DB.ExecuteQuery: [80]DBExecuteError - 23505: duplicate key value violates unique constraint "ad_process_access_pkey"

DETAIL: Detail redacted as it may contain sensitive data. Specify 'Include Error Detail' in the connection string to include this information.
----------->     (WARNING)  X_AD_Process_Access.ImportNow: [80]Not insertedAD_Process_Access
===========>     (SEVERE)   DB.ExecuteQuery: [80] => 23505: duplicate key value violates unique constraint "ad_process_access_pkey"

DETAIL: Detail redacted as it may contain sensitive data. Specify 'Include Error Detail' in the connection string to include this information.
----------->     (WARNING)  DB.ExecuteQuery: [80]DBExecuteError - 23505: duplicate key value violates unique constraint "ad_process_access_pkey"

DETAIL: Detail redacted as it may contain sensitive data. Specify 'Include Error Detail' in the connection string to include this information.
----------->     (WARNING)  X_AD_Process_Access.ImportNow: [80]Not insertedAD_Process_Access
===========>     (SEVERE)   DB.ExecuteQuery: [80] => 23505: duplicate key value violates unique constraint "ad_process_access_pkey"

DETAIL: Detail redacted as it may contain sensitive data. Specify 'Include Error Detail' in the connection string to include this information.
----------->     (WARNING)  DB.ExecuteQuery: [80]DBExecuteError - 23505: duplicate key value violates unique constraint "ad_process_access_pkey"

DETAIL: Detail redacted as it may contain sensitive data. Specify 'Include Error Detail' in the connection string to include this information.
----------->     (WARNING)  X_AD_Process_Access.ImportNow: [80]Not insertedAD_Process_Access
===========>     (SEVERE)   DB.ExecuteQuery: [80] => 23505: duplicate key value violates unique constraint "ad_process_access_pkey"

DETAIL: Detail redacted as it may contain sensitive data. Specify 'Include Error Detail' in the connection string to include this information.
----------->     (WARNING)  DB.ExecuteQuery: [80]DBExecuteError - 23505: duplicate key value violates unique constraint "ad_process_access_pkey"

DETAIL: Detail redacted as it may contain sensitive data. Specify 'Include Error Detail' in the connection string to include this information.
----------->     (WARNING)  X_AD_Process_Access.ImportNow: [80]Not insertedAD_Process_Access
===========>     (SEVERE)   DB.ExecuteQuery: [80] => 23505: duplicate key value violates unique constraint "ad_process_access_pkey"

DETAIL: Detail redacted as it may contain sensitive data. Specify 'Include Error Detail' in the connection string to include this information.
----------->     (WARNING)  DB.ExecuteQuery: [80]DBExecuteError - 23505: duplicate key value violates unique constraint "ad_process_access_pkey"

DETAIL: Detail redacted as it may contain sensitive data. Specify 'Include Error Detail' in the connection string to include this information.
----------->     (WARNING)  X_AD_Process_Access.ImportNow: [80]Not insertedAD_Process_Access
===========>     (SEVERE)   DB.ExecuteQuery: [80] => 23505: duplicate key value violates unique constraint "ad_process_access_pkey"

DETAIL: Detail redacted as it may contain sensitive data. Specify 'Include Error Detail' in the connection string to include this information.
----------->     (WARNING)  DB.ExecuteQuery: [80]DBExecuteError - 23505: duplicate key value violates unique constraint "ad_process_access_pkey"

DETAIL: Detail redacted as it may contain sensitive data. Specify 'Include Error Detail' in the connection string to include this information.
----------->     (WARNING)  X_AD_Process_Access.ImportNow: [80]Not insertedAD_Process_Access
===========>     (SEVERE)   DB.ExecuteQuery: [80] => 23505: duplicate key value violates unique constraint "ad_process_access_pkey"

DETAIL: Detail redacted as it may contain sensitive data. Specify 'Include Error Detail' in the connection string to include this information.
----------->     (WARNING)  DB.ExecuteQuery: [80]DBExecuteError - 23505: duplicate key value violates unique constraint "ad_process_access_pkey"

DETAIL: Detail redacted as it may contain sensitive data. Specify 'Include Error Detail' in the connection string to include this information.
----------->     (WARNING)  X_AD_Process_Access.ImportNow: [80]Not insertedAD_Process_Access
===========>     (SEVERE)   DB.ExecuteQuery: [80] => 23505: duplicate key value violates unique constraint "ad_process_access_pkey"

DETAIL: Detail redacted as it may contain sensitive data. Specify 'Include Error Detail' in the connection string to include this information.
----------->     (WARNING)  DB.ExecuteQuery: [80]DBExecuteError - 23505: duplicate key value violates unique constraint "ad_process_access_pkey"

DETAIL: Detail redacted as it may contain sensitive data. Specify 'Include Error Detail' in the connection string to include this information.
----------->     (WARNING)  X_AD_Process_Access.ImportNow: [80]Not insertedAD_Process_Access
===========>     (SEVERE)   DB.ExecuteQuery: [80] => 23505: duplicate key value violates unique constraint "ad_process_access_pkey"

DETAIL: Detail redacted as it may contain sensitive data. Specify 'Include Error Detail' in the connection string to include this information.
----------->     (WARNING)  DB.ExecuteQuery: [80]DBExecuteError - 23505: duplicate key value violates unique constraint "ad_process_access_pkey"

DETAIL: Detail redacted as it may contain sensitive data. Specify 'Include Error Detail' in the connection string to include this information.
----------->     (WARNING)  X_AD_Process_Access.ImportNow: [80]Not insertedAD_Process_Access
===========>     (SEVERE)   DB.ExecuteQuery: [80] => 23505: duplicate key value violates unique constraint "ad_process_access_pkey"

DETAIL: Detail redacted as it may contain sensitive data. Specify 'Include Error Detail' in the connection string to include this information.
----------->     (WARNING)  DB.ExecuteQuery: [80]DBExecuteError - 23505: duplicate key value violates unique constraint "ad_process_access_pkey"

DETAIL: Detail redacted as it may contain sensitive data. Specify 'Include Error Detail' in the connection string to include this information.
----------->     (WARNING)  X_AD_Process_Access.ImportNow: [80]Not insertedAD_Process_Access
===========>     (SEVERE)   DB.ExecuteQuery: [80] => 23505: duplicate key value violates unique constraint "ad_process_access_pkey"

DETAIL: Detail redacted as it may contain sensitive data. Specify 'Include Error Detail' in the connection string to include this information.
----------->     (WARNING)  DB.ExecuteQuery: [80]DBExecuteError - 23505: duplicate key value violates unique constraint "ad_process_access_pkey"

DETAIL: Detail redacted as it may contain sensitive data. Specify 'Include Error Detail' in the connection string to include this information.
----------->     (WARNING)  X_AD_Process_Access.ImportNow: [80]Not insertedAD_Process_Access
===========>     (SEVERE)   DB.ExecuteQuery: [80] => 23505: duplicate key value violates unique constraint "ad_process_access_pkey"

DETAIL: Detail redacted as it may contain sensitive data. Specify 'Include Error Detail' in the connection string to include this information.
----------->     (WARNING)  DB.ExecuteQuery: [80]DBExecuteError - 23505: duplicate key value violates unique constraint "ad_process_access_pkey"

DETAIL: Detail redacted as it may contain sensitive data. Specify 'Include Error Detail' in the connection string to include this information.
----------->     (WARNING)  X_AD_Process_Access.ImportNow: [80]Not insertedAD_Process_Access
===========>     (SEVERE)   DB.ExecuteQuery: [80] => 23505: duplicate key value violates unique constraint "ad_process_access_pkey"

DETAIL: Detail redacted as it may contain sensitive data. Specify 'Include Error Detail' in the connection string to include this information.
----------->     (WARNING)  DB.ExecuteQuery: [80]DBExecuteError - 23505: duplicate key value violates unique constraint "ad_process_access_pkey"

DETAIL: Detail redacted as it may contain sensitive data. Specify 'Include Error Detail' in the connection string to include this information.
----------->     (WARNING)  X_AD_Process_Access.ImportNow: [80]Not insertedAD_Process_Access
===========>     (SEVERE)   DB.ExecuteQuery: [80] => 23505: duplicate key value violates unique constraint "ad_process_access_pkey"

DETAIL: Detail redacted as it may contain sensitive data. Specify 'Include Error Detail' in the connection string to include this information.
----------->     (WARNING)  DB.ExecuteQuery: [80]DBExecuteError - 23505: duplicate key value violates unique constraint "ad_process_access_pkey"

DETAIL: Detail redacted as it may contain sensitive data. Specify 'Include Error Detail' in the connection string to include this information.
----------->     (WARNING)  X_AD_Process_Access.ImportNow: [80]Not insertedAD_Process_Access
===========>     (SEVERE)   DB.ExecuteQuery: [80] => 23505: duplicate key value violates unique constraint "ad_process_access_pkey"

DETAIL: Detail redacted as it may contain sensitive data. Specify 'Include Error Detail' in the connection string to include this information.
----------->     (WARNING)  DB.ExecuteQuery: [80]DBExecuteError - 23505: duplicate key value violates unique constraint "ad_process_access_pkey"

DETAIL: Detail redacted as it may contain sensitive data. Specify 'Include Error Detail' in the connection string to include this information.
----------->     (WARNING)  X_AD_Process_Access.ImportNow: [80]Not insertedAD_Process_Access
===========>     (SEVERE)   DB.ExecuteQuery: [80] => 23505: duplicate key value violates unique constraint "ad_process_access_pkey"

DETAIL: Detail redacted as it may contain sensitive data. Specify 'Include Error Detail' in the connection string to include this information.
----------->     (WARNING)  DB.ExecuteQuery: [80]DBExecuteError - 23505: duplicate key value violates unique constraint "ad_process_access_pkey"

DETAIL: Detail redacted as it may contain sensitive data. Specify 'Include Error Detail' in the connection string to include this information.
----------->     (WARNING)  X_AD_Process_Access.ImportNow: [80]Not insertedAD_Process_Access
===========>     (SEVERE)   DB.ExecuteQuery: [80] => 23505: duplicate key value violates unique constraint "ad_process_access_pkey"

DETAIL: Detail redacted as it may contain sensitive data. Specify 'Include Error Detail' in the connection string to include this information.
----------->     (WARNING)  DB.ExecuteQuery: [80]DBExecuteError - 23505: duplicate key value violates unique constraint "ad_process_access_pkey"

DETAIL: Detail redacted as it may contain sensitive data. Specify 'Include Error Detail' in the connection string to include this information.
----------->     (WARNING)  X_AD_Process_Access.ImportNow: [80]Not insertedAD_Process_Access
===========>     (SEVERE)   DB.ExecuteQuery: [80] => 23505: duplicate key value violates unique constraint "ad_process_access_pkey"

DETAIL: Detail redacted as it may contain sensitive data. Specify 'Include Error Detail' in the connection string to include this information.
----------->     (WARNING)  DB.ExecuteQuery: [80]DBExecuteError - 23505: duplicate key value violates unique constraint "ad_process_access_pkey"

DETAIL: Detail redacted as it may contain sensitive data. Specify 'Include Error Detail' in the connection string to include this information.
----------->     (WARNING)  X_AD_Process_Access.ImportNow: [80]Not insertedAD_Process_Access
===========>     (SEVERE)   DB.ExecuteQuery: [80] => 23505: duplicate key value violates unique constraint "ad_process_access_pkey"

DETAIL: Detail redacted as it may contain sensitive data. Specify 'Include Error Detail' in the connection string to include this information.
----------->     (WARNING)  DB.ExecuteQuery: [80]DBExecuteError - 23505: duplicate key value violates unique constraint "ad_process_access_pkey"

DETAIL: Detail redacted as it may contain sensitive data. Specify 'Include Error Detail' in the connection string to include this information.
----------->     (WARNING)  X_AD_Process_Access.ImportNow: [80]Not insertedAD_Process_Access
===========>     (SEVERE)   DB.ExecuteQuery: [80] => 23505: duplicate key value violates unique constraint "ad_process_access_pkey"

DETAIL: Detail redacted as it may contain sensitive data. Specify 'Include Error Detail' in the connection string to include this information.
----------->     (WARNING)  DB.ExecuteQuery: [80]DBExecuteError - 23505: duplicate key value violates unique constraint "ad_process_access_pkey"

DETAIL: Detail redacted as it may contain sensitive data. Specify 'Include Error Detail' in the connection string to include this information.
----------->     (WARNING)  X_AD_Process_Access.ImportNow: [80]Not insertedAD_Process_Access
===========>     (SEVERE)   DB.ExecuteQuery: [80] => 23505: duplicate key value violates unique constraint "ad_process_access_pkey"

DETAIL: Detail redacted as it may contain sensitive data. Specify 'Include Error Detail' in the connection string to include this information.
----------->     (WARNING)  DB.ExecuteQuery: [80]DBExecuteError - 23505: duplicate key value violates unique constraint "ad_process_access_pkey"

DETAIL: Detail redacted as it may contain sensitive data. Specify 'Include Error Detail' in the connection string to include this information.
----------->     (WARNING)  X_AD_Process_Access.ImportNow: [80]Not insertedAD_Process_Access
===========>     (SEVERE)   DB.ExecuteQuery: [80] => 23505: duplicate key value violates unique constraint "ad_process_access_pkey"

DETAIL: Detail redacted as it may contain sensitive data. Specify 'Include Error Detail' in the connection string to include this information.
----------->     (WARNING)  DB.ExecuteQuery: [80]DBExecuteError - 23505: duplicate key value violates unique constraint "ad_process_access_pkey"

DETAIL: Detail redacted as it may contain sensitive data. Specify 'Include Error Detail' in the connection string to include this information.
----------->     (WARNING)  X_AD_Process_Access.ImportNow: [80]Not insertedAD_Process_Access
===========>     (SEVERE)   DB.ExecuteQuery: [80] => 23505: duplicate key value violates unique constraint "ad_process_access_pkey"

DETAIL: Detail redacted as it may contain sensitive data. Specify 'Include Error Detail' in the connection string to include this information.
----------->     (WARNING)  DB.ExecuteQuery: [80]DBExecuteError - 23505: duplicate key value violates unique constraint "ad_process_access_pkey"

DETAIL: Detail redacted as it may contain sensitive data. Specify 'Include Error Detail' in the connection string to include this information.
----------->     (WARNING)  X_AD_Process_Access.ImportNow: [80]Not insertedAD_Process_Access
===========>     (SEVERE)   DB.ExecuteQuery: [80] => 23505: duplicate key value violates unique constraint "ad_process_access_pkey"

DETAIL: Detail redacted as it may contain sensitive data. Specify 'Include Error Detail' in the connection string to include this information.
----------->     (WARNING)  DB.ExecuteQuery: [80]DBExecuteError - 23505: duplicate key value violates unique constraint "ad_process_access_pkey"

DETAIL: Detail redacted as it may contain sensitive data. Specify 'Include Error Detail' in the connection string to include this information.
----------->     (WARNING)  X_AD_Process_Access.ImportNow: [80]Not insertedAD_Process_Access
===========>     (SEVERE)   DB.ExecuteQuery: [80] => 23505: duplicate key value violates unique constraint "ad_form_access_pkey"

DETAIL: Detail redacted as it may contain sensitive data. Specify 'Include Error Detail' in the connection string to include this information.
----------->     (WARNING)  DB.ExecuteQuery: [80]DBExecuteError - 23505: duplicate key value violates unique constraint "ad_form_access_pkey"

DETAIL: Detail redacted as it may contain sensitive data. Specify 'Include Error Detail' in the connection string to include this information.
----------->     (WARNING)  X_AD_Form_Access.ImportNow: [80]Not insertedAD_Form_Access
===========>     (SEVERE)   DB.ExecuteQuery: [80] => 23505: duplicate key value violates unique constraint "ad_form_access_pkey"

DETAIL: Detail redacted as it may contain sensitive data. Specify 'Include Error Detail' in the connection string to include this information.
----------->     (WARNING)  DB.ExecuteQuery: [80]DBExecuteError - 23505: duplicate key value violates unique constraint "ad_form_access_pkey"

DETAIL: Detail redacted as it may contain sensitive data. Specify 'Include Error Detail' in the connection string to include this information.
----------->     (WARNING)  X_AD_Form_Access.ImportNow: [80]Not insertedAD_Form_Access
===========>     (SEVERE)   DB.ExecuteQuery: [80] => 23505: duplicate key value violates unique constraint "ad_form_access_pkey"

DETAIL: Detail redacted as it may contain sensitive data. Specify 'Include Error Detail' in the connection string to include this information.
----------->     (WARNING)  DB.ExecuteQuery: [80]DBExecuteError - 23505: duplicate key value violates unique constraint "ad_form_access_pkey"

DETAIL: Detail redacted as it may contain sensitive data. Specify 'Include Error Detail' in the connection string to include this information.
----------->     (WARNING)  X_AD_Form_Access.ImportNow: [80]Not insertedAD_Form_Access
===========>     (SEVERE)   DB.ExecuteQuery: [80] => 23505: duplicate key value violates unique constraint "ad_form_access_pkey"

DETAIL: Detail redacted as it may contain sensitive data. Specify 'Include Error Detail' in the connection string to include this information.
----------->     (WARNING)  DB.ExecuteQuery: [80]DBExecuteError - 23505: duplicate key value violates unique constraint "ad_form_access_pkey"

DETAIL: Detail redacted as it may contain sensitive data. Specify 'Include Error Detail' in the connection string to include this information.
----------->     (WARNING)  X_AD_Form_Access.ImportNow: [80]Not insertedAD_Form_Access
===========>     (SEVERE)   DB.ExecuteQuery: [80] => 23505: duplicate key value violates unique constraint "ad_form_access_pkey"

DETAIL: Detail redacted as it may contain sensitive data. Specify 'Include Error Detail' in the connection string to include this information.
----------->     (WARNING)  DB.ExecuteQuery: [80]DBExecuteError - 23505: duplicate key value violates unique constraint "ad_form_access_pkey"

DETAIL: Detail redacted as it may contain sensitive data. Specify 'Include Error Detail' in the connection string to include this information.
----------->     (WARNING)  X_AD_Form_Access.ImportNow: [80]Not insertedAD_Form_Access
===========>     (SEVERE)   DB.ExecuteQuery: [80] => 23505: duplicate key value violates unique constraint "ad_form_access_pkey"

DETAIL: Detail redacted as it may contain sensitive data. Specify 'Include Error Detail' in the connection string to include this information.
----------->     (WARNING)  DB.ExecuteQuery: [80]DBExecuteError - 23505: duplicate key value violates unique constraint "ad_form_access_pkey"

DETAIL: Detail redacted as it may contain sensitive data. Specify 'Include Error Detail' in the connection string to include this information.
----------->     (WARNING)  X_AD_Form_Access.ImportNow: [80]Not insertedAD_Form_Access
===========>     (SEVERE)   DB.ExecuteQuery: [80] => 23505: duplicate key value violates unique constraint "ad_form_access_pkey"

DETAIL: Detail redacted as it may contain sensitive data. Specify 'Include Error Detail' in the connection string to include this information.
----------->     (WARNING)  DB.ExecuteQuery: [80]DBExecuteError - 23505: duplicate key value violates unique constraint "ad_form_access_pkey"

DETAIL: Detail redacted as it may contain sensitive data. Specify 'Include Error Detail' in the connection string to include this information.
----------->     (WARNING)  X_AD_Form_Access.ImportNow: [80]Not insertedAD_Form_Access
===========>     (SEVERE)   DB.ExecuteQuery: [80] => 23505: duplicate key value violates unique constraint "ad_form_access_pkey"

DETAIL: Detail redacted as it may contain sensitive data. Specify 'Include Error Detail' in the connection string to include this information.
----------->     (WARNING)  DB.ExecuteQuery: [80]DBExecuteError - 23505: duplicate key value violates unique constraint "ad_form_access_pkey"

DETAIL: Detail redacted as it may contain sensitive data. Specify 'Include Error Detail' in the connection string to include this information.
----------->     (WARNING)  X_AD_Form_Access.ImportNow: [80]Not insertedAD_Form_Access
===========>     (SEVERE)   DB.ExecuteQuery: [80] => 23505: duplicate key value violates unique constraint "ad_form_access_pkey"

DETAIL: Detail redacted as it may contain sensitive data. Specify 'Include Error Detail' in the connection string to include this information.
----------->     (WARNING)  DB.ExecuteQuery: [80]DBExecuteError - 23505: duplicate key value violates unique constraint "ad_form_access_pkey"

DETAIL: Detail redacted as it may contain sensitive data. Specify 'Include Error Detail' in the connection string to include this information.
----------->     (WARNING)  X_AD_Form_Access.ImportNow: [80]Not insertedAD_Form_Access
===========>     (SEVERE)   DB.ExecuteQuery: [80] => 23505: duplicate key value violates unique constraint "ad_form_access_pkey"

DETAIL: Detail redacted as it may contain sensitive data. Specify 'Include Error Detail' in the connection string to include this information.
----------->     (WARNING)  DB.ExecuteQuery: [80]DBExecuteError - 23505: duplicate key value violates unique constraint "ad_form_access_pkey"

DETAIL: Detail redacted as it may contain sensitive data. Specify 'Include Error Detail' in the connection string to include this information.
----------->     (WARNING)  X_AD_Form_Access.ImportNow: [80]Not insertedAD_Form_Access
===========>     (SEVERE)   DB.ExecuteQuery: [80] => 23505: duplicate key value violates unique constraint "ad_process_access_pkey"

DETAIL: Detail redacted as it may contain sensitive data. Specify 'Include Error Detail' in the connection string to include this information.
----------->     (WARNING)  DB.ExecuteQuery: [80]DBExecuteError - 23505: duplicate key value violates unique constraint "ad_process_access_pkey"

DETAIL: Detail redacted as it may contain sensitive data. Specify 'Include Error Detail' in the connection string to include this information.
----------->     (WARNING)  X_AD_Process_Access.ImportNow: [80]Not insertedAD_Process_Access
===========>     (SEVERE)   DB.ExecuteQuery: [80] => 23505: duplicate key value violates unique constraint "ad_process_access_pkey"

DETAIL: Detail redacted as it may contain sensitive data. Specify 'Include Error Detail' in the connection string to include this information.
----------->     (WARNING)  DB.ExecuteQuery: [80]DBExecuteError - 23505: duplicate key value violates unique constraint "ad_process_access_pkey"

DETAIL: Detail redacted as it may contain sensitive data. Specify 'Include Error Detail' in the connection string to include this information.
----------->     (WARNING)  X_AD_Process_Access.ImportNow: [80]Not insertedAD_Process_Access
===========>     (SEVERE)   DB.ExecuteQuery: [80] => 23505: duplicate key value violates unique constraint "ad_process_access_pkey"

DETAIL: Detail redacted as it may contain sensitive data. Specify 'Include Error Detail' in the connection string to include this information.
----------->     (WARNING)  DB.ExecuteQuery: [80]DBExecuteError - 23505: duplicate key value violates unique constraint "ad_process_access_pkey"

DETAIL: Detail redacted as it may contain sensitive data. Specify 'Include Error Detail' in the connection string to include this information.
----------->     (WARNING)  X_AD_Process_Access.ImportNow: [80]Not insertedAD_Process_Access
===========>     (SEVERE)   DB.ExecuteQuery: [80] => 23505: duplicate key value violates unique constraint "ad_process_access_pkey"

DETAIL: Detail redacted as it may contain sensitive data. Specify 'Include Error Detail' in the connection string to include this information.
----------->     (WARNING)  DB.ExecuteQuery: [80]DBExecuteError - 23505: duplicate key value violates unique constraint "ad_process_access_pkey"

DETAIL: Detail redacted as it may contain sensitive data. Specify 'Include Error Detail' in the connection string to include this information.
----------->     (WARNING)  X_AD_Process_Access.ImportNow: [80]Not insertedAD_Process_Access
===========>     (SEVERE)   DB.ExecuteQuery: [80] => 23505: duplicate key value violates unique constraint "ad_process_access_pkey"

DETAIL: Detail redacted as it may contain sensitive data. Specify 'Include Error Detail' in the connection string to include this information.
----------->     (WARNING)  DB.ExecuteQuery: [80]DBExecuteError - 23505: duplicate key value violates unique constraint "ad_process_access_pkey"

DETAIL: Detail redacted as it may contain sensitive data. Specify 'Include Error Detail' in the connection string to include this information.
----------->     (WARNING)  X_AD_Process_Access.ImportNow: [80]Not insertedAD_Process_Access
===========>     (SEVERE)   DB.ExecuteQuery: [80] => 23505: duplicate key value violates unique constraint "ad_process_access_pkey"

DETAIL: Detail redacted as it may contain sensitive data. Specify 'Include Error Detail' in the connection string to include this information.
----------->     (WARNING)  DB.ExecuteQuery: [80]DBExecuteError - 23505: duplicate key value violates unique constraint "ad_process_access_pkey"

DETAIL: Detail redacted as it may contain sensitive data. Specify 'Include Error Detail' in the connection string to include this information.
----------->     (WARNING)  X_AD_Process_Access.ImportNow: [80]Not insertedAD_Process_Access
===========>     (SEVERE)   DB.ExecuteQuery: [80] => 23505: duplicate key value violates unique constraint "ad_process_access_pkey"

DETAIL: Detail redacted as it may contain sensitive data. Specify 'Include Error Detail' in the connection string to include this information.
----------->     (WARNING)  DB.ExecuteQuery: [80]DBExecuteError - 23505: duplicate key value violates unique constraint "ad_process_access_pkey"

DETAIL: Detail redacted as it may contain sensitive data. Specify 'Include Error Detail' in the connection string to include this information.
----------->     (WARNING)  X_AD_Process_Access.ImportNow: [80]Not insertedAD_Process_Access
===========>     (SEVERE)   DB.ExecuteQuery: [80] => 23505: duplicate key value violates unique constraint "ad_process_access_pkey"

DETAIL: Detail redacted as it may contain sensitive data. Specify 'Include Error Detail' in the connection string to include this information.
----------->     (WARNING)  DB.ExecuteQuery: [80]DBExecuteError - 23505: duplicate key value violates unique constraint "ad_process_access_pkey"

DETAIL: Detail redacted as it may contain sensitive data. Specify 'Include Error Detail' in the connection string to include this information.
----------->     (WARNING)  X_AD_Process_Access.ImportNow: [80]Not insertedAD_Process_Access
===========>     (SEVERE)   DB.ExecuteQuery: [80] => 23505: duplicate key value violates unique constraint "ad_process_access_pkey"

DETAIL: Detail redacted as it may contain sensitive data. Specify 'Include Error Detail' in the connection string to include this information.
----------->     (WARNING)  DB.ExecuteQuery: [80]DBExecuteError - 23505: duplicate key value violates unique constraint "ad_process_access_pkey"

DETAIL: Detail redacted as it may contain sensitive data. Specify 'Include Error Detail' in the connection string to include this information.
----------->     (WARNING)  X_AD_Process_Access.ImportNow: [80]Not insertedAD_Process_Access
===========>     (SEVERE)   DB.ExecuteQuery: [80] => 23505: duplicate key value violates unique constraint "ad_process_access_pkey"

DETAIL: Detail redacted as it may contain sensitive data. Specify 'Include Error Detail' in the connection string to include this information.
----------->     (WARNING)  DB.ExecuteQuery: [80]DBExecuteError - 23505: duplicate key value violates unique constraint "ad_process_access_pkey"

DETAIL: Detail redacted as it may contain sensitive data. Specify 'Include Error Detail' in the connection string to include this information.
----------->     (WARNING)  X_AD_Process_Access.ImportNow: [80]Not insertedAD_Process_Access
===========>     (SEVERE)   DB.ExecuteQuery: [80] => 23505: duplicate key value violates unique constraint "ad_process_access_pkey"

DETAIL: Detail redacted as it may contain sensitive data. Specify 'Include Error Detail' in the connection string to include this information.
----------->     (WARNING)  DB.ExecuteQuery: [80]DBExecuteError - 23505: duplicate key value violates unique constraint "ad_process_access_pkey"

DETAIL: Detail redacted as it may contain sensitive data. Specify 'Include Error Detail' in the connection string to include this information.
----------->     (WARNING)  X_AD_Process_Access.ImportNow: [80]Not insertedAD_Process_Access
===========>     (SEVERE)   DB.ExecuteQuery: [80] => 23505: duplicate key value violates unique constraint "ad_process_access_pkey"

DETAIL: Detail redacted as it may contain sensitive data. Specify 'Include Error Detail' in the connection string to include this information.
----------->     (WARNING)  DB.ExecuteQuery: [80]DBExecuteError - 23505: duplicate key value violates unique constraint "ad_process_access_pkey"

DETAIL: Detail redacted as it may contain sensitive data. Specify 'Include Error Detail' in the connection string to include this information.
----------->     (WARNING)  X_AD_Process_Access.ImportNow: [80]Not insertedAD_Process_Access
===========>     (SEVERE)   DB.ExecuteQuery: [80] => 23505: duplicate key value violates unique constraint "ad_process_access_pkey"

DETAIL: Detail redacted as it may contain sensitive data. Specify 'Include Error Detail' in the connection string to include this information.
----------->     (WARNING)  DB.ExecuteQuery: [80]DBExecuteError - 23505: duplicate key value violates unique constraint "ad_process_access_pkey"

DETAIL: Detail redacted as it may contain sensitive data. Specify 'Include Error Detail' in the connection string to include this information.
----------->     (WARNING)  X_AD_Process_Access.ImportNow: [80]Not insertedAD_Process_Access
===========>     (SEVERE)   DB.ExecuteQuery: [80] => 23505: duplicate key value violates unique constraint "ad_process_access_pkey"

DETAIL: Detail redacted as it may contain sensitive data. Specify 'Include Error Detail' in the connection string to include this information.
----------->     (WARNING)  DB.ExecuteQuery: [80]DBExecuteError - 23505: duplicate key value violates unique constraint "ad_process_access_pkey"

DETAIL: Detail redacted as it may contain sensitive data. Specify 'Include Error Detail' in the connection string to include this information.
----------->     (WARNING)  X_AD_Process_Access.ImportNow: [80]Not insertedAD_Process_Access
===========>     (SEVERE)   DB.ExecuteQuery: [80] => 23505: duplicate key value violates unique constraint "ad_process_access_pkey"

DETAIL: Detail redacted as it may contain sensitive data. Specify 'Include Error Detail' in the connection string to include this information.
----------->     (WARNING)  DB.ExecuteQuery: [80]DBExecuteError - 23505: duplicate key value violates unique constraint "ad_process_access_pkey"

DETAIL: Detail redacted as it may contain sensitive data. Specify 'Include Error Detail' in the connection string to include this information.
----------->     (WARNING)  X_AD_Process_Access.ImportNow: [80]Not insertedAD_Process_Access
===========>     (SEVERE)   DB.ExecuteQuery: [80] => 23505: duplicate key value violates unique constraint "ad_process_access_pkey"

DETAIL: Detail redacted as it may contain sensitive data. Specify 'Include Error Detail' in the connection string to include this information.
----------->     (WARNING)  DB.ExecuteQuery: [80]DBExecuteError - 23505: duplicate key value violates unique constraint "ad_process_access_pkey"

DETAIL: Detail redacted as it may contain sensitive data. Specify 'Include Error Detail' in the connection string to include this information.
----------->     (WARNING)  X_AD_Process_Access.ImportNow: [80]Not insertedAD_Process_Access
===========>     (SEVERE)   DB.ExecuteQuery: [80] => 23505: duplicate key value violates unique constraint "ad_process_access_pkey"

DETAIL: Detail redacted as it may contain sensitive data. Specify 'Include Error Detail' in the connection string to include this information.
----------->     (WARNING)  DB.ExecuteQuery: [80]DBExecuteError - 23505: duplicate key value violates unique constraint "ad_process_access_pkey"

DETAIL: Detail redacted as it may contain sensitive data. Specify 'Include Error Detail' in the connection string to include this information.
----------->     (WARNING)  X_AD_Process_Access.ImportNow: [80]Not insertedAD_Process_Access
===========>     (SEVERE)   DB.ExecuteQuery: [80] => 23505: duplicate key value violates unique constraint "ad_process_access_pkey"

DETAIL: Detail redacted as it may contain sensitive data. Specify 'Include Error Detail' in the connection string to include this information.
----------->     (WARNING)  DB.ExecuteQuery: [80]DBExecuteError - 23505: duplicate key value violates unique constraint "ad_process_access_pkey"

DETAIL: Detail redacted as it may contain sensitive data. Specify 'Include Error Detail' in the connection string to include this information.
----------->     (WARNING)  X_AD_Process_Access.ImportNow: [80]Not insertedAD_Process_Access
===========>     (SEVERE)   DB.ExecuteQuery: [80] => 23505: duplicate key value violates unique constraint "ad_process_access_pkey"

DETAIL: Detail redacted as it may contain sensitive data. Specify 'Include Error Detail' in the connection string to include this information.
----------->     (WARNING)  DB.ExecuteQuery: [80]DBExecuteError - 23505: duplicate key value violates unique constraint "ad_process_access_pkey"

DETAIL: Detail redacted as it may contain sensitive data. Specify 'Include Error Detail' in the connection string to include this information.
----------->     (WARNING)  X_AD_Process_Access.ImportNow: [80]Not insertedAD_Process_Access
===========>     (SEVERE)   DB.ExecuteQuery: [80] => 23505: duplicate key value violates unique constraint "ad_process_access_pkey"

DETAIL: Detail redacted as it may contain sensitive data. Specify 'Include Error Detail' in the connection string to include this information.
----------->     (WARNING)  DB.ExecuteQuery: [80]DBExecuteError - 23505: duplicate key value violates unique constraint "ad_process_access_pkey"

DETAIL: Detail redacted as it may contain sensitive data. Specify 'Include Error Detail' in the connection string to include this information.
----------->     (WARNING)  X_AD_Process_Access.ImportNow: [80]Not insertedAD_Process_Access
===========>     (SEVERE)   DB.ExecuteQuery: [80] => 23505: duplicate key value violates unique constraint "ad_workflow_access_pkey"

DETAIL: Detail redacted as it may contain sensitive data. Specify 'Include Error Detail' in the connection string to include this information.
----------->     (WARNING)  DB.ExecuteQuery: [80]DBExecuteError - 23505: duplicate key value violates unique constraint "ad_workflow_access_pkey"

DETAIL: Detail redacted as it may contain sensitive data. Specify 'Include Error Detail' in the connection string to include this information.
----------->     (WARNING)  X_AD_Workflow_Access.ImportNow: [80]Not insertedAD_Workflow_Access
===========>     (SEVERE)   DB.ExecuteQuery: [80] => 23505: duplicate key value violates unique constraint "ad_workflow_access_pkey"

DETAIL: Detail redacted as it may contain sensitive data. Specify 'Include Error Detail' in the connection string to include this information.
----------->     (WARNING)  DB.ExecuteQuery: [80]DBExecuteError - 23505: duplicate key value violates unique constraint "ad_workflow_access_pkey"

DETAIL: Detail redacted as it may contain sensitive data. Specify 'Include Error Detail' in the connection string to include this information.
----------->     (WARNING)  X_AD_Workflow_Access.ImportNow: [80]Not insertedAD_Workflow_Access
===========>     (SEVERE)   DB.ExecuteQuery: [80] => 23505: duplicate key value violates unique constraint "ad_form_access_pkey"

DETAIL: Detail redacted as it may contain sensitive data. Specify 'Include Error Detail' in the connection string to include this information.
----------->     (WARNING)  DB.ExecuteQuery: [80]DBExecuteError - 23505: duplicate key value violates unique constraint "ad_form_access_pkey"

DETAIL: Detail redacted as it may contain sensitive data. Specify 'Include Error Detail' in the connection string to include this information.
----------->     (WARNING)  X_AD_Form_Access.ImportNow: [80]Not insertedAD_Form_Access
===========>     (SEVERE)   DB.ExecuteQuery: [80] => 23505: duplicate key value violates unique constraint "ad_form_access_pkey"

DETAIL: Detail redacted as it may contain sensitive data. Specify 'Include Error Detail' in the connection string to include this information.
----------->     (WARNING)  DB.ExecuteQuery: [80]DBExecuteError - 23505: duplicate key value violates unique constraint "ad_form_access_pkey"

DETAIL: Detail redacted as it may contain sensitive data. Specify 'Include Error Detail' in the connection string to include this information.
----------->     (WARNING)  X_AD_Form_Access.ImportNow: [80]Not insertedAD_Form_Access
===========>     (SEVERE)   DB.ExecuteQuery: [80] => 23505: duplicate key value violates unique constraint "ad_process_access_pkey"

DETAIL: Detail redacted as it may contain sensitive data. Specify 'Include Error Detail' in the connection string to include this information.
----------->     (WARNING)  DB.ExecuteQuery: [80]DBExecuteError - 23505: duplicate key value violates unique constraint "ad_process_access_pkey"

DETAIL: Detail redacted as it may contain sensitive data. Specify 'Include Error Detail' in the connection string to include this information.
----------->     (WARNING)  X_AD_Process_Access.ImportNow: [80]Not insertedAD_Process_Access
===========>     (SEVERE)   DB.ExecuteQuery: [80] => 23505: duplicate key value violates unique constraint "ad_process_access_pkey"

DETAIL: Detail redacted as it may contain sensitive data. Specify 'Include Error Detail' in the connection string to include this information.
----------->     (WARNING)  DB.ExecuteQuery: [80]DBExecuteError - 23505: duplicate key value violates unique constraint "ad_process_access_pkey"

DETAIL: Detail redacted as it may contain sensitive data. Specify 'Include Error Detail' in the connection string to include this information.
----------->     (WARNING)  X_AD_Process_Access.ImportNow: [80]Not insertedAD_Process_Access
===========>     (SEVERE)   DB.ExecuteQuery: [80] => 23503: update or delete on table "gl_category" violates foreign key constraint "fk217_1527" on table "c_doctype"

DETAIL: Detail redacted as it may contain sensitive data. Specify 'Include Error Detail' in the connection string to include this information.
----------->     (WARNING)  DB.ExecuteQuery: [80]DBExecuteError - 23503: update or delete on table "gl_category" violates foreign key constraint "fk217_1527" on table "c_doctype"

DETAIL: Detail redacted as it may contain sensitive data. Specify 'Include Error Detail' in the connection string to include this information.
===========>     (SEVERE)   DB.ExecuteQuery: [80] => 0A000: cannot alter type of a column used by a view or rule

DETAIL: Detail redacted as it may contain sensitive data. Specify 'Include Error Detail' in the connection string to include this information.
----------->     (WARNING)  DB.ExecuteQuery: [80]DBExecuteError - 0A000: cannot alter type of a column used by a view or rule

DETAIL: Detail redacted as it may contain sensitive data. Specify 'Include Error Detail' in the connection string to include this information.
===========>     (SEVERE)   DB.ExecuteQuery: [80] => 0A000: cannot alter type of a column used by a view or rule

DETAIL: Detail redacted as it may contain sensitive data. Specify 'Include Error Detail' in the connection string to include this information.
----------->     (WARNING)  DB.ExecuteQuery: [80]DBExecuteError - 0A000: cannot alter type of a column used by a view or rule

DETAIL: Detail redacted as it may contain sensitive data. Specify 'Include Error Detail' in the connection string to include this information.
===========>     (SEVERE)   DB.ExecuteQuery: [80] => 0A000: cannot alter type of a column used by a view or rule

DETAIL: Detail redacted as it may contain sensitive data. Specify 'Include Error Detail' in the connection string to include this information.
----------->     (WARNING)  DB.ExecuteQuery: [80]DBExecuteError - 0A000: cannot alter type of a column used by a view or rule

DETAIL: Detail redacted as it may contain sensitive data. Specify 'Include Error Detail' in the connection string to include this information.
===========>     (SEVERE)   DB.ExecuteQuery: [80] => 0A000: cannot alter type of a column used by a view or rule

DETAIL: Detail redacted as it may contain sensitive data. Specify 'Include Error Detail' in the connection string to include this information.
----------->     (WARNING)  DB.ExecuteQuery: [80]DBExecuteError - 0A000: cannot alter type of a column used by a view or rule

DETAIL: Detail redacted as it may contain sensitive data. Specify 'Include Error Detail' in the connection string to include this information.
===========>     (SEVERE)   DB.ExecuteQuery: [80] => 42703: column "k" does not exist

POSITION: 33
----------->     (WARNING)  DB.ExecuteQuery: [80]DBExecuteError - 42703: column "k" does not exist

POSITION: 33
===========>     (SEVERE)   DB.ExecuteQuery: [80] => 0A000: cannot alter type of a column used by a view or rule

DETAIL: Detail redacted as it may contain sensitive data. Specify 'Include Error Detail' in the connection string to include this information.
----------->     (WARNING)  DB.ExecuteQuery: [80]DBExecuteError - 0A000: cannot alter type of a column used by a view or rule

DETAIL: Detail redacted as it may contain sensitive data. Specify 'Include Error Detail' in the connection string to include this information.
===========>     (SEVERE)   DB.ExecuteQuery: [80] => 0A000: cannot alter type of a column used by a view or rule

DETAIL: Detail redacted as it may contain sensitive data. Specify 'Include Error Detail' in the connection string to include this information.
----------->     (WARNING)  DB.ExecuteQuery: [80]DBExecuteError - 0A000: cannot alter type of a column used by a view or rule

DETAIL: Detail redacted as it may contain sensitive data. Specify 'Include Error Detail' in the connection string to include this information.
10:04:04.440    (INFO)     Env.Reset: [80]finalCall=False
10:04:04.440    (INFO)     CacheMgt.Reset: [80]#20 (5083)
