11:08:11.811    (INFO)     Trx.Start: [30]**** VISPRO_ModIns639085216913247123System.Random
11:08:11.811    (INFO)     Trx.Commit: [30]**C** VISPRO_ModIns639085216913247123System.Random
11:08:19.819    (INFO)     Env.Reset: [43]finalCall=False
11:08:19.819    (INFO)     CacheMgt.Reset: [43]#19 (5821)
11:08:19.819    (INFO)     Trx.Start: [43]**** VISPRO_ModIns639085216993446751System.Random
11:08:19.819    (INFO)     Trx.Commit: [43]**C** VISPRO_ModIns639085216993446751System.Random
11:08:34.834    (INFO)     MRole.Get: [43]AD_Role_ID=0, AD_User_ID=100, reload=True
11:08:34.834    (INFO)     MRole.Get: [43]MRole[0,System Administrator,UserLevel=S  ,AD_Client_ID=0,AD_Org_ID=0]
11:08:34.834    (INFO)     MRole.Get: [43]AD_Role_ID=0, AD_User_ID=100, reload=True
11:08:34.834    (INFO)     MRole.Get: [43]MRole[0,System Administrator,UserLevel=S  ,AD_Client_ID=0,AD_Org_ID=0]
11:08:34.834    (INFO)     MTree.Load: [43]AD_Tree_ID=121, AD_User_ID=100, Editable=False, OnClient=True
===========>     (SEVERE)   MTree.LoadNodes: [43]Nodes w/o parent - adding to root - System.Collections.Generic.List`1[VAdvantage.Classes.VTreeNode]
11:08:35.835    (INFO)     Msg.InitMsg: [43]Records=5487 - en_US
----------->     (WARNING)  PushNotification.SendNotificationToUser: [43]PushNotif - Module VA074_ is not installed!
11:11:04.114    (INFO)     Trx.Start: [37]**** VISPRO_ModIns639085218644988771System.Random
11:11:04.114    (INFO)     Trx.Commit: [37]**C** VISPRO_ModIns639085218644988771System.Random
11:11:07.117    (INFO)     MChangeLog.FillChangeLog: [31]#10
===========>     (SEVERE)   PostgreHelper.ExecuteDataset: [31]42703: column a.basedon does not exist

POSITION: 183 [Query D] =>SELECT a.*, r.AD_Table_ID 
                       FROM AD_Alert a
                       INNER JOIN AD_AlertRule r ON (a.AD_Alert_ID = r.AD_Alert_ID)
                       WHERE a.BasedOn='E' AND a.IsActive='Y' AND a.IsValid='Y' 
                         AND r.AD_Table_ID = 116
                       AND a.AD_Client_ID=0 AND COALESCE(a.AD_Org_ID,0)=0 ORDER BY a.AD_Client_ID
===========>     (SEVERE)   DB.ExecuteQuery: [31] => 42P01: relation "ad_valuepreference" does not exist

POSITION: 13
----------->     (WARNING)  DB.ExecuteQuery: [31]DBExecuteError - 42P01: relation "ad_valuepreference" does not exist

POSITION: 13
===========>     (SEVERE)   DB.ExecuteQuery: [31] => 23505: duplicate key value violates unique constraint "ad_window_access_pkey"

DETAIL: Detail redacted as it may contain sensitive data. Specify 'Include Error Detail' in the connection string to include this information.
----------->     (WARNING)  DB.ExecuteQuery: [31]DBExecuteError - 23505: duplicate key value violates unique constraint "ad_window_access_pkey"

DETAIL: Detail redacted as it may contain sensitive data. Specify 'Include Error Detail' in the connection string to include this information.
----------->     (WARNING)  X_AD_Window_Access.AddWindowToMenu: [31]Not insertedAD_Window_Access
===========>     (SEVERE)   DB.ExecuteQuery: [31] => 23505: duplicate key value violates unique constraint "ad_window_access_pkey"

DETAIL: Detail redacted as it may contain sensitive data. Specify 'Include Error Detail' in the connection string to include this information.
----------->     (WARNING)  DB.ExecuteQuery: [31]DBExecuteError - 23505: duplicate key value violates unique constraint "ad_window_access_pkey"

DETAIL: Detail redacted as it may contain sensitive data. Specify 'Include Error Detail' in the connection string to include this information.
----------->     (WARNING)  X_AD_Window_Access.AddWindowToMenu: [31]Not insertedAD_Window_Access
===========>     (SEVERE)   DB.ExecuteQuery: [31] => 23505: duplicate key value violates unique constraint "ad_window_access_pkey"

DETAIL: Detail redacted as it may contain sensitive data. Specify 'Include Error Detail' in the connection string to include this information.
----------->     (WARNING)  DB.ExecuteQuery: [31]DBExecuteError - 23505: duplicate key value violates unique constraint "ad_window_access_pkey"

DETAIL: Detail redacted as it may contain sensitive data. Specify 'Include Error Detail' in the connection string to include this information.
----------->     (WARNING)  X_AD_Window_Access.AddWindowToMenu: [31]Not insertedAD_Window_Access
===========>     (SEVERE)   DB.ExecuteQuery: [31] => 23505: duplicate key value violates unique constraint "ad_window_access_pkey"

DETAIL: Detail redacted as it may contain sensitive data. Specify 'Include Error Detail' in the connection string to include this information.
----------->     (WARNING)  DB.ExecuteQuery: [31]DBExecuteError - 23505: duplicate key value violates unique constraint "ad_window_access_pkey"

DETAIL: Detail redacted as it may contain sensitive data. Specify 'Include Error Detail' in the connection string to include this information.
----------->     (WARNING)  X_AD_Window_Access.AddWindowToMenu: [31]Not insertedAD_Window_Access
===========>     (SEVERE)   DB.ExecuteQuery: [31] => 23505: duplicate key value violates unique constraint "ad_workflow_access_pkey"

DETAIL: Detail redacted as it may contain sensitive data. Specify 'Include Error Detail' in the connection string to include this information.
----------->     (WARNING)  DB.ExecuteQuery: [31]DBExecuteError - 23505: duplicate key value violates unique constraint "ad_workflow_access_pkey"

DETAIL: Detail redacted as it may contain sensitive data. Specify 'Include Error Detail' in the connection string to include this information.
----------->     (WARNING)  X_AD_Workflow_Access.ImportNow: [31]Not insertedAD_Workflow_Access
===========>     (SEVERE)   DB.ExecuteQuery: [31] => 23505: duplicate key value violates unique constraint "ad_workflow_access_pkey"

DETAIL: Detail redacted as it may contain sensitive data. Specify 'Include Error Detail' in the connection string to include this information.
----------->     (WARNING)  DB.ExecuteQuery: [31]DBExecuteError - 23505: duplicate key value violates unique constraint "ad_workflow_access_pkey"

DETAIL: Detail redacted as it may contain sensitive data. Specify 'Include Error Detail' in the connection string to include this information.
----------->     (WARNING)  X_AD_Workflow_Access.ImportNow: [31]Not insertedAD_Workflow_Access
===========>     (SEVERE)   DB.ExecuteQuery: [31] => 23505: duplicate key value violates unique constraint "ad_workflow_access_pkey"

DETAIL: Detail redacted as it may contain sensitive data. Specify 'Include Error Detail' in the connection string to include this information.
----------->     (WARNING)  DB.ExecuteQuery: [31]DBExecuteError - 23505: duplicate key value violates unique constraint "ad_workflow_access_pkey"

DETAIL: Detail redacted as it may contain sensitive data. Specify 'Include Error Detail' in the connection string to include this information.
----------->     (WARNING)  X_AD_Workflow_Access.ImportNow: [31]Not insertedAD_Workflow_Access
===========>     (SEVERE)   DB.ExecuteQuery: [31] => 23505: duplicate key value violates unique constraint "ad_workflow_access_pkey"

DETAIL: Detail redacted as it may contain sensitive data. Specify 'Include Error Detail' in the connection string to include this information.
----------->     (WARNING)  DB.ExecuteQuery: [31]DBExecuteError - 23505: duplicate key value violates unique constraint "ad_workflow_access_pkey"

DETAIL: Detail redacted as it may contain sensitive data. Specify 'Include Error Detail' in the connection string to include this information.
----------->     (WARNING)  X_AD_Workflow_Access.ImportNow: [31]Not insertedAD_Workflow_Access
===========>     (SEVERE)   DB.ExecuteQuery: [31] => 23505: duplicate key value violates unique constraint "ad_process_access_pkey"

DETAIL: Detail redacted as it may contain sensitive data. Specify 'Include Error Detail' in the connection string to include this information.
----------->     (WARNING)  DB.ExecuteQuery: [31]DBExecuteError - 23505: duplicate key value violates unique constraint "ad_process_access_pkey"

DETAIL: Detail redacted as it may contain sensitive data. Specify 'Include Error Detail' in the connection string to include this information.
----------->     (WARNING)  X_AD_Process_Access.ImportNow: [31]Not insertedAD_Process_Access
===========>     (SEVERE)   DB.ExecuteQuery: [31] => 23505: duplicate key value violates unique constraint "ad_process_access_pkey"

DETAIL: Detail redacted as it may contain sensitive data. Specify 'Include Error Detail' in the connection string to include this information.
----------->     (WARNING)  DB.ExecuteQuery: [31]DBExecuteError - 23505: duplicate key value violates unique constraint "ad_process_access_pkey"

DETAIL: Detail redacted as it may contain sensitive data. Specify 'Include Error Detail' in the connection string to include this information.
----------->     (WARNING)  X_AD_Process_Access.ImportNow: [31]Not insertedAD_Process_Access
11:11:12.111    (INFO)     Env.Reset: [31]finalCall=False
11:11:12.111    (INFO)     CacheMgt.Reset: [31]#22 (6427)
11:11:13.111    (INFO)     Trx.Start: [31]**** VISPRO_ModIns639085218730016718System.Random
11:11:13.111    (INFO)     Trx.Commit: [31]**C** VISPRO_ModIns639085218730016718System.Random
11:11:24.112    (INFO)     MRole.Get: [31]AD_Role_ID=0, AD_User_ID=100, reload=True
11:11:24.112    (INFO)     MRole.Get: [31]MRole[0,System Administrator,UserLevel=S  ,AD_Client_ID=0,AD_Org_ID=0]
11:11:24.112    (INFO)     MRole.Get: [31]AD_Role_ID=0, AD_User_ID=100, reload=True
11:11:24.112    (INFO)     MRole.Get: [31]MRole[0,System Administrator,UserLevel=S  ,AD_Client_ID=0,AD_Org_ID=0]
11:11:24.112    (INFO)     MTree.Load: [31]AD_Tree_ID=121, AD_User_ID=100, Editable=False, OnClient=True
===========>     (SEVERE)   MTree.LoadNodes: [31]Nodes w/o parent - adding to root - System.Collections.Generic.List`1[VAdvantage.Classes.VTreeNode]
11:11:24.112    (INFO)     Msg.InitMsg: [31]Records=5487 - en_US
----------->     (WARNING)  PushNotification.SendNotificationToUser: [31]PushNotif - Module VA074_ is not installed!
11:11:56.115    (INFO)     Trx.Start: [37]**** VISPRO_ModIns639085219164447852System.Random
11:11:56.115    (INFO)     Trx.Commit: [37]**C** VISPRO_ModIns639085219164447852System.Random
===========>     (SEVERE)   DB.ExecuteQuery: [44] => 42601: syntax error at or near "AS"

POSITION: 97
----------->     (WARNING)  DB.ExecuteQuery: [44]DBExecuteError - 42601: syntax error at or near "AS"

POSITION: 97
===========>     (SEVERE)   DB.ExecuteQuery: [44] => 42601: syntax error at or near "AS"

POSITION: 99
----------->     (WARNING)  DB.ExecuteQuery: [44]DBExecuteError - 42601: syntax error at or near "AS"

POSITION: 99
===========>     (SEVERE)   DB.ExecuteQuery: [44] => 42601: syntax error at or near "AS"

POSITION: 94
----------->     (WARNING)  DB.ExecuteQuery: [44]DBExecuteError - 42601: syntax error at or near "AS"

POSITION: 94
===========>     (SEVERE)   DB.ExecuteQuery: [44] => 42601: syntax error at or near "AS"

POSITION: 100
----------->     (WARNING)  DB.ExecuteQuery: [44]DBExecuteError - 42601: syntax error at or near "AS"

POSITION: 100
===========>     (SEVERE)   DB.ExecuteQuery: [44] => 42883: function to_char(character varying) does not exist

POSITION: 268
----------->     (WARNING)  DB.ExecuteQuery: [44]DBExecuteError - 42883: function to_char(character varying) does not exist

POSITION: 268
===========>     (SEVERE)   DB.ExecuteQuery: [44] => 42601: syntax error at or near "BYTE"

POSITION: 170
----------->     (WARNING)  DB.ExecuteQuery: [44]DBExecuteError - 42601: syntax error at or near "BYTE"

POSITION: 170
===========>     (SEVERE)   DB.ExecuteQuery: [44] => 42601: syntax error at or near "BYTE"

POSITION: 116
----------->     (WARNING)  DB.ExecuteQuery: [44]DBExecuteError - 42601: syntax error at or near "BYTE"

POSITION: 116
===========>     (SEVERE)   DB.ExecuteQuery: [44] => 42P07: relation "t_monetaryitemrevaluation" already exists
----------->     (WARNING)  DB.ExecuteQuery: [44]DBExecuteError - 42P07: relation "t_monetaryitemrevaluation" already exists
===========>     (SEVERE)   DB.ExecuteQuery: [44] => 42P01: view "varpt_dunentrylinepay_v" does not exist
----------->     (WARNING)  DB.ExecuteQuery: [44]DBExecuteError - 42P01: view "varpt_dunentrylinepay_v" does not exist
===========>     (SEVERE)   DB.ExecuteQuery: [44] => 42P01: view "varpt_inventoryadjustment_v" does not exist
----------->     (WARNING)  DB.ExecuteQuery: [44]DBExecuteError - 42P01: view "varpt_inventoryadjustment_v" does not exist
===========>     (SEVERE)   DB.ExecuteQuery: [44] => 42P01: view "varpt_purchasejrnldetails_v" does not exist
----------->     (WARNING)  DB.ExecuteQuery: [44]DBExecuteError - 42P01: view "varpt_purchasejrnldetails_v" does not exist
===========>     (SEVERE)   DB.ExecuteQuery: [44] => 42P01: view "varpt_stockdet_v" does not exist
----------->     (WARNING)  DB.ExecuteQuery: [44]DBExecuteError - 42P01: view "varpt_stockdet_v" does not exist
===========>     (SEVERE)   DB.ExecuteQuery: [44] => 42P01: view "varpt_customerreturn_v" does not exist
----------->     (WARNING)  DB.ExecuteQuery: [44]DBExecuteError - 42P01: view "varpt_customerreturn_v" does not exist
===========>     (SEVERE)   DB.ExecuteQuery: [44] => 42P01: view "varpt_salesjrnldetails_v" does not exist
----------->     (WARNING)  DB.ExecuteQuery: [44]DBExecuteError - 42P01: view "varpt_salesjrnldetails_v" does not exist
===========>     (SEVERE)   DB.ExecuteQuery: [44] => 42P01: view "varpt_expectedshipment_v" does not exist
----------->     (WARNING)  DB.ExecuteQuery: [44]DBExecuteError - 42P01: view "varpt_expectedshipment_v" does not exist
===========>     (SEVERE)   DB.ExecuteQuery: [44] => 42P01: view "varpt_receiptnotmatched_v" does not exist
----------->     (WARNING)  DB.ExecuteQuery: [44]DBExecuteError - 42P01: view "varpt_receiptnotmatched_v" does not exist
===========>     (SEVERE)   DB.ExecuteQuery: [44] => 42P01: view "varpt_sostatussub_v" does not exist
----------->     (WARNING)  DB.ExecuteQuery: [44]DBExecuteError - 42P01: view "varpt_sostatussub_v" does not exist
===========>     (SEVERE)   DB.ExecuteQuery: [44] => 42P01: view "varpt_salesorderstatus_v" does not exist
----------->     (WARNING)  DB.ExecuteQuery: [44]DBExecuteError - 42P01: view "varpt_salesorderstatus_v" does not exist
===========>     (SEVERE)   DB.ExecuteQuery: [44] => 42P01: view "varpt_prostockdet_v" does not exist
----------->     (WARNING)  DB.ExecuteQuery: [44]DBExecuteError - 42P01: view "varpt_prostockdet_v" does not exist
===========>     (SEVERE)   DB.ExecuteQuery: [44] => 42P01: view "varpt_expectedmaterial_v" does not exist
----------->     (WARNING)  DB.ExecuteQuery: [44]DBExecuteError - 42P01: view "varpt_expectedmaterial_v" does not exist
11:12:06.126    (INFO)     ConvertSQL.ApplyConvertMap: [44]Exception clause needs to be converted: CREATE OR REPLACE FUNCTION public.varpt_convert_uom(v_quantity numeric, v_uom_id integer, v_uom_to_id integer, v_product_id integer) RETURNS numeric LANGUAGE plpgsql STABLE SECURITY DEFINER AS $function$ declare uomconversion cursor (uom integer, to_uom integer)  for select uc.c_uom_id, uc.c_uom_to_id , uc.dividerate , uc.multiplyrate from c_uom_conversion uc where uc.m_product_id = v_product_id and (uc.c_uom_id = uom and uc.c_uom_to_id = to_uom); BEGIN IF (v_uom_id = v_uom_to_id) THEN RETURN v_quantity; END IF; FOR uc IN uomconversion(v_uom_id,v_uom_to_id) LOOP IF(uc.c_uom_id = v_uom_id) THEN RETURN (v_quantity * uc.multiplyrate); ELSE RETURN (v_quantity * uc.dividerate); END IF; END LOOP; RETURN NULL; EXCEPTION WHEN OTHERS THEN RETURN NULL; end $function$ ;
===========>     (SEVERE)   DB.ExecuteQuery: [44] => 42601: syntax error at or near "@"

POSITION: 1
----------->     (WARNING)  DB.ExecuteQuery: [44]DBExecuteError - 42601: syntax error at or near "@"

POSITION: 1
===========>     (SEVERE)   DB.ExecuteQuery: [44] => 42P01: view "varpt_inventoryuseprint_v" does not exist
----------->     (WARNING)  DB.ExecuteQuery: [44]DBExecuteError - 42P01: view "varpt_inventoryuseprint_v" does not exist
===========>     (SEVERE)   DB.ExecuteQuery: [44] => 42P01: view "varpt_inventorycount_v" does not exist
----------->     (WARNING)  DB.ExecuteQuery: [44]DBExecuteError - 42P01: view "varpt_inventorycount_v" does not exist
===========>     (SEVERE)   DB.ExecuteQuery: [44] => 42P07: relation "varpt_t_stockdetailreport" already exists
----------->     (WARNING)  DB.ExecuteQuery: [44]DBExecuteError - 42P07: relation "varpt_t_stockdetailreport" already exists
===========>     (SEVERE)   DB.ExecuteQuery: [44] => 42P01: table "varpt_stockagingreport_t" does not exist
----------->     (WARNING)  DB.ExecuteQuery: [44]DBExecuteError - 42P01: table "varpt_stockagingreport_t" does not exist
===========>     (SEVERE)   DB.ExecuteQuery: [44] => 42P01: table "varpt_stockagingout_t" does not exist
----------->     (WARNING)  DB.ExecuteQuery: [44]DBExecuteError - 42P01: table "varpt_stockagingout_t" does not exist
===========>     (SEVERE)   DB.ExecuteQuery: [44] => 42P01: view "varpt_salesquotationreport_v" does not exist
----------->     (WARNING)  DB.ExecuteQuery: [44]DBExecuteError - 42P01: view "varpt_salesquotationreport_v" does not exist
===========>     (SEVERE)   DB.ExecuteQuery: [44] => 42P01: view "varpt_salesquotationtaxprint_v" does not exist
----------->     (WARNING)  DB.ExecuteQuery: [44]DBExecuteError - 42P01: view "varpt_salesquotationtaxprint_v" does not exist
===========>     (SEVERE)   DB.ExecuteQuery: [44] => 42P01: table "varpt_stockdetailsreport_t" does not exist
----------->     (WARNING)  DB.ExecuteQuery: [44]DBExecuteError - 42P01: table "varpt_stockdetailsreport_t" does not exist
===========>     (SEVERE)   DB.ExecuteQuery: [44] => 42P01: table "varpt_stockdetailsreport_para_t" does not exist
----------->     (WARNING)  DB.ExecuteQuery: [44]DBExecuteError - 42P01: table "varpt_stockdetailsreport_para_t" does not exist
===========>     (SEVERE)   DB.ExecuteQuery: [44] => 42P01: view "varpt_invmovedetailreport_v" does not exist
----------->     (WARNING)  DB.ExecuteQuery: [44]DBExecuteError - 42P01: view "varpt_invmovedetailreport_v" does not exist
===========>     (SEVERE)   DB.ExecuteQuery: [44] => 42P01: view "varpt_assemblytransreport_v" does not exist
----------->     (WARNING)  DB.ExecuteQuery: [44]DBExecuteError - 42P01: view "varpt_assemblytransreport_v" does not exist
===========>     (SEVERE)   DB.ExecuteQuery: [44] => 42P01: view "varpt_purchaselifecycle_v" does not exist
----------->     (WARNING)  DB.ExecuteQuery: [44]DBExecuteError - 42P01: view "varpt_purchaselifecycle_v" does not exist
===========>     (SEVERE)   DB.ExecuteQuery: [44] => 42P01: view "varpt_expectedgrn_v" does not exist
----------->     (WARNING)  DB.ExecuteQuery: [44]DBExecuteError - 42P01: view "varpt_expectedgrn_v" does not exist
===========>     (SEVERE)   DB.ExecuteQuery: [44] => 42P01: view "varpt_openpurchaseord_v" does not exist
----------->     (WARNING)  DB.ExecuteQuery: [44]DBExecuteError - 42P01: view "varpt_openpurchaseord_v" does not exist
===========>     (SEVERE)   DB.ExecuteQuery: [44] => 42P01: view "varpt_purchaseorddetail_v" does not exist
----------->     (WARNING)  DB.ExecuteQuery: [44]DBExecuteError - 42P01: view "varpt_purchaseorddetail_v" does not exist
===========>     (SEVERE)   DB.ExecuteQuery: [44] => 42P01: view "varpt_apinvoicedetail_v" does not exist
----------->     (WARNING)  DB.ExecuteQuery: [44]DBExecuteError - 42P01: view "varpt_apinvoicedetail_v" does not exist
===========>     (SEVERE)   DB.ExecuteQuery: [44] => 42P01: view "varpt_grndetail_v" does not exist
----------->     (WARNING)  DB.ExecuteQuery: [44]DBExecuteError - 42P01: view "varpt_grndetail_v" does not exist
===========>     (SEVERE)   DB.ExecuteQuery: [44] => 42P01: view "varpt_saleslifecycle_v" does not exist
----------->     (WARNING)  DB.ExecuteQuery: [44]DBExecuteError - 42P01: view "varpt_saleslifecycle_v" does not exist
===========>     (SEVERE)   DB.ExecuteQuery: [44] => 42P01: view "varpt_aptaxdetails_v" does not exist
----------->     (WARNING)  DB.ExecuteQuery: [44]DBExecuteError - 42P01: view "varpt_aptaxdetails_v" does not exist
===========>     (SEVERE)   DB.ExecuteQuery: [44] => 42P01: view "varpt_vendorbalancesummary_v" does not exist
----------->     (WARNING)  DB.ExecuteQuery: [44]DBExecuteError - 42P01: view "varpt_vendorbalancesummary_v" does not exist
===========>     (SEVERE)   DB.ExecuteQuery: [44] => 42P01: view "varpt_vendorbalancedetail_v" does not exist
----------->     (WARNING)  DB.ExecuteQuery: [44]DBExecuteError - 42P01: view "varpt_vendorbalancedetail_v" does not exist
===========>     (SEVERE)   DB.ExecuteQuery: [44] => 42P01: view "varpt_vendorledgerrpt_v" does not exist
----------->     (WARNING)  DB.ExecuteQuery: [44]DBExecuteError - 42P01: view "varpt_vendorledgerrpt_v" does not exist
===========>     (SEVERE)   DB.ExecuteQuery: [44] => 42P01: view "varpt_opensales_v" does not exist
----------->     (WARNING)  DB.ExecuteQuery: [44]DBExecuteError - 42P01: view "varpt_opensales_v" does not exist
===========>     (SEVERE)   DB.ExecuteQuery: [44] => 42P01: view "varpt_artaxdetails_v" does not exist
----------->     (WARNING)  DB.ExecuteQuery: [44]DBExecuteError - 42P01: view "varpt_artaxdetails_v" does not exist
===========>     (SEVERE)   DB.ExecuteQuery: [44] => 42P01: view "varpt_opportunitydetail_v" does not exist
----------->     (WARNING)  DB.ExecuteQuery: [44]DBExecuteError - 42P01: view "varpt_opportunitydetail_v" does not exist
===========>     (SEVERE)   DB.ExecuteQuery: [44] => 42P01: view "varpt_deliveryorderdetail_v" does not exist
----------->     (WARNING)  DB.ExecuteQuery: [44]DBExecuteError - 42P01: view "varpt_deliveryorderdetail_v" does not exist
===========>     (SEVERE)   DB.ExecuteQuery: [44] => 42P01: view "varpt_customerledger_v" does not exist
----------->     (WARNING)  DB.ExecuteQuery: [44]DBExecuteError - 42P01: view "varpt_customerledger_v" does not exist
===========>     (SEVERE)   DB.ExecuteQuery: [44] => 42P01: view "varpt_salesquotationdetail_v" does not exist
----------->     (WARNING)  DB.ExecuteQuery: [44]DBExecuteError - 42P01: view "varpt_salesquotationdetail_v" does not exist
===========>     (SEVERE)   DB.ExecuteQuery: [44] => 42P01: view "varpt_arinvoicedetail_v" does not exist
----------->     (WARNING)  DB.ExecuteQuery: [44]DBExecuteError - 42P01: view "varpt_arinvoicedetail_v" does not exist
===========>     (SEVERE)   DB.ExecuteQuery: [44] => 42P01: view "varpt_dunningentryprint_v" does not exist
----------->     (WARNING)  DB.ExecuteQuery: [44]DBExecuteError - 42P01: view "varpt_dunningentryprint_v" does not exist
===========>     (SEVERE)   DB.ExecuteQuery: [44] => 42P01: view "varpt_dunningentrylineprint_v" does not exist
----------->     (WARNING)  DB.ExecuteQuery: [44]DBExecuteError - 42P01: view "varpt_dunningentrylineprint_v" does not exist
===========>     (SEVERE)   DB.ExecuteQuery: [44] => 42P01: view "varpt_dunentrylinepayprint_v" does not exist
----------->     (WARNING)  DB.ExecuteQuery: [44]DBExecuteError - 42P01: view "varpt_dunentrylinepayprint_v" does not exist
11:12:10.121    (INFO)     MChangeLog.FillChangeLog: [44]#10
===========>     (SEVERE)   PostgreHelper.ExecuteDataset: [44]42703: column a.basedon does not exist

POSITION: 183 [Query D] =>SELECT a.*, r.AD_Table_ID 
                       FROM AD_Alert a
                       INNER JOIN AD_AlertRule r ON (a.AD_Alert_ID = r.AD_Alert_ID)
                       WHERE a.BasedOn='E' AND a.IsActive='Y' AND a.IsValid='Y' 
                         AND r.AD_Table_ID = 116
                       AND a.AD_Client_ID=0 AND COALESCE(a.AD_Org_ID,0)=0 ORDER BY a.AD_Client_ID
===========>     (SEVERE)   DB.ExecuteQuery: [44] => VISDBERRORCOLUMN: AD_TABLE_ID,COLUMNNAME
----------->     (WARNING)  DB.ExecuteQuery: [44]DBExecuteError - VISDBERRORCOLUMN: AD_TABLE_ID,COLUMNNAME
===========>     (SEVERE)   DB.ExecuteQuery: [44] => VISDBERRORCOLUMN: AD_TABLE_ID,COLUMNNAME
----------->     (WARNING)  DB.ExecuteQuery: [44]DBExecuteError - VISDBERRORCOLUMN: AD_TABLE_ID,COLUMNNAME
===========>     (SEVERE)   DB.ExecuteQuery: [44] => VISDBERRORCOLUMN: AD_TABLE_ID,COLUMNNAME
----------->     (WARNING)  DB.ExecuteQuery: [44]DBExecuteError - VISDBERRORCOLUMN: AD_TABLE_ID,COLUMNNAME
===========>     (SEVERE)   DB.ExecuteQuery: [44] => VISDBERRORCOLUMN: AD_TABLE_ID,COLUMNNAME
----------->     (WARNING)  DB.ExecuteQuery: [44]DBExecuteError - VISDBERRORCOLUMN: AD_TABLE_ID,COLUMNNAME
===========>     (SEVERE)   DB.ExecuteQuery: [44] => VISDBERRORCOLUMN: AD_TABLE_ID,COLUMNNAME
----------->     (WARNING)  DB.ExecuteQuery: [44]DBExecuteError - VISDBERRORCOLUMN: AD_TABLE_ID,COLUMNNAME
===========>     (SEVERE)   DB.ExecuteQuery: [44] => VISDBERRORCOLUMN: AD_TABLE_ID,COLUMNNAME
----------->     (WARNING)  DB.ExecuteQuery: [44]DBExecuteError - VISDBERRORCOLUMN: AD_TABLE_ID,COLUMNNAME
===========>     (SEVERE)   DB.ExecuteQuery: [44] => VISDBERRORCOLUMN: AD_TABLE_ID,COLUMNNAME
----------->     (WARNING)  DB.ExecuteQuery: [44]DBExecuteError - VISDBERRORCOLUMN: AD_TABLE_ID,COLUMNNAME
===========>     (SEVERE)   DB.ExecuteQuery: [44] => VISDBERRORCOLUMN: AD_TABLE_ID,COLUMNNAME
----------->     (WARNING)  DB.ExecuteQuery: [44]DBExecuteError - VISDBERRORCOLUMN: AD_TABLE_ID,COLUMNNAME
===========>     (SEVERE)   DB.ExecuteQuery: [44] => VISDBERRORCOLUMN: AD_TABLE_ID,COLUMNNAME
----------->     (WARNING)  DB.ExecuteQuery: [44]DBExecuteError - VISDBERRORCOLUMN: AD_TABLE_ID,COLUMNNAME
===========>     (SEVERE)   DB.ExecuteQuery: [44] => 23505: duplicate key value violates unique constraint "ad_window_access_pkey"

DETAIL: Detail redacted as it may contain sensitive data. Specify 'Include Error Detail' in the connection string to include this information.
----------->     (WARNING)  DB.ExecuteQuery: [44]DBExecuteError - 23505: duplicate key value violates unique constraint "ad_window_access_pkey"

DETAIL: Detail redacted as it may contain sensitive data. Specify 'Include Error Detail' in the connection string to include this information.
----------->     (WARNING)  X_AD_Window_Access.AddWindowToMenu: [44]Not insertedAD_Window_Access
===========>     (SEVERE)   DB.ExecuteQuery: [44] => 23505: duplicate key value violates unique constraint "ad_window_access_pkey"

DETAIL: Detail redacted as it may contain sensitive data. Specify 'Include Error Detail' in the connection string to include this information.
----------->     (WARNING)  DB.ExecuteQuery: [44]DBExecuteError - 23505: duplicate key value violates unique constraint "ad_window_access_pkey"

DETAIL: Detail redacted as it may contain sensitive data. Specify 'Include Error Detail' in the connection string to include this information.
----------->     (WARNING)  X_AD_Window_Access.AddWindowToMenu: [44]Not insertedAD_Window_Access
===========>     (SEVERE)   DB.ExecuteQuery: [44] => 23505: duplicate key value violates unique constraint "ad_process_access_pkey"

DETAIL: Detail redacted as it may contain sensitive data. Specify 'Include Error Detail' in the connection string to include this information.
----------->     (WARNING)  DB.ExecuteQuery: [44]DBExecuteError - 23505: duplicate key value violates unique constraint "ad_process_access_pkey"

DETAIL: Detail redacted as it may contain sensitive data. Specify 'Include Error Detail' in the connection string to include this information.
----------->     (WARNING)  X_AD_Process_Access.ImportNow: [44]Not insertedAD_Process_Access
===========>     (SEVERE)   DB.ExecuteQuery: [44] => 23505: duplicate key value violates unique constraint "ad_process_access_pkey"

DETAIL: Detail redacted as it may contain sensitive data. Specify 'Include Error Detail' in the connection string to include this information.
----------->     (WARNING)  DB.ExecuteQuery: [44]DBExecuteError - 23505: duplicate key value violates unique constraint "ad_process_access_pkey"

DETAIL: Detail redacted as it may contain sensitive data. Specify 'Include Error Detail' in the connection string to include this information.
----------->     (WARNING)  X_AD_Process_Access.ImportNow: [44]Not insertedAD_Process_Access
===========>     (SEVERE)   DB.ExecuteQuery: [44] => 23505: duplicate key value violates unique constraint "gridlayoutitempanel_unique"

DETAIL: Detail redacted as it may contain sensitive data. Specify 'Include Error Detail' in the connection string to include this information.
----------->     (WARNING)  DB.ExecuteQuery: [44]DBExecuteError - 23505: duplicate key value violates unique constraint "gridlayoutitempanel_unique"

DETAIL: Detail redacted as it may contain sensitive data. Specify 'Include Error Detail' in the connection string to include this information.
===========>     (SEVERE)   DB.ExecuteQuery: [44] => 23505: duplicate key value violates unique constraint "gridlayoutitempanel_unique"

DETAIL: Detail redacted as it may contain sensitive data. Specify 'Include Error Detail' in the connection string to include this information.
----------->     (WARNING)  DB.ExecuteQuery: [44]DBExecuteError - 23505: duplicate key value violates unique constraint "gridlayoutitempanel_unique"

DETAIL: Detail redacted as it may contain sensitive data. Specify 'Include Error Detail' in the connection string to include this information.
===========>     (SEVERE)   DB.ExecuteQuery: [44] => 23505: duplicate key value violates unique constraint "gridlayout_unique"

DETAIL: Detail redacted as it may contain sensitive data. Specify 'Include Error Detail' in the connection string to include this information.
----------->     (WARNING)  DB.ExecuteQuery: [44]DBExecuteError - 23505: duplicate key value violates unique constraint "gridlayout_unique"

DETAIL: Detail redacted as it may contain sensitive data. Specify 'Include Error Detail' in the connection string to include this information.
===========>     (SEVERE)   DB.ExecuteQuery: [44] => 23503: insert or update on table "ad_gridlayoutitems" violates foreign key constraint "fk1000753_1018761"

DETAIL: Detail redacted as it may contain sensitive data. Specify 'Include Error Detail' in the connection string to include this information.
----------->     (WARNING)  DB.ExecuteQuery: [44]DBExecuteError - 23503: insert or update on table "ad_gridlayoutitems" violates foreign key constraint "fk1000753_1018761"

DETAIL: Detail redacted as it may contain sensitive data. Specify 'Include Error Detail' in the connection string to include this information.
===========>     (SEVERE)   DB.ExecuteQuery: [44] => 23503: insert or update on table "ad_gridlayoutitems" violates foreign key constraint "fk1000753_1018761"

DETAIL: Detail redacted as it may contain sensitive data. Specify 'Include Error Detail' in the connection string to include this information.
----------->     (WARNING)  DB.ExecuteQuery: [44]DBExecuteError - 23503: insert or update on table "ad_gridlayoutitems" violates foreign key constraint "fk1000753_1018761"

DETAIL: Detail redacted as it may contain sensitive data. Specify 'Include Error Detail' in the connection string to include this information.
===========>     (SEVERE)   DB.ExecuteQuery: [44] => 23503: insert or update on table "ad_cardview" violates foreign key constraint "fk1000565_1014191"

DETAIL: Detail redacted as it may contain sensitive data. Specify 'Include Error Detail' in the connection string to include this information.
----------->     (WARNING)  DB.ExecuteQuery: [44]DBExecuteError - 23503: insert or update on table "ad_cardview" violates foreign key constraint "fk1000565_1014191"

DETAIL: Detail redacted as it may contain sensitive data. Specify 'Include Error Detail' in the connection string to include this information.
===========>     (SEVERE)   DB.ExecuteQuery: [44] => 23503: insert or update on table "ad_cardview_condition" violates foreign key constraint "fk1000566_1014205"

DETAIL: Detail redacted as it may contain sensitive data. Specify 'Include Error Detail' in the connection string to include this information.
----------->     (WARNING)  DB.ExecuteQuery: [44]DBExecuteError - 23503: insert or update on table "ad_cardview_condition" violates foreign key constraint "fk1000566_1014205"

DETAIL: Detail redacted as it may contain sensitive data. Specify 'Include Error Detail' in the connection string to include this information.
===========>     (SEVERE)   DB.ExecuteQuery: [44] => 23503: insert or update on table "ad_cardview_condition" violates foreign key constraint "fk1000566_1014205"

DETAIL: Detail redacted as it may contain sensitive data. Specify 'Include Error Detail' in the connection string to include this information.
----------->     (WARNING)  DB.ExecuteQuery: [44]DBExecuteError - 23503: insert or update on table "ad_cardview_condition" violates foreign key constraint "fk1000566_1014205"

DETAIL: Detail redacted as it may contain sensitive data. Specify 'Include Error Detail' in the connection string to include this information.
===========>     (SEVERE)   DB.ExecuteQuery: [44] => 23503: insert or update on table "ad_cardview_condition" violates foreign key constraint "fk1000566_1014205"

DETAIL: Detail redacted as it may contain sensitive data. Specify 'Include Error Detail' in the connection string to include this information.
----------->     (WARNING)  DB.ExecuteQuery: [44]DBExecuteError - 23503: insert or update on table "ad_cardview_condition" violates foreign key constraint "fk1000566_1014205"

DETAIL: Detail redacted as it may contain sensitive data. Specify 'Include Error Detail' in the connection string to include this information.
===========>     (SEVERE)   DB.ExecuteQuery: [44] => 23503: insert or update on table "ad_cardview_condition" violates foreign key constraint "fk1000566_1014205"

DETAIL: Detail redacted as it may contain sensitive data. Specify 'Include Error Detail' in the connection string to include this information.
----------->     (WARNING)  DB.ExecuteQuery: [44]DBExecuteError - 23503: insert or update on table "ad_cardview_condition" violates foreign key constraint "fk1000566_1014205"

DETAIL: Detail redacted as it may contain sensitive data. Specify 'Include Error Detail' in the connection string to include this information.
===========>     (SEVERE)   DB.ExecuteQuery: [44] => 23505: duplicate key value violates unique constraint "ad_process_access_pkey"

DETAIL: Detail redacted as it may contain sensitive data. Specify 'Include Error Detail' in the connection string to include this information.
----------->     (WARNING)  DB.ExecuteQuery: [44]DBExecuteError - 23505: duplicate key value violates unique constraint "ad_process_access_pkey"

DETAIL: Detail redacted as it may contain sensitive data. Specify 'Include Error Detail' in the connection string to include this information.
----------->     (WARNING)  X_AD_Process_Access.AddWindowToMenu: [44]Not insertedAD_Process_Access
===========>     (SEVERE)   DB.ExecuteQuery: [44] => 23505: duplicate key value violates unique constraint "ad_process_access_pkey"

DETAIL: Detail redacted as it may contain sensitive data. Specify 'Include Error Detail' in the connection string to include this information.
----------->     (WARNING)  DB.ExecuteQuery: [44]DBExecuteError - 23505: duplicate key value violates unique constraint "ad_process_access_pkey"

DETAIL: Detail redacted as it may contain sensitive data. Specify 'Include Error Detail' in the connection string to include this information.
----------->     (WARNING)  X_AD_Process_Access.AddWindowToMenu: [44]Not insertedAD_Process_Access
===========>     (SEVERE)   DB.ExecuteQuery: [44] => 23505: duplicate key value violates unique constraint "ad_process_access_pkey"

DETAIL: Detail redacted as it may contain sensitive data. Specify 'Include Error Detail' in the connection string to include this information.
----------->     (WARNING)  DB.ExecuteQuery: [44]DBExecuteError - 23505: duplicate key value violates unique constraint "ad_process_access_pkey"

DETAIL: Detail redacted as it may contain sensitive data. Specify 'Include Error Detail' in the connection string to include this information.
----------->     (WARNING)  X_AD_Process_Access.AddWindowToMenu: [44]Not insertedAD_Process_Access
===========>     (SEVERE)   DB.ExecuteQuery: [44] => 23505: duplicate key value violates unique constraint "ad_process_access_pkey"

DETAIL: Detail redacted as it may contain sensitive data. Specify 'Include Error Detail' in the connection string to include this information.
----------->     (WARNING)  DB.ExecuteQuery: [44]DBExecuteError - 23505: duplicate key value violates unique constraint "ad_process_access_pkey"

DETAIL: Detail redacted as it may contain sensitive data. Specify 'Include Error Detail' in the connection string to include this information.
----------->     (WARNING)  X_AD_Process_Access.AddWindowToMenu: [44]Not insertedAD_Process_Access
===========>     (SEVERE)   DB.ExecuteQuery: [44] => 23505: duplicate key value violates unique constraint "ad_process_access_pkey"

DETAIL: Detail redacted as it may contain sensitive data. Specify 'Include Error Detail' in the connection string to include this information.
----------->     (WARNING)  DB.ExecuteQuery: [44]DBExecuteError - 23505: duplicate key value violates unique constraint "ad_process_access_pkey"

DETAIL: Detail redacted as it may contain sensitive data. Specify 'Include Error Detail' in the connection string to include this information.
----------->     (WARNING)  X_AD_Process_Access.AddWindowToMenu: [44]Not insertedAD_Process_Access
===========>     (SEVERE)   DB.ExecuteQuery: [44] => 23505: duplicate key value violates unique constraint "ad_process_access_pkey"

DETAIL: Detail redacted as it may contain sensitive data. Specify 'Include Error Detail' in the connection string to include this information.
----------->     (WARNING)  DB.ExecuteQuery: [44]DBExecuteError - 23505: duplicate key value violates unique constraint "ad_process_access_pkey"

DETAIL: Detail redacted as it may contain sensitive data. Specify 'Include Error Detail' in the connection string to include this information.
----------->     (WARNING)  X_AD_Process_Access.AddWindowToMenu: [44]Not insertedAD_Process_Access
===========>     (SEVERE)   DB.ExecuteQuery: [44] => 23505: duplicate key value violates unique constraint "ad_process_access_pkey"

DETAIL: Detail redacted as it may contain sensitive data. Specify 'Include Error Detail' in the connection string to include this information.
----------->     (WARNING)  DB.ExecuteQuery: [44]DBExecuteError - 23505: duplicate key value violates unique constraint "ad_process_access_pkey"

DETAIL: Detail redacted as it may contain sensitive data. Specify 'Include Error Detail' in the connection string to include this information.
----------->     (WARNING)  X_AD_Process_Access.AddWindowToMenu: [44]Not insertedAD_Process_Access
===========>     (SEVERE)   DB.ExecuteQuery: [44] => 23505: duplicate key value violates unique constraint "ad_process_access_pkey"

DETAIL: Detail redacted as it may contain sensitive data. Specify 'Include Error Detail' in the connection string to include this information.
----------->     (WARNING)  DB.ExecuteQuery: [44]DBExecuteError - 23505: duplicate key value violates unique constraint "ad_process_access_pkey"

DETAIL: Detail redacted as it may contain sensitive data. Specify 'Include Error Detail' in the connection string to include this information.
----------->     (WARNING)  X_AD_Process_Access.AddWindowToMenu: [44]Not insertedAD_Process_Access
===========>     (SEVERE)   DB.ExecuteQuery: [44] => 42P01: relation "ad_valuepreference" does not exist

POSITION: 13
----------->     (WARNING)  DB.ExecuteQuery: [44]DBExecuteError - 42P01: relation "ad_valuepreference" does not exist

POSITION: 13
===========>     (SEVERE)   DB.ExecuteQuery: [44] => 23505: duplicate key value violates unique constraint "ad_process_access_pkey"

DETAIL: Detail redacted as it may contain sensitive data. Specify 'Include Error Detail' in the connection string to include this information.
----------->     (WARNING)  DB.ExecuteQuery: [44]DBExecuteError - 23505: duplicate key value violates unique constraint "ad_process_access_pkey"

DETAIL: Detail redacted as it may contain sensitive data. Specify 'Include Error Detail' in the connection string to include this information.
----------->     (WARNING)  X_AD_Process_Access.AddWindowToMenu: [44]Not insertedAD_Process_Access
===========>     (SEVERE)   DB.ExecuteQuery: [44] => 23505: duplicate key value violates unique constraint "ad_process_access_pkey"

DETAIL: Detail redacted as it may contain sensitive data. Specify 'Include Error Detail' in the connection string to include this information.
----------->     (WARNING)  DB.ExecuteQuery: [44]DBExecuteError - 23505: duplicate key value violates unique constraint "ad_process_access_pkey"

DETAIL: Detail redacted as it may contain sensitive data. Specify 'Include Error Detail' in the connection string to include this information.
----------->     (WARNING)  X_AD_Process_Access.AddWindowToMenu: [44]Not insertedAD_Process_Access
===========>     (SEVERE)   DB.ExecuteQuery: [44] => 42P01: relation "ad_valuepreference" does not exist

POSITION: 13
----------->     (WARNING)  DB.ExecuteQuery: [44]DBExecuteError - 42P01: relation "ad_valuepreference" does not exist

POSITION: 13
===========>     (SEVERE)   DB.ExecuteQuery: [44] => 23505: duplicate key value violates unique constraint "ad_process_access_pkey"

DETAIL: Detail redacted as it may contain sensitive data. Specify 'Include Error Detail' in the connection string to include this information.
----------->     (WARNING)  DB.ExecuteQuery: [44]DBExecuteError - 23505: duplicate key value violates unique constraint "ad_process_access_pkey"

DETAIL: Detail redacted as it may contain sensitive data. Specify 'Include Error Detail' in the connection string to include this information.
----------->     (WARNING)  X_AD_Process_Access.AddWindowToMenu: [44]Not insertedAD_Process_Access
===========>     (SEVERE)   DB.ExecuteQuery: [44] => 23505: duplicate key value violates unique constraint "ad_process_access_pkey"

DETAIL: Detail redacted as it may contain sensitive data. Specify 'Include Error Detail' in the connection string to include this information.
----------->     (WARNING)  DB.ExecuteQuery: [44]DBExecuteError - 23505: duplicate key value violates unique constraint "ad_process_access_pkey"

DETAIL: Detail redacted as it may contain sensitive data. Specify 'Include Error Detail' in the connection string to include this information.
----------->     (WARNING)  X_AD_Process_Access.AddWindowToMenu: [44]Not insertedAD_Process_Access
===========>     (SEVERE)   DB.ExecuteQuery: [44] => 23505: duplicate key value violates unique constraint "ad_process_access_pkey"

DETAIL: Detail redacted as it may contain sensitive data. Specify 'Include Error Detail' in the connection string to include this information.
----------->     (WARNING)  DB.ExecuteQuery: [44]DBExecuteError - 23505: duplicate key value violates unique constraint "ad_process_access_pkey"

DETAIL: Detail redacted as it may contain sensitive data. Specify 'Include Error Detail' in the connection string to include this information.
----------->     (WARNING)  X_AD_Process_Access.AddWindowToMenu: [44]Not insertedAD_Process_Access
===========>     (SEVERE)   DB.ExecuteQuery: [44] => 23505: duplicate key value violates unique constraint "ad_process_access_pkey"

DETAIL: Detail redacted as it may contain sensitive data. Specify 'Include Error Detail' in the connection string to include this information.
----------->     (WARNING)  DB.ExecuteQuery: [44]DBExecuteError - 23505: duplicate key value violates unique constraint "ad_process_access_pkey"

DETAIL: Detail redacted as it may contain sensitive data. Specify 'Include Error Detail' in the connection string to include this information.
----------->     (WARNING)  X_AD_Process_Access.AddWindowToMenu: [44]Not insertedAD_Process_Access
===========>     (SEVERE)   DB.ExecuteQuery: [44] => 23505: duplicate key value violates unique constraint "ad_process_access_pkey"

DETAIL: Detail redacted as it may contain sensitive data. Specify 'Include Error Detail' in the connection string to include this information.
----------->     (WARNING)  DB.ExecuteQuery: [44]DBExecuteError - 23505: duplicate key value violates unique constraint "ad_process_access_pkey"

DETAIL: Detail redacted as it may contain sensitive data. Specify 'Include Error Detail' in the connection string to include this information.
----------->     (WARNING)  X_AD_Process_Access.AddWindowToMenu: [44]Not insertedAD_Process_Access
===========>     (SEVERE)   DB.ExecuteQuery: [44] => 23505: duplicate key value violates unique constraint "ad_process_access_pkey"

DETAIL: Detail redacted as it may contain sensitive data. Specify 'Include Error Detail' in the connection string to include this information.
----------->     (WARNING)  DB.ExecuteQuery: [44]DBExecuteError - 23505: duplicate key value violates unique constraint "ad_process_access_pkey"

DETAIL: Detail redacted as it may contain sensitive data. Specify 'Include Error Detail' in the connection string to include this information.
----------->     (WARNING)  X_AD_Process_Access.AddWindowToMenu: [44]Not insertedAD_Process_Access
===========>     (SEVERE)   DB.ExecuteQuery: [44] => 23505: duplicate key value violates unique constraint "ad_process_access_pkey"

DETAIL: Detail redacted as it may contain sensitive data. Specify 'Include Error Detail' in the connection string to include this information.
----------->     (WARNING)  DB.ExecuteQuery: [44]DBExecuteError - 23505: duplicate key value violates unique constraint "ad_process_access_pkey"

DETAIL: Detail redacted as it may contain sensitive data. Specify 'Include Error Detail' in the connection string to include this information.
----------->     (WARNING)  X_AD_Process_Access.AddWindowToMenu: [44]Not insertedAD_Process_Access
===========>     (SEVERE)   DB.ExecuteQuery: [44] => 23505: duplicate key value violates unique constraint "ad_process_access_pkey"

DETAIL: Detail redacted as it may contain sensitive data. Specify 'Include Error Detail' in the connection string to include this information.
----------->     (WARNING)  DB.ExecuteQuery: [44]DBExecuteError - 23505: duplicate key value violates unique constraint "ad_process_access_pkey"

DETAIL: Detail redacted as it may contain sensitive data. Specify 'Include Error Detail' in the connection string to include this information.
----------->     (WARNING)  X_AD_Process_Access.AddWindowToMenu: [44]Not insertedAD_Process_Access
===========>     (SEVERE)   DB.ExecuteQuery: [44] => 23505: duplicate key value violates unique constraint "ad_process_access_pkey"

DETAIL: Detail redacted as it may contain sensitive data. Specify 'Include Error Detail' in the connection string to include this information.
----------->     (WARNING)  DB.ExecuteQuery: [44]DBExecuteError - 23505: duplicate key value violates unique constraint "ad_process_access_pkey"

DETAIL: Detail redacted as it may contain sensitive data. Specify 'Include Error Detail' in the connection string to include this information.
----------->     (WARNING)  X_AD_Process_Access.AddWindowToMenu: [44]Not insertedAD_Process_Access
===========>     (SEVERE)   DB.ExecuteQuery: [44] => 23505: duplicate key value violates unique constraint "ad_process_access_pkey"

DETAIL: Detail redacted as it may contain sensitive data. Specify 'Include Error Detail' in the connection string to include this information.
----------->     (WARNING)  DB.ExecuteQuery: [44]DBExecuteError - 23505: duplicate key value violates unique constraint "ad_process_access_pkey"

DETAIL: Detail redacted as it may contain sensitive data. Specify 'Include Error Detail' in the connection string to include this information.
----------->     (WARNING)  X_AD_Process_Access.AddWindowToMenu: [44]Not insertedAD_Process_Access
===========>     (SEVERE)   DB.ExecuteQuery: [44] => 23505: duplicate key value violates unique constraint "ad_process_access_pkey"

DETAIL: Detail redacted as it may contain sensitive data. Specify 'Include Error Detail' in the connection string to include this information.
----------->     (WARNING)  DB.ExecuteQuery: [44]DBExecuteError - 23505: duplicate key value violates unique constraint "ad_process_access_pkey"

DETAIL: Detail redacted as it may contain sensitive data. Specify 'Include Error Detail' in the connection string to include this information.
----------->     (WARNING)  X_AD_Process_Access.AddWindowToMenu: [44]Not insertedAD_Process_Access
===========>     (SEVERE)   DB.ExecuteQuery: [44] => 23505: duplicate key value violates unique constraint "ad_process_access_pkey"

DETAIL: Detail redacted as it may contain sensitive data. Specify 'Include Error Detail' in the connection string to include this information.
----------->     (WARNING)  DB.ExecuteQuery: [44]DBExecuteError - 23505: duplicate key value violates unique constraint "ad_process_access_pkey"

DETAIL: Detail redacted as it may contain sensitive data. Specify 'Include Error Detail' in the connection string to include this information.
----------->     (WARNING)  X_AD_Process_Access.AddWindowToMenu: [44]Not insertedAD_Process_Access
===========>     (SEVERE)   DB.ExecuteQuery: [44] => 23505: duplicate key value violates unique constraint "ad_process_access_pkey"

DETAIL: Detail redacted as it may contain sensitive data. Specify 'Include Error Detail' in the connection string to include this information.
----------->     (WARNING)  DB.ExecuteQuery: [44]DBExecuteError - 23505: duplicate key value violates unique constraint "ad_process_access_pkey"

DETAIL: Detail redacted as it may contain sensitive data. Specify 'Include Error Detail' in the connection string to include this information.
----------->     (WARNING)  X_AD_Process_Access.AddWindowToMenu: [44]Not insertedAD_Process_Access
===========>     (SEVERE)   DB.ExecuteQuery: [44] => 23505: duplicate key value violates unique constraint "ad_process_access_pkey"

DETAIL: Detail redacted as it may contain sensitive data. Specify 'Include Error Detail' in the connection string to include this information.
----------->     (WARNING)  DB.ExecuteQuery: [44]DBExecuteError - 23505: duplicate key value violates unique constraint "ad_process_access_pkey"

DETAIL: Detail redacted as it may contain sensitive data. Specify 'Include Error Detail' in the connection string to include this information.
----------->     (WARNING)  X_AD_Process_Access.AddWindowToMenu: [44]Not insertedAD_Process_Access
===========>     (SEVERE)   DB.ExecuteQuery: [44] => 42P01: relation "ad_valuepreference" does not exist

POSITION: 13
----------->     (WARNING)  DB.ExecuteQuery: [44]DBExecuteError - 42P01: relation "ad_valuepreference" does not exist

POSITION: 13
===========>     (SEVERE)   DB.ExecuteQuery: [44] => 23505: duplicate key value violates unique constraint "ad_process_access_pkey"

DETAIL: Detail redacted as it may contain sensitive data. Specify 'Include Error Detail' in the connection string to include this information.
----------->     (WARNING)  DB.ExecuteQuery: [44]DBExecuteError - 23505: duplicate key value violates unique constraint "ad_process_access_pkey"

DETAIL: Detail redacted as it may contain sensitive data. Specify 'Include Error Detail' in the connection string to include this information.
----------->     (WARNING)  X_AD_Process_Access.AddWindowToMenu: [44]Not insertedAD_Process_Access
===========>     (SEVERE)   DB.ExecuteQuery: [44] => 23505: duplicate key value violates unique constraint "ad_process_access_pkey"

DETAIL: Detail redacted as it may contain sensitive data. Specify 'Include Error Detail' in the connection string to include this information.
----------->     (WARNING)  DB.ExecuteQuery: [44]DBExecuteError - 23505: duplicate key value violates unique constraint "ad_process_access_pkey"

DETAIL: Detail redacted as it may contain sensitive data. Specify 'Include Error Detail' in the connection string to include this information.
----------->     (WARNING)  X_AD_Process_Access.AddWindowToMenu: [44]Not insertedAD_Process_Access
===========>     (SEVERE)   DB.ExecuteQuery: [44] => 23505: duplicate key value violates unique constraint "ad_process_access_pkey"

DETAIL: Detail redacted as it may contain sensitive data. Specify 'Include Error Detail' in the connection string to include this information.
----------->     (WARNING)  DB.ExecuteQuery: [44]DBExecuteError - 23505: duplicate key value violates unique constraint "ad_process_access_pkey"

DETAIL: Detail redacted as it may contain sensitive data. Specify 'Include Error Detail' in the connection string to include this information.
----------->     (WARNING)  X_AD_Process_Access.ImportNow: [44]Not insertedAD_Process_Access
===========>     (SEVERE)   DB.ExecuteQuery: [44] => 23505: duplicate key value violates unique constraint "ad_process_access_pkey"

DETAIL: Detail redacted as it may contain sensitive data. Specify 'Include Error Detail' in the connection string to include this information.
----------->     (WARNING)  DB.ExecuteQuery: [44]DBExecuteError - 23505: duplicate key value violates unique constraint "ad_process_access_pkey"

DETAIL: Detail redacted as it may contain sensitive data. Specify 'Include Error Detail' in the connection string to include this information.
----------->     (WARNING)  X_AD_Process_Access.ImportNow: [44]Not insertedAD_Process_Access
===========>     (SEVERE)   DB.ExecuteQuery: [44] => 23505: duplicate key value violates unique constraint "ad_process_access_pkey"

DETAIL: Detail redacted as it may contain sensitive data. Specify 'Include Error Detail' in the connection string to include this information.
----------->     (WARNING)  DB.ExecuteQuery: [44]DBExecuteError - 23505: duplicate key value violates unique constraint "ad_process_access_pkey"

DETAIL: Detail redacted as it may contain sensitive data. Specify 'Include Error Detail' in the connection string to include this information.
----------->     (WARNING)  X_AD_Process_Access.AddWindowToMenu: [44]Not insertedAD_Process_Access
===========>     (SEVERE)   DB.ExecuteQuery: [44] => 23505: duplicate key value violates unique constraint "ad_process_access_pkey"

DETAIL: Detail redacted as it may contain sensitive data. Specify 'Include Error Detail' in the connection string to include this information.
----------->     (WARNING)  DB.ExecuteQuery: [44]DBExecuteError - 23505: duplicate key value violates unique constraint "ad_process_access_pkey"

DETAIL: Detail redacted as it may contain sensitive data. Specify 'Include Error Detail' in the connection string to include this information.
----------->     (WARNING)  X_AD_Process_Access.AddWindowToMenu: [44]Not insertedAD_Process_Access
===========>     (SEVERE)   DB.ExecuteQuery: [44] => 23505: duplicate key value violates unique constraint "ad_process_access_pkey"

DETAIL: Detail redacted as it may contain sensitive data. Specify 'Include Error Detail' in the connection string to include this information.
----------->     (WARNING)  DB.ExecuteQuery: [44]DBExecuteError - 23505: duplicate key value violates unique constraint "ad_process_access_pkey"

DETAIL: Detail redacted as it may contain sensitive data. Specify 'Include Error Detail' in the connection string to include this information.
----------->     (WARNING)  X_AD_Process_Access.ImportNow: [44]Not insertedAD_Process_Access
===========>     (SEVERE)   DB.ExecuteQuery: [44] => 23505: duplicate key value violates unique constraint "ad_process_access_pkey"

DETAIL: Detail redacted as it may contain sensitive data. Specify 'Include Error Detail' in the connection string to include this information.
----------->     (WARNING)  DB.ExecuteQuery: [44]DBExecuteError - 23505: duplicate key value violates unique constraint "ad_process_access_pkey"

DETAIL: Detail redacted as it may contain sensitive data. Specify 'Include Error Detail' in the connection string to include this information.
----------->     (WARNING)  X_AD_Process_Access.ImportNow: [44]Not insertedAD_Process_Access
===========>     (SEVERE)   DB.ExecuteQuery: [44] => 23505: duplicate key value violates unique constraint "ad_process_access_pkey"

DETAIL: Detail redacted as it may contain sensitive data. Specify 'Include Error Detail' in the connection string to include this information.
----------->     (WARNING)  DB.ExecuteQuery: [44]DBExecuteError - 23505: duplicate key value violates unique constraint "ad_process_access_pkey"

DETAIL: Detail redacted as it may contain sensitive data. Specify 'Include Error Detail' in the connection string to include this information.
----------->     (WARNING)  X_AD_Process_Access.AddWindowToMenu: [44]Not insertedAD_Process_Access
===========>     (SEVERE)   DB.ExecuteQuery: [44] => 23505: duplicate key value violates unique constraint "ad_process_access_pkey"

DETAIL: Detail redacted as it may contain sensitive data. Specify 'Include Error Detail' in the connection string to include this information.
----------->     (WARNING)  DB.ExecuteQuery: [44]DBExecuteError - 23505: duplicate key value violates unique constraint "ad_process_access_pkey"

DETAIL: Detail redacted as it may contain sensitive data. Specify 'Include Error Detail' in the connection string to include this information.
----------->     (WARNING)  X_AD_Process_Access.AddWindowToMenu: [44]Not insertedAD_Process_Access
===========>     (SEVERE)   DB.ExecuteQuery: [44] => 23505: duplicate key value violates unique constraint "ad_process_access_pkey"

DETAIL: Detail redacted as it may contain sensitive data. Specify 'Include Error Detail' in the connection string to include this information.
----------->     (WARNING)  DB.ExecuteQuery: [44]DBExecuteError - 23505: duplicate key value violates unique constraint "ad_process_access_pkey"

DETAIL: Detail redacted as it may contain sensitive data. Specify 'Include Error Detail' in the connection string to include this information.
----------->     (WARNING)  X_AD_Process_Access.AddWindowToMenu: [44]Not insertedAD_Process_Access
===========>     (SEVERE)   DB.ExecuteQuery: [44] => 23505: duplicate key value violates unique constraint "ad_process_access_pkey"

DETAIL: Detail redacted as it may contain sensitive data. Specify 'Include Error Detail' in the connection string to include this information.
----------->     (WARNING)  DB.ExecuteQuery: [44]DBExecuteError - 23505: duplicate key value violates unique constraint "ad_process_access_pkey"

DETAIL: Detail redacted as it may contain sensitive data. Specify 'Include Error Detail' in the connection string to include this information.
----------->     (WARNING)  X_AD_Process_Access.AddWindowToMenu: [44]Not insertedAD_Process_Access
===========>     (SEVERE)   DB.ExecuteQuery: [44] => 23505: duplicate key value violates unique constraint "ad_process_access_pkey"

DETAIL: Detail redacted as it may contain sensitive data. Specify 'Include Error Detail' in the connection string to include this information.
----------->     (WARNING)  DB.ExecuteQuery: [44]DBExecuteError - 23505: duplicate key value violates unique constraint "ad_process_access_pkey"

DETAIL: Detail redacted as it may contain sensitive data. Specify 'Include Error Detail' in the connection string to include this information.
----------->     (WARNING)  X_AD_Process_Access.AddWindowToMenu: [44]Not insertedAD_Process_Access
===========>     (SEVERE)   DB.ExecuteQuery: [44] => 23505: duplicate key value violates unique constraint "ad_process_access_pkey"

DETAIL: Detail redacted as it may contain sensitive data. Specify 'Include Error Detail' in the connection string to include this information.
----------->     (WARNING)  DB.ExecuteQuery: [44]DBExecuteError - 23505: duplicate key value violates unique constraint "ad_process_access_pkey"

DETAIL: Detail redacted as it may contain sensitive data. Specify 'Include Error Detail' in the connection string to include this information.
----------->     (WARNING)  X_AD_Process_Access.AddWindowToMenu: [44]Not insertedAD_Process_Access
===========>     (SEVERE)   DB.ExecuteQuery: [44] => 23505: duplicate key value violates unique constraint "ad_process_access_pkey"

DETAIL: Detail redacted as it may contain sensitive data. Specify 'Include Error Detail' in the connection string to include this information.
----------->     (WARNING)  DB.ExecuteQuery: [44]DBExecuteError - 23505: duplicate key value violates unique constraint "ad_process_access_pkey"

DETAIL: Detail redacted as it may contain sensitive data. Specify 'Include Error Detail' in the connection string to include this information.
----------->     (WARNING)  X_AD_Process_Access.AddWindowToMenu: [44]Not insertedAD_Process_Access
===========>     (SEVERE)   DB.ExecuteQuery: [44] => 23505: duplicate key value violates unique constraint "ad_process_access_pkey"

DETAIL: Detail redacted as it may contain sensitive data. Specify 'Include Error Detail' in the connection string to include this information.
----------->     (WARNING)  DB.ExecuteQuery: [44]DBExecuteError - 23505: duplicate key value violates unique constraint "ad_process_access_pkey"

DETAIL: Detail redacted as it may contain sensitive data. Specify 'Include Error Detail' in the connection string to include this information.
----------->     (WARNING)  X_AD_Process_Access.AddWindowToMenu: [44]Not insertedAD_Process_Access
===========>     (SEVERE)   DB.ExecuteQuery: [44] => 23505: duplicate key value violates unique constraint "ad_process_access_pkey"

DETAIL: Detail redacted as it may contain sensitive data. Specify 'Include Error Detail' in the connection string to include this information.
----------->     (WARNING)  DB.ExecuteQuery: [44]DBExecuteError - 23505: duplicate key value violates unique constraint "ad_process_access_pkey"

DETAIL: Detail redacted as it may contain sensitive data. Specify 'Include Error Detail' in the connection string to include this information.
----------->     (WARNING)  X_AD_Process_Access.AddWindowToMenu: [44]Not insertedAD_Process_Access
===========>     (SEVERE)   DB.ExecuteQuery: [44] => 23505: duplicate key value violates unique constraint "ad_process_access_pkey"

DETAIL: Detail redacted as it may contain sensitive data. Specify 'Include Error Detail' in the connection string to include this information.
----------->     (WARNING)  DB.ExecuteQuery: [44]DBExecuteError - 23505: duplicate key value violates unique constraint "ad_process_access_pkey"

DETAIL: Detail redacted as it may contain sensitive data. Specify 'Include Error Detail' in the connection string to include this information.
----------->     (WARNING)  X_AD_Process_Access.AddWindowToMenu: [44]Not insertedAD_Process_Access
===========>     (SEVERE)   DB.ExecuteQuery: [44] => 23505: duplicate key value violates unique constraint "ad_process_access_pkey"

DETAIL: Detail redacted as it may contain sensitive data. Specify 'Include Error Detail' in the connection string to include this information.
----------->     (WARNING)  DB.ExecuteQuery: [44]DBExecuteError - 23505: duplicate key value violates unique constraint "ad_process_access_pkey"

DETAIL: Detail redacted as it may contain sensitive data. Specify 'Include Error Detail' in the connection string to include this information.
----------->     (WARNING)  X_AD_Process_Access.AddWindowToMenu: [44]Not insertedAD_Process_Access
===========>     (SEVERE)   DB.ExecuteQuery: [44] => 23505: duplicate key value violates unique constraint "ad_process_access_pkey"

DETAIL: Detail redacted as it may contain sensitive data. Specify 'Include Error Detail' in the connection string to include this information.
----------->     (WARNING)  DB.ExecuteQuery: [44]DBExecuteError - 23505: duplicate key value violates unique constraint "ad_process_access_pkey"

DETAIL: Detail redacted as it may contain sensitive data. Specify 'Include Error Detail' in the connection string to include this information.
----------->     (WARNING)  X_AD_Process_Access.AddWindowToMenu: [44]Not insertedAD_Process_Access
===========>     (SEVERE)   DB.ExecuteQuery: [44] => 23505: duplicate key value violates unique constraint "ad_process_access_pkey"

DETAIL: Detail redacted as it may contain sensitive data. Specify 'Include Error Detail' in the connection string to include this information.
----------->     (WARNING)  DB.ExecuteQuery: [44]DBExecuteError - 23505: duplicate key value violates unique constraint "ad_process_access_pkey"

DETAIL: Detail redacted as it may contain sensitive data. Specify 'Include Error Detail' in the connection string to include this information.
----------->     (WARNING)  X_AD_Process_Access.AddWindowToMenu: [44]Not insertedAD_Process_Access
===========>     (SEVERE)   DB.ExecuteQuery: [44] => 23505: duplicate key value violates unique constraint "ad_process_access_pkey"

DETAIL: Detail redacted as it may contain sensitive data. Specify 'Include Error Detail' in the connection string to include this information.
----------->     (WARNING)  DB.ExecuteQuery: [44]DBExecuteError - 23505: duplicate key value violates unique constraint "ad_process_access_pkey"

DETAIL: Detail redacted as it may contain sensitive data. Specify 'Include Error Detail' in the connection string to include this information.
----------->     (WARNING)  X_AD_Process_Access.AddWindowToMenu: [44]Not insertedAD_Process_Access
===========>     (SEVERE)   DB.ExecuteQuery: [44] => 23505: duplicate key value violates unique constraint "ad_process_access_pkey"

DETAIL: Detail redacted as it may contain sensitive data. Specify 'Include Error Detail' in the connection string to include this information.
----------->     (WARNING)  DB.ExecuteQuery: [44]DBExecuteError - 23505: duplicate key value violates unique constraint "ad_process_access_pkey"

DETAIL: Detail redacted as it may contain sensitive data. Specify 'Include Error Detail' in the connection string to include this information.
----------->     (WARNING)  X_AD_Process_Access.AddWindowToMenu: [44]Not insertedAD_Process_Access
===========>     (SEVERE)   DB.ExecuteQuery: [44] => 23505: duplicate key value violates unique constraint "ad_process_access_pkey"

DETAIL: Detail redacted as it may contain sensitive data. Specify 'Include Error Detail' in the connection string to include this information.
----------->     (WARNING)  DB.ExecuteQuery: [44]DBExecuteError - 23505: duplicate key value violates unique constraint "ad_process_access_pkey"

DETAIL: Detail redacted as it may contain sensitive data. Specify 'Include Error Detail' in the connection string to include this information.
----------->     (WARNING)  X_AD_Process_Access.AddWindowToMenu: [44]Not insertedAD_Process_Access
===========>     (SEVERE)   DB.ExecuteQuery: [44] => 23505: duplicate key value violates unique constraint "ad_process_access_pkey"

DETAIL: Detail redacted as it may contain sensitive data. Specify 'Include Error Detail' in the connection string to include this information.
----------->     (WARNING)  DB.ExecuteQuery: [44]DBExecuteError - 23505: duplicate key value violates unique constraint "ad_process_access_pkey"

DETAIL: Detail redacted as it may contain sensitive data. Specify 'Include Error Detail' in the connection string to include this information.
----------->     (WARNING)  X_AD_Process_Access.AddWindowToMenu: [44]Not insertedAD_Process_Access
===========>     (SEVERE)   DB.ExecuteQuery: [44] => 23505: duplicate key value violates unique constraint "ad_process_access_pkey"

DETAIL: Detail redacted as it may contain sensitive data. Specify 'Include Error Detail' in the connection string to include this information.
----------->     (WARNING)  DB.ExecuteQuery: [44]DBExecuteError - 23505: duplicate key value violates unique constraint "ad_process_access_pkey"

DETAIL: Detail redacted as it may contain sensitive data. Specify 'Include Error Detail' in the connection string to include this information.
----------->     (WARNING)  X_AD_Process_Access.AddWindowToMenu: [44]Not insertedAD_Process_Access
===========>     (SEVERE)   DB.ExecuteQuery: [44] => 23505: duplicate key value violates unique constraint "ad_process_access_pkey"

DETAIL: Detail redacted as it may contain sensitive data. Specify 'Include Error Detail' in the connection string to include this information.
----------->     (WARNING)  DB.ExecuteQuery: [44]DBExecuteError - 23505: duplicate key value violates unique constraint "ad_process_access_pkey"

DETAIL: Detail redacted as it may contain sensitive data. Specify 'Include Error Detail' in the connection string to include this information.
----------->     (WARNING)  X_AD_Process_Access.AddWindowToMenu: [44]Not insertedAD_Process_Access
===========>     (SEVERE)   DB.ExecuteQuery: [44] => 23505: duplicate key value violates unique constraint "ad_process_access_pkey"

DETAIL: Detail redacted as it may contain sensitive data. Specify 'Include Error Detail' in the connection string to include this information.
----------->     (WARNING)  DB.ExecuteQuery: [44]DBExecuteError - 23505: duplicate key value violates unique constraint "ad_process_access_pkey"

DETAIL: Detail redacted as it may contain sensitive data. Specify 'Include Error Detail' in the connection string to include this information.
----------->     (WARNING)  X_AD_Process_Access.AddWindowToMenu: [44]Not insertedAD_Process_Access
===========>     (SEVERE)   DB.ExecuteQuery: [44] => 23503: insert or update on table "ad_moduleprocess" violates foreign key constraint "fk1000355_1008072"

DETAIL: Detail redacted as it may contain sensitive data. Specify 'Include Error Detail' in the connection string to include this information.
----------->     (WARNING)  DB.ExecuteQuery: [44]DBExecuteError - 23503: insert or update on table "ad_moduleprocess" violates foreign key constraint "fk1000355_1008072"

DETAIL: Detail redacted as it may contain sensitive data. Specify 'Include Error Detail' in the connection string to include this information.
===========>     (SEVERE)   DB.ExecuteQuery: [44] => 23505: duplicate key value violates unique constraint "ad_process_access_pkey"

DETAIL: Detail redacted as it may contain sensitive data. Specify 'Include Error Detail' in the connection string to include this information.
----------->     (WARNING)  DB.ExecuteQuery: [44]DBExecuteError - 23505: duplicate key value violates unique constraint "ad_process_access_pkey"

DETAIL: Detail redacted as it may contain sensitive data. Specify 'Include Error Detail' in the connection string to include this information.
----------->     (WARNING)  X_AD_Process_Access.AddWindowToMenu: [44]Not insertedAD_Process_Access
===========>     (SEVERE)   DB.ExecuteQuery: [44] => 23505: duplicate key value violates unique constraint "ad_process_access_pkey"

DETAIL: Detail redacted as it may contain sensitive data. Specify 'Include Error Detail' in the connection string to include this information.
----------->     (WARNING)  DB.ExecuteQuery: [44]DBExecuteError - 23505: duplicate key value violates unique constraint "ad_process_access_pkey"

DETAIL: Detail redacted as it may contain sensitive data. Specify 'Include Error Detail' in the connection string to include this information.
----------->     (WARNING)  X_AD_Process_Access.AddWindowToMenu: [44]Not insertedAD_Process_Access
===========>     (SEVERE)   DB.ExecuteQuery: [44] => 23505: duplicate key value violates unique constraint "ad_process_access_pkey"

DETAIL: Detail redacted as it may contain sensitive data. Specify 'Include Error Detail' in the connection string to include this information.
----------->     (WARNING)  DB.ExecuteQuery: [44]DBExecuteError - 23505: duplicate key value violates unique constraint "ad_process_access_pkey"

DETAIL: Detail redacted as it may contain sensitive data. Specify 'Include Error Detail' in the connection string to include this information.
----------->     (WARNING)  X_AD_Process_Access.AddWindowToMenu: [44]Not insertedAD_Process_Access
===========>     (SEVERE)   DB.ExecuteQuery: [44] => 23505: duplicate key value violates unique constraint "ad_process_access_pkey"

DETAIL: Detail redacted as it may contain sensitive data. Specify 'Include Error Detail' in the connection string to include this information.
----------->     (WARNING)  DB.ExecuteQuery: [44]DBExecuteError - 23505: duplicate key value violates unique constraint "ad_process_access_pkey"

DETAIL: Detail redacted as it may contain sensitive data. Specify 'Include Error Detail' in the connection string to include this information.
----------->     (WARNING)  X_AD_Process_Access.AddWindowToMenu: [44]Not insertedAD_Process_Access
===========>     (SEVERE)   DB.ExecuteQuery: [44] => 23505: duplicate key value violates unique constraint "ad_process_access_pkey"

DETAIL: Detail redacted as it may contain sensitive data. Specify 'Include Error Detail' in the connection string to include this information.
----------->     (WARNING)  DB.ExecuteQuery: [44]DBExecuteError - 23505: duplicate key value violates unique constraint "ad_process_access_pkey"

DETAIL: Detail redacted as it may contain sensitive data. Specify 'Include Error Detail' in the connection string to include this information.
----------->     (WARNING)  X_AD_Process_Access.ImportNow: [44]Not insertedAD_Process_Access
===========>     (SEVERE)   DB.ExecuteQuery: [44] => 23505: duplicate key value violates unique constraint "ad_process_access_pkey"

DETAIL: Detail redacted as it may contain sensitive data. Specify 'Include Error Detail' in the connection string to include this information.
----------->     (WARNING)  DB.ExecuteQuery: [44]DBExecuteError - 23505: duplicate key value violates unique constraint "ad_process_access_pkey"

DETAIL: Detail redacted as it may contain sensitive data. Specify 'Include Error Detail' in the connection string to include this information.
----------->     (WARNING)  X_AD_Process_Access.ImportNow: [44]Not insertedAD_Process_Access
===========>     (SEVERE)   DB.ExecuteQuery: [44] => 23505: duplicate key value violates unique constraint "ad_process_access_pkey"

DETAIL: Detail redacted as it may contain sensitive data. Specify 'Include Error Detail' in the connection string to include this information.
----------->     (WARNING)  DB.ExecuteQuery: [44]DBExecuteError - 23505: duplicate key value violates unique constraint "ad_process_access_pkey"

DETAIL: Detail redacted as it may contain sensitive data. Specify 'Include Error Detail' in the connection string to include this information.
----------->     (WARNING)  X_AD_Process_Access.AddWindowToMenu: [44]Not insertedAD_Process_Access
===========>     (SEVERE)   DB.ExecuteQuery: [44] => 23505: duplicate key value violates unique constraint "ad_process_access_pkey"

DETAIL: Detail redacted as it may contain sensitive data. Specify 'Include Error Detail' in the connection string to include this information.
----------->     (WARNING)  DB.ExecuteQuery: [44]DBExecuteError - 23505: duplicate key value violates unique constraint "ad_process_access_pkey"

DETAIL: Detail redacted as it may contain sensitive data. Specify 'Include Error Detail' in the connection string to include this information.
----------->     (WARNING)  X_AD_Process_Access.AddWindowToMenu: [44]Not insertedAD_Process_Access
===========>     (SEVERE)   DB.ExecuteQuery: [44] => 23505: duplicate key value violates unique constraint "ad_process_access_pkey"

DETAIL: Detail redacted as it may contain sensitive data. Specify 'Include Error Detail' in the connection string to include this information.
----------->     (WARNING)  DB.ExecuteQuery: [44]DBExecuteError - 23505: duplicate key value violates unique constraint "ad_process_access_pkey"

DETAIL: Detail redacted as it may contain sensitive data. Specify 'Include Error Detail' in the connection string to include this information.
----------->     (WARNING)  X_AD_Process_Access.AddWindowToMenu: [44]Not insertedAD_Process_Access
===========>     (SEVERE)   DB.ExecuteQuery: [44] => 23505: duplicate key value violates unique constraint "ad_process_access_pkey"

DETAIL: Detail redacted as it may contain sensitive data. Specify 'Include Error Detail' in the connection string to include this information.
----------->     (WARNING)  DB.ExecuteQuery: [44]DBExecuteError - 23505: duplicate key value violates unique constraint "ad_process_access_pkey"

DETAIL: Detail redacted as it may contain sensitive data. Specify 'Include Error Detail' in the connection string to include this information.
----------->     (WARNING)  X_AD_Process_Access.AddWindowToMenu: [44]Not insertedAD_Process_Access
===========>     (SEVERE)   PostgreHelper.ExecuteReader: [44]42P01: relation "varpt_salesquotationdetail_v" does not exist

POSITION: 51 [Query DR] SELECT MAX( VARPT_SalesQuotationDetail_V_ID) FROM VARPT_SalesQuotationDetail_V
===========>     (SEVERE)   PostgreHelper.ExecuteReader: [44]42P01: relation "varpt_salesquotationdetail_v" does not exist

POSITION: 51 [Query DR] SELECT MAX( VARPT_SalesQuotationDetail_V_ID) FROM VARPT_SalesQuotationDetail_V
===========>     (SEVERE)   DB.GetSQLValue: [44]SELECT MAX( VARPT_SalesQuotationDetail_V_ID) FROM VARPT_SalesQuotationDetail_V => 42P01: relation "varpt_salesquotationdetail_v" does not exist

POSITION: 51
===========>     (SEVERE)   PostgreHelper.ExecuteDataset: [44]42703: column a.basedon does not exist

POSITION: 183 [Query D] =>SELECT a.*, r.AD_Table_ID 
                       FROM AD_Alert a
                       INNER JOIN AD_AlertRule r ON (a.AD_Alert_ID = r.AD_Alert_ID)
                       WHERE a.BasedOn='E' AND a.IsActive='Y' AND a.IsValid='Y' 
                         AND r.AD_Table_ID = 115
                       AND a.AD_Client_ID=0 AND COALESCE(a.AD_Org_ID,0)=0 ORDER BY a.AD_Client_ID
===========>     (SEVERE)   DB.ExecuteQuery: [44] => 42P01: sequence "varpt_salesquotationdetail_v_seq" does not exist
----------->     (WARNING)  DB.ExecuteQuery: [44]DBExecuteError - 42P01: sequence "varpt_salesquotationdetail_v_seq" does not exist
===========>     (SEVERE)   PostgreHelper.ExecuteDataset: [44]42703: column a.basedon does not exist

POSITION: 183 [Query D] =>SELECT a.*, r.AD_Table_ID 
                       FROM AD_Alert a
                       INNER JOIN AD_AlertRule r ON (a.AD_Alert_ID = r.AD_Alert_ID)
                       WHERE a.BasedOn='E' AND a.IsActive='Y' AND a.IsValid='Y' 
                         AND r.AD_Table_ID = 197
                       AND a.AD_Client_ID=0 AND COALESCE(a.AD_Org_ID,0)=0 ORDER BY a.AD_Client_ID
===========>     (SEVERE)   DB.ExecuteQuery: [44] => 23505: duplicate key value violates unique constraint "ad_process_access_pkey"

DETAIL: Detail redacted as it may contain sensitive data. Specify 'Include Error Detail' in the connection string to include this information.
----------->     (WARNING)  DB.ExecuteQuery: [44]DBExecuteError - 23505: duplicate key value violates unique constraint "ad_process_access_pkey"

DETAIL: Detail redacted as it may contain sensitive data. Specify 'Include Error Detail' in the connection string to include this information.
----------->     (WARNING)  X_AD_Process_Access.AddWindowToMenu: [44]Not insertedAD_Process_Access
===========>     (SEVERE)   DB.ExecuteQuery: [44] => 23505: duplicate key value violates unique constraint "ad_process_access_pkey"

DETAIL: Detail redacted as it may contain sensitive data. Specify 'Include Error Detail' in the connection string to include this information.
----------->     (WARNING)  DB.ExecuteQuery: [44]DBExecuteError - 23505: duplicate key value violates unique constraint "ad_process_access_pkey"

DETAIL: Detail redacted as it may contain sensitive data. Specify 'Include Error Detail' in the connection string to include this information.
----------->     (WARNING)  X_AD_Process_Access.AddWindowToMenu: [44]Not insertedAD_Process_Access
===========>     (SEVERE)   PostgreHelper.ExecuteReader: [44]42P01: relation "varpt_grndetail_v" does not exist

POSITION: 40 [Query DR] SELECT MAX( VARPT_GRNDetail_V_ID) FROM VARPT_GRNDetail_V
===========>     (SEVERE)   PostgreHelper.ExecuteReader: [44]42P01: relation "varpt_grndetail_v" does not exist

POSITION: 40 [Query DR] SELECT MAX( VARPT_GRNDetail_V_ID) FROM VARPT_GRNDetail_V
===========>     (SEVERE)   DB.GetSQLValue: [44]SELECT MAX( VARPT_GRNDetail_V_ID) FROM VARPT_GRNDetail_V => 42P01: relation "varpt_grndetail_v" does not exist

POSITION: 40
===========>     (SEVERE)   DB.ExecuteQuery: [44] => 42P01: sequence "varpt_grndetail_v_seq" does not exist
----------->     (WARNING)  DB.ExecuteQuery: [44]DBExecuteError - 42P01: sequence "varpt_grndetail_v_seq" does not exist
===========>     (SEVERE)   DB.ExecuteQuery: [44] => 23505: duplicate key value violates unique constraint "ad_process_access_pkey"

DETAIL: Detail redacted as it may contain sensitive data. Specify 'Include Error Detail' in the connection string to include this information.
----------->     (WARNING)  DB.ExecuteQuery: [44]DBExecuteError - 23505: duplicate key value violates unique constraint "ad_process_access_pkey"

DETAIL: Detail redacted as it may contain sensitive data. Specify 'Include Error Detail' in the connection string to include this information.
----------->     (WARNING)  X_AD_Process_Access.AddWindowToMenu: [44]Not insertedAD_Process_Access
===========>     (SEVERE)   DB.ExecuteQuery: [44] => 23505: duplicate key value violates unique constraint "ad_process_access_pkey"

DETAIL: Detail redacted as it may contain sensitive data. Specify 'Include Error Detail' in the connection string to include this information.
----------->     (WARNING)  DB.ExecuteQuery: [44]DBExecuteError - 23505: duplicate key value violates unique constraint "ad_process_access_pkey"

DETAIL: Detail redacted as it may contain sensitive data. Specify 'Include Error Detail' in the connection string to include this information.
----------->     (WARNING)  X_AD_Process_Access.AddWindowToMenu: [44]Not insertedAD_Process_Access
===========>     (SEVERE)   PostgreHelper.ExecuteReader: [44]42P01: relation "varpt_customerledger_v" does not exist

POSITION: 45 [Query DR] SELECT MAX( VARPT_CustomerLedger_V_ID) FROM VARPT_CustomerLedger_V
===========>     (SEVERE)   PostgreHelper.ExecuteReader: [44]42P01: relation "varpt_customerledger_v" does not exist

POSITION: 45 [Query DR] SELECT MAX( VARPT_CustomerLedger_V_ID) FROM VARPT_CustomerLedger_V
===========>     (SEVERE)   DB.GetSQLValue: [44]SELECT MAX( VARPT_CustomerLedger_V_ID) FROM VARPT_CustomerLedger_V => 42P01: relation "varpt_customerledger_v" does not exist

POSITION: 45
===========>     (SEVERE)   DB.ExecuteQuery: [44] => 42P01: sequence "varpt_customerledger_v_seq" does not exist
----------->     (WARNING)  DB.ExecuteQuery: [44]DBExecuteError - 42P01: sequence "varpt_customerledger_v_seq" does not exist
===========>     (SEVERE)   DB.ExecuteQuery: [44] => 23505: duplicate key value violates unique constraint "ad_process_access_pkey"

DETAIL: Detail redacted as it may contain sensitive data. Specify 'Include Error Detail' in the connection string to include this information.
----------->     (WARNING)  DB.ExecuteQuery: [44]DBExecuteError - 23505: duplicate key value violates unique constraint "ad_process_access_pkey"

DETAIL: Detail redacted as it may contain sensitive data. Specify 'Include Error Detail' in the connection string to include this information.
----------->     (WARNING)  X_AD_Process_Access.AddWindowToMenu: [44]Not insertedAD_Process_Access
===========>     (SEVERE)   DB.ExecuteQuery: [44] => 23505: duplicate key value violates unique constraint "ad_process_access_pkey"

DETAIL: Detail redacted as it may contain sensitive data. Specify 'Include Error Detail' in the connection string to include this information.
----------->     (WARNING)  DB.ExecuteQuery: [44]DBExecuteError - 23505: duplicate key value violates unique constraint "ad_process_access_pkey"

DETAIL: Detail redacted as it may contain sensitive data. Specify 'Include Error Detail' in the connection string to include this information.
----------->     (WARNING)  X_AD_Process_Access.AddWindowToMenu: [44]Not insertedAD_Process_Access
===========>     (SEVERE)   PostgreHelper.ExecuteReader: [44]42P01: relation "varpt_opensales_v" does not exist

POSITION: 40 [Query DR] SELECT MAX( VARPT_OpenSales_V_ID) FROM VARPT_OpenSales_V
===========>     (SEVERE)   PostgreHelper.ExecuteReader: [44]42P01: relation "varpt_opensales_v" does not exist

POSITION: 40 [Query DR] SELECT MAX( VARPT_OpenSales_V_ID) FROM VARPT_OpenSales_V
===========>     (SEVERE)   DB.GetSQLValue: [44]SELECT MAX( VARPT_OpenSales_V_ID) FROM VARPT_OpenSales_V => 42P01: relation "varpt_opensales_v" does not exist

POSITION: 40
===========>     (SEVERE)   DB.ExecuteQuery: [44] => 42P01: sequence "varpt_opensales_v_seq" does not exist
----------->     (WARNING)  DB.ExecuteQuery: [44]DBExecuteError - 42P01: sequence "varpt_opensales_v_seq" does not exist
===========>     (SEVERE)   DB.ExecuteQuery: [44] => 23505: duplicate key value violates unique constraint "ad_process_access_pkey"

DETAIL: Detail redacted as it may contain sensitive data. Specify 'Include Error Detail' in the connection string to include this information.
----------->     (WARNING)  DB.ExecuteQuery: [44]DBExecuteError - 23505: duplicate key value violates unique constraint "ad_process_access_pkey"

DETAIL: Detail redacted as it may contain sensitive data. Specify 'Include Error Detail' in the connection string to include this information.
----------->     (WARNING)  X_AD_Process_Access.ImportNow: [44]Not insertedAD_Process_Access
===========>     (SEVERE)   DB.ExecuteQuery: [44] => 23505: duplicate key value violates unique constraint "ad_process_access_pkey"

DETAIL: Detail redacted as it may contain sensitive data. Specify 'Include Error Detail' in the connection string to include this information.
----------->     (WARNING)  DB.ExecuteQuery: [44]DBExecuteError - 23505: duplicate key value violates unique constraint "ad_process_access_pkey"

DETAIL: Detail redacted as it may contain sensitive data. Specify 'Include Error Detail' in the connection string to include this information.
----------->     (WARNING)  X_AD_Process_Access.ImportNow: [44]Not insertedAD_Process_Access
===========>     (SEVERE)   DB.ExecuteQuery: [44] => 23505: duplicate key value violates unique constraint "ad_process_access_pkey"

DETAIL: Detail redacted as it may contain sensitive data. Specify 'Include Error Detail' in the connection string to include this information.
----------->     (WARNING)  DB.ExecuteQuery: [44]DBExecuteError - 23505: duplicate key value violates unique constraint "ad_process_access_pkey"

DETAIL: Detail redacted as it may contain sensitive data. Specify 'Include Error Detail' in the connection string to include this information.
----------->     (WARNING)  X_AD_Process_Access.AddWindowToMenu: [44]Not insertedAD_Process_Access
===========>     (SEVERE)   DB.ExecuteQuery: [44] => 23505: duplicate key value violates unique constraint "ad_process_access_pkey"

DETAIL: Detail redacted as it may contain sensitive data. Specify 'Include Error Detail' in the connection string to include this information.
----------->     (WARNING)  DB.ExecuteQuery: [44]DBExecuteError - 23505: duplicate key value violates unique constraint "ad_process_access_pkey"

DETAIL: Detail redacted as it may contain sensitive data. Specify 'Include Error Detail' in the connection string to include this information.
----------->     (WARNING)  X_AD_Process_Access.AddWindowToMenu: [44]Not insertedAD_Process_Access
===========>     (SEVERE)   PostgreHelper.ExecuteReader: [44]42P01: relation "varpt_opportunitydetail_v" does not exist

POSITION: 48 [Query DR] SELECT MAX( VARPT_OpportunityDetail_V_ID) FROM VARPT_OpportunityDetail_V
===========>     (SEVERE)   PostgreHelper.ExecuteReader: [44]42P01: relation "varpt_opportunitydetail_v" does not exist

POSITION: 48 [Query DR] SELECT MAX( VARPT_OpportunityDetail_V_ID) FROM VARPT_OpportunityDetail_V
===========>     (SEVERE)   DB.GetSQLValue: [44]SELECT MAX( VARPT_OpportunityDetail_V_ID) FROM VARPT_OpportunityDetail_V => 42P01: relation "varpt_opportunitydetail_v" does not exist

POSITION: 48
===========>     (SEVERE)   DB.ExecuteQuery: [44] => 42P01: sequence "varpt_opportunitydetail_v_seq" does not exist
----------->     (WARNING)  DB.ExecuteQuery: [44]DBExecuteError - 42P01: sequence "varpt_opportunitydetail_v_seq" does not exist
===========>     (SEVERE)   DB.ExecuteQuery: [44] => 23505: duplicate key value violates unique constraint "ad_process_access_pkey"

DETAIL: Detail redacted as it may contain sensitive data. Specify 'Include Error Detail' in the connection string to include this information.
----------->     (WARNING)  DB.ExecuteQuery: [44]DBExecuteError - 23505: duplicate key value violates unique constraint "ad_process_access_pkey"

DETAIL: Detail redacted as it may contain sensitive data. Specify 'Include Error Detail' in the connection string to include this information.
----------->     (WARNING)  X_AD_Process_Access.AddWindowToMenu: [44]Not insertedAD_Process_Access
===========>     (SEVERE)   DB.ExecuteQuery: [44] => 23505: duplicate key value violates unique constraint "ad_process_access_pkey"

DETAIL: Detail redacted as it may contain sensitive data. Specify 'Include Error Detail' in the connection string to include this information.
----------->     (WARNING)  DB.ExecuteQuery: [44]DBExecuteError - 23505: duplicate key value violates unique constraint "ad_process_access_pkey"

DETAIL: Detail redacted as it may contain sensitive data. Specify 'Include Error Detail' in the connection string to include this information.
----------->     (WARNING)  X_AD_Process_Access.AddWindowToMenu: [44]Not insertedAD_Process_Access
===========>     (SEVERE)   PostgreHelper.ExecuteReader: [44]42P01: relation "varpt_deliveryorderdetail_v" does not exist

POSITION: 50 [Query DR] SELECT MAX( VARPT_DELIVERYORDERDETAIL_V_ID) FROM VARPT_DELIVERYORDERDETAIL_V
===========>     (SEVERE)   PostgreHelper.ExecuteReader: [44]42P01: relation "varpt_deliveryorderdetail_v" does not exist

POSITION: 50 [Query DR] SELECT MAX( VARPT_DELIVERYORDERDETAIL_V_ID) FROM VARPT_DELIVERYORDERDETAIL_V
===========>     (SEVERE)   DB.GetSQLValue: [44]SELECT MAX( VARPT_DELIVERYORDERDETAIL_V_ID) FROM VARPT_DELIVERYORDERDETAIL_V => 42P01: relation "varpt_deliveryorderdetail_v" does not exist

POSITION: 50
===========>     (SEVERE)   DB.ExecuteQuery: [44] => 42P01: sequence "varpt_deliveryorderdetail_v_seq" does not exist
----------->     (WARNING)  DB.ExecuteQuery: [44]DBExecuteError - 42P01: sequence "varpt_deliveryorderdetail_v_seq" does not exist
===========>     (SEVERE)   DB.ExecuteQuery: [44] => 23505: duplicate key value violates unique constraint "ad_process_access_pkey"

DETAIL: Detail redacted as it may contain sensitive data. Specify 'Include Error Detail' in the connection string to include this information.
----------->     (WARNING)  DB.ExecuteQuery: [44]DBExecuteError - 23505: duplicate key value violates unique constraint "ad_process_access_pkey"

DETAIL: Detail redacted as it may contain sensitive data. Specify 'Include Error Detail' in the connection string to include this information.
----------->     (WARNING)  X_AD_Process_Access.ImportNow: [44]Not insertedAD_Process_Access
===========>     (SEVERE)   DB.ExecuteQuery: [44] => 23505: duplicate key value violates unique constraint "ad_process_access_pkey"

DETAIL: Detail redacted as it may contain sensitive data. Specify 'Include Error Detail' in the connection string to include this information.
----------->     (WARNING)  DB.ExecuteQuery: [44]DBExecuteError - 23505: duplicate key value violates unique constraint "ad_process_access_pkey"

DETAIL: Detail redacted as it may contain sensitive data. Specify 'Include Error Detail' in the connection string to include this information.
----------->     (WARNING)  X_AD_Process_Access.ImportNow: [44]Not insertedAD_Process_Access
===========>     (SEVERE)   DB.ExecuteQuery: [44] => 23505: duplicate key value violates unique constraint "ad_process_access_pkey"

DETAIL: Detail redacted as it may contain sensitive data. Specify 'Include Error Detail' in the connection string to include this information.
----------->     (WARNING)  DB.ExecuteQuery: [44]DBExecuteError - 23505: duplicate key value violates unique constraint "ad_process_access_pkey"

DETAIL: Detail redacted as it may contain sensitive data. Specify 'Include Error Detail' in the connection string to include this information.
----------->     (WARNING)  X_AD_Process_Access.AddWindowToMenu: [44]Not insertedAD_Process_Access
===========>     (SEVERE)   DB.ExecuteQuery: [44] => 23505: duplicate key value violates unique constraint "ad_process_access_pkey"

DETAIL: Detail redacted as it may contain sensitive data. Specify 'Include Error Detail' in the connection string to include this information.
----------->     (WARNING)  DB.ExecuteQuery: [44]DBExecuteError - 23505: duplicate key value violates unique constraint "ad_process_access_pkey"

DETAIL: Detail redacted as it may contain sensitive data. Specify 'Include Error Detail' in the connection string to include this information.
----------->     (WARNING)  X_AD_Process_Access.AddWindowToMenu: [44]Not insertedAD_Process_Access
===========>     (SEVERE)   DB.ExecuteQuery: [44] => 23505: duplicate key value violates unique constraint "ad_process_access_pkey"

DETAIL: Detail redacted as it may contain sensitive data. Specify 'Include Error Detail' in the connection string to include this information.
----------->     (WARNING)  DB.ExecuteQuery: [44]DBExecuteError - 23505: duplicate key value violates unique constraint "ad_process_access_pkey"

DETAIL: Detail redacted as it may contain sensitive data. Specify 'Include Error Detail' in the connection string to include this information.
----------->     (WARNING)  X_AD_Process_Access.ImportNow: [44]Not insertedAD_Process_Access
===========>     (SEVERE)   DB.ExecuteQuery: [44] => 23505: duplicate key value violates unique constraint "ad_process_access_pkey"

DETAIL: Detail redacted as it may contain sensitive data. Specify 'Include Error Detail' in the connection string to include this information.
----------->     (WARNING)  DB.ExecuteQuery: [44]DBExecuteError - 23505: duplicate key value violates unique constraint "ad_process_access_pkey"

DETAIL: Detail redacted as it may contain sensitive data. Specify 'Include Error Detail' in the connection string to include this information.
----------->     (WARNING)  X_AD_Process_Access.ImportNow: [44]Not insertedAD_Process_Access
===========>     (SEVERE)   DB.ExecuteQuery: [44] => 23505: duplicate key value violates unique constraint "ad_process_access_pkey"

DETAIL: Detail redacted as it may contain sensitive data. Specify 'Include Error Detail' in the connection string to include this information.
----------->     (WARNING)  DB.ExecuteQuery: [44]DBExecuteError - 23505: duplicate key value violates unique constraint "ad_process_access_pkey"

DETAIL: Detail redacted as it may contain sensitive data. Specify 'Include Error Detail' in the connection string to include this information.
----------->     (WARNING)  X_AD_Process_Access.AddWindowToMenu: [44]Not insertedAD_Process_Access
===========>     (SEVERE)   DB.ExecuteQuery: [44] => 23505: duplicate key value violates unique constraint "ad_process_access_pkey"

DETAIL: Detail redacted as it may contain sensitive data. Specify 'Include Error Detail' in the connection string to include this information.
----------->     (WARNING)  DB.ExecuteQuery: [44]DBExecuteError - 23505: duplicate key value violates unique constraint "ad_process_access_pkey"

DETAIL: Detail redacted as it may contain sensitive data. Specify 'Include Error Detail' in the connection string to include this information.
----------->     (WARNING)  X_AD_Process_Access.AddWindowToMenu: [44]Not insertedAD_Process_Access
===========>     (SEVERE)   PostgreHelper.ExecuteReader: [44]42P01: relation "varpt_saleslifecycle_v" does not exist

POSITION: 45 [Query DR] SELECT MAX( VARPT_SalesLifeCycle_V_ID) FROM VARPT_SalesLifeCycle_V
===========>     (SEVERE)   PostgreHelper.ExecuteReader: [44]42P01: relation "varpt_saleslifecycle_v" does not exist

POSITION: 45 [Query DR] SELECT MAX( VARPT_SalesLifeCycle_V_ID) FROM VARPT_SalesLifeCycle_V
===========>     (SEVERE)   DB.GetSQLValue: [44]SELECT MAX( VARPT_SalesLifeCycle_V_ID) FROM VARPT_SalesLifeCycle_V => 42P01: relation "varpt_saleslifecycle_v" does not exist

POSITION: 45
===========>     (SEVERE)   DB.ExecuteQuery: [44] => 42P01: sequence "varpt_saleslifecycle_v_seq" does not exist
----------->     (WARNING)  DB.ExecuteQuery: [44]DBExecuteError - 42P01: sequence "varpt_saleslifecycle_v_seq" does not exist
===========>     (SEVERE)   DB.ExecuteQuery: [44] => 23505: duplicate key value violates unique constraint "ad_process_access_pkey"

DETAIL: Detail redacted as it may contain sensitive data. Specify 'Include Error Detail' in the connection string to include this information.
----------->     (WARNING)  DB.ExecuteQuery: [44]DBExecuteError - 23505: duplicate key value violates unique constraint "ad_process_access_pkey"

DETAIL: Detail redacted as it may contain sensitive data. Specify 'Include Error Detail' in the connection string to include this information.
----------->     (WARNING)  X_AD_Process_Access.AddWindowToMenu: [44]Not insertedAD_Process_Access
===========>     (SEVERE)   DB.ExecuteQuery: [44] => 23505: duplicate key value violates unique constraint "ad_process_access_pkey"

DETAIL: Detail redacted as it may contain sensitive data. Specify 'Include Error Detail' in the connection string to include this information.
----------->     (WARNING)  DB.ExecuteQuery: [44]DBExecuteError - 23505: duplicate key value violates unique constraint "ad_process_access_pkey"

DETAIL: Detail redacted as it may contain sensitive data. Specify 'Include Error Detail' in the connection string to include this information.
----------->     (WARNING)  X_AD_Process_Access.AddWindowToMenu: [44]Not insertedAD_Process_Access
===========>     (SEVERE)   PostgreHelper.ExecuteReader: [44]42P01: relation "varpt_arinvoicedetail_v" does not exist

POSITION: 46 [Query DR] SELECT MAX( VARPT_ARInvoiceDetail_V_ID) FROM VARPT_ARInvoiceDetail_V
===========>     (SEVERE)   PostgreHelper.ExecuteReader: [44]42P01: relation "varpt_arinvoicedetail_v" does not exist

POSITION: 46 [Query DR] SELECT MAX( VARPT_ARInvoiceDetail_V_ID) FROM VARPT_ARInvoiceDetail_V
===========>     (SEVERE)   DB.GetSQLValue: [44]SELECT MAX( VARPT_ARInvoiceDetail_V_ID) FROM VARPT_ARInvoiceDetail_V => 42P01: relation "varpt_arinvoicedetail_v" does not exist

POSITION: 46
===========>     (SEVERE)   DB.ExecuteQuery: [44] => 42P01: sequence "varpt_arinvoicedetail_v_seq" does not exist
----------->     (WARNING)  DB.ExecuteQuery: [44]DBExecuteError - 42P01: sequence "varpt_arinvoicedetail_v_seq" does not exist
===========>     (SEVERE)   DB.ExecuteQuery: [44] => 23505: duplicate key value violates unique constraint "ad_process_access_pkey"

DETAIL: Detail redacted as it may contain sensitive data. Specify 'Include Error Detail' in the connection string to include this information.
----------->     (WARNING)  DB.ExecuteQuery: [44]DBExecuteError - 23505: duplicate key value violates unique constraint "ad_process_access_pkey"

DETAIL: Detail redacted as it may contain sensitive data. Specify 'Include Error Detail' in the connection string to include this information.
----------->     (WARNING)  X_AD_Process_Access.AddWindowToMenu: [44]Not insertedAD_Process_Access
===========>     (SEVERE)   DB.ExecuteQuery: [44] => 23505: duplicate key value violates unique constraint "ad_process_access_pkey"

DETAIL: Detail redacted as it may contain sensitive data. Specify 'Include Error Detail' in the connection string to include this information.
----------->     (WARNING)  DB.ExecuteQuery: [44]DBExecuteError - 23505: duplicate key value violates unique constraint "ad_process_access_pkey"

DETAIL: Detail redacted as it may contain sensitive data. Specify 'Include Error Detail' in the connection string to include this information.
----------->     (WARNING)  X_AD_Process_Access.AddWindowToMenu: [44]Not insertedAD_Process_Access
===========>     (SEVERE)   PostgreHelper.ExecuteReader: [44]42P01: relation "varpt_artaxdetails_v" does not exist

POSITION: 43 [Query DR] SELECT MAX( VARPT_ARTaxDetails_V_ID) FROM VARPT_ARTaxDetails_V
===========>     (SEVERE)   PostgreHelper.ExecuteReader: [44]42P01: relation "varpt_artaxdetails_v" does not exist

POSITION: 43 [Query DR] SELECT MAX( VARPT_ARTaxDetails_V_ID) FROM VARPT_ARTaxDetails_V
===========>     (SEVERE)   DB.GetSQLValue: [44]SELECT MAX( VARPT_ARTaxDetails_V_ID) FROM VARPT_ARTaxDetails_V => 42P01: relation "varpt_artaxdetails_v" does not exist

POSITION: 43
===========>     (SEVERE)   DB.ExecuteQuery: [44] => 42P01: sequence "varpt_artaxdetails_v_seq" does not exist
----------->     (WARNING)  DB.ExecuteQuery: [44]DBExecuteError - 42P01: sequence "varpt_artaxdetails_v_seq" does not exist
===========>     (SEVERE)   DB.ExecuteQuery: [44] => 23505: duplicate key value violates unique constraint "ad_process_access_pkey"

DETAIL: Detail redacted as it may contain sensitive data. Specify 'Include Error Detail' in the connection string to include this information.
----------->     (WARNING)  DB.ExecuteQuery: [44]DBExecuteError - 23505: duplicate key value violates unique constraint "ad_process_access_pkey"

DETAIL: Detail redacted as it may contain sensitive data. Specify 'Include Error Detail' in the connection string to include this information.
----------->     (WARNING)  X_AD_Process_Access.AddWindowToMenu: [44]Not insertedAD_Process_Access
===========>     (SEVERE)   DB.ExecuteQuery: [44] => 23505: duplicate key value violates unique constraint "ad_process_access_pkey"

DETAIL: Detail redacted as it may contain sensitive data. Specify 'Include Error Detail' in the connection string to include this information.
----------->     (WARNING)  DB.ExecuteQuery: [44]DBExecuteError - 23505: duplicate key value violates unique constraint "ad_process_access_pkey"

DETAIL: Detail redacted as it may contain sensitive data. Specify 'Include Error Detail' in the connection string to include this information.
----------->     (WARNING)  X_AD_Process_Access.AddWindowToMenu: [44]Not insertedAD_Process_Access
===========>     (SEVERE)   PostgreHelper.ExecuteReader: [44]42P01: relation "varpt_purchaselifecycle_v" does not exist

POSITION: 48 [Query DR] SELECT MAX( VARPT_PurchaseLifeCycle_v_ID) FROM VARPT_PurchaseLifeCycle_v
===========>     (SEVERE)   PostgreHelper.ExecuteReader: [44]42P01: relation "varpt_purchaselifecycle_v" does not exist

POSITION: 48 [Query DR] SELECT MAX( VARPT_PurchaseLifeCycle_v_ID) FROM VARPT_PurchaseLifeCycle_v
===========>     (SEVERE)   DB.GetSQLValue: [44]SELECT MAX( VARPT_PurchaseLifeCycle_v_ID) FROM VARPT_PurchaseLifeCycle_v => 42P01: relation "varpt_purchaselifecycle_v" does not exist

POSITION: 48
===========>     (SEVERE)   DB.ExecuteQuery: [44] => 42P01: sequence "varpt_purchaselifecycle_v_seq" does not exist
----------->     (WARNING)  DB.ExecuteQuery: [44]DBExecuteError - 42P01: sequence "varpt_purchaselifecycle_v_seq" does not exist
===========>     (SEVERE)   DB.ExecuteQuery: [44] => 23505: duplicate key value violates unique constraint "ad_process_access_pkey"

DETAIL: Detail redacted as it may contain sensitive data. Specify 'Include Error Detail' in the connection string to include this information.
----------->     (WARNING)  DB.ExecuteQuery: [44]DBExecuteError - 23505: duplicate key value violates unique constraint "ad_process_access_pkey"

DETAIL: Detail redacted as it may contain sensitive data. Specify 'Include Error Detail' in the connection string to include this information.
----------->     (WARNING)  X_AD_Process_Access.AddWindowToMenu: [44]Not insertedAD_Process_Access
===========>     (SEVERE)   DB.ExecuteQuery: [44] => 23505: duplicate key value violates unique constraint "ad_process_access_pkey"

DETAIL: Detail redacted as it may contain sensitive data. Specify 'Include Error Detail' in the connection string to include this information.
----------->     (WARNING)  DB.ExecuteQuery: [44]DBExecuteError - 23505: duplicate key value violates unique constraint "ad_process_access_pkey"

DETAIL: Detail redacted as it may contain sensitive data. Specify 'Include Error Detail' in the connection string to include this information.
----------->     (WARNING)  X_AD_Process_Access.AddWindowToMenu: [44]Not insertedAD_Process_Access
===========>     (SEVERE)   PostgreHelper.ExecuteReader: [44]42P01: relation "varpt_openpurchaseord_v" does not exist

POSITION: 46 [Query DR] SELECT MAX( VARPT_OpenPurchaseord_v_ID) FROM VARPT_OpenPurchaseord_v
===========>     (SEVERE)   PostgreHelper.ExecuteReader: [44]42P01: relation "varpt_openpurchaseord_v" does not exist

POSITION: 46 [Query DR] SELECT MAX( VARPT_OpenPurchaseord_v_ID) FROM VARPT_OpenPurchaseord_v
===========>     (SEVERE)   DB.GetSQLValue: [44]SELECT MAX( VARPT_OpenPurchaseord_v_ID) FROM VARPT_OpenPurchaseord_v => 42P01: relation "varpt_openpurchaseord_v" does not exist

POSITION: 46
===========>     (SEVERE)   DB.ExecuteQuery: [44] => 42P01: sequence "varpt_openpurchaseord_v_seq" does not exist
----------->     (WARNING)  DB.ExecuteQuery: [44]DBExecuteError - 42P01: sequence "varpt_openpurchaseord_v_seq" does not exist
===========>     (SEVERE)   DB.ExecuteQuery: [44] => 23505: duplicate key value violates unique constraint "ad_process_access_pkey"

DETAIL: Detail redacted as it may contain sensitive data. Specify 'Include Error Detail' in the connection string to include this information.
----------->     (WARNING)  DB.ExecuteQuery: [44]DBExecuteError - 23505: duplicate key value violates unique constraint "ad_process_access_pkey"

DETAIL: Detail redacted as it may contain sensitive data. Specify 'Include Error Detail' in the connection string to include this information.
----------->     (WARNING)  X_AD_Process_Access.AddWindowToMenu: [44]Not insertedAD_Process_Access
===========>     (SEVERE)   DB.ExecuteQuery: [44] => 23505: duplicate key value violates unique constraint "ad_process_access_pkey"

DETAIL: Detail redacted as it may contain sensitive data. Specify 'Include Error Detail' in the connection string to include this information.
----------->     (WARNING)  DB.ExecuteQuery: [44]DBExecuteError - 23505: duplicate key value violates unique constraint "ad_process_access_pkey"

DETAIL: Detail redacted as it may contain sensitive data. Specify 'Include Error Detail' in the connection string to include this information.
----------->     (WARNING)  X_AD_Process_Access.AddWindowToMenu: [44]Not insertedAD_Process_Access
===========>     (SEVERE)   DB.ExecuteQuery: [44] => 42P01: sequence "varpt_stockdetailsreport_t_seq" does not exist
----------->     (WARNING)  DB.ExecuteQuery: [44]DBExecuteError - 42P01: sequence "varpt_stockdetailsreport_t_seq" does not exist
===========>     (SEVERE)   DB.ExecuteQuery: [44] => 23505: duplicate key value violates unique constraint "ad_process_access_pkey"

DETAIL: Detail redacted as it may contain sensitive data. Specify 'Include Error Detail' in the connection string to include this information.
----------->     (WARNING)  DB.ExecuteQuery: [44]DBExecuteError - 23505: duplicate key value violates unique constraint "ad_process_access_pkey"

DETAIL: Detail redacted as it may contain sensitive data. Specify 'Include Error Detail' in the connection string to include this information.
----------->     (WARNING)  X_AD_Process_Access.AddWindowToMenu: [44]Not insertedAD_Process_Access
===========>     (SEVERE)   DB.ExecuteQuery: [44] => 23505: duplicate key value violates unique constraint "ad_process_access_pkey"

DETAIL: Detail redacted as it may contain sensitive data. Specify 'Include Error Detail' in the connection string to include this information.
----------->     (WARNING)  DB.ExecuteQuery: [44]DBExecuteError - 23505: duplicate key value violates unique constraint "ad_process_access_pkey"

DETAIL: Detail redacted as it may contain sensitive data. Specify 'Include Error Detail' in the connection string to include this information.
----------->     (WARNING)  X_AD_Process_Access.AddWindowToMenu: [44]Not insertedAD_Process_Access
===========>     (SEVERE)   PostgreHelper.ExecuteReader: [44]42P01: relation "varpt_expectedgrn_v" does not exist

POSITION: 42 [Query DR] SELECT MAX( VARPT_ExpectedGRN_V_ID) FROM VARPT_ExpectedGRN_V
===========>     (SEVERE)   PostgreHelper.ExecuteReader: [44]42P01: relation "varpt_expectedgrn_v" does not exist

POSITION: 42 [Query DR] SELECT MAX( VARPT_ExpectedGRN_V_ID) FROM VARPT_ExpectedGRN_V
===========>     (SEVERE)   DB.GetSQLValue: [44]SELECT MAX( VARPT_ExpectedGRN_V_ID) FROM VARPT_ExpectedGRN_V => 42P01: relation "varpt_expectedgrn_v" does not exist

POSITION: 42
===========>     (SEVERE)   DB.ExecuteQuery: [44] => 42P01: sequence "varpt_expectedgrn_v_seq" does not exist
----------->     (WARNING)  DB.ExecuteQuery: [44]DBExecuteError - 42P01: sequence "varpt_expectedgrn_v_seq" does not exist
===========>     (SEVERE)   DB.ExecuteQuery: [44] => 23505: duplicate key value violates unique constraint "ad_process_access_pkey"

DETAIL: Detail redacted as it may contain sensitive data. Specify 'Include Error Detail' in the connection string to include this information.
----------->     (WARNING)  DB.ExecuteQuery: [44]DBExecuteError - 23505: duplicate key value violates unique constraint "ad_process_access_pkey"

DETAIL: Detail redacted as it may contain sensitive data. Specify 'Include Error Detail' in the connection string to include this information.
----------->     (WARNING)  X_AD_Process_Access.AddWindowToMenu: [44]Not insertedAD_Process_Access
===========>     (SEVERE)   DB.ExecuteQuery: [44] => 23505: duplicate key value violates unique constraint "ad_process_access_pkey"

DETAIL: Detail redacted as it may contain sensitive data. Specify 'Include Error Detail' in the connection string to include this information.
----------->     (WARNING)  DB.ExecuteQuery: [44]DBExecuteError - 23505: duplicate key value violates unique constraint "ad_process_access_pkey"

DETAIL: Detail redacted as it may contain sensitive data. Specify 'Include Error Detail' in the connection string to include this information.
----------->     (WARNING)  X_AD_Process_Access.AddWindowToMenu: [44]Not insertedAD_Process_Access
===========>     (SEVERE)   PostgreHelper.ExecuteReader: [44]42P01: relation "varpt_invmovedetailreport_v" does not exist

POSITION: 50 [Query DR] SELECT MAX( VARPT_InvMoveDetailReport_V_ID) FROM VARPT_InvMoveDetailReport_V
===========>     (SEVERE)   PostgreHelper.ExecuteReader: [44]42P01: relation "varpt_invmovedetailreport_v" does not exist

POSITION: 50 [Query DR] SELECT MAX( VARPT_InvMoveDetailReport_V_ID) FROM VARPT_InvMoveDetailReport_V
===========>     (SEVERE)   DB.GetSQLValue: [44]SELECT MAX( VARPT_InvMoveDetailReport_V_ID) FROM VARPT_InvMoveDetailReport_V => 42P01: relation "varpt_invmovedetailreport_v" does not exist

POSITION: 50
===========>     (SEVERE)   DB.ExecuteQuery: [44] => 42P01: sequence "varpt_invmovedetailreport_v_seq" does not exist
----------->     (WARNING)  DB.ExecuteQuery: [44]DBExecuteError - 42P01: sequence "varpt_invmovedetailreport_v_seq" does not exist
===========>     (SEVERE)   DB.ExecuteQuery: [44] => 23505: duplicate key value violates unique constraint "ad_process_access_pkey"

DETAIL: Detail redacted as it may contain sensitive data. Specify 'Include Error Detail' in the connection string to include this information.
----------->     (WARNING)  DB.ExecuteQuery: [44]DBExecuteError - 23505: duplicate key value violates unique constraint "ad_process_access_pkey"

DETAIL: Detail redacted as it may contain sensitive data. Specify 'Include Error Detail' in the connection string to include this information.
----------->     (WARNING)  X_AD_Process_Access.AddWindowToMenu: [44]Not insertedAD_Process_Access
===========>     (SEVERE)   DB.ExecuteQuery: [44] => 23505: duplicate key value violates unique constraint "ad_process_access_pkey"

DETAIL: Detail redacted as it may contain sensitive data. Specify 'Include Error Detail' in the connection string to include this information.
----------->     (WARNING)  DB.ExecuteQuery: [44]DBExecuteError - 23505: duplicate key value violates unique constraint "ad_process_access_pkey"

DETAIL: Detail redacted as it may contain sensitive data. Specify 'Include Error Detail' in the connection string to include this information.
----------->     (WARNING)  X_AD_Process_Access.AddWindowToMenu: [44]Not insertedAD_Process_Access
===========>     (SEVERE)   PostgreHelper.ExecuteReader: [44]42P01: relation "varpt_aptaxdetails_v" does not exist

POSITION: 43 [Query DR] SELECT MAX( VARPT_APTaxDetails_V_ID) FROM VARPT_APTaxDetails_V
===========>     (SEVERE)   PostgreHelper.ExecuteReader: [44]42P01: relation "varpt_aptaxdetails_v" does not exist

POSITION: 43 [Query DR] SELECT MAX( VARPT_APTaxDetails_V_ID) FROM VARPT_APTaxDetails_V
===========>     (SEVERE)   DB.GetSQLValue: [44]SELECT MAX( VARPT_APTaxDetails_V_ID) FROM VARPT_APTaxDetails_V => 42P01: relation "varpt_aptaxdetails_v" does not exist

POSITION: 43
===========>     (SEVERE)   DB.ExecuteQuery: [44] => 42P01: sequence "varpt_aptaxdetails_v_seq" does not exist
----------->     (WARNING)  DB.ExecuteQuery: [44]DBExecuteError - 42P01: sequence "varpt_aptaxdetails_v_seq" does not exist
===========>     (SEVERE)   DB.ExecuteQuery: [44] => 23505: duplicate key value violates unique constraint "ad_process_access_pkey"

DETAIL: Detail redacted as it may contain sensitive data. Specify 'Include Error Detail' in the connection string to include this information.
----------->     (WARNING)  DB.ExecuteQuery: [44]DBExecuteError - 23505: duplicate key value violates unique constraint "ad_process_access_pkey"

DETAIL: Detail redacted as it may contain sensitive data. Specify 'Include Error Detail' in the connection string to include this information.
----------->     (WARNING)  X_AD_Process_Access.AddWindowToMenu: [44]Not insertedAD_Process_Access
===========>     (SEVERE)   DB.ExecuteQuery: [44] => 23505: duplicate key value violates unique constraint "ad_process_access_pkey"

DETAIL: Detail redacted as it may contain sensitive data. Specify 'Include Error Detail' in the connection string to include this information.
----------->     (WARNING)  DB.ExecuteQuery: [44]DBExecuteError - 23505: duplicate key value violates unique constraint "ad_process_access_pkey"

DETAIL: Detail redacted as it may contain sensitive data. Specify 'Include Error Detail' in the connection string to include this information.
----------->     (WARNING)  X_AD_Process_Access.AddWindowToMenu: [44]Not insertedAD_Process_Access
===========>     (SEVERE)   PostgreHelper.ExecuteReader: [44]42P01: relation "varpt_purchaseorddetail_v" does not exist

POSITION: 48 [Query DR] SELECT MAX( VARPT_PurchaseOrdDetail_v_ID) FROM VARPT_PurchaseOrdDetail_v
===========>     (SEVERE)   PostgreHelper.ExecuteReader: [44]42P01: relation "varpt_purchaseorddetail_v" does not exist

POSITION: 48 [Query DR] SELECT MAX( VARPT_PurchaseOrdDetail_v_ID) FROM VARPT_PurchaseOrdDetail_v
===========>     (SEVERE)   DB.GetSQLValue: [44]SELECT MAX( VARPT_PurchaseOrdDetail_v_ID) FROM VARPT_PurchaseOrdDetail_v => 42P01: relation "varpt_purchaseorddetail_v" does not exist

POSITION: 48
===========>     (SEVERE)   DB.ExecuteQuery: [44] => 42P01: sequence "varpt_purchaseorddetail_v_seq" does not exist
----------->     (WARNING)  DB.ExecuteQuery: [44]DBExecuteError - 42P01: sequence "varpt_purchaseorddetail_v_seq" does not exist
===========>     (SEVERE)   DB.ExecuteQuery: [44] => 23505: duplicate key value violates unique constraint "ad_process_access_pkey"

DETAIL: Detail redacted as it may contain sensitive data. Specify 'Include Error Detail' in the connection string to include this information.
----------->     (WARNING)  DB.ExecuteQuery: [44]DBExecuteError - 23505: duplicate key value violates unique constraint "ad_process_access_pkey"

DETAIL: Detail redacted as it may contain sensitive data. Specify 'Include Error Detail' in the connection string to include this information.
----------->     (WARNING)  X_AD_Process_Access.AddWindowToMenu: [44]Not insertedAD_Process_Access
===========>     (SEVERE)   DB.ExecuteQuery: [44] => 23505: duplicate key value violates unique constraint "ad_process_access_pkey"

DETAIL: Detail redacted as it may contain sensitive data. Specify 'Include Error Detail' in the connection string to include this information.
----------->     (WARNING)  DB.ExecuteQuery: [44]DBExecuteError - 23505: duplicate key value violates unique constraint "ad_process_access_pkey"

DETAIL: Detail redacted as it may contain sensitive data. Specify 'Include Error Detail' in the connection string to include this information.
----------->     (WARNING)  X_AD_Process_Access.AddWindowToMenu: [44]Not insertedAD_Process_Access
===========>     (SEVERE)   PostgreHelper.ExecuteReader: [44]42P01: relation "varpt_assemblytransreport_v" does not exist

POSITION: 50 [Query DR] SELECT MAX( VARPT_AssemblyTransReport_V_ID) FROM VARPT_AssemblyTransReport_V
===========>     (SEVERE)   PostgreHelper.ExecuteReader: [44]42P01: relation "varpt_assemblytransreport_v" does not exist

POSITION: 50 [Query DR] SELECT MAX( VARPT_AssemblyTransReport_V_ID) FROM VARPT_AssemblyTransReport_V
===========>     (SEVERE)   DB.GetSQLValue: [44]SELECT MAX( VARPT_AssemblyTransReport_V_ID) FROM VARPT_AssemblyTransReport_V => 42P01: relation "varpt_assemblytransreport_v" does not exist

POSITION: 50
===========>     (SEVERE)   DB.ExecuteQuery: [44] => 42P01: sequence "varpt_assemblytransreport_v_seq" does not exist
----------->     (WARNING)  DB.ExecuteQuery: [44]DBExecuteError - 42P01: sequence "varpt_assemblytransreport_v_seq" does not exist
===========>     (SEVERE)   DB.ExecuteQuery: [44] => 23505: duplicate key value violates unique constraint "ad_process_access_pkey"

DETAIL: Detail redacted as it may contain sensitive data. Specify 'Include Error Detail' in the connection string to include this information.
----------->     (WARNING)  DB.ExecuteQuery: [44]DBExecuteError - 23505: duplicate key value violates unique constraint "ad_process_access_pkey"

DETAIL: Detail redacted as it may contain sensitive data. Specify 'Include Error Detail' in the connection string to include this information.
----------->     (WARNING)  X_AD_Process_Access.AddWindowToMenu: [44]Not insertedAD_Process_Access
===========>     (SEVERE)   DB.ExecuteQuery: [44] => 23505: duplicate key value violates unique constraint "ad_process_access_pkey"

DETAIL: Detail redacted as it may contain sensitive data. Specify 'Include Error Detail' in the connection string to include this information.
----------->     (WARNING)  DB.ExecuteQuery: [44]DBExecuteError - 23505: duplicate key value violates unique constraint "ad_process_access_pkey"

DETAIL: Detail redacted as it may contain sensitive data. Specify 'Include Error Detail' in the connection string to include this information.
----------->     (WARNING)  X_AD_Process_Access.AddWindowToMenu: [44]Not insertedAD_Process_Access
===========>     (SEVERE)   PostgreHelper.ExecuteReader: [44]42P01: relation "varpt_apinvoicedetail_v" does not exist

POSITION: 46 [Query DR] SELECT MAX( VARPT_APInvoiceDetail_V_ID) FROM VARPT_APInvoiceDetail_V
===========>     (SEVERE)   PostgreHelper.ExecuteReader: [44]42P01: relation "varpt_apinvoicedetail_v" does not exist

POSITION: 46 [Query DR] SELECT MAX( VARPT_APInvoiceDetail_V_ID) FROM VARPT_APInvoiceDetail_V
===========>     (SEVERE)   DB.GetSQLValue: [44]SELECT MAX( VARPT_APInvoiceDetail_V_ID) FROM VARPT_APInvoiceDetail_V => 42P01: relation "varpt_apinvoicedetail_v" does not exist

POSITION: 46
===========>     (SEVERE)   DB.ExecuteQuery: [44] => 42P01: sequence "varpt_apinvoicedetail_v_seq" does not exist
----------->     (WARNING)  DB.ExecuteQuery: [44]DBExecuteError - 42P01: sequence "varpt_apinvoicedetail_v_seq" does not exist
===========>     (SEVERE)   DB.ExecuteQuery: [44] => 23505: duplicate key value violates unique constraint "ad_process_access_pkey"

DETAIL: Detail redacted as it may contain sensitive data. Specify 'Include Error Detail' in the connection string to include this information.
----------->     (WARNING)  DB.ExecuteQuery: [44]DBExecuteError - 23505: duplicate key value violates unique constraint "ad_process_access_pkey"

DETAIL: Detail redacted as it may contain sensitive data. Specify 'Include Error Detail' in the connection string to include this information.
----------->     (WARNING)  X_AD_Process_Access.AddWindowToMenu: [44]Not insertedAD_Process_Access
===========>     (SEVERE)   DB.ExecuteQuery: [44] => 23505: duplicate key value violates unique constraint "ad_process_access_pkey"

DETAIL: Detail redacted as it may contain sensitive data. Specify 'Include Error Detail' in the connection string to include this information.
----------->     (WARNING)  DB.ExecuteQuery: [44]DBExecuteError - 23505: duplicate key value violates unique constraint "ad_process_access_pkey"

DETAIL: Detail redacted as it may contain sensitive data. Specify 'Include Error Detail' in the connection string to include this information.
----------->     (WARNING)  X_AD_Process_Access.AddWindowToMenu: [44]Not insertedAD_Process_Access
===========>     (SEVERE)   PostgreHelper.ExecuteReader: [44]42P01: relation "varpt_vendorbalancesummary_v" does not exist

POSITION: 51 [Query DR] SELECT MAX( VARPT_VendorBalanceSummary_v_ID) FROM VARPT_VendorBalanceSummary_v
===========>     (SEVERE)   PostgreHelper.ExecuteReader: [44]42P01: relation "varpt_vendorbalancesummary_v" does not exist

POSITION: 51 [Query DR] SELECT MAX( VARPT_VendorBalanceSummary_v_ID) FROM VARPT_VendorBalanceSummary_v
===========>     (SEVERE)   DB.GetSQLValue: [44]SELECT MAX( VARPT_VendorBalanceSummary_v_ID) FROM VARPT_VendorBalanceSummary_v => 42P01: relation "varpt_vendorbalancesummary_v" does not exist

POSITION: 51
===========>     (SEVERE)   DB.ExecuteQuery: [44] => 42P01: sequence "varpt_vendorbalancesummary_v_seq" does not exist
----------->     (WARNING)  DB.ExecuteQuery: [44]DBExecuteError - 42P01: sequence "varpt_vendorbalancesummary_v_seq" does not exist
===========>     (SEVERE)   DB.ExecuteQuery: [44] => 23505: duplicate key value violates unique constraint "ad_process_access_pkey"

DETAIL: Detail redacted as it may contain sensitive data. Specify 'Include Error Detail' in the connection string to include this information.
----------->     (WARNING)  DB.ExecuteQuery: [44]DBExecuteError - 23505: duplicate key value violates unique constraint "ad_process_access_pkey"

DETAIL: Detail redacted as it may contain sensitive data. Specify 'Include Error Detail' in the connection string to include this information.
----------->     (WARNING)  X_AD_Process_Access.AddWindowToMenu: [44]Not insertedAD_Process_Access
===========>     (SEVERE)   DB.ExecuteQuery: [44] => 23505: duplicate key value violates unique constraint "ad_process_access_pkey"

DETAIL: Detail redacted as it may contain sensitive data. Specify 'Include Error Detail' in the connection string to include this information.
----------->     (WARNING)  DB.ExecuteQuery: [44]DBExecuteError - 23505: duplicate key value violates unique constraint "ad_process_access_pkey"

DETAIL: Detail redacted as it may contain sensitive data. Specify 'Include Error Detail' in the connection string to include this information.
----------->     (WARNING)  X_AD_Process_Access.AddWindowToMenu: [44]Not insertedAD_Process_Access
===========>     (SEVERE)   PostgreHelper.ExecuteReader: [44]42P01: relation "varpt_expectedshipment_v" does not exist

POSITION: 47 [Query DR] SELECT MAX( VARPT_ExpectedShipment_v_ID) FROM VARPT_ExpectedShipment_v
===========>     (SEVERE)   PostgreHelper.ExecuteReader: [44]42P01: relation "varpt_expectedshipment_v" does not exist

POSITION: 47 [Query DR] SELECT MAX( VARPT_ExpectedShipment_v_ID) FROM VARPT_ExpectedShipment_v
===========>     (SEVERE)   DB.GetSQLValue: [44]SELECT MAX( VARPT_ExpectedShipment_v_ID) FROM VARPT_ExpectedShipment_v => 42P01: relation "varpt_expectedshipment_v" does not exist

POSITION: 47
===========>     (SEVERE)   DB.ExecuteQuery: [44] => 23505: duplicate key value violates unique constraint "ad_process_access_pkey"

DETAIL: Detail redacted as it may contain sensitive data. Specify 'Include Error Detail' in the connection string to include this information.
----------->     (WARNING)  DB.ExecuteQuery: [44]DBExecuteError - 23505: duplicate key value violates unique constraint "ad_process_access_pkey"

DETAIL: Detail redacted as it may contain sensitive data. Specify 'Include Error Detail' in the connection string to include this information.
----------->     (WARNING)  X_AD_Process_Access.AddWindowToMenu: [44]Not insertedAD_Process_Access
===========>     (SEVERE)   DB.ExecuteQuery: [44] => 23505: duplicate key value violates unique constraint "ad_process_access_pkey"

DETAIL: Detail redacted as it may contain sensitive data. Specify 'Include Error Detail' in the connection string to include this information.
----------->     (WARNING)  DB.ExecuteQuery: [44]DBExecuteError - 23505: duplicate key value violates unique constraint "ad_process_access_pkey"

DETAIL: Detail redacted as it may contain sensitive data. Specify 'Include Error Detail' in the connection string to include this information.
----------->     (WARNING)  X_AD_Process_Access.AddWindowToMenu: [44]Not insertedAD_Process_Access
===========>     (SEVERE)   PostgreHelper.ExecuteReader: [44]42P01: relation "varpt_vendorbalancedetail_v" does not exist

POSITION: 50 [Query DR] SELECT MAX( VARPT_VendorBalanceDetail_v_ID) FROM VARPT_VendorBalanceDetail_v
===========>     (SEVERE)   PostgreHelper.ExecuteReader: [44]42P01: relation "varpt_vendorbalancedetail_v" does not exist

POSITION: 50 [Query DR] SELECT MAX( VARPT_VendorBalanceDetail_v_ID) FROM VARPT_VendorBalanceDetail_v
===========>     (SEVERE)   DB.GetSQLValue: [44]SELECT MAX( VARPT_VendorBalanceDetail_v_ID) FROM VARPT_VendorBalanceDetail_v => 42P01: relation "varpt_vendorbalancedetail_v" does not exist

POSITION: 50
===========>     (SEVERE)   DB.ExecuteQuery: [44] => 42P01: sequence "varpt_vendorbalancedetail_v_seq" does not exist
----------->     (WARNING)  DB.ExecuteQuery: [44]DBExecuteError - 42P01: sequence "varpt_vendorbalancedetail_v_seq" does not exist
===========>     (SEVERE)   DB.ExecuteQuery: [44] => 23505: duplicate key value violates unique constraint "ad_process_access_pkey"

DETAIL: Detail redacted as it may contain sensitive data. Specify 'Include Error Detail' in the connection string to include this information.
----------->     (WARNING)  DB.ExecuteQuery: [44]DBExecuteError - 23505: duplicate key value violates unique constraint "ad_process_access_pkey"

DETAIL: Detail redacted as it may contain sensitive data. Specify 'Include Error Detail' in the connection string to include this information.
----------->     (WARNING)  X_AD_Process_Access.AddWindowToMenu: [44]Not insertedAD_Process_Access
===========>     (SEVERE)   DB.ExecuteQuery: [44] => 23505: duplicate key value violates unique constraint "ad_process_access_pkey"

DETAIL: Detail redacted as it may contain sensitive data. Specify 'Include Error Detail' in the connection string to include this information.
----------->     (WARNING)  DB.ExecuteQuery: [44]DBExecuteError - 23505: duplicate key value violates unique constraint "ad_process_access_pkey"

DETAIL: Detail redacted as it may contain sensitive data. Specify 'Include Error Detail' in the connection string to include this information.
----------->     (WARNING)  X_AD_Process_Access.AddWindowToMenu: [44]Not insertedAD_Process_Access
===========>     (SEVERE)   PostgreHelper.ExecuteReader: [44]42P01: relation "varpt_vendorledgerrpt_v" does not exist

POSITION: 46 [Query DR] SELECT MAX( VARPT_VendorLedgerRpt_v_ID) FROM VARPT_VendorLedgerRpt_v
===========>     (SEVERE)   PostgreHelper.ExecuteReader: [44]42P01: relation "varpt_vendorledgerrpt_v" does not exist

POSITION: 46 [Query DR] SELECT MAX( VARPT_VendorLedgerRpt_v_ID) FROM VARPT_VendorLedgerRpt_v
===========>     (SEVERE)   DB.GetSQLValue: [44]SELECT MAX( VARPT_VendorLedgerRpt_v_ID) FROM VARPT_VendorLedgerRpt_v => 42P01: relation "varpt_vendorledgerrpt_v" does not exist

POSITION: 46
===========>     (SEVERE)   DB.ExecuteQuery: [44] => 42P01: sequence "varpt_vendorledgerrpt_v_seq" does not exist
----------->     (WARNING)  DB.ExecuteQuery: [44]DBExecuteError - 42P01: sequence "varpt_vendorledgerrpt_v_seq" does not exist
===========>     (SEVERE)   DB.ExecuteQuery: [44] => 23505: duplicate key value violates unique constraint "ad_process_access_pkey"

DETAIL: Detail redacted as it may contain sensitive data. Specify 'Include Error Detail' in the connection string to include this information.
----------->     (WARNING)  DB.ExecuteQuery: [44]DBExecuteError - 23505: duplicate key value violates unique constraint "ad_process_access_pkey"

DETAIL: Detail redacted as it may contain sensitive data. Specify 'Include Error Detail' in the connection string to include this information.
----------->     (WARNING)  X_AD_Process_Access.AddWindowToMenu: [44]Not insertedAD_Process_Access
===========>     (SEVERE)   DB.ExecuteQuery: [44] => 23505: duplicate key value violates unique constraint "ad_process_access_pkey"

DETAIL: Detail redacted as it may contain sensitive data. Specify 'Include Error Detail' in the connection string to include this information.
----------->     (WARNING)  DB.ExecuteQuery: [44]DBExecuteError - 23505: duplicate key value violates unique constraint "ad_process_access_pkey"

DETAIL: Detail redacted as it may contain sensitive data. Specify 'Include Error Detail' in the connection string to include this information.
----------->     (WARNING)  X_AD_Process_Access.AddWindowToMenu: [44]Not insertedAD_Process_Access
===========>     (SEVERE)   DB.ExecuteQuery: [44] => 22001: value too long for type character varying(50)
----------->     (WARNING)  DB.ExecuteQuery: [44]DBExecuteError - 22001: value too long for type character varying(50)
===========>     (SEVERE)   DB.ExecuteQuery: [44] => 22001: value too long for type character varying(50)
----------->     (WARNING)  DB.ExecuteQuery: [44]DBExecuteError - 22001: value too long for type character varying(50)
===========>     (SEVERE)   DB.ExecuteQuery: [44] => 22001: value too long for type character varying(50)
----------->     (WARNING)  DB.ExecuteQuery: [44]DBExecuteError - 22001: value too long for type character varying(50)
===========>     (SEVERE)   PostgreHelper.ExecuteDataset: [44]42703: column a.basedon does not exist

POSITION: 183 [Query D] =>SELECT a.*, r.AD_Table_ID 
                       FROM AD_Alert a
                       INNER JOIN AD_AlertRule r ON (a.AD_Alert_ID = r.AD_Alert_ID)
                       WHERE a.BasedOn='E' AND a.IsActive='Y' AND a.IsValid='Y' 
                         AND r.AD_Table_ID = 103
                       AND a.AD_Client_ID=0 AND COALESCE(a.AD_Org_ID,0)=0 ORDER BY a.AD_Client_ID
11:15:36.153    (INFO)     CacheMgt.Reset: [44]AD_Ref_Table: #1 (3)
11:15:36.153    (INFO)     CacheMgt.Reset: [44]AD_Ref_Table: #1 (0)
===========>     (SEVERE)   DB.ExecuteQuery: [44] => 23505: duplicate key value violates unique constraint "ad_ref_table_pkey"

DETAIL: Detail redacted as it may contain sensitive data. Specify 'Include Error Detail' in the connection string to include this information.
----------->     (WARNING)  DB.ExecuteQuery: [44]DBExecuteError - 23505: duplicate key value violates unique constraint "ad_ref_table_pkey"

DETAIL: Detail redacted as it may contain sensitive data. Specify 'Include Error Detail' in the connection string to include this information.
----------->     (WARNING)  X_AD_Ref_Table.Add_AD_Ref_Tables: [44]Not insertedAD_Ref_Table
11:15:36.153    (INFO)     CacheMgt.Reset: [44]AD_Ref_Table: #1 (0)
11:15:36.153    (INFO)     CacheMgt.Reset: [44]AD_Ref_Table: #1 (0)
===========>     (SEVERE)   DB.ExecuteQuery: [44] => 23505: duplicate key value violates unique constraint "ad_ref_table_pkey"

DETAIL: Detail redacted as it may contain sensitive data. Specify 'Include Error Detail' in the connection string to include this information.
----------->     (WARNING)  DB.ExecuteQuery: [44]DBExecuteError - 23505: duplicate key value violates unique constraint "ad_ref_table_pkey"

DETAIL: Detail redacted as it may contain sensitive data. Specify 'Include Error Detail' in the connection string to include this information.
----------->     (WARNING)  X_AD_Ref_Table.Add_AD_Ref_Tables: [44]Not insertedAD_Ref_Table
11:15:36.153    (INFO)     CacheMgt.Reset: [44]AD_Ref_Table: #1 (0)
11:15:36.153    (INFO)     CacheMgt.Reset: [44]AD_Ref_Table: #1 (0)
11:15:36.153    (INFO)     CacheMgt.Reset: [44]AD_Ref_Table: #1 (0)
11:15:36.153    (INFO)     CacheMgt.Reset: [44]AD_Ref_Table: #1 (0)
11:15:36.153    (INFO)     CacheMgt.Reset: [44]AD_Ref_Table: #1 (0)
11:15:36.153    (INFO)     CacheMgt.Reset: [44]AD_Ref_Table: #1 (0)
11:15:36.153    (INFO)     CacheMgt.Reset: [44]AD_Ref_Table: #1 (0)
11:15:36.153    (INFO)     CacheMgt.Reset: [44]AD_Ref_Table: #1 (0)
11:15:36.153    (INFO)     CacheMgt.Reset: [44]AD_Ref_Table: #1 (0)
11:15:36.153    (INFO)     CacheMgt.Reset: [44]AD_Ref_Table: #1 (0)
11:15:36.153    (INFO)     CacheMgt.Reset: [44]AD_Ref_Table: #1 (0)
11:15:36.153    (INFO)     CacheMgt.Reset: [44]AD_Ref_Table: #1 (0)
11:15:36.153    (INFO)     CacheMgt.Reset: [44]AD_Ref_Table: #1 (0)
===========>     (SEVERE)   DB.ExecuteQuery: [44] => 0A000: cannot alter type of a column used by a view or rule

DETAIL: Detail redacted as it may contain sensitive data. Specify 'Include Error Detail' in the connection string to include this information.
----------->     (WARNING)  DB.ExecuteQuery: [44]DBExecuteError - 0A000: cannot alter type of a column used by a view or rule

DETAIL: Detail redacted as it may contain sensitive data. Specify 'Include Error Detail' in the connection string to include this information.
===========>     (SEVERE)   DB.ExecuteQuery: [44] => 42703: column "y" does not exist

POSITION: 32
----------->     (WARNING)  DB.ExecuteQuery: [44]DBExecuteError - 42703: column "y" does not exist

POSITION: 32
===========>     (SEVERE)   DB.ExecuteQuery: [44] => 0A000: cannot alter type of a column used by a view or rule

DETAIL: Detail redacted as it may contain sensitive data. Specify 'Include Error Detail' in the connection string to include this information.
----------->     (WARNING)  DB.ExecuteQuery: [44]DBExecuteError - 0A000: cannot alter type of a column used by a view or rule

DETAIL: Detail redacted as it may contain sensitive data. Specify 'Include Error Detail' in the connection string to include this information.
===========>     (SEVERE)   DB.ExecuteQuery: [44] => 0A000: cannot alter type of a column used by a view or rule

DETAIL: Detail redacted as it may contain sensitive data. Specify 'Include Error Detail' in the connection string to include this information.
----------->     (WARNING)  DB.ExecuteQuery: [44]DBExecuteError - 0A000: cannot alter type of a column used by a view or rule

DETAIL: Detail redacted as it may contain sensitive data. Specify 'Include Error Detail' in the connection string to include this information.
===========>     (SEVERE)   DB.ExecuteQuery: [44] => 0A000: cannot alter type of a column used by a view or rule

DETAIL: Detail redacted as it may contain sensitive data. Specify 'Include Error Detail' in the connection string to include this information.
----------->     (WARNING)  DB.ExecuteQuery: [44]DBExecuteError - 0A000: cannot alter type of a column used by a view or rule

DETAIL: Detail redacted as it may contain sensitive data. Specify 'Include Error Detail' in the connection string to include this information.
===========>     (SEVERE)   DB.ExecuteQuery: [44] => 0A000: cannot alter type of a column used by a view or rule

DETAIL: Detail redacted as it may contain sensitive data. Specify 'Include Error Detail' in the connection string to include this information.
----------->     (WARNING)  DB.ExecuteQuery: [44]DBExecuteError - 0A000: cannot alter type of a column used by a view or rule

DETAIL: Detail redacted as it may contain sensitive data. Specify 'Include Error Detail' in the connection string to include this information.
===========>     (SEVERE)   DB.ExecuteQuery: [44] => 0A000: cannot alter type of a column used by a view or rule

DETAIL: Detail redacted as it may contain sensitive data. Specify 'Include Error Detail' in the connection string to include this information.
----------->     (WARNING)  DB.ExecuteQuery: [44]DBExecuteError - 0A000: cannot alter type of a column used by a view or rule

DETAIL: Detail redacted as it may contain sensitive data. Specify 'Include Error Detail' in the connection string to include this information.
===========>     (SEVERE)   DB.ExecuteQuery: [44] => 0A000: cannot alter type of a column used by a view or rule

DETAIL: Detail redacted as it may contain sensitive data. Specify 'Include Error Detail' in the connection string to include this information.
----------->     (WARNING)  DB.ExecuteQuery: [44]DBExecuteError - 0A000: cannot alter type of a column used by a view or rule

DETAIL: Detail redacted as it may contain sensitive data. Specify 'Include Error Detail' in the connection string to include this information.
===========>     (SEVERE)   DB.ExecuteQuery: [44] => 0A000: cannot alter type of a column used by a view or rule

DETAIL: Detail redacted as it may contain sensitive data. Specify 'Include Error Detail' in the connection string to include this information.
----------->     (WARNING)  DB.ExecuteQuery: [44]DBExecuteError - 0A000: cannot alter type of a column used by a view or rule

DETAIL: Detail redacted as it may contain sensitive data. Specify 'Include Error Detail' in the connection string to include this information.
===========>     (SEVERE)   DB.ExecuteQuery: [44] => 42703: column "y" does not exist

POSITION: 31
----------->     (WARNING)  DB.ExecuteQuery: [44]DBExecuteError - 42703: column "y" does not exist

POSITION: 31
===========>     (SEVERE)   DB.ExecuteQuery: [44] => 42703: column "y" does not exist

POSITION: 27
----------->     (WARNING)  DB.ExecuteQuery: [44]DBExecuteError - 42703: column "y" does not exist

POSITION: 27
===========>     (SEVERE)   DB.ExecuteQuery: [44] => 0A000: cannot alter type of a column used by a view or rule

DETAIL: Detail redacted as it may contain sensitive data. Specify 'Include Error Detail' in the connection string to include this information.
----------->     (WARNING)  DB.ExecuteQuery: [44]DBExecuteError - 0A000: cannot alter type of a column used by a view or rule

DETAIL: Detail redacted as it may contain sensitive data. Specify 'Include Error Detail' in the connection string to include this information.
===========>     (SEVERE)   DB.ExecuteQuery: [44] => 42601: syntax error at or near "=@"

POSITION: 35
----------->     (WARNING)  DB.ExecuteQuery: [44]DBExecuteError - 42601: syntax error at or near "=@"

POSITION: 35
===========>     (SEVERE)   DB.ExecuteQuery: [44] => 0A000: cannot alter type of a column used by a view or rule

DETAIL: Detail redacted as it may contain sensitive data. Specify 'Include Error Detail' in the connection string to include this information.
----------->     (WARNING)  DB.ExecuteQuery: [44]DBExecuteError - 0A000: cannot alter type of a column used by a view or rule

DETAIL: Detail redacted as it may contain sensitive data. Specify 'Include Error Detail' in the connection string to include this information.
===========>     (SEVERE)   DB.ExecuteQuery: [44] => 42601: syntax error at or near "=@"

POSITION: 32
----------->     (WARNING)  DB.ExecuteQuery: [44]DBExecuteError - 42601: syntax error at or near "=@"

POSITION: 32
===========>     (SEVERE)   DB.ExecuteQuery: [44] => 0A000: cannot alter type of a column used by a view or rule

DETAIL: Detail redacted as it may contain sensitive data. Specify 'Include Error Detail' in the connection string to include this information.
----------->     (WARNING)  DB.ExecuteQuery: [44]DBExecuteError - 0A000: cannot alter type of a column used by a view or rule

DETAIL: Detail redacted as it may contain sensitive data. Specify 'Include Error Detail' in the connection string to include this information.
===========>     (SEVERE)   DB.ExecuteQuery: [44] => 0A000: cannot alter type of a column used by a view or rule

DETAIL: Detail redacted as it may contain sensitive data. Specify 'Include Error Detail' in the connection string to include this information.
----------->     (WARNING)  DB.ExecuteQuery: [44]DBExecuteError - 0A000: cannot alter type of a column used by a view or rule

DETAIL: Detail redacted as it may contain sensitive data. Specify 'Include Error Detail' in the connection string to include this information.
===========>     (SEVERE)   DB.ExecuteQuery: [44] => 0A000: cannot alter type of a column used by a view or rule

DETAIL: Detail redacted as it may contain sensitive data. Specify 'Include Error Detail' in the connection string to include this information.
----------->     (WARNING)  DB.ExecuteQuery: [44]DBExecuteError - 0A000: cannot alter type of a column used by a view or rule

DETAIL: Detail redacted as it may contain sensitive data. Specify 'Include Error Detail' in the connection string to include this information.
===========>     (SEVERE)   DB.ExecuteQuery: [44] => 0A000: cannot alter type of a column used by a view or rule

DETAIL: Detail redacted as it may contain sensitive data. Specify 'Include Error Detail' in the connection string to include this information.
----------->     (WARNING)  DB.ExecuteQuery: [44]DBExecuteError - 0A000: cannot alter type of a column used by a view or rule

DETAIL: Detail redacted as it may contain sensitive data. Specify 'Include Error Detail' in the connection string to include this information.
===========>     (SEVERE)   DB.ExecuteQuery: [44] => 0A000: cannot alter type of a column used by a view or rule

DETAIL: Detail redacted as it may contain sensitive data. Specify 'Include Error Detail' in the connection string to include this information.
----------->     (WARNING)  DB.ExecuteQuery: [44]DBExecuteError - 0A000: cannot alter type of a column used by a view or rule

DETAIL: Detail redacted as it may contain sensitive data. Specify 'Include Error Detail' in the connection string to include this information.
===========>     (SEVERE)   DB.ExecuteQuery: [44] => 0A000: cannot alter type of a column used by a view or rule

DETAIL: Detail redacted as it may contain sensitive data. Specify 'Include Error Detail' in the connection string to include this information.
----------->     (WARNING)  DB.ExecuteQuery: [44]DBExecuteError - 0A000: cannot alter type of a column used by a view or rule

DETAIL: Detail redacted as it may contain sensitive data. Specify 'Include Error Detail' in the connection string to include this information.
===========>     (SEVERE)   DB.ExecuteQuery: [44] => 42601: syntax error at or near "=@#"

POSITION: 36
----------->     (WARNING)  DB.ExecuteQuery: [44]DBExecuteError - 42601: syntax error at or near "=@#"

POSITION: 36
===========>     (SEVERE)   DB.ExecuteQuery: [44] => 0A000: cannot alter type of a column used by a view or rule

DETAIL: Detail redacted as it may contain sensitive data. Specify 'Include Error Detail' in the connection string to include this information.
----------->     (WARNING)  DB.ExecuteQuery: [44]DBExecuteError - 0A000: cannot alter type of a column used by a view or rule

DETAIL: Detail redacted as it may contain sensitive data. Specify 'Include Error Detail' in the connection string to include this information.
===========>     (SEVERE)   DB.ExecuteQuery: [44] => 42703: column "y" does not exist

POSITION: 36
----------->     (WARNING)  DB.ExecuteQuery: [44]DBExecuteError - 42703: column "y" does not exist

POSITION: 36
===========>     (SEVERE)   DB.ExecuteQuery: [44] => 0A000: cannot alter type of a column used by a view or rule

DETAIL: Detail redacted as it may contain sensitive data. Specify 'Include Error Detail' in the connection string to include this information.
----------->     (WARNING)  DB.ExecuteQuery: [44]DBExecuteError - 0A000: cannot alter type of a column used by a view or rule

DETAIL: Detail redacted as it may contain sensitive data. Specify 'Include Error Detail' in the connection string to include this information.
===========>     (SEVERE)   DB.ExecuteQuery: [44] => 42601: syntax error at or near "=@#"

POSITION: 39
----------->     (WARNING)  DB.ExecuteQuery: [44]DBExecuteError - 42601: syntax error at or near "=@#"

POSITION: 39
===========>     (SEVERE)   DB.ExecuteQuery: [44] => 0A000: cannot alter type of a column used by a view or rule

DETAIL: Detail redacted as it may contain sensitive data. Specify 'Include Error Detail' in the connection string to include this information.
----------->     (WARNING)  DB.ExecuteQuery: [44]DBExecuteError - 0A000: cannot alter type of a column used by a view or rule

DETAIL: Detail redacted as it may contain sensitive data. Specify 'Include Error Detail' in the connection string to include this information.
===========>     (SEVERE)   DB.ExecuteQuery: [44] => 0A000: cannot alter type of a column used by a view or rule

DETAIL: Detail redacted as it may contain sensitive data. Specify 'Include Error Detail' in the connection string to include this information.
----------->     (WARNING)  DB.ExecuteQuery: [44]DBExecuteError - 0A000: cannot alter type of a column used by a view or rule

DETAIL: Detail redacted as it may contain sensitive data. Specify 'Include Error Detail' in the connection string to include this information.
===========>     (SEVERE)   DB.ExecuteQuery: [44] => 0A000: cannot alter type of a column used by a view or rule

DETAIL: Detail redacted as it may contain sensitive data. Specify 'Include Error Detail' in the connection string to include this information.
----------->     (WARNING)  DB.ExecuteQuery: [44]DBExecuteError - 0A000: cannot alter type of a column used by a view or rule

DETAIL: Detail redacted as it may contain sensitive data. Specify 'Include Error Detail' in the connection string to include this information.
===========>     (SEVERE)   DB.ExecuteQuery: [44] => 0A000: cannot alter type of a column used by a view or rule

DETAIL: Detail redacted as it may contain sensitive data. Specify 'Include Error Detail' in the connection string to include this information.
----------->     (WARNING)  DB.ExecuteQuery: [44]DBExecuteError - 0A000: cannot alter type of a column used by a view or rule

DETAIL: Detail redacted as it may contain sensitive data. Specify 'Include Error Detail' in the connection string to include this information.
===========>     (SEVERE)   DB.ExecuteQuery: [44] => 42703: column "y" does not exist

POSITION: 34
----------->     (WARNING)  DB.ExecuteQuery: [44]DBExecuteError - 42703: column "y" does not exist

POSITION: 34
===========>     (SEVERE)   DB.ExecuteQuery: [44] => 0A000: cannot alter type of a column used by a view or rule

DETAIL: Detail redacted as it may contain sensitive data. Specify 'Include Error Detail' in the connection string to include this information.
----------->     (WARNING)  DB.ExecuteQuery: [44]DBExecuteError - 0A000: cannot alter type of a column used by a view or rule

DETAIL: Detail redacted as it may contain sensitive data. Specify 'Include Error Detail' in the connection string to include this information.
===========>     (SEVERE)   DB.ExecuteQuery: [44] => 0A000: cannot alter type of a column used by a view or rule

DETAIL: Detail redacted as it may contain sensitive data. Specify 'Include Error Detail' in the connection string to include this information.
----------->     (WARNING)  DB.ExecuteQuery: [44]DBExecuteError - 0A000: cannot alter type of a column used by a view or rule

DETAIL: Detail redacted as it may contain sensitive data. Specify 'Include Error Detail' in the connection string to include this information.
===========>     (SEVERE)   DB.ExecuteQuery: [44] => 42601: syntax error at or near "=@#"

POSITION: 31
----------->     (WARNING)  DB.ExecuteQuery: [44]DBExecuteError - 42601: syntax error at or near "=@#"

POSITION: 31
===========>     (SEVERE)   DB.ExecuteQuery: [44] => 0A000: cannot alter type of a column used by a view or rule

DETAIL: Detail redacted as it may contain sensitive data. Specify 'Include Error Detail' in the connection string to include this information.
----------->     (WARNING)  DB.ExecuteQuery: [44]DBExecuteError - 0A000: cannot alter type of a column used by a view or rule

DETAIL: Detail redacted as it may contain sensitive data. Specify 'Include Error Detail' in the connection string to include this information.
===========>     (SEVERE)   DB.ExecuteQuery: [44] => 0A000: cannot alter type of a column used by a view or rule

DETAIL: Detail redacted as it may contain sensitive data. Specify 'Include Error Detail' in the connection string to include this information.
----------->     (WARNING)  DB.ExecuteQuery: [44]DBExecuteError - 0A000: cannot alter type of a column used by a view or rule

DETAIL: Detail redacted as it may contain sensitive data. Specify 'Include Error Detail' in the connection string to include this information.
===========>     (SEVERE)   DB.ExecuteQuery: [44] => 0A000: cannot alter type of a column used by a view or rule

DETAIL: Detail redacted as it may contain sensitive data. Specify 'Include Error Detail' in the connection string to include this information.
----------->     (WARNING)  DB.ExecuteQuery: [44]DBExecuteError - 0A000: cannot alter type of a column used by a view or rule

DETAIL: Detail redacted as it may contain sensitive data. Specify 'Include Error Detail' in the connection string to include this information.
===========>     (SEVERE)   DB.ExecuteQuery: [44] => 0A000: cannot alter type of a column used by a view or rule

DETAIL: Detail redacted as it may contain sensitive data. Specify 'Include Error Detail' in the connection string to include this information.
----------->     (WARNING)  DB.ExecuteQuery: [44]DBExecuteError - 0A000: cannot alter type of a column used by a view or rule

DETAIL: Detail redacted as it may contain sensitive data. Specify 'Include Error Detail' in the connection string to include this information.
===========>     (SEVERE)   DB.ExecuteQuery: [44] => 42703: column "y" does not exist

POSITION: 28
----------->     (WARNING)  DB.ExecuteQuery: [44]DBExecuteError - 42703: column "y" does not exist

POSITION: 28
===========>     (SEVERE)   DB.ExecuteQuery: [44] => 0A000: cannot alter type of a column used by a view or rule

DETAIL: Detail redacted as it may contain sensitive data. Specify 'Include Error Detail' in the connection string to include this information.
----------->     (WARNING)  DB.ExecuteQuery: [44]DBExecuteError - 0A000: cannot alter type of a column used by a view or rule

DETAIL: Detail redacted as it may contain sensitive data. Specify 'Include Error Detail' in the connection string to include this information.
===========>     (SEVERE)   DB.ExecuteQuery: [44] => 42601: syntax error at or near "=@#"

POSITION: 37
----------->     (WARNING)  DB.ExecuteQuery: [44]DBExecuteError - 42601: syntax error at or near "=@#"

POSITION: 37
===========>     (SEVERE)   DB.ExecuteQuery: [44] => 0A000: cannot alter type of a column used by a view or rule

DETAIL: Detail redacted as it may contain sensitive data. Specify 'Include Error Detail' in the connection string to include this information.
----------->     (WARNING)  DB.ExecuteQuery: [44]DBExecuteError - 0A000: cannot alter type of a column used by a view or rule

DETAIL: Detail redacted as it may contain sensitive data. Specify 'Include Error Detail' in the connection string to include this information.
===========>     (SEVERE)   DB.ExecuteQuery: [44] => 0A000: cannot alter type of a column used by a view or rule

DETAIL: Detail redacted as it may contain sensitive data. Specify 'Include Error Detail' in the connection string to include this information.
----------->     (WARNING)  DB.ExecuteQuery: [44]DBExecuteError - 0A000: cannot alter type of a column used by a view or rule

DETAIL: Detail redacted as it may contain sensitive data. Specify 'Include Error Detail' in the connection string to include this information.
===========>     (SEVERE)   DB.ExecuteQuery: [44] => 42601: syntax error at or near "=@#"

POSITION: 34
----------->     (WARNING)  DB.ExecuteQuery: [44]DBExecuteError - 42601: syntax error at or near "=@#"

POSITION: 34
===========>     (SEVERE)   DB.ExecuteQuery: [44] => 42703: column "y" does not exist

POSITION: 39
----------->     (WARNING)  DB.ExecuteQuery: [44]DBExecuteError - 42703: column "y" does not exist

POSITION: 39
===========>     (SEVERE)   DB.ExecuteQuery: [44] => 0A000: cannot alter type of a column used by a view or rule

DETAIL: Detail redacted as it may contain sensitive data. Specify 'Include Error Detail' in the connection string to include this information.
----------->     (WARNING)  DB.ExecuteQuery: [44]DBExecuteError - 0A000: cannot alter type of a column used by a view or rule

DETAIL: Detail redacted as it may contain sensitive data. Specify 'Include Error Detail' in the connection string to include this information.
===========>     (SEVERE)   DB.ExecuteQuery: [44] => 0A000: cannot alter type of a column used by a view or rule

DETAIL: Detail redacted as it may contain sensitive data. Specify 'Include Error Detail' in the connection string to include this information.
----------->     (WARNING)  DB.ExecuteQuery: [44]DBExecuteError - 0A000: cannot alter type of a column used by a view or rule

DETAIL: Detail redacted as it may contain sensitive data. Specify 'Include Error Detail' in the connection string to include this information.
===========>     (SEVERE)   DB.ExecuteQuery: [44] => 42601: syntax error at or near "=@#"

POSITION: 28
----------->     (WARNING)  DB.ExecuteQuery: [44]DBExecuteError - 42601: syntax error at or near "=@#"

POSITION: 28
===========>     (SEVERE)   DB.ExecuteQuery: [44] => 0A000: cannot alter type of a column used by a view or rule

DETAIL: Detail redacted as it may contain sensitive data. Specify 'Include Error Detail' in the connection string to include this information.
----------->     (WARNING)  DB.ExecuteQuery: [44]DBExecuteError - 0A000: cannot alter type of a column used by a view or rule

DETAIL: Detail redacted as it may contain sensitive data. Specify 'Include Error Detail' in the connection string to include this information.
===========>     (SEVERE)   DB.ExecuteQuery: [44] => 0A000: cannot alter type of a column used by a view or rule

DETAIL: Detail redacted as it may contain sensitive data. Specify 'Include Error Detail' in the connection string to include this information.
----------->     (WARNING)  DB.ExecuteQuery: [44]DBExecuteError - 0A000: cannot alter type of a column used by a view or rule

DETAIL: Detail redacted as it may contain sensitive data. Specify 'Include Error Detail' in the connection string to include this information.
===========>     (SEVERE)   DB.ExecuteQuery: [44] => 42601: syntax error at or near "=@#"

POSITION: 32
----------->     (WARNING)  DB.ExecuteQuery: [44]DBExecuteError - 42601: syntax error at or near "=@#"

POSITION: 32
===========>     (SEVERE)   DB.ExecuteQuery: [44] => 0A000: cannot alter type of a column used by a view or rule

DETAIL: Detail redacted as it may contain sensitive data. Specify 'Include Error Detail' in the connection string to include this information.
----------->     (WARNING)  DB.ExecuteQuery: [44]DBExecuteError - 0A000: cannot alter type of a column used by a view or rule

DETAIL: Detail redacted as it may contain sensitive data. Specify 'Include Error Detail' in the connection string to include this information.
===========>     (SEVERE)   DB.ExecuteQuery: [44] => 0A000: cannot alter type of a column used by a view or rule

DETAIL: Detail redacted as it may contain sensitive data. Specify 'Include Error Detail' in the connection string to include this information.
----------->     (WARNING)  DB.ExecuteQuery: [44]DBExecuteError - 0A000: cannot alter type of a column used by a view or rule

DETAIL: Detail redacted as it may contain sensitive data. Specify 'Include Error Detail' in the connection string to include this information.
===========>     (SEVERE)   DB.ExecuteQuery: [44] => 0A000: cannot alter type of a column used by a view or rule

DETAIL: Detail redacted as it may contain sensitive data. Specify 'Include Error Detail' in the connection string to include this information.
----------->     (WARNING)  DB.ExecuteQuery: [44]DBExecuteError - 0A000: cannot alter type of a column used by a view or rule

DETAIL: Detail redacted as it may contain sensitive data. Specify 'Include Error Detail' in the connection string to include this information.
===========>     (SEVERE)   DB.ExecuteQuery: [44] => 42703: column "y" does not exist

POSITION: 32
----------->     (WARNING)  DB.ExecuteQuery: [44]DBExecuteError - 42703: column "y" does not exist

POSITION: 32
===========>     (SEVERE)   DB.ExecuteQuery: [44] => 0A000: cannot alter type of a column used by a view or rule

DETAIL: Detail redacted as it may contain sensitive data. Specify 'Include Error Detail' in the connection string to include this information.
----------->     (WARNING)  DB.ExecuteQuery: [44]DBExecuteError - 0A000: cannot alter type of a column used by a view or rule

DETAIL: Detail redacted as it may contain sensitive data. Specify 'Include Error Detail' in the connection string to include this information.
===========>     (SEVERE)   DB.ExecuteQuery: [44] => 0A000: cannot alter type of a column used by a view or rule

DETAIL: Detail redacted as it may contain sensitive data. Specify 'Include Error Detail' in the connection string to include this information.
----------->     (WARNING)  DB.ExecuteQuery: [44]DBExecuteError - 0A000: cannot alter type of a column used by a view or rule

DETAIL: Detail redacted as it may contain sensitive data. Specify 'Include Error Detail' in the connection string to include this information.
===========>     (SEVERE)   DB.ExecuteQuery: [44] => 42601: syntax error at or near "=@#"

POSITION: 35
----------->     (WARNING)  DB.ExecuteQuery: [44]DBExecuteError - 42601: syntax error at or near "=@#"

POSITION: 35
===========>     (SEVERE)   DB.ExecuteQuery: [44] => 0A000: cannot alter type of a column used by a view or rule

DETAIL: Detail redacted as it may contain sensitive data. Specify 'Include Error Detail' in the connection string to include this information.
----------->     (WARNING)  DB.ExecuteQuery: [44]DBExecuteError - 0A000: cannot alter type of a column used by a view or rule

DETAIL: Detail redacted as it may contain sensitive data. Specify 'Include Error Detail' in the connection string to include this information.
===========>     (SEVERE)   DB.ExecuteQuery: [44] => 0A000: cannot alter type of a column used by a view or rule

DETAIL: Detail redacted as it may contain sensitive data. Specify 'Include Error Detail' in the connection string to include this information.
----------->     (WARNING)  DB.ExecuteQuery: [44]DBExecuteError - 0A000: cannot alter type of a column used by a view or rule

DETAIL: Detail redacted as it may contain sensitive data. Specify 'Include Error Detail' in the connection string to include this information.
===========>     (SEVERE)   DB.ExecuteQuery: [44] => 0A000: cannot alter type of a column used by a view or rule

DETAIL: Detail redacted as it may contain sensitive data. Specify 'Include Error Detail' in the connection string to include this information.
----------->     (WARNING)  DB.ExecuteQuery: [44]DBExecuteError - 0A000: cannot alter type of a column used by a view or rule

DETAIL: Detail redacted as it may contain sensitive data. Specify 'Include Error Detail' in the connection string to include this information.
===========>     (SEVERE)   DB.ExecuteQuery: [44] => 0A000: cannot alter type of a column used by a view or rule

DETAIL: Detail redacted as it may contain sensitive data. Specify 'Include Error Detail' in the connection string to include this information.
----------->     (WARNING)  DB.ExecuteQuery: [44]DBExecuteError - 0A000: cannot alter type of a column used by a view or rule

DETAIL: Detail redacted as it may contain sensitive data. Specify 'Include Error Detail' in the connection string to include this information.
===========>     (SEVERE)   DB.ExecuteQuery: [44] => 42601: syntax error at or near "=@#"

POSITION: 40
----------->     (WARNING)  DB.ExecuteQuery: [44]DBExecuteError - 42601: syntax error at or near "=@#"

POSITION: 40
===========>     (SEVERE)   DB.ExecuteQuery: [44] => 0A000: cannot alter type of a column used by a view or rule

DETAIL: Detail redacted as it may contain sensitive data. Specify 'Include Error Detail' in the connection string to include this information.
----------->     (WARNING)  DB.ExecuteQuery: [44]DBExecuteError - 0A000: cannot alter type of a column used by a view or rule

DETAIL: Detail redacted as it may contain sensitive data. Specify 'Include Error Detail' in the connection string to include this information.
===========>     (SEVERE)   DB.ExecuteQuery: [44] => 0A000: cannot alter type of a column used by a view or rule

DETAIL: Detail redacted as it may contain sensitive data. Specify 'Include Error Detail' in the connection string to include this information.
----------->     (WARNING)  DB.ExecuteQuery: [44]DBExecuteError - 0A000: cannot alter type of a column used by a view or rule

DETAIL: Detail redacted as it may contain sensitive data. Specify 'Include Error Detail' in the connection string to include this information.
===========>     (SEVERE)   DB.ExecuteQuery: [44] => 42601: syntax error at or near "=@#"

POSITION: 43
----------->     (WARNING)  DB.ExecuteQuery: [44]DBExecuteError - 42601: syntax error at or near "=@#"

POSITION: 43
===========>     (SEVERE)   DB.ExecuteQuery: [44] => 42703: column "y" does not exist

POSITION: 40
----------->     (WARNING)  DB.ExecuteQuery: [44]DBExecuteError - 42703: column "y" does not exist

POSITION: 40
===========>     (SEVERE)   DB.ExecuteQuery: [44] => 0A000: cannot alter type of a column used by a view or rule

DETAIL: Detail redacted as it may contain sensitive data. Specify 'Include Error Detail' in the connection string to include this information.
----------->     (WARNING)  DB.ExecuteQuery: [44]DBExecuteError - 0A000: cannot alter type of a column used by a view or rule

DETAIL: Detail redacted as it may contain sensitive data. Specify 'Include Error Detail' in the connection string to include this information.
===========>     (SEVERE)   DB.ExecuteQuery: [44] => 0A000: cannot alter type of a column used by a view or rule

DETAIL: Detail redacted as it may contain sensitive data. Specify 'Include Error Detail' in the connection string to include this information.
----------->     (WARNING)  DB.ExecuteQuery: [44]DBExecuteError - 0A000: cannot alter type of a column used by a view or rule

DETAIL: Detail redacted as it may contain sensitive data. Specify 'Include Error Detail' in the connection string to include this information.
===========>     (SEVERE)   DB.ExecuteQuery: [44] => 42601: syntax error at or near "AS"

POSITION: 92
----------->     (WARNING)  DB.ExecuteQuery: [44]DBExecuteError - 42601: syntax error at or near "AS"

POSITION: 92
===========>     (SEVERE)   DB.ExecuteQuery: [44] => 42803: aggregate function calls cannot be nested

POSITION: 1324
----------->     (WARNING)  DB.ExecuteQuery: [44]DBExecuteError - 42803: aggregate function calls cannot be nested

POSITION: 1324
===========>     (SEVERE)   DB.ExecuteQuery: [44] => 42601: syntax error at or near "="

POSITION: 824
----------->     (WARNING)  DB.ExecuteQuery: [44]DBExecuteError - 42601: syntax error at or near "="

POSITION: 824
===========>     (SEVERE)   DB.ExecuteQuery: [44] => 42883: function to_char(character varying) does not exist

POSITION: 574
----------->     (WARNING)  DB.ExecuteQuery: [44]DBExecuteError - 42883: function to_char(character varying) does not exist

POSITION: 574
===========>     (SEVERE)   DB.ExecuteQuery: [44] => 42883: function to_char(character varying) does not exist

POSITION: 627
----------->     (WARNING)  DB.ExecuteQuery: [44]DBExecuteError - 42883: function to_char(character varying) does not exist

POSITION: 627
===========>     (SEVERE)   DB.ExecuteQuery: [44] => 42601: syntax error at or near "FORCE"

POSITION: 19
----------->     (WARNING)  DB.ExecuteQuery: [44]DBExecuteError - 42601: syntax error at or near "FORCE"

POSITION: 19
===========>     (SEVERE)   DB.ExecuteQuery: [44] => 42883: function decode(character, unknown, unknown, unknown, unknown, unknown, unknown) does not exist

POSITION: 756
----------->     (WARNING)  DB.ExecuteQuery: [44]DBExecuteError - 42883: function decode(character, unknown, unknown, unknown, unknown, unknown, unknown) does not exist

POSITION: 756
===========>     (SEVERE)   DB.ExecuteQuery: [44] => 42803: column "t.c_currency_id" must appear in the GROUP BY clause or be used in an aggregate function

POSITION: 222
----------->     (WARNING)  DB.ExecuteQuery: [44]DBExecuteError - 42803: column "t.c_currency_id" must appear in the GROUP BY clause or be used in an aggregate function

POSITION: 222
===========>     (SEVERE)   DB.ExecuteQuery: [44] => 42703: column p.vapos_isfresh does not exist

POSITION: 371
----------->     (WARNING)  DB.ExecuteQuery: [44]DBExecuteError - 42703: column p.vapos_isfresh does not exist

POSITION: 371
===========>     (SEVERE)   DB.ExecuteQuery: [44] => 42883: function empty_blob() does not exist

POSITION: 500
----------->     (WARNING)  DB.ExecuteQuery: [44]DBExecuteError - 42883: function empty_blob() does not exist

POSITION: 500
===========>     (SEVERE)   DB.ExecuteQuery: [44] => 42703: column "rownum" does not exist

POSITION: 267
----------->     (WARNING)  DB.ExecuteQuery: [44]DBExecuteError - 42703: column "rownum" does not exist

POSITION: 267
===========>     (SEVERE)   DB.ExecuteQuery: [44] => 42601: syntax error at or near "Force"

POSITION: 19
----------->     (WARNING)  DB.ExecuteQuery: [44]DBExecuteError - 42601: syntax error at or near "Force"

POSITION: 19
===========>     (SEVERE)   DB.ExecuteQuery: [44] => 42601: syntax error at or near "Force"

POSITION: 19
----------->     (WARNING)  DB.ExecuteQuery: [44]DBExecuteError - 42601: syntax error at or near "Force"

POSITION: 19
===========>     (SEVERE)   DB.ExecuteQuery: [44] => 42P16: cannot change name of view column "c_invoicepayschedule_id" to "ad_client_id"
----------->     (WARNING)  DB.ExecuteQuery: [44]DBExecuteError - 42P16: cannot change name of view column "c_invoicepayschedule_id" to "ad_client_id"
11:15:44.154    (INFO)     ConvertSQL.ApplyConvertMap: [44]Exception clause needs to be converted: CREATE OR REPLACE FUNCTION INVOICEOPENASOFDATENEW( p_C_Invoice_ID IN NUMBER, p_C_InvoicePaySchedule_ID IN NUMBER, p_StmtDate IN DATE ) RETURN NUMBER AS v_Currency_ID INTEGER; v_CurrencyType_ID INTEGER; v_TotalOpenAmt NUMBER := 0; v_PaidAmt NUMBER := 0; v_Remaining NUMBER := 0; v_MultiplierAP NUMBER := 0; v_MultiplierCM NUMBER := 0; v_Temp NUMBER := 0; v_paySchedule_ID NUMBER := 0; v_DueAmt NUMBER := 0; V_EXISTS NUMBER := 0; Cur_PaySchedule SYS_REFCURSOR; str VARCHAR(2000); CURSOR Cur_Alloc IS SELECT a.AD_Client_ID, a.AD_Org_ID , al.Amount , al.DiscountAmt , al.WriteOffAmt , a.C_Currency_ID , a.DateTrx FROM C_AllocationLine al INNER JOIN C_AllocationHdr a ON (al.C_AllocationHdr_ID=a.C_AllocationHdr_ID) WHERE al.C_Invoice_ID = p_C_Invoice_ID AND TRUNC(a.DateTrx) <= COALESCE(TRUNC(p_StmtDate), TRUNC(a.DateTrx)) AND a.IsActive ='Y'; CURSOR Cur_ModuleInfo IS SELECT COUNT(c.AD_Column_ID) AS modCount FROM AD_Column c INNER JOIN AD_Table t ON c.AD_Table_ID = t.AD_Table_ID WHERE t.TableName = 'C_InvoicePaySchedule' AND c.ColumnName = 'VA009_IsPaid'; BEGIN BEGIN IF (p_C_InvoicePaySchedule_ID > 0) THEN SELECT MAX(C_Currency_ID), MAX(C_ConversionType_ID), SUM(GrandTotal) , MAX(MultiplierAP) , MAX(Multiplier) INTO v_Currency_ID, v_CurrencyType_ID , v_TotalOpenAmt , v_MultiplierAP , V_MULTIPLIERCM FROM C_Invoice_v_new WHERE C_Invoice_ID = p_C_Invoice_ID AND NVL(C_InvoicePaySchedule_ID,0) = NVL(p_C_InvoicePaySchedule_ID,0); ELSE SELECT MAX(C_Currency_ID), MAX(C_ConversionType_ID), SUM(GrandTotal) , MAX(MultiplierAP) , MAX(Multiplier) INTO v_Currency_ID, v_CurrencyType_ID , v_TotalOpenAmt , v_MultiplierAP , V_MULTIPLIERCM FROM C_Invoice_v_new WHERE C_Invoice_ID = p_C_Invoice_ID; END IF; EXCEPTION WHEN OTHERS THEN DBMS_OUTPUT.PUT_LINE('InvoiceOpen - ' || SQLERRM); RETURN NULL; END; DBMS_OUTPUT.PUT_LINE('== C_Invoice_ID=' || p_C_Invoice_ID || ', Total=' || v_TotalOpenAmt || ', AP=' || v_MultiplierAP || ', CM=' || v_MultiplierCM); FOR m IN Cur_ModuleInfo LOOP V_EXISTS := m.modCount; END LOOP; FOR a IN Cur_Alloc LOOP v_Temp := a.Amount + a.DiscountAmt + a.WriteOffAmt; v_PaidAmt := v_PaidAmt + currencyConvert(v_Temp * v_MultiplierAP, a.C_Currency_ID, v_Currency_ID, a.DateTrx, v_CurrencyType_ID, a.AD_Client_ID, a.AD_Org_ID); DBMS_OUTPUT.PUT_LINE(' PaidAmt=' || v_PaidAmt || ', Allocation=' || v_Temp || ' * ' || v_MultiplierAP); DBMS_OUTPUT.PUT_LINE('InvoicePaySchedule - ' || p_C_InvoicePaySchedule_ID); END LOOP; IF (p_C_InvoicePaySchedule_ID > 0) THEN v_Remaining := v_PaidAmt; IF (V_EXISTS > 0) THEN str := 'SELECT C_InvoicePaySchedule_ID, DueAmt FROM C_InvoicePaySchedule WHERE C_Invoice_ID = :P1 AND IsValid =''Y'' ORDER BY dueDate, VA009_IsPaid DESC,C_InvoicePaySchedule_ID'; ELSE str:= 'SELECT C_InvoicePaySchedule_ID, DueAmt FROM C_InvoicePaySchedule WHERE C_Invoice_ID = :P1 AND IsValid =''Y'' ORDER BY dueDate'; END IF; OPEN Cur_PaySchedule FOR str USING p_C_Invoice_ID; LOOP FETCH Cur_PaySchedule INTO v_paySchedule_ID, v_DueAmt; EXIT WHEN Cur_PaySchedule%NOTFOUND; DBMS_OUTPUT.PUT_LINE('vPaySchedule_ID - ' || v_paySchedule_ID); IF (v_paySchedule_ID = p_C_InvoicePaySchedule_ID) THEN IF (v_DueAmt > 0) THEN IF (v_DueAmt < v_Remaining) THEN v_TotalOpenAmt := 0; ELSE v_TotalOpenAmt := (v_DueAmt*v_MultiplierCM) - v_Remaining; END IF; ELSE IF (v_DueAmt > v_Remaining) THEN v_TotalOpenAmt := 0; ELSE v_TotalOpenAmt := (v_DueAmt*v_MultiplierCM) + v_Remaining; END IF; END IF; DBMS_OUTPUT.PUT_LINE('Sched Total=' || v_TotalOpenAmt || ', Due=' || v_DueAmt || ',Remaining=' || v_Remaining || ',CM=' || v_MultiplierCM); ELSE IF (v_DueAmt > 0) THEN v_Remaining := v_Remaining - v_DueAmt; ELSE v_Remaining := v_Remaining + v_DueAmt; END IF; IF (v_Remaining < 0) THEN v_Remaining := 0; END IF; DBMS_OUTPUT.PUT_LINE('Remaining=' || v_Remaining); END IF; END LOOP; CLOSE Cur_PaySchedule; ELSE v_TotalOpenAmt := v_TotalOpenAmt - v_PaidAmt; END IF; DBMS_OUTPUT.PUT_LINE('== Total=' || v_TotalOpenAmt); v_TotalOpenAmt := currencyRound(v_TotalOpenAmt, v_Currency_ID, NULL); IF (v_paidAmt != 0 AND v_TotalOpenAmt BETWEEN -0.00999 AND 0.00999) THEN v_TotalOpenAmt := 0; END IF; RETURN V_TOTALOPENAMT; END INVOICEOPENASOFDATENEW;
===========>     (SEVERE)   DB.ExecuteQuery: [44] => 42601: syntax error at or near "AS"

POSITION: 150
----------->     (WARNING)  DB.ExecuteQuery: [44]DBExecuteError - 42601: syntax error at or near "AS"

POSITION: 150
===========>     (SEVERE)   DB.ExecuteQuery: [44] => 42601: syntax error at or near "AS"

POSITION: 125
----------->     (WARNING)  DB.ExecuteQuery: [44]DBExecuteError - 42601: syntax error at or near "AS"

POSITION: 125
===========>     (SEVERE)   DB.ExecuteQuery: [44] => 42P16: cannot change data type of view column "description" from character varying to text
----------->     (WARNING)  DB.ExecuteQuery: [44]DBExecuteError - 42P16: cannot change data type of view column "description" from character varying to text
===========>     (SEVERE)   DB.ExecuteQuery: [44] => 42601: syntax error at or near "AS"

POSITION: 111
----------->     (WARNING)  DB.ExecuteQuery: [44]DBExecuteError - 42601: syntax error at or near "AS"

POSITION: 111
===========>     (SEVERE)   DB.ExecuteQuery: [44] => 42P07: relation "t_monetaryitemrevaluation" already exists
----------->     (WARNING)  DB.ExecuteQuery: [44]DBExecuteError - 42P07: relation "t_monetaryitemrevaluation" already exists
11:15:45.154    (INFO)     ConvertSQL.ApplyConvertMap: [44]Exception clause needs to be converted: create or replace PROCEDURE VARPT_MonetaryItemRevaluation( PInstance_ID IN NUMBER ) AS ResultStr VARCHAR2(2000); MESSAGE VARCHAR2(2000); Record_Id NUMBER; P_AD_Client_ID NUMBER :=0; P_C_ACCTSCHEMA_ID INTEGER; P_AD_ORG_ID INTEGER; P_C_BP_GROUP_ID VARCHAR2(2000); P_C_BPARTNER_ID VARCHAR2(2000); P_ENDDATE DATE; P_C_CONVERSIONTYPE_ID INTEGER; P_C_CURRENCY_ID INTEGER; CURSOR Cur_Parameter (PInstance NUMBER) IS SELECT AD_PInstance.ad_client_id, AD_PInstance.RECORD_ID, AD_PINSTANCE_PARA.PARAMETERNAME, AD_PInstance_Para.P_String, AD_PINSTANCE_PARA.P_NUMBER, AD_PInstance_Para.P_DATE FROM AD_PInstance LEFT JOIN AD_PInstance_Para ON AD_PINSTANCE.AD_PINSTANCE_ID =AD_PINSTANCE_PARA.AD_PINSTANCE_ID WHERE AD_PInstance.AD_PInstance_ID=PInstance ORDER BY AD_PINSTANCE_PARA.SEQNO; CURSOR C_OpenTrx(P_C_ACCTSCHEMA_ID NUMBER, P_C_CONVERSIONTYPE_ID NUMBER , P_ENDDATE DATE, P_AD_ORG_ID NUMBER) IS SELECT C_BPARTNER.C_BP_GROUP_ID, C_Invoice.C_Bpartner_Id, C_INVOICE.AD_client_id, C_INVOICE.AD_ORG_ID, C_INVOICE.C_CONVERSIONTYPE_ID, C_INVOICE.c_currency_id, C_INVOICE.C_INVOICE_ID AS RECORD_ID, C_INVOICE.C_DOCTYPETARGET_ID AS C_DOCTYPE_ID, C_INVOICE.DOCUMENTNO , C_Invoice.Dateacct , ( (C_Invoice.Grandtotal - COALESCE (C_Invoice.Va009_Paidamount,0))* ( CASE WHEN C_Doctype.Docbasetype IN ('API', 'ARC') THEN -1 ELSE 1 END)) AS Balance, ( COALESCE(CURRENCYCONVERT((C_INVOICE.GRANDTOTAL - COALESCE (C_INVOICE.VA009_PAIDAMOUNT,0)),C_INVOICE.C_CURRENCY_ID, (SELECT C_ACCTSCHEMA.C_CURRENCY_ID FROM C_ACCTSCHEMA WHERE C_Acctschema.C_Acctschema_Id=P_C_Acctschema_Id ),C_Invoice.Dateacct, C_Invoice.C_Conversiontype_Id,C_Invoice.Ad_Client_Id,C_Invoice.Ad_Org_Id ),0)* ( CASE WHEN C_Doctype.Docbasetype IN ('API', 'ARC') THEN -1 ELSE 1 END)) AS Convertedbalance, (COALESCE( CURRENCYCONVERT((C_INVOICE.GRANDTOTAL - COALESCE (C_INVOICE.VA009_PAIDAMOUNT,0)),C_INVOICE.C_CURRENCY_ID, (SELECT C_ACCTSCHEMA.C_CURRENCY_ID FROM C_ACCTSCHEMA WHERE C_Acctschema.C_Acctschema_Id=P_C_Acctschema_Id ), P_Enddate, P_C_Conversiontype_Id,C_Invoice.Ad_Client_Id,C_Invoice.Ad_Org_Id ),0) * ( CASE WHEN C_Doctype.Docbasetype IN ('API', 'ARC') THEN -1 ELSE 1 END) ) AS CONVERTEDCLOSING FROM C_INVOICE INNER JOIN C_BPARTNER ON C_BPARTNER.C_BPARTNER_ID=C_INVOICE.C_BPARTNER_ID INNER JOIN C_DOCTYPE ON ( C_INVOICE.C_DOCTYPETARGET_ID = C_DOCTYPE.C_DOCTYPE_ID AND C_Invoice.IsExpenseInvoice ='N') AND (C_DOCTYPE.DOCBASETYPE IN ('ARI', 'ARC', 'API', 'APC') ) WHERE ( C_INVOICE.DOCSTATUS IN ('CO', 'CL') AND C_Invoice.Ispaid = 'N' ) AND C_INVOICE.AD_CLIENT_ID =P_AD_CLIENT_ID AND C_INVOICE.AD_Org_ID =P_AD_ORG_ID UNION ALL SELECT C_BPARTNER.C_BP_GROUP_ID, C_PAYMENT.C_Bpartner_Id, C_PAYMENT.AD_client_id, C_PAYMENT.AD_ORG_ID, C_PAYMENT.C_CONVERSIONTYPE_ID, C_PAYMENT.c_currency_id, C_PAYMENT.C_PAYMENT_ID AS RECORD_ID, C_PAYMENT.C_DOCTYPE_ID , C_PAYMENT.Documentno , C_PAYMENT.DATEACCT , (COALESCE(ABS(Allocpaymentavailable(C_Payment.C_Payment_Id)),0) * ( CASE WHEN C_Doctype.Docbasetype = 'ARR' THEN -1 ELSE 1 END)) AS Balance, (COALESCE(Currencyconvert( ABS(Allocpaymentavailable(C_Payment.C_Payment_Id)),C_Payment.C_Currency_Id, (SELECT C_ACCTSCHEMA.C_CURRENCY_ID FROM C_ACCTSCHEMA WHERE C_Acctschema.C_Acctschema_Id=P_C_Acctschema_Id ),C_Payment.Dateacct,C_Payment.C_Conversiontype_Id,C_Payment.Ad_Client_Id,C_Payment.Ad_Org_Id ),0) * ( CASE WHEN C_Doctype.Docbasetype = 'ARR' THEN -1 ELSE 1 END)) AS Convertedbalance, (COALESCE(Currencyconvert( ABS(Allocpaymentavailable(C_Payment.C_Payment_Id)),C_Payment.C_Currency_Id, (SELECT C_ACCTSCHEMA.C_CURRENCY_ID FROM C_ACCTSCHEMA WHERE C_Acctschema.C_Acctschema_Id=P_C_Acctschema_Id ), P_Enddate, P_C_Conversiontype_Id,C_Payment.Ad_Client_Id,C_Payment.Ad_Org_Id ),0) * ( CASE WHEN C_Doctype.Docbasetype = 'ARR' THEN -1 ELSE 1 END)) AS CONVERTEDCLOSING FROM C_PAYMENT INNER JOIN C_BPARTNER ON C_BPARTNER.C_BPARTNER_ID =C_PAYMENT.C_BPARTNER_ID INNER JOIN C_DOCTYPE ON C_DOCTYPE.C_DOCTYPE_ID =C_PAYMENT.C_DOCTYPE_ID WHERE C_PAYMENT.ISACTIVE ='Y' AND C_PAYMENT.DOCSTATUS IN ('CO','CL') AND C_Payment.Isallocated ='N' AND C_Doctype.Docbasetype IN ('ARR','APP') AND C_PAYMENT.AD_CLIENT_ID =P_AD_CLIENT_ID AND C_PAYMENT.AD_Org_ID =P_AD_ORG_ID UNION ALL SELECT C_BPARTNER.C_BP_GROUP_ID, C_CASHLINE.C_Bpartner_Id, C_CASHLINE.AD_client_id, C_CASHLINE.AD_ORG_ID, C_CASHLINE.C_CONVERSIONTYPE_ID, C_CASHLINE.c_currency_id, C_CASHLINE.C_CASHLINE_ID AS RECORD_ID, C_CASH.C_DOCTYPE_ID, C_CASH.Documentno , C_CASH.DATEACCT , ( COALESCE(abs(Alloccashavailable(C_Cashline.C_Cashline_Id)),0)* ( CASE WHEN C_Cashline.Vss_Paymenttype ='R' THEN -1 ELSE 1 END)) AS Balance, (COALESCE(CURRENCYCONVERT( abs(Alloccashavailable(C_Cashline.C_Cashline_Id)),C_CASHLINE.C_CURRENCY_ID, (SELECT C_ACCTSCHEMA.C_CURRENCY_ID FROM C_ACCTSCHEMA WHERE C_Acctschema.C_Acctschema_Id=P_C_Acctschema_Id ),C_Cash.Dateacct,C_Cashline.C_Conversiontype_Id,C_Cashline.Ad_Client_Id,C_Cashline.Ad_Org_Id),0)* ( CASE WHEN C_Cashline.Vss_Paymenttype ='R' THEN -1 ELSE 1 END)) AS Convertedbalance, (COALESCE(CURRENCYCONVERT( abs(Alloccashavailable(C_Cashline.C_Cashline_Id)),C_CASHLINE.C_CURRENCY_ID, (SELECT C_ACCTSCHEMA.C_CURRENCY_ID FROM C_ACCTSCHEMA WHERE C_Acctschema.C_Acctschema_Id=P_C_Acctschema_Id ), P_Enddate, P_C_Conversiontype_Id,C_Cashline.Ad_Client_Id,C_Cashline.Ad_Org_Id),0)* ( CASE WHEN C_Cashline.Vss_Paymenttype ='R' THEN -1 ELSE 1 END)) AS CONVERTEDCLOSING FROM C_CASHLINE INNER JOIN C_CASH ON C_CASH.C_CASH_ID=C_CASHLINE.C_CASH_ID INNER JOIN C_Bpartner ON C_BPARTNER.C_BPARTNER_ID =C_CASHLINE.C_BPARTNER_ID INNER JOIN C_DOCTYPE ON C_DOCTYPE.C_DOCTYPE_ID =C_CASH.C_DOCTYPE_ID WHERE C_CASH.ISACTIVE ='Y' AND C_CASH.DOCSTATUS IN ('CO','CL') AND C_CASHLINE.ISALLOCATED ='N' AND C_Cashline.Cashtype IN ('B','I') AND C_Cashline.Vss_Paymenttype IN ('R','P') AND C_CASH.AD_CLIENT_ID =P_AD_CLIENT_ID AND C_CASH.AD_Org_ID =P_AD_ORG_ID; TYPE T_OpenTrx IS TABLE OF C_OPENTRX%ROWTYPE INDEX BY BINARY_INTEGER; T_OTrx T_OpenTrx; v_trunc VARCHAR2(2000); fetch_size NUMBER := 5000; V_SQL_ERR_CODE VARCHAR2(100); v_sql_err_desc VARCHAR2(2000); BEGIN DELETE FROM T_MONETARYITEMREVALUATION; COMMIT; DBMS_OUTPUT.PUT_LINE('Updating PInstance - Processing ' || PInstance_ID); ResultStr := 'PInstanceNotFound'; UPDATE AD_PInstance SET Created = SysDate, IsProcessing = 'Y' WHERE AD_PInstance_ID=PInstance_ID; COMMIT; ResultStr := 'ReadingParameters'; FOR p IN Cur_Parameter (PInstance_ID) LOOP Record_Id := P.Record_Id; P_AD_Client_ID := P.AD_client_id; IF (P.PARAMETERNAME = 'C_AcctSchema_ID') THEN P_C_ACCTSCHEMA_ID := P.P_NUMBER; DBMS_OUTPUT.PUT_LINE(' P_C_ACCTSCHEMA_ID=' || P_C_ACCTSCHEMA_ID); ELSE IF (P.PARAMETERNAME = 'AD_Org_ID') THEN P_AD_ORG_ID := P.P_NUMBER; Dbms_Output.Put_Line(' P_AD_ORG_ID=' || P_Ad_Org_Id); ELSE IF (P.PARAMETERNAME = 'C_BP_Group_ID') THEN P_C_BP_GROUP_ID := P.P_STRING; DBMS_OUTPUT.PUT_LINE(' P_C_BP_GROUP_ID=' || P_C_BP_GROUP_ID); ELSE IF (P.PARAMETERNAME = 'C_BPartner_ID') THEN P_C_BPARTNER_ID := P.P_STRING; Dbms_Output.Put_Line(' P_C_BPARTNER_ID=' || P_C_BPARTNER_ID); ELSE IF (P.PARAMETERNAME = 'EndDate') THEN P_ENDDATE := P.P_DATE; DBMS_OUTPUT.PUT_LINE(' P_ENDDATE=' || P_ENDDATE); ELSE IF (P.PARAMETERNAME = 'C_ConversionType_ID') THEN P_C_CONVERSIONTYPE_ID := P.p_number; DBMS_OUTPUT.PUT_LINE(' P_C_CONVERSIONTYPE_ID=' || P_C_CONVERSIONTYPE_ID); ELSE IF (P.PARAMETERNAME = 'C_Currency_ID') THEN P_C_CURRENCY_ID := P.P_NUMBER; DBMS_OUTPUT.PUT_LINE(' P_C_CURRENCY_ID=' || P_C_CURRENCY_ID); ELSE DBMS_OUTPUT.PUT_LINE('*** Unknown Parameter=' || P.PARAMETERNAME); END IF; END IF; END IF; END IF; END IF; END IF; END IF; END LOOP; Dbms_Output.Put_Line(' Record_ID=' || Record_Id); RESULTSTR := 'ReadingRecord'; OPEN C_OpenTrx(P_C_ACCTSCHEMA_ID,P_C_CONVERSIONTYPE_ID,P_ENDDATE,P_AD_ORG_ID); LOOP FETCH C_OpenTrx BULK COLLECT INTO T_OTrx limit fetch_size; forall i IN T_OTrx.first..T_OTrx.last INSERT INTO T_MONETARYITEMREVALUATION ( AD_PInstance_ID, C_Acctschema_Id , EndDate , C_CONVERSIONTYPE_ID, C_Currency_Id, AD_ORG_ID , AD_client_id, Record_Id, Documentno, C_Bp_Group_Id, C_Bpartner_Id , C_Doctype_Id , Dateacct , Balance , Convertedbalance, ConvertedClosing ) VALUES ( PINSTANCE_ID , P_C_ACCTSCHEMA_ID, P_ENDDATE, P_C_CONVERSIONTYPE_ID, T_OTrx(I).C_Currency_Id, T_OTrx(I).AD_ORG_ID, T_OTrx(I).AD_client_id, T_OTrx(I).RECORD_ID, T_Otrx(I).Documentno, T_Otrx(I).C_Bp_Group_Id, T_Otrx(I).C_Bpartner_Id , T_Otrx(I).C_Doctype_Id , T_Otrx(I).Dateacct, T_Otrx(I).Balance , T_Otrx(I).Convertedbalance, T_Otrx(I).ConvertedClosing ); COMMIT; EXIT WHEN C_OpenTrx%notfound; END LOOP; CLOSE C_OpenTrx; <<FINISH_PROCESS>> DBMS_OUTPUT.PUT_LINE('Updating PInstance - Finished ' || MESSAGE); UPDATE AD_PInstance SET Updated = SysDate, IsProcessing = 'N' , Result = 1 , ErrorMsg = MESSAGE WHERE AD_PInstance_ID=PInstance_ID; COMMIT; RETURN; EXCEPTION WHEN OTHERS THEN ResultStr := ResultStr || ': ' || SQLERRM || ' - ' || MESSAGE; DBMS_OUTPUT.PUT_LINE(ResultStr); UPDATE AD_PInstance SET Updated = SysDate, IsProcessing = 'N', Result = 0 , ErrorMsg = ResultStr WHERE AD_PInstance_ID=PInstance_ID; COMMIT; RETURN; END VARPT_MonetaryItemRevaluation;
===========>     (SEVERE)   DB.ExecuteQuery: [44] => 42601: syntax error at or near "ResultStr"

POSITION: 88
----------->     (WARNING)  DB.ExecuteQuery: [44]DBExecuteError - 42601: syntax error at or near "ResultStr"

POSITION: 88
===========>     (SEVERE)   DB.ExecuteQuery: [44] => 42P01: relation "va027_postdatedcheck" does not exist

POSITION: 2347
----------->     (WARNING)  DB.ExecuteQuery: [44]DBExecuteError - 42P01: relation "va027_postdatedcheck" does not exist

POSITION: 2347
===========>     (SEVERE)   DB.ExecuteQuery: [44]System.IndexOutOfRangeException: Index was outside the bounds of the array.
   at System.String.get_Chars(Int32 index)
   at VAdvantage.DBPort.ConvertSQL_PostgreSQL.ConvertUpdate(String sqlStatement)
   at VAdvantage.DBPort.ConvertSQL_PostgreSQL.ConvertStatement(String sqlStatement)
   at VAdvantage.DBPort.ConvertSQL.ConvertIt(String sqlStatements)
   at VAdvantage.DBPort.ConvertSQL.Convert(String sqlStatements)
   at VAdvantage.DataBase.DB_PostgreSQL.ConvertStatement(String oraStatement)
   at CoreLibrary.DataBase.DB.ConvertSqlQuery(String sql)
   at VAdvantage.SqlExec.ExecuteQuery.ExecuteNonQuery(String sql, SqlParameter[] arrParam)
   at CoreLibrary.DataBase.DB.ExecuteQuery(String sql, SqlParameter[] param, Trx trx, Boolean ignoreError, Boolean throwError)
===========>     (SEVERE)   DB.ExecuteQuery: [44] => 42P01: relation "va056_t_inventorycountreport" does not exist

POSITION: 92
----------->     (WARNING)  DB.ExecuteQuery: [44]DBExecuteError - 42P01: relation "va056_t_inventorycountreport" does not exist

POSITION: 92
===========>     (SEVERE)   DB.ExecuteQuery: [44] => 42P01: relation "frpt_warehouse_acct" does not exist

POSITION: 4743
----------->     (WARNING)  DB.ExecuteQuery: [44]DBExecuteError - 42P01: relation "frpt_warehouse_acct" does not exist

POSITION: 4743
===========>     (SEVERE)   DB.ExecuteQuery: [44] => 42703: column "ad_headerlayout_id" of relation "ad_table" does not exist

POSITION: 21
----------->     (WARNING)  DB.ExecuteQuery: [44]DBExecuteError - 42703: column "ad_headerlayout_id" of relation "ad_table" does not exist

POSITION: 21
11:15:52.155    (INFO)     ConvertSQL.ApplyConvertMap: [44]Exception clause needs to be converted: create or replace function public.varpt_stockdetailreport(p_ad_pinstance_id integer) returns void language plpgsql as $function$ declare v_ad_client_id INT := 0; v_ad_org_id INT := NULL; resultstr VARCHAR(2000); v_product_id INT := NULL; v_productCategory_id INT := NULL; v_locator_id INT := NULL; v_warehouse_id INT := NULL; p_date DATE; cur_parameter cursor for select ad_pinstance.ad_client_id, ad_pinstance_para.parametername, ad_pinstance_para.p_string, ad_pinstance_para.p_number, ad_pinstance_para.p_date from ad_pinstance left join ad_pinstance_para on ad_pinstance.ad_pinstance_id = ad_pinstance_para.ad_pinstance_id where ad_pinstance.ad_pinstance_id = p_ad_pinstance_id order by ad_pinstance_para.seqno; begin delete from varpt_t_stockdetailreport; update ad_pinstance set created = CURRENT_TIMESTAMP, isprocessing = 'Y' where ad_pinstance_id = p_ad_pinstance_id; raise notice '1'; resultstr := 'ReadingParameters'; for p in cur_parameter loop v_ad_client_id := p.ad_client_id; if ( p.parametername = 'M_Locator_ID' ) then v_locator_id := p.p_number; elsif ( p.parametername = 'M_Warehouse_ID' ) then v_warehouse_id := p.p_number; elsif ( p.parametername = 'M_Product_ID' ) then v_product_id := p.p_number; elsif ( p.parametername = 'AD_Org_ID' ) then v_ad_org_id := p.p_number; elsif ( p.parametername = 'AsOnDate' ) then p_date := p.p_date; elsif ( p.parametername = 'M_Product_Category_ID' ) then v_productCategory_id := p.p_number; else raise notice 'Unknown Parameter: %', p.parametername; end if; end loop; raise notice '2'; resultstr := 'ReadingRecord'; insert into varpt_t_stockdetailreport ( ad_pinstance_id, AD_CLIENT_ID, AD_ORG_ID, M_WAREHOUSE_ID, M_LOCATOR_ID, M_PRODUCT_ID, M_ATTRIBUTESETINSTANCE_ID, MOVEMENTDATE, CURRENTQTY, RN, ORG, WAREHOUSE, locator, PRODUCT ) with currentstock as ( select m_transaction.ad_client_id, m_locator.ad_org_id, m_locator.m_warehouse_id, m_transaction.m_locator_id, m_transaction.m_product_id, m_transaction.m_attributesetinstance_id, m_transaction.movementdate, m_transaction.currentqty, row_number() over(partition by m_transaction.ad_client_id, m_locator.ad_org_id, m_locator.m_warehouse_id, m_transaction.m_locator_id, m_transaction.m_product_id, m_transaction.m_attributesetinstance_id order by m_transaction.movementdate desc, m_transaction.m_transaction_id desc ) as rn from m_transaction inner join m_locator on m_transaction.m_locator_id = m_locator.m_locator_id inner join M_product on m_transaction.M_product_id = M_product.M_product_ID where m_transaction.movementdate <= p_date and m_locator.ad_org_id = coalesce(v_ad_org_id, m_locator.ad_org_id) /*and m_locator.m_warehouse_id = coalesce(v_warehouse_id, m_locator.m_warehouse_id) and m_transaction.m_locator_id = coalesce(v_locator_id, m_transaction.m_locator_id) and m_transaction.m_product_id = coalesce(v_product_id, m_transaction.m_product_id) and M_product.m_product_category_id = coalesce(v_productCategory_id, M_product.m_product_category_id)*/ ) select p_ad_pinstance_id as ad_pinstance_id, currentstock.ad_client_id, currentstock.ad_org_id, currentstock.m_warehouse_id, currentstock.m_locator_id, currentstock.m_product_id, currentstock.m_attributesetinstance_id, currentstock.movementdate, currentstock.currentqty, currentstock.rn, ad_org.name as org, m_warehouse.name as warehouse, m_locator.value as locator, m_product.name as product from currentstock inner join ad_org on currentstock.ad_org_id = ad_org.ad_org_id inner join m_warehouse on currentstock.m_warehouse_id = m_warehouse.m_warehouse_id inner join m_product on m_product.m_product_id = currentstock.m_product_id and m_product.ad_client_id = currentstock.ad_client_id inner join m_locator on currentstock.m_locator_id = m_locator.m_locator_id where currentstock.rn = 1; raise notice '3'; resultstr := 'Done'; update ad_pinstance set updated = CURRENT_TIMESTAMP, isprocessing = 'N', result = 1, errormsg = resultstr where ad_pinstance_id = p_ad_pinstance_id; exception when others then resultstr := resultstr || ': ' || sqlerrm; raise notice '%', resultstr; update ad_pinstance set updated = CURRENT_TIMESTAMP, isprocessing = 'N', result = 0, errormsg = resultstr where ad_pinstance_id = p_ad_pinstance_id; end; $function$ ;
11:15:57.155    (INFO)     ConvertSQL.ApplyConvertMap: [44]Exception clause needs to be converted: create or replace function varpt_stkdetrpt_proc(p_ad_pinstance_id INTEGER) returns VOID as $$ declare v_ad_client_id INTEGER := 0; v_ad_org_id VARCHAR := '0'; v_warehouse_id VARCHAR := '0'; v_locator_id VARCHAR := '0'; v_productcategory_id VARCHAR := '0'; v_product_id VARCHAR := '0'; p_movementdate DATE; resultstr VARCHAR := '0'; t_limit INTEGER := 5000; t_stktrx RECORD; rec RECORD; begin execute 'TRUNCATE TABLE VARPT_StockDetailsReport_T'; update ad_pinstance set created = CURRENT_TIMESTAMP, isprocessing = 'Y' where ad_pinstance_id = p_ad_pinstance_id; for rec in select ad_pinstance_para.ad_client_id, parametername, p_string, p_number, p_date from ad_pinstance left join ad_pinstance_para on ad_pinstance.ad_pinstance_id = ad_pinstance_para.ad_pinstance_id where ad_pinstance.ad_pinstance_id = p_ad_pinstance_id order by ad_pinstance_para.seqno loop v_ad_client_id := rec.ad_client_id; case rec.parametername when 'AD_Org_ID' then v_ad_org_id := coalesce(rec.p_string, rec.p_number::VARCHAR); when 'M_Warehouse_ID' then v_warehouse_id := coalesce(rec.p_string, rec.p_number::VARCHAR); when 'M_Locator_ID' then v_locator_id := coalesce(rec.p_string, rec.p_number::VARCHAR); when 'M_Product_Category_ID' then v_productcategory_id := coalesce(rec.p_string, rec.p_number::VARCHAR); when 'M_Product_ID' then v_product_id := coalesce(rec.p_string, rec.p_number::VARCHAR); when 'MovementDate' then p_movementdate := rec.p_date; else raise notice 'Unknown Parameter=%', rec.parametername; end case; end loop; execute 'TRUNCATE TABLE VARPT_StockDetailsReport_Para_T'; insert into varpt_stockdetailsreport_para_t (ad_pinstance_id, parametername, value) select p_ad_pinstance_id, 'v_ad_org_id', unnest(string_to_array(v_ad_org_id, ',')::INTEGER[]) union all select p_ad_pinstance_id, 'v_warehouse_id', unnest(string_to_array(v_warehouse_id, ',')::INTEGER[]) union all select p_ad_pinstance_id, 'v_locator_id', unnest(string_to_array(v_locator_id, ',')::INTEGER[]) union all select p_ad_pinstance_id, 'v_productcategory_id', unnest(string_to_array(v_productcategory_id, ',')::INTEGER[]) union all select p_ad_pinstance_id, 'v_product_id', unnest(string_to_array(v_product_id, ',')::INTEGER[]); for t_stktrx in select p_ad_pinstance_id as ad_pinstance_id, ad_org.name as organization, m_warehouse.name as warehouse, m_locator.value as locator, m_product.name as product, SUM(currentstock.currentqty) as currentqty, ad_org.ad_org_id, m_product.ad_client_id, m_warehouse.m_warehouse_id, m_locator.m_locator_id, m_product_category.m_product_category_id, m_product.m_product_id, p_movementdate, currentstock.movementdate, currentstock.m_transaction_id as varpt_stockdetailsreport_t_id from m_product inner join ( with currentstock as ( select * from ( select m_transaction.currentqty,m_transaction.ad_org_id,m_transaction.M_Locator_ID,m_transaction.movementdate, m_transaction.M_Product_ID,m_locator.m_warehouse_id,m_transaction.m_attributesetinstance_id, m_transaction.ad_client_id,m_transaction.m_transaction_id,ROW_NUMBER() OVER (PARTITION BY m_transaction.M_Locator_ID ,m_transaction.M_Product_ID ORDER BY m_transaction.movementdate DESC)  rn from m_transaction inner join m_locator on m_transaction.m_locator_id = m_locator.m_locator_id group by m_transaction.M_Product_ID,m_transaction.ad_org_id,m_transaction.M_Locator_ID, m_transaction.movementdate,m_transaction.currentqty,m_locator.m_warehouse_id, m_transaction.m_attributesetinstance_id,m_transaction.ad_client_id, m_transaction.m_transaction_id order by m_transaction.movementdate desc )M where rn=1 ) select currentstock.ad_client_id, currentstock.ad_org_id, currentstock.m_warehouse_id, currentstock.m_locator_id, currentstock.m_product_id, currentstock.m_attributesetinstance_id, currentstock.movementdate, currentstock.currentqty, currentstock.m_transaction_id from currentstock ) currentstock on m_product.m_product_id = currentstock.m_product_id and m_product.ad_client_id = currentstock.ad_client_id inner join ad_org on currentstock.ad_org_id = ad_org.ad_org_id inner join m_locator on currentstock.m_locator_id = m_locator.m_locator_id inner join m_product_category on m_product.m_product_category_id = m_product_category.m_product_category_id inner join m_warehouse on currentstock.m_warehouse_id = m_warehouse.m_warehouse_id where m_product.isactive = 'Y' and currentstock.movementdate <= coalesce(p_movementdate, CURRENT_DATE) and ( v_ad_org_id = '0' or ad_org.ad_org_id in ( select value from varpt_stockdetailsreport_para_t where ad_pinstance_id = p_ad_pinstance_id and parametername = 'v_ad_org_id' ) ) and ( v_warehouse_id = '0' or m_warehouse.m_warehouse_id in ( select value from varpt_stockdetailsreport_para_t where ad_pinstance_id = p_ad_pinstance_id and parametername = 'v_warehouse_id' ) ) and ( v_locator_id = '0' or m_locator.m_locator_id in ( select value from varpt_stockdetailsreport_para_t where ad_pinstance_id = p_ad_pinstance_id and parametername = 'v_locator_id' ) ) and ( v_productcategory_id = '0' or m_product_category.m_product_category_id in ( select value from varpt_stockdetailsreport_para_t where ad_pinstance_id = p_ad_pinstance_id and parametername = 'v_productcategory_id' ) ) and ( v_product_id = '0' or m_product.m_product_id in ( select value from varpt_stockdetailsreport_para_t where ad_pinstance_id = p_ad_pinstance_id and parametername = 'v_product_id' ) ) group by p_ad_pinstance_id, ad_org.name, m_locator.value, m_warehouse.name, m_product.name, ad_org.ad_org_id, m_product.ad_client_id, m_warehouse.m_warehouse_id, m_locator.m_locator_id, m_product_category.m_product_category_id, m_product.m_product_id, p_movementdate, currentstock.movementdate, currentstock.m_transaction_id order by m_product.m_product_id loop insert into varpt_stockdetailsreport_t ( ad_pinstance_id, organization, warehouse, locator, product, currentqty, ad_org_id, ad_client_id, m_warehouse_id, m_locator_id, m_product_category_id, m_product_id, movementdate, stockmovementdate, varpt_stockdetailsreport_t_id ) values ( t_stktrx.ad_pinstance_id, t_stktrx.organization, t_stktrx.warehouse, t_stktrx.locator, t_stktrx.product, t_stktrx.currentqty, t_stktrx.ad_org_id, t_stktrx.ad_client_id, t_stktrx.m_warehouse_id, t_stktrx.m_locator_id, t_stktrx.m_product_category_id, t_stktrx.m_product_id, t_stktrx.p_movementdate, t_stktrx.movementdate, t_stktrx.varpt_stockdetailsreport_t_id ); end loop; update ad_pinstance set updated = CURRENT_TIMESTAMP, isprocessing = 'N', result = 1, errormsg = 'Done' where ad_pinstance_id = p_ad_pinstance_id; exception when others then resultstr := 'Error: ' || sqlerrm; raise notice '%', resultstr; update ad_pinstance set updated = CURRENT_TIMESTAMP, isprocessing = 'N', result = 0, errormsg = resultstr where ad_pinstance_id = p_ad_pinstance_id; end; $$ language plpgsql;
11:15:57.155    (INFO)     ConvertSQL.ApplyConvertMap: [44]Exception clause needs to be converted: create or replace function varpt_stockageing1(pinstance_id Integer) returns VOID language plpgsql as $$ declare p_m_product_id INTEGER := 0; p_ad_org_id INTEGER := 0; p_m_locator_id INTEGER := 0; v_count INTEGER := 0; p_m_product_category_id INTEGER := 0; p_mmpolicy_id varchar(1); v_vft RECORD; v_vfo RECORD; r_stock RECORD; param record; begin truncate table varpt_stockagingreport_t; truncate table varpt_stockagingout_t; for param in select i.record_id, p.parametername, p.p_string, p.p_number, p.p_date, p.p_date_to from ad_pinstance i left join ad_pinstance_para p on i.ad_pinstance_id = p.ad_pinstance_id where i.ad_pinstance_id = pinstance_id order by p.seqno loop if param.parametername = 'AD_Org_ID' then p_ad_org_id := param.p_number::INTEGER; elsif param.parametername = 'M_Product_ID' then p_m_product_id := param.p_number::INTEGER; elsif param.parametername = 'M_Locator_ID' then p_m_locator_id := param.p_number::INTEGER; elsif param.parametername = 'M_Product_Category_ID' then p_m_product_category_id := param.p_number::INTEGER; end if; end loop; SELECT COUNT(mmpolicy) INTO v_count FROM M_Product_Category WHERE M_Product_Category_id = p_m_product_category_id; IF v_count >0 then SELECT mmpolicy INTO p_mmpolicy_id  FROM M_Product_Category WHERE M_Product_Category_id = p_m_product_category_id; elsif v_count =0 then SELECT mmpolicy INTO p_mmpolicy_id  FROM M_Product_Category inner join m_product on M_Product_Category.M_Product_Category_id = m_product.m_product_category_id; end if; raise notice 'p_mmpolicy_id= %', p_mmpolicy_id; raise notice 'v_count= %', v_count; raise notice 'p_m_product_category_id= %', p_m_product_category_id; for v_vft in select L1.organization, L1.locator, L1.product, L1.attribut, L1.ad_org_id, L1.ad_client_id, L1.m_product_id, L1.m_locator_id, L1.m_attributesetinstance_id, L1.m_warehouse_id, L1.m_product_category_id, SUM(L1.age_0) as bucket_0, SUM(L1.age_1_30) as bucket_1to30, SUM(L1.age_31_60) as bucket_31to60, SUM(L1.age_61_90) as bucket_61to90, SUM(L1.age_91_120) as bucket_91to120 from ( select ad_org.name as organization, ad_org.ad_org_id, m_transaction.ad_client_id, m_product.m_product_id, m_warehouse.value || '_' || m_locator.value as locator, m_product.name as product, m_transaction.movementqty, m_transaction.movementdate, movementtype.name as movementtype, m_attributesetinstance.description as attribut, case when extract(day from CURRENT_DATE - m_transaction.movementdate) <= 30 then m_transaction.movementqty else 0 end as age_0, case when extract(day from CURRENT_DATE - m_transaction.movementdate) between 31 and 60 then m_transaction.movementqty else 0 end as age_1_30, case when extract(day from CURRENT_DATE - m_transaction.movementdate) between 61 and 90 then m_transaction.movementqty else 0 end as age_31_60, case when extract(day from CURRENT_DATE - m_transaction.movementdate) between 91 and 120 then m_transaction.movementqty else 0 end as age_61_90, case when extract(day from CURRENT_DATE - m_transaction.movementdate) > 120 then m_transaction.movementqty else 0 end as age_91_120, m_locator.m_locator_id, m_transaction.m_attributesetinstance_id, m_locator.m_warehouse_id, m_product_category.m_product_category_id from m_transaction inner join ad_org on ad_org.ad_org_id = m_transaction.ad_org_id left join m_locator on m_transaction.m_locator_id = m_locator.m_locator_id left join m_warehouse on m_locator.m_warehouse_id = m_warehouse.m_warehouse_id left join m_product on m_transaction.m_product_id = m_product.m_product_id left join m_product_category on m_product.m_product_category_id = m_product_category.m_product_category_id left join m_attributesetinstance on m_transaction.m_attributesetinstance_id = m_attributesetinstance.m_attributesetinstance_id left join ( select ad_ref_list.value, ad_ref_list.name from ad_reference inner join ad_ref_list on ad_reference.ad_reference_id = ad_ref_list.ad_reference_id where ad_reference.name = 'M_Transaction Movement Type' and ad_reference.isactive = 'Y' and ad_ref_list.isactive = 'Y' ) movementtype on movementtype.value = m_transaction.movementtype where m_transaction.isactive = 'Y' and m_transaction.movementtype like '%+%' ) L1 group by organization, locator, product, attribut, ad_org_id, ad_client_id, m_product_id, m_locator_id, m_attributesetinstance_id, m_warehouse_id, m_product_category_id loop insert into varpt_stockagingreport_t ( ad_pinstance_id, organization, locator, product, attribut, ad_org_id, ad_client_id, m_product_id, bucket_0, bucket_1to30, bucket_31to60, bucket_61to90, bucket_91to120, m_locator_id, m_attributesetinstance_id, m_warehouse_id, m_product_category_id ) values ( pinstance_id, v_vft.organization, v_vft.locator, v_vft.product, v_vft.attribut, v_vft.ad_org_id, v_vft.ad_client_id, v_vft.m_product_id, v_vft.bucket_0, v_vft.bucket_1to30, v_vft.bucket_31to60, v_vft.bucket_61to90, v_vft.bucket_91to120, v_vft.m_locator_id, v_vft.m_attributesetinstance_id, v_vft.m_warehouse_id, v_vft.m_product_category_id ); end loop; for v_vfo in select L2.organization, L2.locator, L2.product, L2.attribut, L2.ad_org_id, L2.ad_client_id, L2.m_product_id, L2.m_locator_id, L2.m_attributesetinstance_id, L2.m_warehouse_id, L2.m_product_category_id, SUM(L2.age_0) as bucket_0, SUM(L2.age_1_30) as bucket_1to30, SUM(L2.age_31_60) as bucket_31to60, SUM(L2.age_61_90) as bucket_61to90, SUM(L2.age_91_120) as bucket_91to120 from ( select ad_org.name as organization, ad_org.ad_org_id, m_transaction.ad_client_id, m_product.m_product_id, m_warehouse.value || '_' || m_locator.value as locator, m_product.name as product, m_transaction.movementqty, m_transaction.movementdate, movementtype.name as movementtype, m_attributesetinstance.description as attribut, case when extract(day from CURRENT_DATE - m_transaction.movementdate) <= 30 then m_transaction.movementqty else 0 end as age_0, case when extract(day from CURRENT_DATE - m_transaction.movementdate) between 31 and 60 then m_transaction.movementqty else 0 end as age_1_30, case when extract(day from CURRENT_DATE - m_transaction.movementdate) between 61 and 90 then m_transaction.movementqty else 0 end as age_31_60, case when extract(day from CURRENT_DATE - m_transaction.movementdate) between 91 and 120 then m_transaction.movementqty else 0 end as age_61_90, case when extract(day from CURRENT_DATE - m_transaction.movementdate) > 120 then m_transaction.movementqty else 0 end as age_91_120, m_locator.m_locator_id, m_transaction.m_attributesetinstance_id, m_locator.m_warehouse_id, m_product_category.m_product_category_id from m_transaction inner join ad_org on ad_org.ad_org_id = m_transaction.ad_org_id left join m_locator on m_transaction.m_locator_id = m_locator.m_locator_id left join m_warehouse on m_locator.m_warehouse_id = m_warehouse.m_warehouse_id left join m_product on m_transaction.m_product_id = m_product.m_product_id left join m_product_category on m_product.m_product_category_id = m_product_category.m_product_category_id left join m_attributesetinstance on m_transaction.m_attributesetinstance_id = m_attributesetinstance.m_attributesetinstance_id left join ( select ad_ref_list.value, ad_ref_list.name from ad_reference inner join ad_ref_list on ad_reference.ad_reference_id = ad_ref_list.ad_reference_id where ad_reference.name = 'M_Transaction Movement Type' and ad_reference.isactive = 'Y' and ad_ref_list.isactive = 'Y' ) movementtype on movementtype.value = m_transaction.movementtype where m_transaction.isactive = 'Y' and m_transaction.movementtype like '%-%' ) L2 group by organization, locator, product, attribut, ad_org_id, ad_client_id, m_product_id, m_locator_id, m_attributesetinstance_id, m_warehouse_id, m_product_category_id loop insert into varpt_stockagingout_t ( ad_pinstance_id, organization, locator, product, attribut, ad_org_id, ad_client_id, m_product_id, bucket_0, bucket_1to30, bucket_31to60, bucket_61to90, bucket_91to120, m_locator_id, m_attributesetinstance_id, m_warehouse_id, m_product_category_id ) values ( pinstance_id, v_vfo.organization, v_vfo.locator, v_vfo.product, v_vfo.attribut, v_vfo.ad_org_id, v_vfo.ad_client_id, v_vfo.m_product_id, v_vfo.bucket_0, v_vfo.bucket_1to30, v_vfo.bucket_31to60, v_vfo.bucket_61to90, v_vfo.bucket_91to120, v_vfo.m_locator_id, v_vfo.m_attributesetinstance_id, v_vfo.m_warehouse_id, v_vfo.m_product_category_id ); end loop; IF p_mmpolicy_id='F' Then for r_stock in select * from varpt_stockagingreport_t loop perform varpt_stockageingcases( r_stock.m_product_id, r_stock.m_locator_id, r_stock.ad_org_id, r_stock.m_attributesetinstance_id, r_stock.m_warehouse_id, r_stock.m_product_category_id ); end loop; else IF p_mmpolicy_id='L' then for r_stock in select * from varpt_stockagingreport_t loop perform varpt_stockageingcaseslifo( r_stock.m_product_id, r_stock.m_locator_id, r_stock.ad_org_id, r_stock.m_attributesetinstance_id, r_stock.m_warehouse_id, r_stock.m_product_category_id ); end loop; End IF; End IF; exception when others then raise notice 'Error in varpt_stockageing: %', sqlerrm; end; $$;
11:15:57.155    (INFO)     ConvertSQL.ApplyConvertMap: [44]Exception clause needs to be converted: create or replace function varpt_stockageingcases( p_m_product_id bigint, p_m_locator_id bigint, p_ad_org_id bigint, p_m_attributesetinstance_id bigint, p_m_warehouse_id bigint, p_m_product_category_id bigint ) returns void as $$ declare i varpt_stockagingreport_t%ROWTYPE; j varpt_stockagingout_t%ROWTYPE; v_in_bucket_0 numeric(10, 2); v_in_bucket_1to30 numeric(10, 2); v_in_bucket_31to60 numeric(10, 2); v_in_bucket_61to90 numeric(10, 2); v_in_bucket_91to120 numeric(10, 2); v_out_bucket_0 numeric(10, 2); v_out_bucket_1to30 numeric(10, 2); v_out_bucket_31to60 numeric(10, 2); v_out_bucket_61to90 numeric(10, 2); v_out_bucket_91to120 numeric(10, 2); v_in_bucket_91to120_t numeric(10, 2); v_in_bucket_61to90_t numeric(10, 2); v_in_bucket_0_t numeric(10, 2); v_in_bucket_1to30_t numeric(10, 2); v_in_bucket_31to60_t numeric(10, 2); begin for j in select * from varpt_stockagingout_t where m_product_id = p_m_product_id and m_locator_id = p_m_locator_id and ad_org_id = p_ad_org_id and m_attributesetinstance_id = p_m_attributesetinstance_id and m_warehouse_id = p_m_warehouse_id and m_product_category_id = p_m_product_category_id loop v_out_bucket_1to30 := j.bucket_1to30; v_out_bucket_31to60 := j.bucket_31to60; v_out_bucket_61to90 := j.bucket_61to90; v_out_bucket_91to120 := j.bucket_91to120; v_out_bucket_0 := j.bucket_0; if j.bucket_91to120 < 0 then for i in select * from varpt_stockagingreport_t where m_product_id = p_m_product_id and m_locator_id = p_m_locator_id and ad_org_id = p_ad_org_id and m_attributesetinstance_id = p_m_attributesetinstance_id and m_warehouse_id = p_m_warehouse_id and m_product_category_id = p_m_product_category_id loop v_in_bucket_1to30 := i.bucket_1to30; v_in_bucket_31to60 := i.bucket_31to60; v_in_bucket_61to90 := i.bucket_61to90; v_in_bucket_91to120 := i.bucket_91to120; v_in_bucket_0 := i.bucket_0; raise notice 'v_Out_Bucket_91To120 From Cursor %', v_out_bucket_91to120; if i.bucket_91to120 >= 0 then v_in_bucket_91to120_t := v_in_bucket_91to120; raise notice 'v_in_bucket_91to120 From Cursor %', v_in_bucket_91to120; update varpt_stockagingreport_t set bucket_91to120 = case when v_in_bucket_91to120 >= abs(v_out_bucket_91to120) then v_in_bucket_91to120 + v_out_bucket_91to120 when v_in_bucket_91to120 < abs(v_out_bucket_91to120) then v_in_bucket_91to120 - ( ( v_in_bucket_91to120 + v_out_bucket_91to120 ) + abs(v_out_bucket_91to120) ) end where m_product_id = p_m_product_id and m_locator_id = p_m_locator_id and ad_org_id = p_ad_org_id and m_attributesetinstance_id = p_m_attributesetinstance_id and m_warehouse_id = p_m_warehouse_id and m_product_category_id = p_m_product_category_id; update varpt_stockagingout_t set bucket_91to120 = case when v_in_bucket_91to120 > abs(v_out_bucket_91to120) then ( v_in_bucket_91to120 + v_out_bucket_91to120 ) + ( ( v_out_bucket_91to120 + v_in_bucket_91to120 ) * - 1 ) when v_in_bucket_91to120 <= abs(v_out_bucket_91to120) then v_in_bucket_91to120 + v_out_bucket_91to120 end where m_product_id = p_m_product_id and m_locator_id = p_m_locator_id and ad_org_id = p_ad_org_id and m_attributesetinstance_id = p_m_attributesetinstance_id and m_warehouse_id = p_m_warehouse_id and m_product_category_id = p_m_product_category_id; v_in_bucket_91to120 := case when v_in_bucket_91to120 >= abs(v_out_bucket_91to120) then v_in_bucket_91to120 + v_out_bucket_91to120 when v_in_bucket_91to120 < abs(v_out_bucket_91to120) then v_in_bucket_91to120 - ( ( v_in_bucket_91to120 + v_out_bucket_91to120 ) + abs(v_out_bucket_91to120) ) end; v_out_bucket_91to120 := case when v_in_bucket_91to120_t > abs(v_out_bucket_91to120) then ( v_in_bucket_91to120_t + v_out_bucket_91to120 ) + ( ( v_out_bucket_91to120 + v_in_bucket_91to120_t ) * - 1 ) when v_in_bucket_91to120_t <= abs(v_out_bucket_91to120) then v_in_bucket_91to120_t + v_out_bucket_91to120 end; raise notice '2. v_Out_Bucket_91To120 %', v_out_bucket_91to120; raise notice '2. V_In_bucket_91To120 %', v_in_bucket_91to120; end if; if i.bucket_61to90 >= 0 then v_in_bucket_61to90_t := v_in_bucket_61to90; update varpt_stockagingreport_t set bucket_61to90 = case when v_in_bucket_61to90 >= abs(v_out_bucket_91to120) then v_in_bucket_61to90 + v_out_bucket_91to120 when v_in_bucket_61to90 < abs(v_out_bucket_91to120) then v_in_bucket_61to90 - ( ( v_in_bucket_61to90 + v_out_bucket_91to120 ) + abs(v_out_bucket_91to120) ) end where m_product_id = p_m_product_id and m_locator_id = p_m_locator_id and ad_org_id = p_ad_org_id and m_attributesetinstance_id = p_m_attributesetinstance_id and m_warehouse_id = p_m_warehouse_id and m_product_category_id = p_m_product_category_id; update varpt_stockagingout_t set bucket_91to120 = case when v_in_bucket_61to90 > abs(v_out_bucket_91to120) then ( v_in_bucket_61to90 + v_out_bucket_91to120 ) + ( ( v_out_bucket_91to120 + v_in_bucket_61to90 ) * - 1 ) when v_in_bucket_61to90 <= abs(v_out_bucket_91to120) then v_in_bucket_61to90 + v_out_bucket_91to120 end where m_product_id = p_m_product_id and m_locator_id = p_m_locator_id and ad_org_id = p_ad_org_id and m_attributesetinstance_id = p_m_attributesetinstance_id and m_warehouse_id = p_m_warehouse_id and m_product_category_id = p_m_product_category_id; v_in_bucket_61to90 := case when v_in_bucket_61to90 >= abs(v_out_bucket_91to120) then v_in_bucket_61to90 + v_out_bucket_91to120 when v_in_bucket_61to90 < abs(v_out_bucket_91to120) then v_in_bucket_61to90 - ( ( v_in_bucket_61to90 + v_out_bucket_91to120 ) + abs(v_out_bucket_91to120) ) end; v_out_bucket_91to120 := case when v_in_bucket_61to90_t > abs(v_out_bucket_91to120) then ( v_in_bucket_61to90_t + v_out_bucket_91to120 ) + ( ( v_out_bucket_91to120 + v_in_bucket_61to90_t ) * - 1 ) when v_in_bucket_61to90_t <= abs(v_out_bucket_91to120) then v_in_bucket_61to90_t + v_out_bucket_91to120 end; raise notice 'v_Out_Bucket_91To120 %', v_out_bucket_91to120; raise notice 'V_In_bucket_61To90 %', v_in_bucket_61to90; end if; if i.bucket_31to60 >= 0 then v_in_bucket_31to60_t := v_in_bucket_31to60; update varpt_stockagingreport_t set bucket_31to60 = case when v_in_bucket_31to60 >= abs(v_out_bucket_91to120) then v_in_bucket_31to60 + v_out_bucket_91to120 when v_in_bucket_31to60 < abs(v_out_bucket_91to120) then v_in_bucket_31to60 - ( ( v_in_bucket_31to60 + v_out_bucket_91to120 ) + abs(v_out_bucket_91to120) ) end where m_product_id = p_m_product_id and m_locator_id = p_m_locator_id and ad_org_id = p_ad_org_id and m_attributesetinstance_id = p_m_attributesetinstance_id and m_warehouse_id = p_m_warehouse_id and m_product_category_id = p_m_product_category_id; update varpt_stockagingout_t set bucket_91to120 = case when v_in_bucket_31to60 > abs(v_out_bucket_91to120) then ( v_in_bucket_31to60 + v_out_bucket_91to120 ) + ( ( v_out_bucket_91to120 + v_in_bucket_31to60 ) * - 1 ) when v_in_bucket_31to60 <= abs(v_out_bucket_91to120) then v_in_bucket_31to60 + v_out_bucket_91to120 end where m_product_id = p_m_product_id and m_locator_id = p_m_locator_id and ad_org_id = p_ad_org_id and m_attributesetinstance_id = p_m_attributesetinstance_id and m_warehouse_id = p_m_warehouse_id and m_product_category_id = p_m_product_category_id; v_in_bucket_31to60 := case when v_in_bucket_31to60 >= abs(v_out_bucket_91to120) then v_in_bucket_31to60 + v_out_bucket_91to120 when v_in_bucket_31to60 < abs(v_out_bucket_91to120) then v_in_bucket_31to60 - ( ( v_in_bucket_31to60 + v_out_bucket_91to120 ) + abs(v_out_bucket_91to120) ) end; v_out_bucket_91to120 := case when v_in_bucket_31to60_t > abs(v_out_bucket_91to120) then ( v_in_bucket_31to60_t + v_out_bucket_91to120 ) + ( ( v_out_bucket_91to120 + v_in_bucket_31to60_t ) * - 1 ) when v_in_bucket_31to60_t <= abs(v_out_bucket_91to120) then v_in_bucket_31to60_t + v_out_bucket_91to120 end; raise notice 'v_Out_Bucket_91To120 %', v_out_bucket_91to120; raise notice 'V_In_bucket_31to60 %', v_in_bucket_31to60; end if; if i.bucket_1to30 >= 0 then v_in_bucket_1to30_t := v_in_bucket_1to30; update varpt_stockagingreport_t set bucket_1to30 = case when v_in_bucket_1to30 >= abs(v_out_bucket_91to120) then v_in_bucket_1to30 + v_out_bucket_91to120 when v_in_bucket_1to30 < abs(v_out_bucket_91to120) then v_in_bucket_1to30 - ( ( v_in_bucket_1to30 + v_out_bucket_91to120 ) + abs(v_out_bucket_91to120) ) end where m_product_id = p_m_product_id and m_locator_id = p_m_locator_id and ad_org_id = p_ad_org_id and m_attributesetinstance_id = p_m_attributesetinstance_id and m_warehouse_id = p_m_warehouse_id and m_product_category_id = p_m_product_category_id; update varpt_stockagingout_t set bucket_91to120 = case when v_in_bucket_1to30 > abs(v_out_bucket_91to120) then ( v_in_bucket_1to30 + v_out_bucket_91to120 ) + ( ( v_out_bucket_91to120 + v_in_bucket_1to30 ) * - 1 ) when v_in_bucket_1to30 <= abs(v_out_bucket_91to120) then v_in_bucket_1to30 + v_out_bucket_91to120 end where m_product_id = p_m_product_id and m_locator_id = p_m_locator_id and ad_org_id = p_ad_org_id and m_attributesetinstance_id = p_m_attributesetinstance_id and m_warehouse_id = p_m_warehouse_id and m_product_category_id = p_m_product_category_id; v_in_bucket_1to30 := case when v_in_bucket_1to30 >= abs(v_out_bucket_91to120) then v_in_bucket_1to30 + v_out_bucket_91to120 when v_in_bucket_1to30 < abs(v_out_bucket_91to120) then v_in_bucket_1to30 - ( ( v_in_bucket_1to30 + v_out_bucket_91to120 ) + abs(v_out_bucket_91to120) ) end; v_out_bucket_91to120 := case when v_in_bucket_1to30_t > abs(v_out_bucket_91to120) then ( v_in_bucket_1to30_t + v_out_bucket_91to120 ) + ( ( v_out_bucket_91to120 + v_in_bucket_1to30_t ) * - 1 ) when v_in_bucket_1to30_t <= abs(v_out_bucket_91to120) then v_in_bucket_1to30_t + v_out_bucket_91to120 end; raise notice 'v_Out_Bucket_91To120 %', v_out_bucket_91to120; raise notice 'V_In_bucket_1to30  %', v_in_bucket_1to30; end if; if i.bucket_0 >= 0 then v_in_bucket_0_t := v_in_bucket_0; update varpt_stockagingreport_t set bucket_0 = case when v_in_bucket_0 >= abs(v_out_bucket_91to120) then v_in_bucket_0 + v_out_bucket_91to120 when v_in_bucket_0 < abs(v_out_bucket_91to120) then v_in_bucket_0 - ( ( v_in_bucket_0 + v_out_bucket_91to120 ) + abs(v_out_bucket_91to120) ) end where m_product_id = p_m_product_id and m_locator_id = p_m_locator_id and ad_org_id = p_ad_org_id and m_attributesetinstance_id = p_m_attributesetinstance_id and m_warehouse_id = p_m_warehouse_id and m_product_category_id = p_m_product_category_id; update varpt_stockagingout_t set bucket_91to120 = case when v_in_bucket_0 > abs(v_out_bucket_91to120) then ( v_in_bucket_0 + v_out_bucket_91to120 ) + ( ( v_out_bucket_91to120 + v_in_bucket_0 ) * - 1 ) when v_in_bucket_0 <= abs(v_out_bucket_91to120) then v_in_bucket_0 + v_out_bucket_91to120 end where m_product_id = p_m_product_id and m_locator_id = p_m_locator_id and ad_org_id = p_ad_org_id and m_attributesetinstance_id = p_m_attributesetinstance_id and m_warehouse_id = p_m_warehouse_id and m_product_category_id = p_m_product_category_id; v_in_bucket_0 := case when v_in_bucket_0 >= abs(v_out_bucket_91to120) then v_in_bucket_0 + v_out_bucket_91to120 when v_in_bucket_0 < abs(v_out_bucket_91to120) then v_in_bucket_0 - ( ( v_in_bucket_0 + v_out_bucket_91to120 ) + abs(v_out_bucket_91to120) ) end; v_out_bucket_91to120 := case when v_in_bucket_0_t > abs(v_out_bucket_91to120) then ( v_in_bucket_0_t + v_out_bucket_91to120 ) + ( ( v_out_bucket_91to120 + v_in_bucket_0_t ) * -1 ) when v_in_bucket_0_t <= abs(v_out_bucket_91to120) then v_in_bucket_0_t + v_out_bucket_91to120 end; raise notice 'v_Out_Bucket_91To120  %', v_out_bucket_91to120; raise notice 'V_In_bucket_0  %', v_in_bucket_0; end if; end loop; end if; if j.bucket_61to90 < 0 then for i in select * from varpt_stockagingreport_t where m_product_id = p_m_product_id and m_locator_id = p_m_locator_id and ad_org_id = p_ad_org_id and m_attributesetinstance_id = p_m_attributesetinstance_id and m_warehouse_id = p_m_warehouse_id and m_product_category_id = p_m_product_category_id loop v_in_bucket_1to30 := i.bucket_1to30; v_in_bucket_31to60 := i.bucket_31to60; v_in_bucket_61to90 := i.bucket_61to90; v_in_bucket_91to120 := i.bucket_91to120; v_in_bucket_0 := i.bucket_0; raise notice 'v_Out_bucket_61to90 From Cursor %', v_out_bucket_61to90; if i.bucket_91to120 >= 0 then v_in_bucket_91to120_t := v_in_bucket_91to120; update varpt_stockagingreport_t set bucket_91to120 = case when v_in_bucket_91to120 >= abs(v_out_bucket_61to90) then v_in_bucket_91to120 + v_out_bucket_61to90 else v_in_bucket_91to120 - ((v_in_bucket_91to120 + v_out_bucket_61to90) + abs(v_out_bucket_61to90)) end where m_product_id = p_m_product_id and m_locator_id = p_m_locator_id and ad_org_id = p_ad_org_id and m_attributesetinstance_id = p_m_attributesetinstance_id and m_warehouse_id = p_m_warehouse_id and m_product_category_id = p_m_product_category_id; update varpt_stockagingout_t set bucket_61to90 = case when v_in_bucket_91to120 > abs(v_out_bucket_61to90) then (v_in_bucket_91to120 + v_out_bucket_61to90) + ((v_out_bucket_61to90 + v_in_bucket_91to120) * -1) else v_in_bucket_91to120 + v_out_bucket_61to90 end where m_product_id = p_m_product_id and m_locator_id = p_m_locator_id and ad_org_id = p_ad_org_id and m_attributesetinstance_id = p_m_attributesetinstance_id and m_warehouse_id = p_m_warehouse_id and m_product_category_id = p_m_product_category_id; v_in_bucket_91to120 := case when v_in_bucket_91to120 >= abs(v_out_bucket_61to90) then v_in_bucket_91to120 + v_out_bucket_61to90 else v_in_bucket_91to120 - ((v_in_bucket_91to120 + v_out_bucket_61to90) + abs(v_out_bucket_61to90)) end; v_out_bucket_61to90 := case when v_in_bucket_91to120_t > abs(v_out_bucket_61to90) then (v_in_bucket_91to120_t + v_out_bucket_61to90) + ((v_out_bucket_61to90 + v_in_bucket_91to120_t) * -1) else v_in_bucket_91to120_t + v_out_bucket_61to90 end; raise notice 'v_Out_bucket_61to90 %', v_out_bucket_61to90; raise notice 'V_In_bucket_91To120 %', v_in_bucket_91to120; end if; if i.bucket_61to90 >= 0 then v_in_bucket_61to90_t := v_in_bucket_61to90; update varpt_stockagingreport_t set bucket_61to90 = case when v_in_bucket_61to90 >= abs(v_out_bucket_61to90) then v_in_bucket_61to90 + v_out_bucket_61to90 else v_in_bucket_61to90 - ((v_in_bucket_61to90 + v_out_bucket_61to90) + abs(v_out_bucket_61to90)) end where m_product_id = p_m_product_id and m_locator_id = p_m_locator_id and ad_org_id = p_ad_org_id and m_attributesetinstance_id = p_m_attributesetinstance_id and m_warehouse_id = p_m_warehouse_id and m_product_category_id = p_m_product_category_id; update varpt_stockagingout_t set bucket_61to90 = case when v_in_bucket_61to90 > abs(v_out_bucket_61to90) then (v_in_bucket_61to90 + v_out_bucket_61to90) + ((v_out_bucket_61to90 + v_in_bucket_61to90) * -1) else v_in_bucket_61to90 + v_out_bucket_61to90 end where m_product_id = p_m_product_id and m_locator_id = p_m_locator_id and ad_org_id = p_ad_org_id and m_attributesetinstance_id = p_m_attributesetinstance_id and m_warehouse_id = p_m_warehouse_id and m_product_category_id = p_m_product_category_id; v_in_bucket_61to90 := case when v_in_bucket_61to90 >= abs(v_out_bucket_61to90) then v_in_bucket_61to90 + v_out_bucket_61to90 else v_in_bucket_61to90 - ((v_in_bucket_61to90 + v_out_bucket_61to90) + abs(v_out_bucket_61to90)) end; v_out_bucket_61to90 := case when v_in_bucket_61to90_t > abs(v_out_bucket_61to90) then (v_in_bucket_61to90_t + v_out_bucket_61to90) + ((v_out_bucket_61to90 + v_in_bucket_61to90_t) * -1) else v_in_bucket_61to90_t + v_out_bucket_61to90 end; raise notice 'v_Out_bucket_61to90 %', v_out_bucket_61to90; raise notice 'V_In_bucket_61to90 %', v_in_bucket_61to90; end if; if i.bucket_31to60 >= 0 then v_in_bucket_31to60_t := v_in_bucket_31to60; update varpt_stockagingreport_t set bucket_31to60 = case when v_in_bucket_31to60 >= abs(v_out_bucket_61to90) then v_in_bucket_31to60 + v_out_bucket_61to90 else v_in_bucket_31to60 - ((v_in_bucket_31to60 + v_out_bucket_61to90) + abs(v_out_bucket_61to90)) end where m_product_id = p_m_product_id and m_locator_id = p_m_locator_id and ad_org_id = p_ad_org_id and m_attributesetinstance_id = p_m_attributesetinstance_id and m_warehouse_id = p_m_warehouse_id and m_product_category_id = p_m_product_category_id; update varpt_stockagingout_t set bucket_61to90 = case when v_in_bucket_31to60 > abs(v_out_bucket_61to90) then (v_in_bucket_31to60 + v_out_bucket_61to90) + ((v_out_bucket_61to90 + v_in_bucket_31to60) * -1) else v_in_bucket_31to60 + v_out_bucket_61to90 end where m_product_id = p_m_product_id and m_locator_id = p_m_locator_id and ad_org_id = p_ad_org_id and m_attributesetinstance_id = p_m_attributesetinstance_id and m_warehouse_id = p_m_warehouse_id and m_product_category_id = p_m_product_category_id; v_in_bucket_31to60 := case when v_in_bucket_31to60 >= abs(v_out_bucket_61to90) then v_in_bucket_31to60 + v_out_bucket_61to90 else v_in_bucket_31to60 - ((v_in_bucket_31to60 + v_out_bucket_61to90) + abs(v_out_bucket_61to90)) end; v_out_bucket_61to90 := case when v_in_bucket_31to60_t > abs(v_out_bucket_61to90) then (v_in_bucket_31to60_t + v_out_bucket_61to90) + ((v_out_bucket_61to90 + v_in_bucket_31to60_t) * -1) else v_in_bucket_31to60_t + v_out_bucket_61to90 end; raise notice 'v_Out_bucket_61to90 %', v_out_bucket_61to90; raise notice 'V_In_bucket_31to60 %', v_in_bucket_31to60; end if; if i.bucket_1to30 >= 0 then v_in_bucket_1to30_t := v_in_bucket_1to30; update varpt_stockagingreport_t set bucket_1to30 = case when v_in_bucket_1to30 >= abs(v_out_bucket_61to90) then v_in_bucket_1to30 + v_out_bucket_61to90 else v_in_bucket_1to30 - ((v_in_bucket_1to30 + v_out_bucket_61to90) + abs(v_out_bucket_61to90)) end where m_product_id = p_m_product_id and m_locator_id = p_m_locator_id and ad_org_id = p_ad_org_id and m_attributesetinstance_id = p_m_attributesetinstance_id and m_warehouse_id = p_m_warehouse_id and m_product_category_id = p_m_product_category_id; update varpt_stockagingout_t set bucket_61to90 = case when v_in_bucket_1to30 > abs(v_out_bucket_61to90) then (v_in_bucket_1to30 + v_out_bucket_61to90) + ((v_out_bucket_61to90 + v_in_bucket_1to30) * -1) else v_in_bucket_1to30 + v_out_bucket_61to90 end where m_product_id = p_m_product_id and m_locator_id = p_m_locator_id and ad_org_id = p_ad_org_id and m_attributesetinstance_id = p_m_attributesetinstance_id and m_warehouse_id = p_m_warehouse_id and m_product_category_id = p_m_product_category_id; v_in_bucket_1to30 := case when v_in_bucket_1to30 >= abs(v_out_bucket_61to90) then v_in_bucket_1to30 + v_out_bucket_61to90 else v_in_bucket_1to30 - ((v_in_bucket_1to30 + v_out_bucket_61to90) + abs(v_out_bucket_61to90)) end; v_out_bucket_61to90 := case when v_in_bucket_1to30_t > abs(v_out_bucket_61to90) then (v_in_bucket_1to30_t + v_out_bucket_61to90) + ((v_out_bucket_61to90 + v_in_bucket_1to30_t) * -1) else v_in_bucket_1to30_t + v_out_bucket_61to90 end; raise notice 'v_Out_bucket_61to90 %', v_out_bucket_61to90; raise notice 'V_In_bucket_1to30 %', v_in_bucket_1to30; end if; if i.bucket_0 >= 0 then v_in_bucket_0_t := v_in_bucket_0; update varpt_stockagingreport_t set bucket_0 = case when v_in_bucket_0 >= abs(v_out_bucket_61to90) then v_in_bucket_0 + v_out_bucket_61to90 else v_in_bucket_0 - ((v_in_bucket_0 + v_out_bucket_61to90) + abs(v_out_bucket_61to90)) end where m_product_id = p_m_product_id and m_locator_id = p_m_locator_id and ad_org_id = p_ad_org_id and m_attributesetinstance_id = p_m_attributesetinstance_id and m_warehouse_id = p_m_warehouse_id and m_product_category_id = p_m_product_category_id; update varpt_stockagingout_t set bucket_61to90 = case when v_in_bucket_0 > abs(v_out_bucket_61to90) then (v_in_bucket_0 + v_out_bucket_61to90) + ((v_out_bucket_61to90 + v_in_bucket_0) * -1) else v_in_bucket_0 + v_out_bucket_61to90 end where m_product_id = p_m_product_id and m_locator_id = p_m_locator_id and ad_org_id = p_ad_org_id and m_attributesetinstance_id = p_m_attributesetinstance_id and m_warehouse_id = p_m_warehouse_id and m_product_category_id = p_m_product_category_id; v_in_bucket_0 := case when v_in_bucket_0 >= abs(v_out_bucket_61to90) then v_in_bucket_0 + v_out_bucket_61to90 else v_in_bucket_0 - ((v_in_bucket_0 + v_out_bucket_61to90) + abs(v_out_bucket_61to90)) end; v_out_bucket_61to90 := case when v_in_bucket_0_t > abs(v_out_bucket_61to90) then (v_in_bucket_0_t + v_out_bucket_61to90) + ((v_out_bucket_61to90 + v_in_bucket_0_t) * -1) else v_in_bucket_0_t + v_out_bucket_61to90 end; raise notice 'v_Out_bucket_61to90 %', v_out_bucket_61to90; raise notice 'V_In_bucket_0 %', v_in_bucket_0; end if; end loop; end if; if j.bucket_31to60 < 0 then for i in select * from varpt_stockagingreport_t where m_product_id = p_m_product_id and m_locator_id = p_m_locator_id and ad_org_id = p_ad_org_id and m_attributesetinstance_id = p_m_attributesetinstance_id and m_warehouse_id = p_m_warehouse_id and m_product_category_id = p_m_product_category_id loop v_in_bucket_1to30 := i.bucket_1to30; v_in_bucket_31to60 := i.bucket_31to60; v_in_bucket_61to90 := i.bucket_61to90; v_in_bucket_91to120 := i.bucket_91to120; v_in_bucket_0 := i.bucket_0; raise notice 'v_Out_bucket_31to60 From Cursor %', v_out_bucket_31to60; if i.bucket_91to120 >= 0 then v_in_bucket_91to120_t := v_in_bucket_91to120; update varpt_stockagingreport_t set bucket_91to120 = case when v_in_bucket_91to120 >= abs(v_out_bucket_31to60) then v_in_bucket_91to120 + v_out_bucket_31to60 when v_in_bucket_91to120 < abs(v_out_bucket_31to60) then v_in_bucket_91to120 - ( ( v_in_bucket_91to120 + v_out_bucket_31to60 ) + abs(v_out_bucket_31to60) ) end where m_product_id = p_m_product_id and m_locator_id = p_m_locator_id and ad_org_id = p_ad_org_id and m_attributesetinstance_id = p_m_attributesetinstance_id and m_warehouse_id = p_m_warehouse_id and m_product_category_id = p_m_product_category_id; update varpt_stockagingout_t set bucket_31to60 = case when v_in_bucket_91to120 > abs(v_out_bucket_31to60) then ( v_in_bucket_91to120 + v_out_bucket_31to60 ) + ( ( v_out_bucket_31to60 + v_in_bucket_91to120 ) * - 1 ) when v_in_bucket_91to120 <= abs(v_out_bucket_31to60) then v_in_bucket_91to120 + v_out_bucket_31to60 end where m_product_id = p_m_product_id and m_locator_id = p_m_locator_id and ad_org_id = p_ad_org_id and m_attributesetinstance_id = p_m_attributesetinstance_id and m_warehouse_id = p_m_warehouse_id and m_product_category_id = p_m_product_category_id; v_in_bucket_91to120 := case when v_in_bucket_91to120 >= abs(v_out_bucket_31to60) then v_in_bucket_91to120 + v_out_bucket_31to60 when v_in_bucket_91to120 < abs(v_out_bucket_31to60) then v_in_bucket_91to120 - ( ( v_in_bucket_91to120 + v_out_bucket_31to60 ) + abs(v_out_bucket_31to60) ) end; v_out_bucket_31to60 := case when v_in_bucket_91to120_t > abs(v_out_bucket_31to60) then ( v_in_bucket_91to120_t + v_out_bucket_31to60 ) + ( ( v_out_bucket_31to60 + v_in_bucket_91to120_t ) * - 1 ) when v_in_bucket_91to120_t <= abs(v_out_bucket_31to60) then v_in_bucket_91to120_t + v_out_bucket_31to60 end; raise notice 'v_Out_bucket_31to60 %', v_out_bucket_31to60; raise notice 'V_In_bucket_91To120 %', v_in_bucket_91to120; end if; if i.bucket_61to90 >= 0 then v_in_bucket_61to90_t := v_in_bucket_61to90; update varpt_stockagingreport_t set bucket_61to90 = case when v_in_bucket_61to90 >= abs(v_out_bucket_31to60) then v_in_bucket_61to90 + v_out_bucket_31to60 when v_in_bucket_61to90 < abs(v_out_bucket_31to60) then v_in_bucket_61to90 - ( ( v_in_bucket_61to90 + v_out_bucket_31to60 ) + abs(v_out_bucket_31to60) ) end where m_product_id = p_m_product_id and m_locator_id = p_m_locator_id and ad_org_id = p_ad_org_id and m_attributesetinstance_id = p_m_attributesetinstance_id and m_warehouse_id = p_m_warehouse_id and m_product_category_id = p_m_product_category_id; update varpt_stockagingout_t set bucket_31to60 = case when v_in_bucket_61to90 > abs(v_out_bucket_31to60) then ( v_in_bucket_61to90 + v_out_bucket_31to60 ) + ( ( v_out_bucket_31to60 + v_in_bucket_61to90 ) * - 1 ) when v_in_bucket_61to90 <= abs(v_out_bucket_31to60) then v_in_bucket_61to90 + v_out_bucket_31to60 end where m_product_id = p_m_product_id and m_locator_id = p_m_locator_id and ad_org_id = p_ad_org_id and m_attributesetinstance_id = p_m_attributesetinstance_id and m_warehouse_id = p_m_warehouse_id and m_product_category_id = p_m_product_category_id; v_in_bucket_61to90 := case when v_in_bucket_61to90 >= abs(v_out_bucket_31to60) then v_in_bucket_61to90 + v_out_bucket_31to60 when v_in_bucket_61to90 < abs(v_out_bucket_31to60) then v_in_bucket_61to90 - ( ( v_in_bucket_61to90 + v_out_bucket_31to60 ) + abs(v_out_bucket_31to60) ) end; v_out_bucket_31to60 := case when v_in_bucket_61to90_t > abs(v_out_bucket_31to60) then ( v_in_bucket_61to90_t + v_out_bucket_31to60 ) + ( ( v_out_bucket_31to60 + v_in_bucket_61to90_t ) * - 1 ) when v_in_bucket_61to90_t <= abs(v_out_bucket_31to60) then v_in_bucket_61to90_t + v_out_bucket_31to60 end; raise notice 'v_Out_bucket_31to60 %', v_out_bucket_31to60; raise notice 'V_In_bucket_61To90 %', v_in_bucket_61to90; end if; if i.bucket_31to60 >= 0 then v_in_bucket_31to60_t := v_in_bucket_31to60; update varpt_stockagingreport_t set bucket_31to60 = case when v_in_bucket_31to60 >= abs(v_out_bucket_31to60) then v_in_bucket_31to60 + v_out_bucket_31to60 when v_in_bucket_31to60 < abs(v_out_bucket_31to60) then v_in_bucket_31to60 - ( ( v_in_bucket_31to60 + v_out_bucket_31to60 ) + abs(v_out_bucket_31to60) ) end where m_product_id = p_m_product_id and m_locator_id = p_m_locator_id and ad_org_id = p_ad_org_id and m_attributesetinstance_id = p_m_attributesetinstance_id and m_warehouse_id = p_m_warehouse_id and m_product_category_id = p_m_product_category_id; update varpt_stockagingout_t set bucket_31to60 = case when v_in_bucket_31to60 > abs(v_out_bucket_31to60) then ( v_in_bucket_31to60 + v_out_bucket_31to60 ) + ( ( v_out_bucket_31to60 + v_in_bucket_31to60 ) * - 1 ) when v_in_bucket_31to60 <= abs(v_out_bucket_31to60) then v_in_bucket_31to60 + v_out_bucket_31to60 end where m_product_id = p_m_product_id and m_locator_id = p_m_locator_id and ad_org_id = p_ad_org_id and m_attributesetinstance_id = p_m_attributesetinstance_id and m_warehouse_id = p_m_warehouse_id and m_product_category_id = p_m_product_category_id; v_in_bucket_31to60 := case when v_in_bucket_31to60 >= abs(v_out_bucket_31to60) then v_in_bucket_31to60 + v_out_bucket_31to60 when v_in_bucket_31to60 < abs(v_out_bucket_31to60) then v_in_bucket_31to60 - ( ( v_in_bucket_31to60 + v_out_bucket_31to60 ) + abs(v_out_bucket_31to60) ) end; v_out_bucket_31to60 := case when v_in_bucket_31to60_t > abs(v_out_bucket_31to60) then ( v_in_bucket_31to60_t + v_out_bucket_31to60 ) + ( ( v_out_bucket_31to60 + v_in_bucket_31to60_t ) * - 1 ) when v_in_bucket_31to60_t <= abs(v_out_bucket_31to60) then v_in_bucket_31to60_t + v_out_bucket_31to60 end; raise notice 'v_Out_bucket_31to60 %', v_out_bucket_31to60; raise notice 'V_In_bucket_31to60 %', v_in_bucket_31to60; end if; if i.bucket_1to30 >= 0 then v_in_bucket_1to30_t := v_in_bucket_1to30; update varpt_stockagingreport_t set bucket_1to30 = case when v_in_bucket_1to30 >= abs(v_out_bucket_31to60) then v_in_bucket_1to30 + v_out_bucket_31to60 when v_in_bucket_1to30 < abs(v_out_bucket_31to60) then v_in_bucket_1to30 - ( ( v_in_bucket_1to30 + v_out_bucket_31to60 ) + abs(v_out_bucket_31to60) ) end where m_product_id = p_m_product_id and m_locator_id = p_m_locator_id and ad_org_id = p_ad_org_id and m_attributesetinstance_id = p_m_attributesetinstance_id and m_warehouse_id = p_m_warehouse_id and m_product_category_id = p_m_product_category_id; update varpt_stockagingout_t set bucket_31to60 = case when v_in_bucket_1to30 > abs(v_out_bucket_31to60) then ( v_in_bucket_1to30 + v_out_bucket_31to60 ) + ( ( v_out_bucket_31to60 + v_in_bucket_1to30 ) * - 1 ) when v_in_bucket_1to30 <= abs(v_out_bucket_31to60) then v_in_bucket_1to30 + v_out_bucket_31to60 end where m_product_id = p_m_product_id and m_locator_id = p_m_locator_id and ad_org_id = p_ad_org_id and m_attributesetinstance_id = p_m_attributesetinstance_id and m_warehouse_id = p_m_warehouse_id and m_product_category_id = p_m_product_category_id; v_in_bucket_1to30 := case when v_in_bucket_1to30 >= abs(v_out_bucket_31to60) then v_in_bucket_1to30 + v_out_bucket_31to60 when v_in_bucket_1to30 < abs(v_out_bucket_31to60) then v_in_bucket_1to30 - ( ( v_in_bucket_1to30 + v_out_bucket_31to60 ) + abs(v_out_bucket_31to60) ) end; v_out_bucket_31to60 := case when v_in_bucket_1to30_t > abs(v_out_bucket_31to60) then ( v_in_bucket_1to30_t + v_out_bucket_31to60 ) + ( ( v_out_bucket_31to60 + v_in_bucket_1to30_t ) * -1 ) when v_in_bucket_1to30_t <= abs(v_out_bucket_31to60) then v_in_bucket_1to30_t + v_out_bucket_31to60 end; raise notice 'v_Out_bucket_31to60 %', v_out_bucket_31to60; raise notice 'V_In_bucket_1to30 %', v_in_bucket_1to30; end if; if i.bucket_0 >= 0 then v_in_bucket_0_t := v_in_bucket_0; update varpt_stockagingreport_t set bucket_0 = case when v_in_bucket_0 >= abs(v_out_bucket_31to60) then v_in_bucket_0 + v_out_bucket_31to60 when v_in_bucket_0 < abs(v_out_bucket_31to60) then v_in_bucket_0 - ( ( v_in_bucket_0 + v_out_bucket_31to60 ) + abs(v_out_bucket_31to60) ) end where m_product_id = p_m_product_id and m_locator_id = p_m_locator_id and ad_org_id = p_ad_org_id and m_attributesetinstance_id = p_m_attributesetinstance_id and m_warehouse_id = p_m_warehouse_id and m_product_category_id = p_m_product_category_id; update varpt_stockagingout_t set bucket_31to60 = case when v_in_bucket_0 > abs(v_out_bucket_31to60) then ( v_in_bucket_0 + v_out_bucket_31to60 ) + ( ( v_out_bucket_31to60 + v_in_bucket_0 ) * - 1 ) when v_in_bucket_0 <= abs(v_out_bucket_31to60) then v_in_bucket_0 + v_out_bucket_31to60 end where m_product_id = p_m_product_id and m_locator_id = p_m_locator_id and ad_org_id = p_ad_org_id and m_attributesetinstance_id = p_m_attributesetinstance_id and m_warehouse_id = p_m_warehouse_id and m_product_category_id = p_m_product_category_id; v_in_bucket_0 := case when v_in_bucket_0 >= abs(v_out_bucket_31to60) then v_in_bucket_0 + v_out_bucket_31to60 when v_in_bucket_0 < abs(v_out_bucket_31to60) then v_in_bucket_0 - ( ( v_in_bucket_0 + v_out_bucket_31to60 ) + abs(v_out_bucket_31to60) ) end; v_out_bucket_31to60 := case when v_in_bucket_0_t > abs(v_out_bucket_31to60) then ( v_in_bucket_0_t + v_out_bucket_31to60 ) + ( ( v_out_bucket_31to60 + v_in_bucket_0_t ) * -1 ) when v_in_bucket_0_t <= abs(v_out_bucket_31to60) then v_in_bucket_0_t + v_out_bucket_31to60 end; raise notice 'v_Out_bucket_31to60 %', v_out_bucket_31to60; raise notice 'V_In_bucket_0 %', v_in_bucket_0; end if; end loop; end if; if j.bucket_1to30 < 0 then for i in select * from varpt_stockagingreport_t where m_product_id = p_m_product_id and m_locator_id = p_m_locator_id and ad_org_id = p_ad_org_id and m_attributesetinstance_id = p_m_attributesetinstance_id and m_warehouse_id = p_m_warehouse_id and m_product_category_id = p_m_product_category_id loop v_in_bucket_1to30 := i.bucket_1to30; v_in_bucket_31to60 := i.bucket_31to60; v_in_bucket_61to90 := i.bucket_61to90; v_in_bucket_91to120 := i.bucket_91to120; v_in_bucket_0 := i.bucket_0; raise notice 'v_Out_Bucket_1to30 From Cursor %', v_out_bucket_1to30; if i.bucket_91to120 >= 0 then v_in_bucket_91to120_t := v_in_bucket_91to120; update varpt_stockagingreport_t set bucket_91to120 = case when v_in_bucket_91to120 >= abs(v_out_bucket_1to30) then v_in_bucket_91to120 + v_out_bucket_1to30 when v_in_bucket_91to120 < abs(v_out_bucket_1to30) then v_in_bucket_91to120 - ( ( v_in_bucket_91to120 + v_out_bucket_1to30 ) + abs(v_out_bucket_1to30) ) end where m_product_id = p_m_product_id and m_locator_id = p_m_locator_id and ad_org_id = p_ad_org_id and m_attributesetinstance_id = p_m_attributesetinstance_id and m_warehouse_id = p_m_warehouse_id and m_product_category_id = p_m_product_category_id; update varpt_stockagingout_t set bucket_1to30 = case when v_in_bucket_91to120 > abs(v_out_bucket_1to30) then ( v_in_bucket_91to120 + v_out_bucket_1to30 ) + ( ( v_out_bucket_1to30 + v_in_bucket_91to120 ) * - 1 ) when v_in_bucket_91to120 <= abs(v_out_bucket_1to30) then v_in_bucket_91to120 + v_out_bucket_1to30 end where m_product_id = p_m_product_id and m_locator_id = p_m_locator_id and ad_org_id = p_ad_org_id and m_attributesetinstance_id = p_m_attributesetinstance_id and m_warehouse_id = p_m_warehouse_id and m_product_category_id = p_m_product_category_id; v_in_bucket_91to120 := case when v_in_bucket_91to120 >= abs(v_out_bucket_1to30) then v_in_bucket_91to120 + v_out_bucket_1to30 when v_in_bucket_91to120 < abs(v_out_bucket_1to30) then v_in_bucket_91to120 - ( ( v_in_bucket_91to120 + v_out_bucket_1to30 ) + abs(v_out_bucket_1to30) ) end; v_out_bucket_1to30 := case when v_in_bucket_91to120_t > abs(v_out_bucket_1to30) then ( v_in_bucket_91to120_t + v_out_bucket_1to30 ) + ( ( v_out_bucket_1to30 + v_in_bucket_91to120_t ) * - 1 ) when v_in_bucket_91to120_t <= abs(v_out_bucket_1to30) then v_in_bucket_91to120_t + v_out_bucket_1to30 end; raise notice 'v_Out_Bucket_1to30 %', v_out_bucket_1to30; raise notice 'V_In_bucket_91To120 %', v_in_bucket_91to120; end if; if i.bucket_61to90 >= 0 then v_in_bucket_61to90_t := v_in_bucket_61to90; update varpt_stockagingreport_t set bucket_61to90 = case when v_in_bucket_61to90 >= abs(v_out_bucket_1to30) then v_in_bucket_61to90 + v_out_bucket_1to30 when v_in_bucket_61to90 < abs(v_out_bucket_1to30) then v_in_bucket_61to90 - ( ( v_in_bucket_61to90 + v_out_bucket_1to30 ) + abs(v_out_bucket_1to30) ) end where m_product_id = p_m_product_id and m_locator_id = p_m_locator_id and ad_org_id = p_ad_org_id and m_attributesetinstance_id = p_m_attributesetinstance_id and m_warehouse_id = p_m_warehouse_id and m_product_category_id = p_m_product_category_id; update varpt_stockagingout_t set bucket_1to30 = case when v_in_bucket_61to90 > abs(v_out_bucket_1to30) then ( v_in_bucket_61to90 + v_out_bucket_1to30 ) + ( ( v_out_bucket_1to30 + v_in_bucket_61to90 ) * - 1 ) when v_in_bucket_61to90 <= abs(v_out_bucket_1to30) then v_in_bucket_61to90 + v_out_bucket_1to30 end where m_product_id = p_m_product_id and m_locator_id = p_m_locator_id and ad_org_id = p_ad_org_id and m_attributesetinstance_id = p_m_attributesetinstance_id and m_warehouse_id = p_m_warehouse_id and m_product_category_id = p_m_product_category_id; v_in_bucket_61to90 := case when v_in_bucket_61to90 >= abs(v_out_bucket_1to30) then v_in_bucket_61to90 + v_out_bucket_1to30 when v_in_bucket_61to90 < abs(v_out_bucket_1to30) then v_in_bucket_61to90 - ( ( v_in_bucket_61to90 + v_out_bucket_1to30 ) + abs(v_out_bucket_1to30) ) end; v_out_bucket_1to30 := case when v_in_bucket_61to90_t > abs(v_out_bucket_1to30) then ( v_in_bucket_61to90_t + v_out_bucket_1to30 ) + ( ( v_out_bucket_1to30 + v_in_bucket_61to90_t ) * -1 ) when v_in_bucket_61to90_t <= abs(v_out_bucket_1to30) then v_in_bucket_61to90_t + v_out_bucket_1to30 end; raise notice 'v_Out_Bucket_1to30 %', v_out_bucket_1to30; raise notice 'V_In_bucket_61To90 %', v_in_bucket_61to90; end if; if i.bucket_31to60 >= 0 then v_in_bucket_31to60_t := v_in_bucket_31to60; update varpt_stockagingreport_t set bucket_31to60 = case when v_in_bucket_31to60 >= abs(v_out_bucket_1to30) then v_in_bucket_31to60 + v_out_bucket_1to30 when v_in_bucket_31to60 < abs(v_out_bucket_1to30) then v_in_bucket_31to60 - ( ( v_in_bucket_31to60 + v_out_bucket_1to30 ) + abs(v_out_bucket_1to30) ) end where m_product_id = p_m_product_id and m_locator_id = p_m_locator_id and ad_org_id = p_ad_org_id and m_attributesetinstance_id = p_m_attributesetinstance_id and m_warehouse_id = p_m_warehouse_id and m_product_category_id = p_m_product_category_id; update varpt_stockagingout_t set bucket_1to30 = case when v_in_bucket_31to60 > abs(v_out_bucket_1to30) then ( v_in_bucket_31to60 + v_out_bucket_1to30 ) + ( ( v_out_bucket_1to30 + v_in_bucket_31to60 ) * - 1 ) when v_in_bucket_31to60 <= abs(v_out_bucket_1to30) then v_in_bucket_31to60 + v_out_bucket_1to30 end where m_product_id = p_m_product_id and m_locator_id = p_m_locator_id and ad_org_id = p_ad_org_id and m_attributesetinstance_id = p_m_attributesetinstance_id and m_warehouse_id = p_m_warehouse_id and m_product_category_id = p_m_product_category_id; v_in_bucket_31to60 := case when v_in_bucket_31to60 >= abs(v_out_bucket_1to30) then v_in_bucket_31to60 + v_out_bucket_1to30 when v_in_bucket_31to60 < abs(v_out_bucket_1to30) then v_in_bucket_31to60 - ( ( v_in_bucket_31to60 + v_out_bucket_1to30 ) + abs(v_out_bucket_1to30) ) end; v_out_bucket_1to30 := case when v_in_bucket_31to60_t > abs(v_out_bucket_1to30) then ( v_in_bucket_31to60_t + v_out_bucket_1to30 ) + ( ( v_out_bucket_1to30 + v_in_bucket_31to60_t ) * -1 ) when v_in_bucket_31to60_t <= abs(v_out_bucket_1to30) then v_in_bucket_31to60_t + v_out_bucket_1to30 end; raise notice 'v_Out_Bucket_1to30 %', v_out_bucket_1to30; raise notice 'V_In_bucket_31to60 %', v_in_bucket_31to60; end if; if i.bucket_1to30 >= 0 then v_in_bucket_1to30_t := v_in_bucket_1to30; update varpt_stockagingreport_t set bucket_1to30 = case when v_in_bucket_1to30 >= abs(v_out_bucket_1to30) then v_in_bucket_1to30 + v_out_bucket_1to30 when v_in_bucket_1to30 < abs(v_out_bucket_1to30) then v_in_bucket_1to30 - ( ( v_in_bucket_1to30 + v_out_bucket_1to30 ) + abs(v_out_bucket_1to30) ) end where m_product_id = p_m_product_id and m_locator_id = p_m_locator_id and ad_org_id = p_ad_org_id and m_attributesetinstance_id = p_m_attributesetinstance_id and m_warehouse_id = p_m_warehouse_id and m_product_category_id = p_m_product_category_id; update varpt_stockagingout_t set bucket_1to30 = case when v_in_bucket_1to30 > abs(v_out_bucket_1to30) then ( v_in_bucket_1to30 + v_out_bucket_1to30 ) + ( ( v_out_bucket_1to30 + v_in_bucket_1to30 ) * - 1 ) when v_in_bucket_1to30 <= abs(v_out_bucket_1to30) then v_in_bucket_1to30 + v_out_bucket_1to30 end where m_product_id = p_m_product_id and m_locator_id = p_m_locator_id and ad_org_id = p_ad_org_id and m_attributesetinstance_id = p_m_attributesetinstance_id and m_warehouse_id = p_m_warehouse_id and m_product_category_id = p_m_product_category_id; v_in_bucket_1to30 := case when v_in_bucket_1to30 >= abs(v_out_bucket_1to30) then v_in_bucket_1to30 + v_out_bucket_1to30 when v_in_bucket_1to30 < abs(v_out_bucket_1to30) then v_in_bucket_1to30 - ( ( v_in_bucket_1to30 + v_out_bucket_1to30 ) + abs(v_out_bucket_1to30) ) end; v_out_bucket_1to30 := case when v_in_bucket_1to30_t > abs(v_out_bucket_1to30) then ( v_in_bucket_1to30_t + v_out_bucket_1to30 ) + ( ( v_out_bucket_1to30 + v_in_bucket_1to30_t ) * -1 ) when v_in_bucket_1to30_t <= abs(v_out_bucket_1to30) then v_in_bucket_1to30_t + v_out_bucket_1to30 end; raise notice 'v_Out_Bucket_1to30 %', v_out_bucket_1to30; raise notice 'V_In_bucket_1to30 %', v_in_bucket_1to30; end if; if i.bucket_0 >= 0 then v_in_bucket_0_t := v_in_bucket_0; update varpt_stockagingreport_t set bucket_0 = case when v_in_bucket_0 >= abs(v_out_bucket_1to30) then v_in_bucket_0 + v_out_bucket_1to30 when v_in_bucket_0 < abs(v_out_bucket_1to30) then v_in_bucket_0 - ( ( v_in_bucket_0 + v_out_bucket_1to30 ) + abs(v_out_bucket_1to30) ) end where m_product_id = p_m_product_id and m_locator_id = p_m_locator_id and ad_org_id = p_ad_org_id and m_attributesetinstance_id = p_m_attributesetinstance_id and m_warehouse_id = p_m_warehouse_id and m_product_category_id = p_m_product_category_id; update varpt_stockagingout_t set bucket_1to30 = case when v_in_bucket_0 > abs(v_out_bucket_1to30) then ( v_in_bucket_0 + v_out_bucket_1to30 ) + ( ( v_out_bucket_1to30 + v_in_bucket_0 ) * - 1 ) when v_in_bucket_0 <= abs(v_out_bucket_1to30) then v_in_bucket_0 + v_out_bucket_1to30 end where m_product_id = p_m_product_id and m_locator_id = p_m_locator_id and ad_org_id = p_ad_org_id and m_attributesetinstance_id = p_m_attributesetinstance_id and m_warehouse_id = p_m_warehouse_id and m_product_category_id = p_m_product_category_id; v_in_bucket_0 := case when v_in_bucket_0 >= abs(v_out_bucket_1to30) then v_in_bucket_0 + v_out_bucket_1to30 when v_in_bucket_0 < abs(v_out_bucket_1to30) then v_in_bucket_0 - ( ( v_in_bucket_0 + v_out_bucket_1to30 ) + abs(v_out_bucket_1to30) ) end; v_out_bucket_1to30 := case when v_in_bucket_0_t > abs(v_out_bucket_1to30) then ( v_in_bucket_0_t + v_out_bucket_1to30 ) + ( ( v_out_bucket_1to30 + v_in_bucket_0_t ) * -1 ) when v_in_bucket_0_t <= abs(v_out_bucket_1to30) then v_in_bucket_0_t + v_out_bucket_1to30 end; raise notice 'v_Out_Bucket_1to30 %', v_out_bucket_1to30; raise notice 'V_In_bucket_0 %', v_in_bucket_0; end if; end loop; end if; if j.bucket_0 < 0 then for i in select * from varpt_stockagingreport_t where m_product_id = p_m_product_id and m_locator_id = p_m_locator_id and ad_org_id = p_ad_org_id and m_attributesetinstance_id = p_m_attributesetinstance_id and m_warehouse_id = p_m_warehouse_id and m_product_category_id = p_m_product_category_id loop v_in_bucket_1to30 := i.bucket_1to30; v_in_bucket_31to60 := i.bucket_31to60; v_in_bucket_61to90 := i.bucket_61to90; v_in_bucket_91to120 := i.bucket_91to120; v_in_bucket_0 := i.bucket_0; raise notice 'v_Out_Bucket_0 From Cursor %', v_out_bucket_0; if i.bucket_91to120 >= 0 then v_in_bucket_91to120_t := v_in_bucket_91to120; update varpt_stockagingreport_t set bucket_91to120 = case when v_in_bucket_91to120 >= abs(v_out_bucket_0) then v_in_bucket_91to120 + v_out_bucket_0 when v_in_bucket_91to120 < abs(v_out_bucket_0) then v_in_bucket_91to120 - ( ( v_in_bucket_91to120 + v_out_bucket_0 ) + abs(v_out_bucket_0) ) end where m_product_id = p_m_product_id and m_locator_id = p_m_locator_id and ad_org_id = p_ad_org_id and m_attributesetinstance_id = p_m_attributesetinstance_id and m_warehouse_id = p_m_warehouse_id and m_product_category_id = p_m_product_category_id; update varpt_stockagingout_t set bucket_0 = case when v_in_bucket_91to120 > abs(v_out_bucket_0) then ( v_in_bucket_91to120 + v_out_bucket_0 ) + ( ( v_out_bucket_0 + v_in_bucket_91to120 ) * - 1 ) when v_in_bucket_91to120 <= abs(v_out_bucket_0) then v_in_bucket_91to120 + v_out_bucket_0 end where m_product_id = p_m_product_id and m_locator_id = p_m_locator_id and ad_org_id = p_ad_org_id and m_attributesetinstance_id = p_m_attributesetinstance_id and m_warehouse_id = p_m_warehouse_id and m_product_category_id = p_m_product_category_id; v_in_bucket_91to120 := case when v_in_bucket_91to120 >= abs(v_out_bucket_0) then v_in_bucket_91to120 + v_out_bucket_0 when v_in_bucket_91to120 < abs(v_out_bucket_0) then v_in_bucket_91to120 - ( ( v_in_bucket_91to120 + v_out_bucket_0 ) + abs(v_out_bucket_0) ) end; v_out_bucket_0 := case when v_in_bucket_91to120_t > abs(v_out_bucket_0) then ( v_in_bucket_91to120_t + v_out_bucket_0 ) + ( ( v_out_bucket_0 + v_in_bucket_91to120_t ) * -1 ) when v_in_bucket_91to120_t <= abs(v_out_bucket_0) then v_in_bucket_91to120_t + v_out_bucket_0 end; raise notice 'v_Out_Bucket_0 %', v_out_bucket_0; raise notice 'V_In_bucket_91To120 %', v_in_bucket_91to120; end if; if i.bucket_61to90 >= 0 then v_in_bucket_61to90_t := v_in_bucket_61to90; update varpt_stockagingreport_t set bucket_61to90 = case when v_in_bucket_61to90 >= abs(v_out_bucket_0) then v_in_bucket_61to90 + v_out_bucket_0 when v_in_bucket_61to90 < abs(v_out_bucket_0) then v_in_bucket_61to90 - ( ( v_in_bucket_61to90 + v_out_bucket_0 ) + abs(v_out_bucket_0) ) end where m_product_id = p_m_product_id and m_locator_id = p_m_locator_id and ad_org_id = p_ad_org_id and m_attributesetinstance_id = p_m_attributesetinstance_id and m_warehouse_id = p_m_warehouse_id and m_product_category_id = p_m_product_category_id; update varpt_stockagingout_t set bucket_0 = case when v_in_bucket_61to90 > abs(v_out_bucket_0) then ( v_in_bucket_61to90 + v_out_bucket_0 ) + ( ( v_out_bucket_0 + v_in_bucket_61to90 ) * - 1 ) when v_in_bucket_61to90 <= abs(v_out_bucket_0) then v_in_bucket_61to90 + v_out_bucket_0 end where m_product_id = p_m_product_id and m_locator_id = p_m_locator_id and ad_org_id = p_ad_org_id and m_attributesetinstance_id = p_m_attributesetinstance_id and m_warehouse_id = p_m_warehouse_id and m_product_category_id = p_m_product_category_id; v_in_bucket_61to90 := case when v_in_bucket_61to90 >= abs(v_out_bucket_0) then v_in_bucket_61to90 + v_out_bucket_0 when v_in_bucket_61to90 < abs(v_out_bucket_0) then v_in_bucket_61to90 - ( ( v_in_bucket_61to90 + v_out_bucket_0 ) + abs(v_out_bucket_0) ) end; v_out_bucket_0 := case when v_in_bucket_61to90_t > abs(v_out_bucket_0) then ( v_in_bucket_61to90_t + v_out_bucket_0 ) + ( ( v_out_bucket_0 + v_in_bucket_61to90_t ) * -1 ) when v_in_bucket_61to90_t <= abs(v_out_bucket_0) then v_in_bucket_61to90_t + v_out_bucket_0 end; raise notice 'v_Out_Bucket_0 %', v_out_bucket_0; raise notice 'V_In_bucket_61To90 %', v_in_bucket_61to90; end if; if i.bucket_31to60 >= 0 then v_in_bucket_31to60_t := v_in_bucket_31to60; update varpt_stockagingreport_t set bucket_31to60 = case when v_in_bucket_31to60 >= abs(v_out_bucket_0) then v_in_bucket_31to60 + v_out_bucket_0 when v_in_bucket_31to60 < abs(v_out_bucket_0) then v_in_bucket_31to60 - ( ( v_in_bucket_31to60 + v_out_bucket_0 ) + abs(v_out_bucket_0) ) end where m_product_id = p_m_product_id and m_locator_id = p_m_locator_id and ad_org_id = p_ad_org_id and m_attributesetinstance_id = p_m_attributesetinstance_id and m_warehouse_id = p_m_warehouse_id and m_product_category_id = p_m_product_category_id; update varpt_stockagingout_t set bucket_0 = case when v_in_bucket_31to60 > abs(v_out_bucket_0) then ( v_in_bucket_31to60 + v_out_bucket_0 ) + ( ( v_out_bucket_0 + v_in_bucket_31to60 ) * - 1 ) when v_in_bucket_31to60 <= abs(v_out_bucket_0) then v_in_bucket_31to60 + v_out_bucket_0 end where m_product_id = p_m_product_id and m_locator_id = p_m_locator_id and ad_org_id = p_ad_org_id and m_attributesetinstance_id = p_m_attributesetinstance_id and m_warehouse_id = p_m_warehouse_id and m_product_category_id = p_m_product_category_id; v_in_bucket_31to60 := case when v_in_bucket_31to60 >= abs(v_out_bucket_0) then v_in_bucket_31to60 + v_out_bucket_0 when v_in_bucket_31to60 < abs(v_out_bucket_0) then v_in_bucket_31to60 - ( ( v_in_bucket_31to60 + v_out_bucket_0 ) + abs(v_out_bucket_0) ) end; v_out_bucket_0 := case when v_in_bucket_31to60_t > abs(v_out_bucket_0) then ( v_in_bucket_31to60_t + v_out_bucket_0 ) + ( ( v_out_bucket_0 + v_in_bucket_31to60_t ) * -1 ) when v_in_bucket_31to60_t <= abs(v_out_bucket_0) then v_in_bucket_31to60_t + v_out_bucket_0 end; raise notice 'v_Out_Bucket_0 %', v_out_bucket_0; raise notice 'V_In_bucket_31to60 %', v_in_bucket_31to60; end if; if i.bucket_1to30 >= 0 then v_in_bucket_1to30_t := v_in_bucket_1to30; update varpt_stockagingreport_t set bucket_1to30 = case when v_in_bucket_1to30 >= abs(v_out_bucket_0) then v_in_bucket_1to30 + v_out_bucket_0 when v_in_bucket_1to30 < abs(v_out_bucket_0) then v_in_bucket_1to30 - ( ( v_in_bucket_1to30 + v_out_bucket_0 ) + abs(v_out_bucket_0) ) end where m_product_id = p_m_product_id and m_locator_id = p_m_locator_id and ad_org_id = p_ad_org_id and m_attributesetinstance_id = p_m_attributesetinstance_id and m_warehouse_id = p_m_warehouse_id and m_product_category_id = p_m_product_category_id; update varpt_stockagingout_t set bucket_0 = case when v_in_bucket_1to30 > abs(v_out_bucket_0) then ( v_in_bucket_1to30 + v_out_bucket_0 ) + ( ( v_out_bucket_0 + v_in_bucket_1to30 ) * - 1 ) when v_in_bucket_1to30 <= abs(v_out_bucket_0) then v_in_bucket_1to30 + v_out_bucket_0 end where m_product_id = p_m_product_id and m_locator_id = p_m_locator_id and ad_org_id = p_ad_org_id and m_attributesetinstance_id = p_m_attributesetinstance_id and m_warehouse_id = p_m_warehouse_id and m_product_category_id = p_m_product_category_id; v_in_bucket_1to30 := case when v_in_bucket_1to30 >= abs(v_out_bucket_0) then v_in_bucket_1to30 + v_out_bucket_0 when v_in_bucket_1to30 < abs(v_out_bucket_0) then v_in_bucket_1to30 - ( ( v_in_bucket_1to30 + v_out_bucket_0 ) + abs(v_out_bucket_0) ) end; v_out_bucket_0 := case when v_in_bucket_1to30_t > abs(v_out_bucket_0) then ( v_in_bucket_1to30_t + v_out_bucket_0 ) + ( ( v_out_bucket_0 + v_in_bucket_1to30_t ) * -1 ) when v_in_bucket_1to30_t <= abs(v_out_bucket_0) then v_in_bucket_1to30_t + v_out_bucket_0 end; raise notice 'v_Out_Bucket_0 %', v_out_bucket_0; raise notice 'V_In_bucket_1to30 %', v_in_bucket_1to30; end if; if i.bucket_0 >= 0 then v_in_bucket_0_t := v_in_bucket_0; update varpt_stockagingreport_t set bucket_0 = case when v_in_bucket_0 >= abs(v_out_bucket_0) then v_in_bucket_0 + v_out_bucket_0 when v_in_bucket_0 < abs(v_out_bucket_0) then v_in_bucket_0 - ( ( v_in_bucket_0 + v_out_bucket_0 ) + abs(v_out_bucket_0) ) end where m_product_id = p_m_product_id and m_locator_id = p_m_locator_id and ad_org_id = p_ad_org_id and m_attributesetinstance_id = p_m_attributesetinstance_id and m_warehouse_id = p_m_warehouse_id and m_product_category_id = p_m_product_category_id; update varpt_stockagingout_t set bucket_0 = case when v_in_bucket_0 > abs(v_out_bucket_0) then ( v_in_bucket_0 + v_out_bucket_0 ) + ( ( v_out_bucket_0 + v_in_bucket_0 ) * - 1 ) when v_in_bucket_0 <= abs(v_out_bucket_0) then v_in_bucket_0 + v_out_bucket_0 end where m_product_id = p_m_product_id and m_locator_id = p_m_locator_id and ad_org_id = p_ad_org_id and m_attributesetinstance_id = p_m_attributesetinstance_id and m_warehouse_id = p_m_warehouse_id and m_product_category_id = p_m_product_category_id; v_in_bucket_0 := case when v_in_bucket_0 >= abs(v_out_bucket_0) then v_in_bucket_0 + v_out_bucket_0 when v_in_bucket_0 < abs(v_out_bucket_0) then v_in_bucket_0 - ( ( v_in_bucket_0 + v_out_bucket_0 ) + abs(v_out_bucket_0) ) end; v_out_bucket_0 := case when v_in_bucket_0_t > abs(v_out_bucket_0) then ( v_in_bucket_0_t + v_out_bucket_0 ) + ( ( v_out_bucket_0 + v_in_bucket_0_t ) * -1 ) when v_in_bucket_0_t <= abs(v_out_bucket_0) then v_in_bucket_0_t + v_out_bucket_0 end; raise notice 'v_Out_Bucket_0 %', v_out_bucket_0; raise notice 'V_In_bucket_0 %', v_in_bucket_0; end if; end loop; end if; end loop; exception when others then raise exception 'Error in varpt_stockageingcases: %', sqlerrm; end; $$ language plpgsql;
11:15:58.155    (INFO)     ConvertSQL.ApplyConvertMap: [44]Exception clause needs to be converted: create or replace function varpt_stockageingcaseslifo( p_m_product_id bigint, p_m_locator_id bigint, p_ad_org_id bigint, p_m_attributesetinstance_id bigint, p_m_warehouse_id bigint, p_m_product_category_id bigint ) returns void as $$ declare i varpt_stockagingreport_t%ROWTYPE; j varpt_stockagingout_t%ROWTYPE; v_in_bucket_0 numeric(10, 2); v_in_bucket_1to30 numeric(10, 2); v_in_bucket_31to60 numeric(10, 2); v_in_bucket_61to90 numeric(10, 2); v_in_bucket_91to120 numeric(10, 2); v_out_bucket_0 numeric(10, 2); v_out_bucket_1to30 numeric(10, 2); v_out_bucket_31to60 numeric(10, 2); v_out_bucket_61to90 numeric(10, 2); v_out_bucket_91to120 numeric(10, 2); v_in_bucket_91to120_t numeric(10, 2); v_in_bucket_61to90_t numeric(10, 2); v_in_bucket_0_t numeric(10, 2); v_in_bucket_1to30_t numeric(10, 2); v_in_bucket_31to60_t numeric(10, 2); begin for j in select * from varpt_stockagingout_t where m_product_id = p_m_product_id and m_locator_id = p_m_locator_id and ad_org_id = p_ad_org_id and m_attributesetinstance_id = p_m_attributesetinstance_id and m_warehouse_id = p_m_warehouse_id and m_product_category_id = p_m_product_category_id loop v_out_bucket_1to30 := j.bucket_1to30; v_out_bucket_31to60 := j.bucket_31to60; v_out_bucket_61to90 := j.bucket_61to90; v_out_bucket_91to120 := j.bucket_91to120; v_out_bucket_0 := j.bucket_0; if j.bucket_0 < 0 then for i in select * from varpt_stockagingreport_t where m_product_id = p_m_product_id and m_locator_id = p_m_locator_id and ad_org_id = p_ad_org_id and m_attributesetinstance_id = p_m_attributesetinstance_id and m_warehouse_id = p_m_warehouse_id and m_product_category_id = p_m_product_category_id loop v_in_bucket_1to30 := i.bucket_1to30; v_in_bucket_31to60 := i.bucket_31to60; v_in_bucket_61to90 := i.bucket_61to90; v_in_bucket_91to120 := i.bucket_91to120; v_in_bucket_0 := i.bucket_0; raise notice 'v_Out_Bucket_0 From Cursor %', v_out_bucket_0; if i.bucket_0 >= 0 then v_in_bucket_0_t := v_in_bucket_0; update varpt_stockagingreport_t set bucket_0 = case when v_in_bucket_0 >= abs(v_out_bucket_0) then v_in_bucket_0 + v_out_bucket_0 when v_in_bucket_0 < abs(v_out_bucket_0) then v_in_bucket_0 - ( ( v_in_bucket_0 + v_out_bucket_0 ) + abs(v_out_bucket_0) ) end where m_product_id = p_m_product_id and m_locator_id = p_m_locator_id and ad_org_id = p_ad_org_id and m_attributesetinstance_id = p_m_attributesetinstance_id and m_warehouse_id = p_m_warehouse_id and m_product_category_id = p_m_product_category_id; update varpt_stockagingout_t set bucket_0 = case when v_in_bucket_0 > abs(v_out_bucket_0) then ( v_in_bucket_0 + v_out_bucket_0 ) + ( ( v_out_bucket_0 + v_in_bucket_0 ) * - 1 ) when v_in_bucket_0 <= abs(v_out_bucket_0) then v_in_bucket_0 + v_out_bucket_0 end where m_product_id = p_m_product_id and m_locator_id = p_m_locator_id and ad_org_id = p_ad_org_id and m_attributesetinstance_id = p_m_attributesetinstance_id and m_warehouse_id = p_m_warehouse_id and m_product_category_id = p_m_product_category_id; v_in_bucket_0 := case when v_in_bucket_0 >= abs(v_out_bucket_0) then v_in_bucket_0 + v_out_bucket_0 when v_in_bucket_0 < abs(v_out_bucket_0) then v_in_bucket_0 - ( ( v_in_bucket_0 + v_out_bucket_0 ) + abs(v_out_bucket_0) ) end; v_out_bucket_0 := case when v_in_bucket_0_t > abs(v_out_bucket_0) then ( v_in_bucket_0_t + v_out_bucket_0 ) + ( ( v_out_bucket_0 + v_in_bucket_0_t ) * -1 ) when v_in_bucket_0_t <= abs(v_out_bucket_0) then v_in_bucket_0_t + v_out_bucket_0 end; raise notice 'v_Out_Bucket_0 %', v_out_bucket_0; raise notice 'V_In_bucket_0 %', v_in_bucket_0; end if; if i.bucket_1to30 >= 0 then v_in_bucket_1to30_t := v_in_bucket_1to30; update varpt_stockagingreport_t set bucket_1to30 = case when v_in_bucket_1to30 >= abs(v_out_bucket_0) then v_in_bucket_1to30 + v_out_bucket_0 when v_in_bucket_1to30 < abs(v_out_bucket_0) then v_in_bucket_1to30 - ( ( v_in_bucket_1to30 + v_out_bucket_0 ) + abs(v_out_bucket_0) ) end where m_product_id = p_m_product_id and m_locator_id = p_m_locator_id and ad_org_id = p_ad_org_id and m_attributesetinstance_id = p_m_attributesetinstance_id and m_warehouse_id = p_m_warehouse_id and m_product_category_id = p_m_product_category_id; update varpt_stockagingout_t set bucket_0 = case when v_in_bucket_1to30 > abs(v_out_bucket_0) then ( v_in_bucket_1to30 + v_out_bucket_0 ) + ( ( v_out_bucket_0 + v_in_bucket_1to30 ) * - 1 ) when v_in_bucket_1to30 <= abs(v_out_bucket_0) then v_in_bucket_1to30 + v_out_bucket_0 end where m_product_id = p_m_product_id and m_locator_id = p_m_locator_id and ad_org_id = p_ad_org_id and m_attributesetinstance_id = p_m_attributesetinstance_id and m_warehouse_id = p_m_warehouse_id and m_product_category_id = p_m_product_category_id; v_in_bucket_1to30 := case when v_in_bucket_1to30 >= abs(v_out_bucket_0) then v_in_bucket_1to30 + v_out_bucket_0 when v_in_bucket_1to30 < abs(v_out_bucket_0) then v_in_bucket_1to30 - ( ( v_in_bucket_1to30 + v_out_bucket_0 ) + abs(v_out_bucket_0) ) end; v_out_bucket_0 := case when v_in_bucket_1to30_t > abs(v_out_bucket_0) then ( v_in_bucket_1to30_t + v_out_bucket_0 ) + ( ( v_out_bucket_0 + v_in_bucket_1to30_t ) * -1 ) when v_in_bucket_1to30_t <= abs(v_out_bucket_0) then v_in_bucket_1to30_t + v_out_bucket_0 end; raise notice 'v_Out_Bucket_0 %', v_out_bucket_0; raise notice 'V_In_bucket_1to30 %', v_in_bucket_1to30; end if; if i.bucket_31to60 >= 0 then v_in_bucket_31to60_t := v_in_bucket_31to60; update varpt_stockagingreport_t set bucket_31to60 = case when v_in_bucket_31to60 >= abs(v_out_bucket_0) then v_in_bucket_31to60 + v_out_bucket_0 when v_in_bucket_31to60 < abs(v_out_bucket_0) then v_in_bucket_31to60 - ( ( v_in_bucket_31to60 + v_out_bucket_0 ) + abs(v_out_bucket_0) ) end where m_product_id = p_m_product_id and m_locator_id = p_m_locator_id and ad_org_id = p_ad_org_id and m_attributesetinstance_id = p_m_attributesetinstance_id and m_warehouse_id = p_m_warehouse_id and m_product_category_id = p_m_product_category_id; update varpt_stockagingout_t set bucket_0 = case when v_in_bucket_31to60 > abs(v_out_bucket_0) then ( v_in_bucket_31to60 + v_out_bucket_0 ) + ( ( v_out_bucket_0 + v_in_bucket_31to60 ) * - 1 ) when v_in_bucket_31to60 <= abs(v_out_bucket_0) then v_in_bucket_31to60 + v_out_bucket_0 end where m_product_id = p_m_product_id and m_locator_id = p_m_locator_id and ad_org_id = p_ad_org_id and m_attributesetinstance_id = p_m_attributesetinstance_id and m_warehouse_id = p_m_warehouse_id and m_product_category_id = p_m_product_category_id; v_in_bucket_31to60 := case when v_in_bucket_31to60 >= abs(v_out_bucket_0) then v_in_bucket_31to60 + v_out_bucket_0 when v_in_bucket_31to60 < abs(v_out_bucket_0) then v_in_bucket_31to60 - ( ( v_in_bucket_31to60 + v_out_bucket_0 ) + abs(v_out_bucket_0) ) end; v_out_bucket_0 := case when v_in_bucket_31to60_t > abs(v_out_bucket_0) then ( v_in_bucket_31to60_t + v_out_bucket_0 ) + ( ( v_out_bucket_0 + v_in_bucket_31to60_t ) * -1 ) when v_in_bucket_31to60_t <= abs(v_out_bucket_0) then v_in_bucket_31to60_t + v_out_bucket_0 end; raise notice 'v_Out_Bucket_0 %', v_out_bucket_0; raise notice 'V_In_bucket_31to60 %', v_in_bucket_31to60; end if; if i.bucket_61to90 >= 0 then v_in_bucket_61to90_t := v_in_bucket_61to90; update varpt_stockagingreport_t set bucket_61to90 = case when v_in_bucket_61to90 >= abs(v_out_bucket_0) then v_in_bucket_61to90 + v_out_bucket_0 when v_in_bucket_61to90 < abs(v_out_bucket_0) then v_in_bucket_61to90 - ( ( v_in_bucket_61to90 + v_out_bucket_0 ) + abs(v_out_bucket_0) ) end where m_product_id = p_m_product_id and m_locator_id = p_m_locator_id and ad_org_id = p_ad_org_id and m_attributesetinstance_id = p_m_attributesetinstance_id and m_warehouse_id = p_m_warehouse_id and m_product_category_id = p_m_product_category_id; update varpt_stockagingout_t set bucket_0 = case when v_in_bucket_61to90 > abs(v_out_bucket_0) then ( v_in_bucket_61to90 + v_out_bucket_0 ) + ( ( v_out_bucket_0 + v_in_bucket_61to90 ) * - 1 ) when v_in_bucket_61to90 <= abs(v_out_bucket_0) then v_in_bucket_61to90 + v_out_bucket_0 end where m_product_id = p_m_product_id and m_locator_id = p_m_locator_id and ad_org_id = p_ad_org_id and m_attributesetinstance_id = p_m_attributesetinstance_id and m_warehouse_id = p_m_warehouse_id and m_product_category_id = p_m_product_category_id; v_in_bucket_61to90 := case when v_in_bucket_61to90 >= abs(v_out_bucket_0) then v_in_bucket_61to90 + v_out_bucket_0 when v_in_bucket_61to90 < abs(v_out_bucket_0) then v_in_bucket_61to90 - ( ( v_in_bucket_61to90 + v_out_bucket_0 ) + abs(v_out_bucket_0) ) end; v_out_bucket_0 := case when v_in_bucket_61to90_t > abs(v_out_bucket_0) then ( v_in_bucket_61to90_t + v_out_bucket_0 ) + ( ( v_out_bucket_0 + v_in_bucket_61to90_t ) * -1 ) when v_in_bucket_61to90_t <= abs(v_out_bucket_0) then v_in_bucket_61to90_t + v_out_bucket_0 end; raise notice 'v_Out_Bucket_0 %', v_out_bucket_0; raise notice 'V_In_bucket_61To90 %', v_in_bucket_61to90; end if; if i.bucket_91to120 >= 0 then v_in_bucket_91to120_t := v_in_bucket_91to120; update varpt_stockagingreport_t set bucket_91to120 = case when v_in_bucket_91to120 >= abs(v_out_bucket_0) then v_in_bucket_91to120 + v_out_bucket_0 when v_in_bucket_91to120 < abs(v_out_bucket_0) then v_in_bucket_91to120 - ( ( v_in_bucket_91to120 + v_out_bucket_0 ) + abs(v_out_bucket_0) ) end where m_product_id = p_m_product_id and m_locator_id = p_m_locator_id and ad_org_id = p_ad_org_id and m_attributesetinstance_id = p_m_attributesetinstance_id and m_warehouse_id = p_m_warehouse_id and m_product_category_id = p_m_product_category_id; update varpt_stockagingout_t set bucket_0 = case when v_in_bucket_91to120 > abs(v_out_bucket_0) then ( v_in_bucket_91to120 + v_out_bucket_0 ) + ( ( v_out_bucket_0 + v_in_bucket_91to120 ) * - 1 ) when v_in_bucket_91to120 <= abs(v_out_bucket_0) then v_in_bucket_91to120 + v_out_bucket_0 end where m_product_id = p_m_product_id and m_locator_id = p_m_locator_id and ad_org_id = p_ad_org_id and m_attributesetinstance_id = p_m_attributesetinstance_id and m_warehouse_id = p_m_warehouse_id and m_product_category_id = p_m_product_category_id; v_in_bucket_91to120 := case when v_in_bucket_91to120 >= abs(v_out_bucket_0) then v_in_bucket_91to120 + v_out_bucket_0 when v_in_bucket_91to120 < abs(v_out_bucket_0) then v_in_bucket_91to120 - ( ( v_in_bucket_91to120 + v_out_bucket_0 ) + abs(v_out_bucket_0) ) end; v_out_bucket_0 := case when v_in_bucket_91to120_t > abs(v_out_bucket_0) then ( v_in_bucket_91to120_t + v_out_bucket_0 ) + ( ( v_out_bucket_0 + v_in_bucket_91to120_t ) * -1 ) when v_in_bucket_91to120_t <= abs(v_out_bucket_0) then v_in_bucket_91to120_t + v_out_bucket_0 end; raise notice 'v_Out_Bucket_0 %', v_out_bucket_0; raise notice 'V_In_bucket_91To120 %', v_in_bucket_91to120; end if; end loop; end if; if j.bucket_1to30 < 0 then for i in select * from varpt_stockagingreport_t where m_product_id = p_m_product_id and m_locator_id = p_m_locator_id and ad_org_id = p_ad_org_id and m_attributesetinstance_id = p_m_attributesetinstance_id and m_warehouse_id = p_m_warehouse_id and m_product_category_id = p_m_product_category_id loop v_in_bucket_1to30 := i.bucket_1to30; v_in_bucket_31to60 := i.bucket_31to60; v_in_bucket_61to90 := i.bucket_61to90; v_in_bucket_91to120 := i.bucket_91to120; v_in_bucket_0 := i.bucket_0; raise notice 'v_Out_Bucket_1to30 From Cursor %', v_out_bucket_1to30; if i.bucket_0 >= 0 then v_in_bucket_0_t := v_in_bucket_0; update varpt_stockagingreport_t set bucket_0 = case when v_in_bucket_0 >= abs(v_out_bucket_1to30) then v_in_bucket_0 + v_out_bucket_1to30 when v_in_bucket_0 < abs(v_out_bucket_1to30) then v_in_bucket_0 - ( ( v_in_bucket_0 + v_out_bucket_1to30 ) + abs(v_out_bucket_1to30) ) end where m_product_id = p_m_product_id and m_locator_id = p_m_locator_id and ad_org_id = p_ad_org_id and m_attributesetinstance_id = p_m_attributesetinstance_id and m_warehouse_id = p_m_warehouse_id and m_product_category_id = p_m_product_category_id; update varpt_stockagingout_t set bucket_1to30 = case when v_in_bucket_0 > abs(v_out_bucket_1to30) then ( v_in_bucket_0 + v_out_bucket_1to30 ) + ( ( v_out_bucket_1to30 + v_in_bucket_0 ) * - 1 ) when v_in_bucket_0 <= abs(v_out_bucket_1to30) then v_in_bucket_0 + v_out_bucket_1to30 end where m_product_id = p_m_product_id and m_locator_id = p_m_locator_id and ad_org_id = p_ad_org_id and m_attributesetinstance_id = p_m_attributesetinstance_id and m_warehouse_id = p_m_warehouse_id and m_product_category_id = p_m_product_category_id; v_in_bucket_0 := case when v_in_bucket_0 >= abs(v_out_bucket_1to30) then v_in_bucket_0 + v_out_bucket_1to30 when v_in_bucket_0 < abs(v_out_bucket_1to30) then v_in_bucket_0 - ( ( v_in_bucket_0 + v_out_bucket_1to30 ) + abs(v_out_bucket_1to30) ) end; v_out_bucket_1to30 := case when v_in_bucket_0_t > abs(v_out_bucket_1to30) then ( v_in_bucket_0_t + v_out_bucket_1to30 ) + ( ( v_out_bucket_1to30 + v_in_bucket_0_t ) * -1 ) when v_in_bucket_0_t <= abs(v_out_bucket_1to30) then v_in_bucket_0_t + v_out_bucket_1to30 end; raise notice 'v_Out_Bucket_1to30 %', v_out_bucket_1to30; raise notice 'V_In_bucket_0 %', v_in_bucket_0; end if; if i.bucket_1to30 >= 0 then v_in_bucket_1to30_t := v_in_bucket_1to30; update varpt_stockagingreport_t set bucket_1to30 = case when v_in_bucket_1to30 >= abs(v_out_bucket_1to30) then v_in_bucket_1to30 + v_out_bucket_1to30 when v_in_bucket_1to30 < abs(v_out_bucket_1to30) then v_in_bucket_1to30 - ( ( v_in_bucket_1to30 + v_out_bucket_1to30 ) + abs(v_out_bucket_1to30) ) end where m_product_id = p_m_product_id and m_locator_id = p_m_locator_id and ad_org_id = p_ad_org_id and m_attributesetinstance_id = p_m_attributesetinstance_id and m_warehouse_id = p_m_warehouse_id and m_product_category_id = p_m_product_category_id; update varpt_stockagingout_t set bucket_1to30 = case when v_in_bucket_1to30 > abs(v_out_bucket_1to30) then ( v_in_bucket_1to30 + v_out_bucket_1to30 ) + ( ( v_out_bucket_1to30 + v_in_bucket_1to30 ) * - 1 ) when v_in_bucket_1to30 <= abs(v_out_bucket_1to30) then v_in_bucket_1to30 + v_out_bucket_1to30 end where m_product_id = p_m_product_id and m_locator_id = p_m_locator_id and ad_org_id = p_ad_org_id and m_attributesetinstance_id = p_m_attributesetinstance_id and m_warehouse_id = p_m_warehouse_id and m_product_category_id = p_m_product_category_id; v_in_bucket_1to30 := case when v_in_bucket_1to30 >= abs(v_out_bucket_1to30) then v_in_bucket_1to30 + v_out_bucket_1to30 when v_in_bucket_1to30 < abs(v_out_bucket_1to30) then v_in_bucket_1to30 - ( ( v_in_bucket_1to30 + v_out_bucket_1to30 ) + abs(v_out_bucket_1to30) ) end; v_out_bucket_1to30 := case when v_in_bucket_1to30_t > abs(v_out_bucket_1to30) then ( v_in_bucket_1to30_t + v_out_bucket_1to30 ) + ( ( v_out_bucket_1to30 + v_in_bucket_1to30_t ) * -1 ) when v_in_bucket_1to30_t <= abs(v_out_bucket_1to30) then v_in_bucket_1to30_t + v_out_bucket_1to30 end; raise notice 'v_Out_Bucket_1to30 %', v_out_bucket_1to30; raise notice 'V_In_bucket_1to30 %', v_in_bucket_1to30; end if; if i.bucket_31to60 >= 0 then v_in_bucket_31to60_t := v_in_bucket_31to60; update varpt_stockagingreport_t set bucket_31to60 = case when v_in_bucket_31to60 >= abs(v_out_bucket_1to30) then v_in_bucket_31to60 + v_out_bucket_1to30 when v_in_bucket_31to60 < abs(v_out_bucket_1to30) then v_in_bucket_31to60 - ( ( v_in_bucket_31to60 + v_out_bucket_1to30 ) + abs(v_out_bucket_1to30) ) end where m_product_id = p_m_product_id and m_locator_id = p_m_locator_id and ad_org_id = p_ad_org_id and m_attributesetinstance_id = p_m_attributesetinstance_id and m_warehouse_id = p_m_warehouse_id and m_product_category_id = p_m_product_category_id; update varpt_stockagingout_t set bucket_1to30 = case when v_in_bucket_31to60 > abs(v_out_bucket_1to30) then ( v_in_bucket_31to60 + v_out_bucket_1to30 ) + ( ( v_out_bucket_1to30 + v_in_bucket_31to60 ) * - 1 ) when v_in_bucket_31to60 <= abs(v_out_bucket_1to30) then v_in_bucket_31to60 + v_out_bucket_1to30 end where m_product_id = p_m_product_id and m_locator_id = p_m_locator_id and ad_org_id = p_ad_org_id and m_attributesetinstance_id = p_m_attributesetinstance_id and m_warehouse_id = p_m_warehouse_id and m_product_category_id = p_m_product_category_id; v_in_bucket_31to60 := case when v_in_bucket_31to60 >= abs(v_out_bucket_1to30) then v_in_bucket_31to60 + v_out_bucket_1to30 when v_in_bucket_31to60 < abs(v_out_bucket_1to30) then v_in_bucket_31to60 - ( ( v_in_bucket_31to60 + v_out_bucket_1to30 ) + abs(v_out_bucket_1to30) ) end; v_out_bucket_1to30 := case when v_in_bucket_31to60_t > abs(v_out_bucket_1to30) then ( v_in_bucket_31to60_t + v_out_bucket_1to30 ) + ( ( v_out_bucket_1to30 + v_in_bucket_31to60_t ) * -1 ) when v_in_bucket_31to60_t <= abs(v_out_bucket_1to30) then v_in_bucket_31to60_t + v_out_bucket_1to30 end; raise notice 'v_Out_Bucket_1to30 %', v_out_bucket_1to30; raise notice 'V_In_bucket_31to60 %', v_in_bucket_31to60; end if; if i.bucket_61to90 >= 0 then v_in_bucket_61to90_t := v_in_bucket_61to90; update varpt_stockagingreport_t set bucket_61to90 = case when v_in_bucket_61to90 >= abs(v_out_bucket_1to30) then v_in_bucket_61to90 + v_out_bucket_1to30 when v_in_bucket_61to90 < abs(v_out_bucket_1to30) then v_in_bucket_61to90 - ( ( v_in_bucket_61to90 + v_out_bucket_1to30 ) + abs(v_out_bucket_1to30) ) end where m_product_id = p_m_product_id and m_locator_id = p_m_locator_id and ad_org_id = p_ad_org_id and m_attributesetinstance_id = p_m_attributesetinstance_id and m_warehouse_id = p_m_warehouse_id and m_product_category_id = p_m_product_category_id; update varpt_stockagingout_t set bucket_1to30 = case when v_in_bucket_61to90 > abs(v_out_bucket_1to30) then ( v_in_bucket_61to90 + v_out_bucket_1to30 ) + ( ( v_out_bucket_1to30 + v_in_bucket_61to90 ) * - 1 ) when v_in_bucket_61to90 <= abs(v_out_bucket_1to30) then v_in_bucket_61to90 + v_out_bucket_1to30 end where m_product_id = p_m_product_id and m_locator_id = p_m_locator_id and ad_org_id = p_ad_org_id and m_attributesetinstance_id = p_m_attributesetinstance_id and m_warehouse_id = p_m_warehouse_id and m_product_category_id = p_m_product_category_id; v_in_bucket_61to90 := case when v_in_bucket_61to90 >= abs(v_out_bucket_1to30) then v_in_bucket_61to90 + v_out_bucket_1to30 when v_in_bucket_61to90 < abs(v_out_bucket_1to30) then v_in_bucket_61to90 - ( ( v_in_bucket_61to90 + v_out_bucket_1to30 ) + abs(v_out_bucket_1to30) ) end; v_out_bucket_1to30 := case when v_in_bucket_61to90_t > abs(v_out_bucket_1to30) then ( v_in_bucket_61to90_t + v_out_bucket_1to30 ) + ( ( v_out_bucket_1to30 + v_in_bucket_61to90_t ) * -1 ) when v_in_bucket_61to90_t <= abs(v_out_bucket_1to30) then v_in_bucket_61to90_t + v_out_bucket_1to30 end; raise notice 'v_Out_Bucket_1to30 %', v_out_bucket_1to30; raise notice 'V_In_bucket_61To90 %', v_in_bucket_61to90; end if; if i.bucket_91to120 >= 0 then v_in_bucket_91to120_t := v_in_bucket_91to120; update varpt_stockagingreport_t set bucket_91to120 = case when v_in_bucket_91to120 >= abs(v_out_bucket_1to30) then v_in_bucket_91to120 + v_out_bucket_1to30 when v_in_bucket_91to120 < abs(v_out_bucket_1to30) then v_in_bucket_91to120 - ( ( v_in_bucket_91to120 + v_out_bucket_1to30 ) + abs(v_out_bucket_1to30) ) end where m_product_id = p_m_product_id and m_locator_id = p_m_locator_id and ad_org_id = p_ad_org_id and m_attributesetinstance_id = p_m_attributesetinstance_id and m_warehouse_id = p_m_warehouse_id and m_product_category_id = p_m_product_category_id; update varpt_stockagingout_t set bucket_1to30 = case when v_in_bucket_91to120 > abs(v_out_bucket_1to30) then ( v_in_bucket_91to120 + v_out_bucket_1to30 ) + ( ( v_out_bucket_1to30 + v_in_bucket_91to120 ) * - 1 ) when v_in_bucket_91to120 <= abs(v_out_bucket_1to30) then v_in_bucket_91to120 + v_out_bucket_1to30 end where m_product_id = p_m_product_id and m_locator_id = p_m_locator_id and ad_org_id = p_ad_org_id and m_attributesetinstance_id = p_m_attributesetinstance_id and m_warehouse_id = p_m_warehouse_id and m_product_category_id = p_m_product_category_id; v_in_bucket_91to120 := case when v_in_bucket_91to120 >= abs(v_out_bucket_1to30) then v_in_bucket_91to120 + v_out_bucket_1to30 when v_in_bucket_91to120 < abs(v_out_bucket_1to30) then v_in_bucket_91to120 - ( ( v_in_bucket_91to120 + v_out_bucket_1to30 ) + abs(v_out_bucket_1to30) ) end; v_out_bucket_1to30 := case when v_in_bucket_91to120_t > abs(v_out_bucket_1to30) then ( v_in_bucket_91to120_t + v_out_bucket_1to30 ) + ( ( v_out_bucket_1to30 + v_in_bucket_91to120_t ) * - 1 ) when v_in_bucket_91to120_t <= abs(v_out_bucket_1to30) then v_in_bucket_91to120_t + v_out_bucket_1to30 end; raise notice 'v_Out_Bucket_1to30 %', v_out_bucket_1to30; raise notice 'V_In_bucket_91To120 %', v_in_bucket_91to120; end if; end loop; end if; if j.bucket_31to60 < 0 then for i in select * from varpt_stockagingreport_t where m_product_id = p_m_product_id and m_locator_id = p_m_locator_id and ad_org_id = p_ad_org_id and m_attributesetinstance_id = p_m_attributesetinstance_id and m_warehouse_id = p_m_warehouse_id and m_product_category_id = p_m_product_category_id loop v_in_bucket_1to30 := i.bucket_1to30; v_in_bucket_31to60 := i.bucket_31to60; v_in_bucket_61to90 := i.bucket_61to90; v_in_bucket_91to120 := i.bucket_91to120; v_in_bucket_0 := i.bucket_0; raise notice 'v_Out_bucket_31to60 From Cursor %', v_out_bucket_31to60; if i.bucket_0 >= 0 then v_in_bucket_0_t := v_in_bucket_0; update varpt_stockagingreport_t set bucket_0 = case when v_in_bucket_0 >= abs(v_out_bucket_31to60) then v_in_bucket_0 + v_out_bucket_31to60 when v_in_bucket_0 < abs(v_out_bucket_31to60) then v_in_bucket_0 - ( ( v_in_bucket_0 + v_out_bucket_31to60 ) + abs(v_out_bucket_31to60) ) end where m_product_id = p_m_product_id and m_locator_id = p_m_locator_id and ad_org_id = p_ad_org_id and m_attributesetinstance_id = p_m_attributesetinstance_id and m_warehouse_id = p_m_warehouse_id and m_product_category_id = p_m_product_category_id; update varpt_stockagingout_t set bucket_31to60 = case when v_in_bucket_0 > abs(v_out_bucket_31to60) then ( v_in_bucket_0 + v_out_bucket_31to60 ) + ( ( v_out_bucket_31to60 + v_in_bucket_0 ) * - 1 ) when v_in_bucket_0 <= abs(v_out_bucket_31to60) then v_in_bucket_0 + v_out_bucket_31to60 end where m_product_id = p_m_product_id and m_locator_id = p_m_locator_id and ad_org_id = p_ad_org_id and m_attributesetinstance_id = p_m_attributesetinstance_id and m_warehouse_id = p_m_warehouse_id and m_product_category_id = p_m_product_category_id; v_in_bucket_0 := case when v_in_bucket_0 >= abs(v_out_bucket_31to60) then v_in_bucket_0 + v_out_bucket_31to60 when v_in_bucket_0 < abs(v_out_bucket_31to60) then v_in_bucket_0 - ( ( v_in_bucket_0 + v_out_bucket_31to60 ) + abs(v_out_bucket_31to60) ) end; v_out_bucket_31to60 := case when v_in_bucket_0_t > abs(v_out_bucket_31to60) then ( v_in_bucket_0_t + v_out_bucket_31to60 ) + ( ( v_out_bucket_31to60 + v_in_bucket_0_t ) * -1 ) when v_in_bucket_0_t <= abs(v_out_bucket_31to60) then v_in_bucket_0_t + v_out_bucket_31to60 end; raise notice 'v_Out_bucket_31to60 %', v_out_bucket_31to60; raise notice 'V_In_bucket_0 %', v_in_bucket_0; end if; if i.bucket_1to30 >= 0 then v_in_bucket_1to30_t := v_in_bucket_1to30; update varpt_stockagingreport_t set bucket_1to30 = case when v_in_bucket_1to30 >= abs(v_out_bucket_31to60) then v_in_bucket_1to30 + v_out_bucket_31to60 when v_in_bucket_1to30 < abs(v_out_bucket_31to60) then v_in_bucket_1to30 - ( ( v_in_bucket_1to30 + v_out_bucket_31to60 ) + abs(v_out_bucket_31to60) ) end where m_product_id = p_m_product_id and m_locator_id = p_m_locator_id and ad_org_id = p_ad_org_id and m_attributesetinstance_id = p_m_attributesetinstance_id and m_warehouse_id = p_m_warehouse_id and m_product_category_id = p_m_product_category_id; update varpt_stockagingout_t set bucket_31to60 = case when v_in_bucket_1to30 > abs(v_out_bucket_31to60) then ( v_in_bucket_1to30 + v_out_bucket_31to60 ) + ( ( v_out_bucket_31to60 + v_in_bucket_1to30 ) * - 1 ) when v_in_bucket_1to30 <= abs(v_out_bucket_31to60) then v_in_bucket_1to30 + v_out_bucket_31to60 end where m_product_id = p_m_product_id and m_locator_id = p_m_locator_id and ad_org_id = p_ad_org_id and m_attributesetinstance_id = p_m_attributesetinstance_id and m_warehouse_id = p_m_warehouse_id and m_product_category_id = p_m_product_category_id; v_in_bucket_1to30 := case when v_in_bucket_1to30 >= abs(v_out_bucket_31to60) then v_in_bucket_1to30 + v_out_bucket_31to60 when v_in_bucket_1to30 < abs(v_out_bucket_31to60) then v_in_bucket_1to30 - ( ( v_in_bucket_1to30 + v_out_bucket_31to60 ) + abs(v_out_bucket_31to60) ) end; v_out_bucket_31to60 := case when v_in_bucket_1to30_t > abs(v_out_bucket_31to60) then ( v_in_bucket_1to30_t + v_out_bucket_31to60 ) + ( ( v_out_bucket_31to60 + v_in_bucket_1to30_t ) * -1 ) when v_in_bucket_1to30_t <= abs(v_out_bucket_31to60) then v_in_bucket_1to30_t + v_out_bucket_31to60 end; raise notice 'v_Out_bucket_31to60 %', v_out_bucket_31to60; raise notice 'V_In_bucket_1to30 %', v_in_bucket_1to30; end if; if i.bucket_31to60 >= 0 then v_in_bucket_31to60_t := v_in_bucket_31to60; update varpt_stockagingreport_t set bucket_31to60 = case when v_in_bucket_31to60 >= abs(v_out_bucket_31to60) then v_in_bucket_31to60 + v_out_bucket_31to60 when v_in_bucket_31to60 < abs(v_out_bucket_31to60) then v_in_bucket_31to60 - ( ( v_in_bucket_31to60 + v_out_bucket_31to60 ) + abs(v_out_bucket_31to60) ) end where m_product_id = p_m_product_id and m_locator_id = p_m_locator_id and ad_org_id = p_ad_org_id and m_attributesetinstance_id = p_m_attributesetinstance_id and m_warehouse_id = p_m_warehouse_id and m_product_category_id = p_m_product_category_id; update varpt_stockagingout_t set bucket_31to60 = case when v_in_bucket_31to60 > abs(v_out_bucket_31to60) then ( v_in_bucket_31to60 + v_out_bucket_31to60 ) + ( ( v_out_bucket_31to60 + v_in_bucket_31to60 ) * - 1 ) when v_in_bucket_31to60 <= abs(v_out_bucket_31to60) then v_in_bucket_31to60 + v_out_bucket_31to60 end where m_product_id = p_m_product_id and m_locator_id = p_m_locator_id and ad_org_id = p_ad_org_id and m_attributesetinstance_id = p_m_attributesetinstance_id and m_warehouse_id = p_m_warehouse_id and m_product_category_id = p_m_product_category_id; v_in_bucket_31to60 := case when v_in_bucket_31to60 >= abs(v_out_bucket_31to60) then v_in_bucket_31to60 + v_out_bucket_31to60 when v_in_bucket_31to60 < abs(v_out_bucket_31to60) then v_in_bucket_31to60 - ( ( v_in_bucket_31to60 + v_out_bucket_31to60 ) + abs(v_out_bucket_31to60) ) end; v_out_bucket_31to60 := case when v_in_bucket_31to60_t > abs(v_out_bucket_31to60) then ( v_in_bucket_31to60_t + v_out_bucket_31to60 ) + ( ( v_out_bucket_31to60 + v_in_bucket_31to60_t ) * - 1 ) when v_in_bucket_31to60_t <= abs(v_out_bucket_31to60) then v_in_bucket_31to60_t + v_out_bucket_31to60 end; raise notice 'v_Out_bucket_31to60 %', v_out_bucket_31to60; raise notice 'V_In_bucket_31to60 %', v_in_bucket_31to60; end if; if i.bucket_61to90 >= 0 then v_in_bucket_61to90_t := v_in_bucket_61to90; update varpt_stockagingreport_t set bucket_61to90 = case when v_in_bucket_61to90 >= abs(v_out_bucket_31to60) then v_in_bucket_61to90 + v_out_bucket_31to60 when v_in_bucket_61to90 < abs(v_out_bucket_31to60) then v_in_bucket_61to90 - ( ( v_in_bucket_61to90 + v_out_bucket_31to60 ) + abs(v_out_bucket_31to60) ) end where m_product_id = p_m_product_id and m_locator_id = p_m_locator_id and ad_org_id = p_ad_org_id and m_attributesetinstance_id = p_m_attributesetinstance_id and m_warehouse_id = p_m_warehouse_id and m_product_category_id = p_m_product_category_id; update varpt_stockagingout_t set bucket_31to60 = case when v_in_bucket_61to90 > abs(v_out_bucket_31to60) then ( v_in_bucket_61to90 + v_out_bucket_31to60 ) + ( ( v_out_bucket_31to60 + v_in_bucket_61to90 ) * - 1 ) when v_in_bucket_61to90 <= abs(v_out_bucket_31to60) then v_in_bucket_61to90 + v_out_bucket_31to60 end where m_product_id = p_m_product_id and m_locator_id = p_m_locator_id and ad_org_id = p_ad_org_id and m_attributesetinstance_id = p_m_attributesetinstance_id and m_warehouse_id = p_m_warehouse_id and m_product_category_id = p_m_product_category_id; v_in_bucket_61to90 := case when v_in_bucket_61to90 >= abs(v_out_bucket_31to60) then v_in_bucket_61to90 + v_out_bucket_31to60 when v_in_bucket_61to90 < abs(v_out_bucket_31to60) then v_in_bucket_61to90 - ( ( v_in_bucket_61to90 + v_out_bucket_31to60 ) + abs(v_out_bucket_31to60) ) end; v_out_bucket_31to60 := case when v_in_bucket_61to90_t > abs(v_out_bucket_31to60) then ( v_in_bucket_61to90_t + v_out_bucket_31to60 ) + ( ( v_out_bucket_31to60 + v_in_bucket_61to90_t ) * - 1 ) when v_in_bucket_61to90_t <= abs(v_out_bucket_31to60) then v_in_bucket_61to90_t + v_out_bucket_31to60 end; raise notice 'v_Out_bucket_31to60 %', v_out_bucket_31to60; raise notice 'V_In_bucket_61To90 %', v_in_bucket_61to90; end if; if i.bucket_91to120 >= 0 then v_in_bucket_91to120_t := v_in_bucket_91to120; update varpt_stockagingreport_t set bucket_91to120 = case when v_in_bucket_91to120 >= abs(v_out_bucket_31to60) then v_in_bucket_91to120 + v_out_bucket_31to60 when v_in_bucket_91to120 < abs(v_out_bucket_31to60) then v_in_bucket_91to120 - ( ( v_in_bucket_91to120 + v_out_bucket_31to60 ) + abs(v_out_bucket_31to60) ) end where m_product_id = p_m_product_id and m_locator_id = p_m_locator_id and ad_org_id = p_ad_org_id and m_attributesetinstance_id = p_m_attributesetinstance_id and m_warehouse_id = p_m_warehouse_id and m_product_category_id = p_m_product_category_id; update varpt_stockagingout_t set bucket_31to60 = case when v_in_bucket_91to120 > abs(v_out_bucket_31to60) then ( v_in_bucket_91to120 + v_out_bucket_31to60 ) + ( ( v_out_bucket_31to60 + v_in_bucket_91to120 ) * - 1 ) when v_in_bucket_91to120 <= abs(v_out_bucket_31to60) then v_in_bucket_91to120 + v_out_bucket_31to60 end where m_product_id = p_m_product_id and m_locator_id = p_m_locator_id and ad_org_id = p_ad_org_id and m_attributesetinstance_id = p_m_attributesetinstance_id and m_warehouse_id = p_m_warehouse_id and m_product_category_id = p_m_product_category_id; v_in_bucket_91to120 := case when v_in_bucket_91to120 >= abs(v_out_bucket_31to60) then v_in_bucket_91to120 + v_out_bucket_31to60 when v_in_bucket_91to120 < abs(v_out_bucket_31to60) then v_in_bucket_91to120 - ( ( v_in_bucket_91to120 + v_out_bucket_31to60 ) + abs(v_out_bucket_31to60) ) end; v_out_bucket_31to60 := case when v_in_bucket_91to120_t > abs(v_out_bucket_31to60) then ( v_in_bucket_91to120_t + v_out_bucket_31to60 ) + ( ( v_out_bucket_31to60 + v_in_bucket_91to120_t ) * - 1 ) when v_in_bucket_91to120_t <= abs(v_out_bucket_31to60) then v_in_bucket_91to120_t + v_out_bucket_31to60 end; raise notice 'v_Out_bucket_31to60 %', v_out_bucket_31to60; raise notice 'V_In_bucket_91To120 %', v_in_bucket_91to120; end if; end loop; end if; if j.bucket_61to90 < 0 then for i in select * from varpt_stockagingreport_t where m_product_id = p_m_product_id and m_locator_id = p_m_locator_id and ad_org_id = p_ad_org_id and m_attributesetinstance_id = p_m_attributesetinstance_id and m_warehouse_id = p_m_warehouse_id and m_product_category_id = p_m_product_category_id loop v_in_bucket_1to30 := i.bucket_1to30; v_in_bucket_31to60 := i.bucket_31to60; v_in_bucket_61to90 := i.bucket_61to90; v_in_bucket_91to120 := i.bucket_91to120; v_in_bucket_0 := i.bucket_0; raise notice 'v_Out_bucket_61to90 From Cursor %', v_out_bucket_61to90; if i.bucket_0 >= 0 then v_in_bucket_0_t := v_in_bucket_0; update varpt_stockagingreport_t set bucket_0 = case when v_in_bucket_0 >= abs(v_out_bucket_61to90) then v_in_bucket_0 + v_out_bucket_61to90 else v_in_bucket_0 - ((v_in_bucket_0 + v_out_bucket_61to90) + abs(v_out_bucket_61to90)) end where m_product_id = p_m_product_id and m_locator_id = p_m_locator_id and ad_org_id = p_ad_org_id and m_attributesetinstance_id = p_m_attributesetinstance_id and m_warehouse_id = p_m_warehouse_id and m_product_category_id = p_m_product_category_id; update varpt_stockagingout_t set bucket_61to90 = case when v_in_bucket_0 > abs(v_out_bucket_61to90) then (v_in_bucket_0 + v_out_bucket_61to90) + ((v_out_bucket_61to90 + v_in_bucket_0) * -1) else v_in_bucket_0 + v_out_bucket_61to90 end where m_product_id = p_m_product_id and m_locator_id = p_m_locator_id and ad_org_id = p_ad_org_id and m_attributesetinstance_id = p_m_attributesetinstance_id and m_warehouse_id = p_m_warehouse_id and m_product_category_id = p_m_product_category_id; v_in_bucket_0 := case when v_in_bucket_0 >= abs(v_out_bucket_61to90) then v_in_bucket_0 + v_out_bucket_61to90 else v_in_bucket_0 - ((v_in_bucket_0 + v_out_bucket_61to90) + abs(v_out_bucket_61to90)) end; v_out_bucket_61to90 := case when v_in_bucket_0_t > abs(v_out_bucket_61to90) then (v_in_bucket_0_t + v_out_bucket_61to90) + ((v_out_bucket_61to90 + v_in_bucket_0_t) * -1) else v_in_bucket_0_t + v_out_bucket_61to90 end; raise notice 'v_Out_bucket_61to90 %', v_out_bucket_61to90; raise notice 'V_In_bucket_0 %', v_in_bucket_0; end if; if i.bucket_1to30 >= 0 then v_in_bucket_1to30_t := v_in_bucket_1to30; update varpt_stockagingreport_t set bucket_1to30 = case when v_in_bucket_1to30 >= abs(v_out_bucket_61to90) then v_in_bucket_1to30 + v_out_bucket_61to90 else v_in_bucket_1to30 - ((v_in_bucket_1to30 + v_out_bucket_61to90) + abs(v_out_bucket_61to90)) end where m_product_id = p_m_product_id and m_locator_id = p_m_locator_id and ad_org_id = p_ad_org_id and m_attributesetinstance_id = p_m_attributesetinstance_id and m_warehouse_id = p_m_warehouse_id and m_product_category_id = p_m_product_category_id; update varpt_stockagingout_t set bucket_61to90 = case when v_in_bucket_1to30 > abs(v_out_bucket_61to90) then (v_in_bucket_1to30 + v_out_bucket_61to90) + ((v_out_bucket_61to90 + v_in_bucket_1to30) * -1) else v_in_bucket_1to30 + v_out_bucket_61to90 end where m_product_id = p_m_product_id and m_locator_id = p_m_locator_id and ad_org_id = p_ad_org_id and m_attributesetinstance_id = p_m_attributesetinstance_id and m_warehouse_id = p_m_warehouse_id and m_product_category_id = p_m_product_category_id; v_in_bucket_1to30 := case when v_in_bucket_1to30 >= abs(v_out_bucket_61to90) then v_in_bucket_1to30 + v_out_bucket_61to90 else v_in_bucket_1to30 - ((v_in_bucket_1to30 + v_out_bucket_61to90) + abs(v_out_bucket_61to90)) end; v_out_bucket_61to90 := case when v_in_bucket_1to30_t > abs(v_out_bucket_61to90) then (v_in_bucket_1to30_t + v_out_bucket_61to90) + ((v_out_bucket_61to90 + v_in_bucket_1to30_t) * -1) else v_in_bucket_1to30_t + v_out_bucket_61to90 end; raise notice 'v_Out_bucket_61to90 %', v_out_bucket_61to90; raise notice 'V_In_bucket_1to30 %', v_in_bucket_1to30; end if; if i.bucket_31to60 >= 0 then v_in_bucket_31to60_t := v_in_bucket_31to60; update varpt_stockagingreport_t set bucket_31to60 = case when v_in_bucket_31to60 >= abs(v_out_bucket_61to90) then v_in_bucket_31to60 + v_out_bucket_61to90 else v_in_bucket_31to60 - ((v_in_bucket_31to60 + v_out_bucket_61to90) + abs(v_out_bucket_61to90)) end where m_product_id = p_m_product_id and m_locator_id = p_m_locator_id and ad_org_id = p_ad_org_id and m_attributesetinstance_id = p_m_attributesetinstance_id and m_warehouse_id = p_m_warehouse_id and m_product_category_id = p_m_product_category_id; update varpt_stockagingout_t set bucket_61to90 = case when v_in_bucket_31to60 > abs(v_out_bucket_61to90) then (v_in_bucket_31to60 + v_out_bucket_61to90) + ((v_out_bucket_61to90 + v_in_bucket_31to60) * -1) else v_in_bucket_31to60 + v_out_bucket_61to90 end where m_product_id = p_m_product_id and m_locator_id = p_m_locator_id and ad_org_id = p_ad_org_id and m_attributesetinstance_id = p_m_attributesetinstance_id and m_warehouse_id = p_m_warehouse_id and m_product_category_id = p_m_product_category_id; v_in_bucket_31to60 := case when v_in_bucket_31to60 >= abs(v_out_bucket_61to90) then v_in_bucket_31to60 + v_out_bucket_61to90 else v_in_bucket_31to60 - ((v_in_bucket_31to60 + v_out_bucket_61to90) + abs(v_out_bucket_61to90)) end; v_out_bucket_61to90 := case when v_in_bucket_31to60_t > abs(v_out_bucket_61to90) then (v_in_bucket_31to60_t + v_out_bucket_61to90) + ((v_out_bucket_61to90 + v_in_bucket_31to60_t) * -1) else v_in_bucket_31to60_t + v_out_bucket_61to90 end; raise notice 'v_Out_bucket_61to90 %', v_out_bucket_61to90; raise notice 'V_In_bucket_31to60 %', v_in_bucket_31to60; end if; if i.bucket_61to90 >= 0 then v_in_bucket_61to90_t := v_in_bucket_61to90; update varpt_stockagingreport_t set bucket_61to90 = case when v_in_bucket_61to90 >= abs(v_out_bucket_61to90) then v_in_bucket_61to90 + v_out_bucket_61to90 else v_in_bucket_61to90 - ((v_in_bucket_61to90 + v_out_bucket_61to90) + abs(v_out_bucket_61to90)) end where m_product_id = p_m_product_id and m_locator_id = p_m_locator_id and ad_org_id = p_ad_org_id and m_attributesetinstance_id = p_m_attributesetinstance_id and m_warehouse_id = p_m_warehouse_id and m_product_category_id = p_m_product_category_id; update varpt_stockagingout_t set bucket_61to90 = case when v_in_bucket_61to90 > abs(v_out_bucket_61to90) then (v_in_bucket_61to90 + v_out_bucket_61to90) + ((v_out_bucket_61to90 + v_in_bucket_61to90) * -1) else v_in_bucket_61to90 + v_out_bucket_61to90 end where m_product_id = p_m_product_id and m_locator_id = p_m_locator_id and ad_org_id = p_ad_org_id and m_attributesetinstance_id = p_m_attributesetinstance_id and m_warehouse_id = p_m_warehouse_id and m_product_category_id = p_m_product_category_id; v_in_bucket_61to90 := case when v_in_bucket_61to90 >= abs(v_out_bucket_61to90) then v_in_bucket_61to90 + v_out_bucket_61to90 else v_in_bucket_61to90 - ((v_in_bucket_61to90 + v_out_bucket_61to90) + abs(v_out_bucket_61to90)) end; v_out_bucket_61to90 := case when v_in_bucket_61to90_t > abs(v_out_bucket_61to90) then (v_in_bucket_61to90_t + v_out_bucket_61to90) + ((v_out_bucket_61to90 + v_in_bucket_61to90_t) * -1) else v_in_bucket_61to90_t + v_out_bucket_61to90 end; raise notice 'v_Out_bucket_61to90 %', v_out_bucket_61to90; raise notice 'V_In_bucket_61to90 %', v_in_bucket_61to90; end if; if i.bucket_91to120 >= 0 then v_in_bucket_91to120_t := v_in_bucket_91to120; update varpt_stockagingreport_t set bucket_91to120 = case when v_in_bucket_91to120 >= abs(v_out_bucket_61to90) then v_in_bucket_91to120 + v_out_bucket_61to90 else v_in_bucket_91to120 - ((v_in_bucket_91to120 + v_out_bucket_61to90) + abs(v_out_bucket_61to90)) end where m_product_id = p_m_product_id and m_locator_id = p_m_locator_id and ad_org_id = p_ad_org_id and m_attributesetinstance_id = p_m_attributesetinstance_id and m_warehouse_id = p_m_warehouse_id and m_product_category_id = p_m_product_category_id; update varpt_stockagingout_t set bucket_61to90 = case when v_in_bucket_91to120 > abs(v_out_bucket_61to90) then (v_in_bucket_91to120 + v_out_bucket_61to90) + ((v_out_bucket_61to90 + v_in_bucket_91to120) * -1) else v_in_bucket_91to120 + v_out_bucket_61to90 end where m_product_id = p_m_product_id and m_locator_id = p_m_locator_id and ad_org_id = p_ad_org_id and m_attributesetinstance_id = p_m_attributesetinstance_id and m_warehouse_id = p_m_warehouse_id and m_product_category_id = p_m_product_category_id; v_in_bucket_91to120 := case when v_in_bucket_91to120 >= abs(v_out_bucket_61to90) then v_in_bucket_91to120 + v_out_bucket_61to90 else v_in_bucket_91to120 - ((v_in_bucket_91to120 + v_out_bucket_61to90) + abs(v_out_bucket_61to90)) end; v_out_bucket_61to90 := case when v_in_bucket_91to120_t > abs(v_out_bucket_61to90) then (v_in_bucket_91to120_t + v_out_bucket_61to90) + ((v_out_bucket_61to90 + v_in_bucket_91to120_t) * -1) else v_in_bucket_91to120_t + v_out_bucket_61to90 end; raise notice 'v_Out_bucket_61to90 %', v_out_bucket_61to90; raise notice 'V_In_bucket_91To120 %', v_in_bucket_91to120; end if; end loop; end if; if j.bucket_91to120 < 0 then for i in select * from varpt_stockagingreport_t where m_product_id = p_m_product_id and m_locator_id = p_m_locator_id and ad_org_id = p_ad_org_id and m_attributesetinstance_id = p_m_attributesetinstance_id and m_warehouse_id = p_m_warehouse_id and m_product_category_id = p_m_product_category_id loop v_in_bucket_1to30 := i.bucket_1to30; v_in_bucket_31to60 := i.bucket_31to60; v_in_bucket_61to90 := i.bucket_61to90; v_in_bucket_91to120 := i.bucket_91to120; v_in_bucket_0 := i.bucket_0; raise notice 'v_Out_Bucket_91To120 From Cursor %', v_out_bucket_91to120; if i.bucket_0 >= 0 then v_in_bucket_0_t := v_in_bucket_0; update varpt_stockagingreport_t set bucket_0 = case when v_in_bucket_0 >= abs(v_out_bucket_91to120) then v_in_bucket_0 + v_out_bucket_91to120 when v_in_bucket_0 < abs(v_out_bucket_91to120) then v_in_bucket_0 - ( ( v_in_bucket_0 + v_out_bucket_91to120 ) + abs(v_out_bucket_91to120) ) end where m_product_id = p_m_product_id and m_locator_id = p_m_locator_id and ad_org_id = p_ad_org_id and m_attributesetinstance_id = p_m_attributesetinstance_id and m_warehouse_id = p_m_warehouse_id and m_product_category_id = p_m_product_category_id; update varpt_stockagingout_t set bucket_91to120 = case when v_in_bucket_0 > abs(v_out_bucket_91to120) then ( v_in_bucket_0 + v_out_bucket_91to120 ) + ( ( v_out_bucket_91to120 + v_in_bucket_0 ) * - 1 ) when v_in_bucket_0 <= abs(v_out_bucket_91to120) then v_in_bucket_0 + v_out_bucket_91to120 end where m_product_id = p_m_product_id and m_locator_id = p_m_locator_id and ad_org_id = p_ad_org_id and m_attributesetinstance_id = p_m_attributesetinstance_id and m_warehouse_id = p_m_warehouse_id and m_product_category_id = p_m_product_category_id; v_in_bucket_0 := case when v_in_bucket_0 >= abs(v_out_bucket_91to120) then v_in_bucket_0 + v_out_bucket_91to120 when v_in_bucket_0 < abs(v_out_bucket_91to120) then v_in_bucket_0 - ( ( v_in_bucket_0 + v_out_bucket_91to120 ) + abs(v_out_bucket_91to120) ) end; v_out_bucket_91to120 := case when v_in_bucket_0_t > abs(v_out_bucket_91to120) then ( v_in_bucket_0_t + v_out_bucket_91to120 ) + ( ( v_out_bucket_91to120 + v_in_bucket_0_t ) * -1 ) when v_in_bucket_0_t <= abs(v_out_bucket_91to120) then v_in_bucket_0_t + v_out_bucket_91to120 end; raise notice 'v_Out_Bucket_91To120  %', v_out_bucket_91to120; raise notice 'V_In_bucket_0  %', v_in_bucket_0; end if; if i.bucket_1to30 >= 0 then v_in_bucket_1to30_t := v_in_bucket_1to30; update varpt_stockagingreport_t set bucket_1to30 = case when v_in_bucket_1to30 >= abs(v_out_bucket_91to120) then v_in_bucket_1to30 + v_out_bucket_91to120 when v_in_bucket_1to30 < abs(v_out_bucket_91to120) then v_in_bucket_1to30 - ( ( v_in_bucket_1to30 + v_out_bucket_91to120 ) + abs(v_out_bucket_91to120) ) end where m_product_id = p_m_product_id and m_locator_id = p_m_locator_id and ad_org_id = p_ad_org_id and m_attributesetinstance_id = p_m_attributesetinstance_id and m_warehouse_id = p_m_warehouse_id and m_product_category_id = p_m_product_category_id; update varpt_stockagingout_t set bucket_91to120 = case when v_in_bucket_1to30 > abs(v_out_bucket_91to120) then ( v_in_bucket_1to30 + v_out_bucket_91to120 ) + ( ( v_out_bucket_91to120 + v_in_bucket_1to30 ) * - 1 ) when v_in_bucket_1to30 <= abs(v_out_bucket_91to120) then v_in_bucket_1to30 + v_out_bucket_91to120 end where m_product_id = p_m_product_id and m_locator_id = p_m_locator_id and ad_org_id = p_ad_org_id and m_attributesetinstance_id = p_m_attributesetinstance_id and m_warehouse_id = p_m_warehouse_id and m_product_category_id = p_m_product_category_id; v_in_bucket_1to30 := case when v_in_bucket_1to30 >= abs(v_out_bucket_91to120) then v_in_bucket_1to30 + v_out_bucket_91to120 when v_in_bucket_1to30 < abs(v_out_bucket_91to120) then v_in_bucket_1to30 - ( ( v_in_bucket_1to30 + v_out_bucket_91to120 ) + abs(v_out_bucket_91to120) ) end; v_out_bucket_91to120 := case when v_in_bucket_1to30_t > abs(v_out_bucket_91to120) then ( v_in_bucket_1to30_t + v_out_bucket_91to120 ) + ( ( v_out_bucket_91to120 + v_in_bucket_1to30_t ) * - 1 ) when v_in_bucket_1to30_t <= abs(v_out_bucket_91to120) then v_in_bucket_1to30_t + v_out_bucket_91to120 end; raise notice 'v_Out_Bucket_91To120 %', v_out_bucket_91to120; raise notice 'V_In_bucket_1to30  %', v_in_bucket_1to30; end if; if i.bucket_31to60 >= 0 then v_in_bucket_31to60_t := v_in_bucket_31to60; update varpt_stockagingreport_t set bucket_31to60 = case when v_in_bucket_31to60 >= abs(v_out_bucket_91to120) then v_in_bucket_31to60 + v_out_bucket_91to120 when v_in_bucket_31to60 < abs(v_out_bucket_91to120) then v_in_bucket_31to60 - ( ( v_in_bucket_31to60 + v_out_bucket_91to120 ) + abs(v_out_bucket_91to120) ) end where m_product_id = p_m_product_id and m_locator_id = p_m_locator_id and ad_org_id = p_ad_org_id and m_attributesetinstance_id = p_m_attributesetinstance_id and m_warehouse_id = p_m_warehouse_id and m_product_category_id = p_m_product_category_id; update varpt_stockagingout_t set bucket_91to120 = case when v_in_bucket_31to60 > abs(v_out_bucket_91to120) then ( v_in_bucket_31to60 + v_out_bucket_91to120 ) + ( ( v_out_bucket_91to120 + v_in_bucket_31to60 ) * - 1 ) when v_in_bucket_31to60 <= abs(v_out_bucket_91to120) then v_in_bucket_31to60 + v_out_bucket_91to120 end where m_product_id = p_m_product_id and m_locator_id = p_m_locator_id and ad_org_id = p_ad_org_id and m_attributesetinstance_id = p_m_attributesetinstance_id and m_warehouse_id = p_m_warehouse_id and m_product_category_id = p_m_product_category_id; v_in_bucket_31to60 := case when v_in_bucket_31to60 >= abs(v_out_bucket_91to120) then v_in_bucket_31to60 + v_out_bucket_91to120 when v_in_bucket_31to60 < abs(v_out_bucket_91to120) then v_in_bucket_31to60 - ( ( v_in_bucket_31to60 + v_out_bucket_91to120 ) + abs(v_out_bucket_91to120) ) end; v_out_bucket_91to120 := case when v_in_bucket_31to60_t > abs(v_out_bucket_91to120) then ( v_in_bucket_31to60_t + v_out_bucket_91to120 ) + ( ( v_out_bucket_91to120 + v_in_bucket_31to60_t ) * - 1 ) when v_in_bucket_31to60_t <= abs(v_out_bucket_91to120) then v_in_bucket_31to60_t + v_out_bucket_91to120 end; raise notice 'v_Out_Bucket_91To120 %', v_out_bucket_91to120; raise notice 'V_In_bucket_31to60 %', v_in_bucket_31to60; end if; if i.bucket_61to90 >= 0 then v_in_bucket_61to90_t := v_in_bucket_61to90; update varpt_stockagingreport_t set bucket_61to90 = case when v_in_bucket_61to90 >= abs(v_out_bucket_91to120) then v_in_bucket_61to90 + v_out_bucket_91to120 when v_in_bucket_61to90 < abs(v_out_bucket_91to120) then v_in_bucket_61to90 - ( ( v_in_bucket_61to90 + v_out_bucket_91to120 ) + abs(v_out_bucket_91to120) ) end where m_product_id = p_m_product_id and m_locator_id = p_m_locator_id and ad_org_id = p_ad_org_id and m_attributesetinstance_id = p_m_attributesetinstance_id and m_warehouse_id = p_m_warehouse_id and m_product_category_id = p_m_product_category_id; update varpt_stockagingout_t set bucket_91to120 = case when v_in_bucket_61to90 > abs(v_out_bucket_91to120) then ( v_in_bucket_61to90 + v_out_bucket_91to120 ) + ( ( v_out_bucket_91to120 + v_in_bucket_61to90 ) * - 1 ) when v_in_bucket_61to90 <= abs(v_out_bucket_91to120) then v_in_bucket_61to90 + v_out_bucket_91to120 end where m_product_id = p_m_product_id and m_locator_id = p_m_locator_id and ad_org_id = p_ad_org_id and m_attributesetinstance_id = p_m_attributesetinstance_id and m_warehouse_id = p_m_warehouse_id and m_product_category_id = p_m_product_category_id; v_in_bucket_61to90 := case when v_in_bucket_61to90 >= abs(v_out_bucket_91to120) then v_in_bucket_61to90 + v_out_bucket_91to120 when v_in_bucket_61to90 < abs(v_out_bucket_91to120) then v_in_bucket_61to90 - ( ( v_in_bucket_61to90 + v_out_bucket_91to120 ) + abs(v_out_bucket_91to120) ) end; v_out_bucket_91to120 := case when v_in_bucket_61to90_t > abs(v_out_bucket_91to120) then ( v_in_bucket_61to90_t + v_out_bucket_91to120 ) + ( ( v_out_bucket_91to120 + v_in_bucket_61to90_t ) * - 1 ) when v_in_bucket_61to90_t <= abs(v_out_bucket_91to120) then v_in_bucket_61to90_t + v_out_bucket_91to120 end; raise notice 'v_Out_Bucket_91To120 %', v_out_bucket_91to120; raise notice 'V_In_bucket_61To90 %', v_in_bucket_61to90; end if; if i.bucket_91to120 >= 0 then v_in_bucket_91to120_t := v_in_bucket_91to120; raise notice 'v_in_bucket_91to120 From Cursor %', v_in_bucket_91to120; update varpt_stockagingreport_t set bucket_91to120 = case when v_in_bucket_91to120 >= abs(v_out_bucket_91to120) then v_in_bucket_91to120 + v_out_bucket_91to120 when v_in_bucket_91to120 < abs(v_out_bucket_91to120) then v_in_bucket_91to120 - ( ( v_in_bucket_91to120 + v_out_bucket_91to120 ) + abs(v_out_bucket_91to120) ) end where m_product_id = p_m_product_id and m_locator_id = p_m_locator_id and ad_org_id = p_ad_org_id and m_attributesetinstance_id = p_m_attributesetinstance_id and m_warehouse_id = p_m_warehouse_id and m_product_category_id = p_m_product_category_id; update varpt_stockagingout_t set bucket_91to120 = case when v_in_bucket_91to120 > abs(v_out_bucket_91to120) then ( v_in_bucket_91to120 + v_out_bucket_91to120 ) + ( ( v_out_bucket_91to120 + v_in_bucket_91to120 ) * - 1 ) when v_in_bucket_91to120 <= abs(v_out_bucket_91to120) then v_in_bucket_91to120 + v_out_bucket_91to120 end where m_product_id = p_m_product_id and m_locator_id = p_m_locator_id and ad_org_id = p_ad_org_id and m_attributesetinstance_id = p_m_attributesetinstance_id and m_warehouse_id = p_m_warehouse_id and m_product_category_id = p_m_product_category_id; v_in_bucket_91to120 := case when v_in_bucket_91to120 >= abs(v_out_bucket_91to120) then v_in_bucket_91to120 + v_out_bucket_91to120 when v_in_bucket_91to120 < abs(v_out_bucket_91to120) then v_in_bucket_91to120 - ( ( v_in_bucket_91to120 + v_out_bucket_91to120 ) + abs(v_out_bucket_91to120) ) end; v_out_bucket_91to120 := case when v_in_bucket_91to120_t > abs(v_out_bucket_91to120) then ( v_in_bucket_91to120_t + v_out_bucket_91to120 ) + ( ( v_out_bucket_91to120 + v_in_bucket_91to120_t ) * - 1 ) when v_in_bucket_91to120_t <= abs(v_out_bucket_91to120) then v_in_bucket_91to120_t + v_out_bucket_91to120 end; raise notice '2. v_Out_Bucket_91To120 %', v_out_bucket_91to120; raise notice '2. V_In_bucket_91To120 %', v_in_bucket_91to120; end if; end loop; end if; end loop; exception when others then raise exception 'Error in varpt_stockageingcases: %', sqlerrm; end; $$ language plpgsql;
===========>     (SEVERE)   DB.ExecuteQuery: [44] => 42P01: relation "frpt_acctdefault" does not exist

POSITION: 3443
----------->     (WARNING)  DB.ExecuteQuery: [44]DBExecuteError - 42P01: relation "frpt_acctdefault" does not exist

POSITION: 3443
===========>     (SEVERE)   DB.ExecuteQuery: [44] => 42P01: relation "va027_postdatedcheck" does not exist

POSITION: 2451
----------->     (WARNING)  DB.ExecuteQuery: [44]DBExecuteError - 42P01: relation "va027_postdatedcheck" does not exist

POSITION: 2451
===========>     (SEVERE)   DB.ExecuteQuery: [44] => 42809: ALTER action ADD COLUMN cannot be performed on relation "varpt_salesquotationdetail_v"

DETAIL: Detail redacted as it may contain sensitive data. Specify 'Include Error Detail' in the connection string to include this information.
----------->     (WARNING)  DB.ExecuteQuery: [44]DBExecuteError - 42809: ALTER action ADD COLUMN cannot be performed on relation "varpt_salesquotationdetail_v"

DETAIL: Detail redacted as it may contain sensitive data. Specify 'Include Error Detail' in the connection string to include this information.
===========>     (SEVERE)   DB.ExecuteQuery: [44] => 42809: ALTER action ADD COLUMN cannot be performed on relation "varpt_grndetail_v"

DETAIL: Detail redacted as it may contain sensitive data. Specify 'Include Error Detail' in the connection string to include this information.
----------->     (WARNING)  DB.ExecuteQuery: [44]DBExecuteError - 42809: ALTER action ADD COLUMN cannot be performed on relation "varpt_grndetail_v"

DETAIL: Detail redacted as it may contain sensitive data. Specify 'Include Error Detail' in the connection string to include this information.
===========>     (SEVERE)   DB.ExecuteQuery: [44] => 42809: ALTER action ADD COLUMN cannot be performed on relation "varpt_customerledger_v"

DETAIL: Detail redacted as it may contain sensitive data. Specify 'Include Error Detail' in the connection string to include this information.
----------->     (WARNING)  DB.ExecuteQuery: [44]DBExecuteError - 42809: ALTER action ADD COLUMN cannot be performed on relation "varpt_customerledger_v"

DETAIL: Detail redacted as it may contain sensitive data. Specify 'Include Error Detail' in the connection string to include this information.
===========>     (SEVERE)   DB.ExecuteQuery: [44] => 42809: ALTER action ADD COLUMN cannot be performed on relation "varpt_opensales_v"

DETAIL: Detail redacted as it may contain sensitive data. Specify 'Include Error Detail' in the connection string to include this information.
----------->     (WARNING)  DB.ExecuteQuery: [44]DBExecuteError - 42809: ALTER action ADD COLUMN cannot be performed on relation "varpt_opensales_v"

DETAIL: Detail redacted as it may contain sensitive data. Specify 'Include Error Detail' in the connection string to include this information.
===========>     (SEVERE)   DB.ExecuteQuery: [44] => 42809: ALTER action ADD COLUMN cannot be performed on relation "varpt_opportunitydetail_v"

DETAIL: Detail redacted as it may contain sensitive data. Specify 'Include Error Detail' in the connection string to include this information.
----------->     (WARNING)  DB.ExecuteQuery: [44]DBExecuteError - 42809: ALTER action ADD COLUMN cannot be performed on relation "varpt_opportunitydetail_v"

DETAIL: Detail redacted as it may contain sensitive data. Specify 'Include Error Detail' in the connection string to include this information.
===========>     (SEVERE)   DB.ExecuteQuery: [44] => 42809: ALTER action ADD COLUMN cannot be performed on relation "varpt_deliveryorderdetail_v"

DETAIL: Detail redacted as it may contain sensitive data. Specify 'Include Error Detail' in the connection string to include this information.
----------->     (WARNING)  DB.ExecuteQuery: [44]DBExecuteError - 42809: ALTER action ADD COLUMN cannot be performed on relation "varpt_deliveryorderdetail_v"

DETAIL: Detail redacted as it may contain sensitive data. Specify 'Include Error Detail' in the connection string to include this information.
===========>     (SEVERE)   DB.ExecuteQuery: [44] => 42809: ALTER action ADD COLUMN cannot be performed on relation "varpt_saleslifecycle_v"

DETAIL: Detail redacted as it may contain sensitive data. Specify 'Include Error Detail' in the connection string to include this information.
----------->     (WARNING)  DB.ExecuteQuery: [44]DBExecuteError - 42809: ALTER action ADD COLUMN cannot be performed on relation "varpt_saleslifecycle_v"

DETAIL: Detail redacted as it may contain sensitive data. Specify 'Include Error Detail' in the connection string to include this information.
===========>     (SEVERE)   DB.ExecuteQuery: [44] => 42809: ALTER action ADD COLUMN cannot be performed on relation "varpt_arinvoicedetail_v"

DETAIL: Detail redacted as it may contain sensitive data. Specify 'Include Error Detail' in the connection string to include this information.
----------->     (WARNING)  DB.ExecuteQuery: [44]DBExecuteError - 42809: ALTER action ADD COLUMN cannot be performed on relation "varpt_arinvoicedetail_v"

DETAIL: Detail redacted as it may contain sensitive data. Specify 'Include Error Detail' in the connection string to include this information.
===========>     (SEVERE)   DB.ExecuteQuery: [44] => 42809: ALTER action ADD COLUMN cannot be performed on relation "varpt_artaxdetails_v"

DETAIL: Detail redacted as it may contain sensitive data. Specify 'Include Error Detail' in the connection string to include this information.
----------->     (WARNING)  DB.ExecuteQuery: [44]DBExecuteError - 42809: ALTER action ADD COLUMN cannot be performed on relation "varpt_artaxdetails_v"

DETAIL: Detail redacted as it may contain sensitive data. Specify 'Include Error Detail' in the connection string to include this information.
===========>     (SEVERE)   DB.ExecuteQuery: [44] => 42809: ALTER action ADD COLUMN cannot be performed on relation "varpt_purchaselifecycle_v"

DETAIL: Detail redacted as it may contain sensitive data. Specify 'Include Error Detail' in the connection string to include this information.
----------->     (WARNING)  DB.ExecuteQuery: [44]DBExecuteError - 42809: ALTER action ADD COLUMN cannot be performed on relation "varpt_purchaselifecycle_v"

DETAIL: Detail redacted as it may contain sensitive data. Specify 'Include Error Detail' in the connection string to include this information.
===========>     (SEVERE)   DB.ExecuteQuery: [44] => 42809: ALTER action ADD COLUMN cannot be performed on relation "varpt_openpurchaseord_v"

DETAIL: Detail redacted as it may contain sensitive data. Specify 'Include Error Detail' in the connection string to include this information.
----------->     (WARNING)  DB.ExecuteQuery: [44]DBExecuteError - 42809: ALTER action ADD COLUMN cannot be performed on relation "varpt_openpurchaseord_v"

DETAIL: Detail redacted as it may contain sensitive data. Specify 'Include Error Detail' in the connection string to include this information.
===========>     (SEVERE)   DB.ExecuteQuery: [44] => 42809: ALTER action ADD COLUMN cannot be performed on relation "varpt_expectedgrn_v"

DETAIL: Detail redacted as it may contain sensitive data. Specify 'Include Error Detail' in the connection string to include this information.
----------->     (WARNING)  DB.ExecuteQuery: [44]DBExecuteError - 42809: ALTER action ADD COLUMN cannot be performed on relation "varpt_expectedgrn_v"

DETAIL: Detail redacted as it may contain sensitive data. Specify 'Include Error Detail' in the connection string to include this information.
===========>     (SEVERE)   DB.ExecuteQuery: [44] => 42809: ALTER action ADD COLUMN cannot be performed on relation "varpt_invmovedetailreport_v"

DETAIL: Detail redacted as it may contain sensitive data. Specify 'Include Error Detail' in the connection string to include this information.
----------->     (WARNING)  DB.ExecuteQuery: [44]DBExecuteError - 42809: ALTER action ADD COLUMN cannot be performed on relation "varpt_invmovedetailreport_v"

DETAIL: Detail redacted as it may contain sensitive data. Specify 'Include Error Detail' in the connection string to include this information.
===========>     (SEVERE)   DB.ExecuteQuery: [44] => 42809: ALTER action ADD COLUMN cannot be performed on relation "varpt_aptaxdetails_v"

DETAIL: Detail redacted as it may contain sensitive data. Specify 'Include Error Detail' in the connection string to include this information.
----------->     (WARNING)  DB.ExecuteQuery: [44]DBExecuteError - 42809: ALTER action ADD COLUMN cannot be performed on relation "varpt_aptaxdetails_v"

DETAIL: Detail redacted as it may contain sensitive data. Specify 'Include Error Detail' in the connection string to include this information.
===========>     (SEVERE)   DB.ExecuteQuery: [44] => 42809: ALTER action ADD COLUMN cannot be performed on relation "varpt_purchaseorddetail_v"

DETAIL: Detail redacted as it may contain sensitive data. Specify 'Include Error Detail' in the connection string to include this information.
----------->     (WARNING)  DB.ExecuteQuery: [44]DBExecuteError - 42809: ALTER action ADD COLUMN cannot be performed on relation "varpt_purchaseorddetail_v"

DETAIL: Detail redacted as it may contain sensitive data. Specify 'Include Error Detail' in the connection string to include this information.
===========>     (SEVERE)   DB.ExecuteQuery: [44] => 42809: ALTER action ADD COLUMN cannot be performed on relation "varpt_assemblytransreport_v"

DETAIL: Detail redacted as it may contain sensitive data. Specify 'Include Error Detail' in the connection string to include this information.
----------->     (WARNING)  DB.ExecuteQuery: [44]DBExecuteError - 42809: ALTER action ADD COLUMN cannot be performed on relation "varpt_assemblytransreport_v"

DETAIL: Detail redacted as it may contain sensitive data. Specify 'Include Error Detail' in the connection string to include this information.
===========>     (SEVERE)   DB.ExecuteQuery: [44] => 42809: ALTER action ADD COLUMN cannot be performed on relation "varpt_apinvoicedetail_v"

DETAIL: Detail redacted as it may contain sensitive data. Specify 'Include Error Detail' in the connection string to include this information.
----------->     (WARNING)  DB.ExecuteQuery: [44]DBExecuteError - 42809: ALTER action ADD COLUMN cannot be performed on relation "varpt_apinvoicedetail_v"

DETAIL: Detail redacted as it may contain sensitive data. Specify 'Include Error Detail' in the connection string to include this information.
===========>     (SEVERE)   DB.ExecuteQuery: [44] => 42809: ALTER action ADD COLUMN cannot be performed on relation "varpt_vendorbalancesummary_v"

DETAIL: Detail redacted as it may contain sensitive data. Specify 'Include Error Detail' in the connection string to include this information.
----------->     (WARNING)  DB.ExecuteQuery: [44]DBExecuteError - 42809: ALTER action ADD COLUMN cannot be performed on relation "varpt_vendorbalancesummary_v"

DETAIL: Detail redacted as it may contain sensitive data. Specify 'Include Error Detail' in the connection string to include this information.
===========>     (SEVERE)   DB.ExecuteQuery: [44] => 42809: ALTER action ADD COLUMN cannot be performed on relation "varpt_expectedshipment_v"

DETAIL: Detail redacted as it may contain sensitive data. Specify 'Include Error Detail' in the connection string to include this information.
----------->     (WARNING)  DB.ExecuteQuery: [44]DBExecuteError - 42809: ALTER action ADD COLUMN cannot be performed on relation "varpt_expectedshipment_v"

DETAIL: Detail redacted as it may contain sensitive data. Specify 'Include Error Detail' in the connection string to include this information.
===========>     (SEVERE)   DB.ExecuteQuery: [44] => 42809: ALTER action ADD COLUMN cannot be performed on relation "varpt_vendorbalancedetail_v"

DETAIL: Detail redacted as it may contain sensitive data. Specify 'Include Error Detail' in the connection string to include this information.
----------->     (WARNING)  DB.ExecuteQuery: [44]DBExecuteError - 42809: ALTER action ADD COLUMN cannot be performed on relation "varpt_vendorbalancedetail_v"

DETAIL: Detail redacted as it may contain sensitive data. Specify 'Include Error Detail' in the connection string to include this information.
===========>     (SEVERE)   DB.ExecuteQuery: [44] => 42809: ALTER action ADD COLUMN cannot be performed on relation "varpt_vendorledgerrpt_v"

DETAIL: Detail redacted as it may contain sensitive data. Specify 'Include Error Detail' in the connection string to include this information.
----------->     (WARNING)  DB.ExecuteQuery: [44]DBExecuteError - 42809: ALTER action ADD COLUMN cannot be performed on relation "varpt_vendorledgerrpt_v"

DETAIL: Detail redacted as it may contain sensitive data. Specify 'Include Error Detail' in the connection string to include this information.
===========>     (SEVERE)   DB.ExecuteQuery: [44] => 42703: column "binarydata" of relation "ad_ctxarea" does not exist

POSITION: 23
----------->     (WARNING)  DB.ExecuteQuery: [44]DBExecuteError - 42703: column "binarydata" of relation "ad_ctxarea" does not exist

POSITION: 23
===========>     (SEVERE)   DB.ExecuteQuery: [44] => 0A000: cannot alter type of a column used by a view or rule

DETAIL: Detail redacted as it may contain sensitive data. Specify 'Include Error Detail' in the connection string to include this information.
----------->     (WARNING)  DB.ExecuteQuery: [44]DBExecuteError - 0A000: cannot alter type of a column used by a view or rule

DETAIL: Detail redacted as it may contain sensitive data. Specify 'Include Error Detail' in the connection string to include this information.
11:16:02.162    (INFO)     Env.Reset: [44]finalCall=False
11:16:02.162    (INFO)     CacheMgt.Reset: [44]#22 (6497)
11:16:02.162    (INFO)     Trx.Start: [44]**** VISPRO_ModIns639085221624591055System.Random
11:16:02.162    (INFO)     Trx.Commit: [44]**C** VISPRO_ModIns639085221624591055System.Random
11:17:20.172    (INFO)     MRole.Get: [37]AD_Role_ID=0, AD_User_ID=100, reload=True
11:17:20.172    (INFO)     MRole.Get: [37]MRole[0,System Administrator,UserLevel=S  ,AD_Client_ID=0,AD_Org_ID=0]
===========>     (SEVERE)   PostgreHelper.ExecuteDataset: [37]42703: column a.basedon does not exist

POSITION: 183 [Query D] =>SELECT a.*, r.AD_Table_ID 
                       FROM AD_Alert a
                       INNER JOIN AD_AlertRule r ON (a.AD_Alert_ID = r.AD_Alert_ID)
                       WHERE a.BasedOn='E' AND a.IsActive='Y' AND a.IsValid='Y' 
                         AND r.AD_Table_ID = 566
                       AND a.AD_Client_ID=0 AND COALESCE(a.AD_Org_ID,0)=0 ORDER BY a.AD_Client_ID
11:17:20.172    (INFO)     MSession.Logout: [37]-08:40:01.443
11:19:32.193    (INFO)     MRole.Get: [84]AD_Role_ID=0, AD_User_ID=100, reload=True
11:19:32.193    (INFO)     MRole.Get: [84]MRole[0,System Administrator,UserLevel=S  ,AD_Client_ID=0,AD_Org_ID=0]
11:19:32.193    (INFO)     MTree.Load: [84]AD_Tree_ID=121, AD_User_ID=100, Editable=False, OnClient=True
===========>     (SEVERE)   MTree.LoadNodes: [84]Nodes w/o parent - adding to root - System.Collections.Generic.List`1[VAdvantage.Classes.VTreeNode]
11:19:32.193    (INFO)     Msg.InitMsg: [84]Records=5487 - en_US
----------->     (WARNING)  PushNotification.SendNotificationToUser: [84]PushNotif - Module VA074_ is not installed!
11:19:37.193    (INFO)     MSession.Logout: [44]-08:60:55.905
*** 3/8/2026 8:44:07 AM VAdvantage Log  ***
*** 3/8/2026 8:44:07 AM VAdvantage Log ***
