===========>     (SEVERE)   PostgreHelper.ExecuteDataset: [51]42703: column ad_widgetsize.d_chart_id does not exist

POSITION: 375 [Query D] =>SELECT D_Chart.chartType, D_Chart.d_chart_id, D_Chart.Name, colspan,rowspan,'C' AS Type,AD_WidgetSize.AD_WidgetSize_ID,Sequence, IsDefault,AD_IMAGE.BINARYDATA,D_Chart.AD_Window_ID FROM D_Chart INNER JOIN 
                            D_ChartAccess ON (D_Chart.D_Chart_ID=D_ChartAccess.D_Chart_ID)
                            INNER JOIN AD_WidgetSize ON (D_Chart.D_Chart_ID=AD_WidgetSize.D_Chart_ID)LEFT JOIN AD_IMAGE ON AD_IMAGE.AD_IMAGE_ID=AD_WidgetSize.AD_IMAGE_ID                           
                            WHERE D_Chart.isActive='Y' AND AD_WidgetSize.isActive='Y' AND  D_ChartAccess.AD_Role_ID=0 AND Homepage='Y' UNION ALL  SELECT RC_KPI.KPIType AS chartType, RC_KPI.RC_KPI_ID AS d_chart_id,  RC_KPI.Name, colspan,rowspan,'K' AS Type,AD_WidgetSize.AD_WidgetSize_ID,Sequence ,IsDefault,AD_IMAGE.BINARYDATA,RC_KPI.AD_Window_ID FROM RC_KPI INNER JOIN 
                            RC_KPIAccess ON (RC_KPI.RC_KPI_ID=RC_KPIAccess.RC_KPI_ID)
                            INNER JOIN AD_WidgetSize ON (RC_KPI.RC_KPI_ID=AD_WidgetSize.RC_KPI_ID) LEFT JOIN AD_IMAGE ON AD_IMAGE.AD_IMAGE_ID=AD_WidgetSize.AD_IMAGE_ID                            
                            WHERE RC_KPI.isActive='Y' AND AD_WidgetSize.isActive='Y' AND   RC_KPIAccess.AD_Role_ID=0 AND Homepage='Y' UNION ALL  SELECT 'V' AS chartType, RC_View.RC_View_ID AS d_chart_id, RC_View.Name, colspan,rowspan,'V' AS Type,AD_WidgetSize.AD_WidgetSize_ID,Sequence ,IsDefault,AD_IMAGE.BINARYDATA, RC_View.AD_Window_ID FROM RC_View INNER JOIN 
                            RC_ViewAccess ON (RC_View.RC_View_ID=RC_ViewAccess.RC_View_ID)
                            INNER JOIN AD_WidgetSize ON (RC_View.RC_View_ID=AD_WidgetSize.RC_View_ID) LEFT JOIN AD_IMAGE ON AD_IMAGE.AD_IMAGE_ID=AD_WidgetSize.AD_IMAGE_ID                            
                            WHERE RC_View.isActive='Y' AND AD_WidgetSize.isActive='Y' AND   RC_ViewAccess.AD_Role_ID=0 AND Homepage='Y'
05:14:44.144    (INFO)     MRole.Get: [88]AD_Role_ID=0, AD_User_ID=100, reload=True
05:14:44.144    (INFO)     MRole.Get: [88]MRole[0,System Administrator,UserLevel=S  ,AD_Client_ID=0,AD_Org_ID=0]
05:14:44.144    (INFO)     MTree.Load: [88]AD_Tree_ID=121, AD_User_ID=100, Editable=False, OnClient=True
----------->     (WARNING)  PushNotification.SendNotificationToUser: [88]PushNotif - Module VA074_ is not installed!
===========>     (SEVERE)   PostgreHelper.ExecuteDataset: [34]42703: column ad_widgetsize.d_chart_id does not exist

POSITION: 375 [Query D] =>SELECT D_Chart.chartType, D_Chart.d_chart_id, D_Chart.Name, colspan,rowspan,'C' AS Type,AD_WidgetSize.AD_WidgetSize_ID,Sequence, IsDefault,AD_IMAGE.BINARYDATA,D_Chart.AD_Window_ID FROM D_Chart INNER JOIN 
                            D_ChartAccess ON (D_Chart.D_Chart_ID=D_ChartAccess.D_Chart_ID)
                            INNER JOIN AD_WidgetSize ON (D_Chart.D_Chart_ID=AD_WidgetSize.D_Chart_ID)LEFT JOIN AD_IMAGE ON AD_IMAGE.AD_IMAGE_ID=AD_WidgetSize.AD_IMAGE_ID                           
                            WHERE D_Chart.isActive='Y' AND AD_WidgetSize.isActive='Y' AND  D_ChartAccess.AD_Role_ID=0 AND Homepage='Y' UNION ALL  SELECT RC_KPI.KPIType AS chartType, RC_KPI.RC_KPI_ID AS d_chart_id,  RC_KPI.Name, colspan,rowspan,'K' AS Type,AD_WidgetSize.AD_WidgetSize_ID,Sequence ,IsDefault,AD_IMAGE.BINARYDATA,RC_KPI.AD_Window_ID FROM RC_KPI INNER JOIN 
                            RC_KPIAccess ON (RC_KPI.RC_KPI_ID=RC_KPIAccess.RC_KPI_ID)
                            INNER JOIN AD_WidgetSize ON (RC_KPI.RC_KPI_ID=AD_WidgetSize.RC_KPI_ID) LEFT JOIN AD_IMAGE ON AD_IMAGE.AD_IMAGE_ID=AD_WidgetSize.AD_IMAGE_ID                            
                            WHERE RC_KPI.isActive='Y' AND AD_WidgetSize.isActive='Y' AND   RC_KPIAccess.AD_Role_ID=0 AND Homepage='Y' UNION ALL  SELECT 'V' AS chartType, RC_View.RC_View_ID AS d_chart_id, RC_View.Name, colspan,rowspan,'V' AS Type,AD_WidgetSize.AD_WidgetSize_ID,Sequence ,IsDefault,AD_IMAGE.BINARYDATA, RC_View.AD_Window_ID FROM RC_View INNER JOIN 
                            RC_ViewAccess ON (RC_View.RC_View_ID=RC_ViewAccess.RC_View_ID)
                            INNER JOIN AD_WidgetSize ON (RC_View.RC_View_ID=AD_WidgetSize.RC_View_ID) LEFT JOIN AD_IMAGE ON AD_IMAGE.AD_IMAGE_ID=AD_WidgetSize.AD_IMAGE_ID                            
                            WHERE RC_View.isActive='Y' AND AD_WidgetSize.isActive='Y' AND   RC_ViewAccess.AD_Role_ID=0 AND Homepage='Y'
05:15:11.151    (INFO)     MRole.Get: [34]AD_Role_ID=0, AD_User_ID=100, reload=True
05:15:11.151    (INFO)     MRole.Get: [34]MRole[0,System Administrator,UserLevel=S  ,AD_Client_ID=0,AD_Org_ID=0]
05:15:11.151    (INFO)     MTree.Load: [34]AD_Tree_ID=121, AD_User_ID=100, Editable=False, OnClient=True
----------->     (WARNING)  PushNotification.SendNotificationToUser: [34]PushNotif - Module VA074_ is not installed!
===========>     (SEVERE)   PostgreHelper.ExecuteDataset: [69]42703: column ad_widgetsize.d_chart_id does not exist

POSITION: 375 [Query D] =>SELECT D_Chart.chartType, D_Chart.d_chart_id, D_Chart.Name, colspan,rowspan,'C' AS Type,AD_WidgetSize.AD_WidgetSize_ID,Sequence, IsDefault,AD_IMAGE.BINARYDATA,D_Chart.AD_Window_ID FROM D_Chart INNER JOIN 
                            D_ChartAccess ON (D_Chart.D_Chart_ID=D_ChartAccess.D_Chart_ID)
                            INNER JOIN AD_WidgetSize ON (D_Chart.D_Chart_ID=AD_WidgetSize.D_Chart_ID)LEFT JOIN AD_IMAGE ON AD_IMAGE.AD_IMAGE_ID=AD_WidgetSize.AD_IMAGE_ID                           
                            WHERE D_Chart.isActive='Y' AND AD_WidgetSize.isActive='Y' AND  D_ChartAccess.AD_Role_ID=0 AND Homepage='Y' UNION ALL  SELECT RC_KPI.KPIType AS chartType, RC_KPI.RC_KPI_ID AS d_chart_id,  RC_KPI.Name, colspan,rowspan,'K' AS Type,AD_WidgetSize.AD_WidgetSize_ID,Sequence ,IsDefault,AD_IMAGE.BINARYDATA,RC_KPI.AD_Window_ID FROM RC_KPI INNER JOIN 
                            RC_KPIAccess ON (RC_KPI.RC_KPI_ID=RC_KPIAccess.RC_KPI_ID)
                            INNER JOIN AD_WidgetSize ON (RC_KPI.RC_KPI_ID=AD_WidgetSize.RC_KPI_ID) LEFT JOIN AD_IMAGE ON AD_IMAGE.AD_IMAGE_ID=AD_WidgetSize.AD_IMAGE_ID                            
                            WHERE RC_KPI.isActive='Y' AND AD_WidgetSize.isActive='Y' AND   RC_KPIAccess.AD_Role_ID=0 AND Homepage='Y' UNION ALL  SELECT 'V' AS chartType, RC_View.RC_View_ID AS d_chart_id, RC_View.Name, colspan,rowspan,'V' AS Type,AD_WidgetSize.AD_WidgetSize_ID,Sequence ,IsDefault,AD_IMAGE.BINARYDATA, RC_View.AD_Window_ID FROM RC_View INNER JOIN 
                            RC_ViewAccess ON (RC_View.RC_View_ID=RC_ViewAccess.RC_View_ID)
                            INNER JOIN AD_WidgetSize ON (RC_View.RC_View_ID=AD_WidgetSize.RC_View_ID) LEFT JOIN AD_IMAGE ON AD_IMAGE.AD_IMAGE_ID=AD_WidgetSize.AD_IMAGE_ID                            
                            WHERE RC_View.isActive='Y' AND AD_WidgetSize.isActive='Y' AND   RC_ViewAccess.AD_Role_ID=0 AND Homepage='Y'
05:15:26.152    (INFO)     MChangeLog.FillChangeLog: [89]#9
05:16:09.169    (INFO)     Trx.Start: [34]**** VISPRO_ModIns638759709699087216System.Random
05:16:09.169    (INFO)     Trx.Commit: [34]**C** VISPRO_ModIns638759709699087216System.Random
===========>     (SEVERE)   DB.ExecuteQuery: [88] => 42704: constraint "pk1000494" of relation "i_tlmessage_trl" does not exist
----------->     (WARNING)  DB.ExecuteQuery: [88]DBExecuteError - 42704: constraint "pk1000494" of relation "i_tlmessage_trl" does not exist
===========>     (SEVERE)   DB.ExecuteQuery: [88] => 42P16: multiple primary keys for table "i_tlmessage_trl" are not allowed
----------->     (WARNING)  DB.ExecuteQuery: [88]DBExecuteError - 42P16: multiple primary keys for table "i_tlmessage_trl" are not allowed
===========>     (SEVERE)   DB.ExecuteQuery: [88] => 42701: column "seqno" of relation "ad_modulemenufolder" already exists
----------->     (WARNING)  DB.ExecuteQuery: [88]DBExecuteError - 42701: column "seqno" of relation "ad_modulemenufolder" already exists
===========>     (SEVERE)   DB.ExecuteQuery: [88] => 42701: column "seqno" of relation "ad_moduleform" already exists
----------->     (WARNING)  DB.ExecuteQuery: [88]DBExecuteError - 42701: column "seqno" of relation "ad_moduleform" already exists
===========>     (SEVERE)   DB.ExecuteQuery: [88] => 42701: column "seqno" of relation "ad_modulewindow" already exists
----------->     (WARNING)  DB.ExecuteQuery: [88]DBExecuteError - 42701: column "seqno" of relation "ad_modulewindow" already exists
===========>     (SEVERE)   DB.ExecuteQuery: [88] => 42701: column "seqno" of relation "ad_moduleprocess" already exists
----------->     (WARNING)  DB.ExecuteQuery: [88]DBExecuteError - 42701: column "seqno" of relation "ad_moduleprocess" already exists
===========>     (SEVERE)   DB.ExecuteQuery: [88] => 42701: column "mrisdisplayed" of relation "ad_field" already exists
----------->     (WARNING)  DB.ExecuteQuery: [88]DBExecuteError - 42701: column "mrisdisplayed" of relation "ad_field" already exists
===========>     (SEVERE)   DB.ExecuteQuery: [88] => 42701: column "mrisdisplayed" of relation "ad_userdef_field" already exists
----------->     (WARNING)  DB.ExecuteQuery: [88]DBExecuteError - 42701: column "mrisdisplayed" of relation "ad_userdef_field" already exists
===========>     (SEVERE)   DB.ExecuteQuery: [88] => 42701: column "createtabsandfields" of relation "ad_modulewindow" already exists
----------->     (WARNING)  DB.ExecuteQuery: [88]DBExecuteError - 42701: column "createtabsandfields" of relation "ad_modulewindow" already exists
===========>     (SEVERE)   DB.ExecuteQuery: [88] => 42701: column "createfields" of relation "ad_moduletab" already exists
----------->     (WARNING)  DB.ExecuteQuery: [88]DBExecuteError - 42701: column "createfields" of relation "ad_moduletab" already exists
===========>     (SEVERE)   DB.ExecuteQuery: [88] => 42701: column "showsummarylevelnodes" of relation "ad_tab" already exists
----------->     (WARNING)  DB.ExecuteQuery: [88]DBExecuteError - 42701: column "showsummarylevelnodes" of relation "ad_tab" already exists
===========>     (SEVERE)   DB.ExecuteQuery: [88] => 42601: syntax error at or near "AS"

POSITION: 48
----------->     (WARNING)  DB.ExecuteQuery: [88]DBExecuteError - 42601: syntax error at or near "AS"

POSITION: 48
===========>     (SEVERE)   DB.ExecuteQuery: [88] => 42601: syntax error at or near "SETUNIQUEUSERVALUE"

POSITION: 7
----------->     (WARNING)  DB.ExecuteQuery: [88]DBExecuteError - 42601: syntax error at or near "SETUNIQUEUSERVALUE"

POSITION: 7
===========>     (SEVERE)   DB.ExecuteQuery: [88] => 42601: syntax error at or near "("

POSITION: 27
----------->     (WARNING)  DB.ExecuteQuery: [88]DBExecuteError - 42601: syntax error at or near "("

POSITION: 27
===========>     (SEVERE)   DB.ExecuteQuery: [88] => 42601: syntax error at or near "("

POSITION: 35
----------->     (WARNING)  DB.ExecuteQuery: [88]DBExecuteError - 42601: syntax error at or near "("

POSITION: 35
===========>     (SEVERE)   DB.ExecuteQuery: [88] => 42701: column "columnwidth" of relation "ad_field" already exists
----------->     (WARNING)  DB.ExecuteQuery: [88]DBExecuteError - 42701: column "columnwidth" of relation "ad_field" already exists
===========>     (SEVERE)   DB.ExecuteQuery: [88] => 42701: column "ad_reportmaster_id" of relation "ad_process" already exists
----------->     (WARNING)  DB.ExecuteQuery: [88]DBExecuteError - 42701: column "ad_reportmaster_id" of relation "ad_process" already exists
===========>     (SEVERE)   DB.ExecuteQuery: [88] => 42701: column "ad_reportmaster_id" of relation "ad_process" already exists
----------->     (WARNING)  DB.ExecuteQuery: [88]DBExecuteError - 42701: column "ad_reportmaster_id" of relation "ad_process" already exists
===========>     (SEVERE)   DB.ExecuteQuery: [88] => 42704: constraint "pk122" of relation "ad_sequence_no" does not exist
----------->     (WARNING)  DB.ExecuteQuery: [88]DBExecuteError - 42704: constraint "pk122" of relation "ad_sequence_no" does not exist
===========>     (SEVERE)   DB.ExecuteQuery: [88] => 42704: index "pk122" does not exist
----------->     (WARNING)  DB.ExecuteQuery: [88]DBExecuteError - 42704: index "pk122" does not exist
===========>     (SEVERE)   DB.ExecuteQuery: [88] => 42P07: relation "ldapuserunique" already exists
----------->     (WARNING)  DB.ExecuteQuery: [88]DBExecuteError - 42P07: relation "ldapuserunique" already exists
===========>     (SEVERE)   DB.ExecuteQuery: [88] => 42P07: relation "ad_element_uk1" already exists
----------->     (WARNING)  DB.ExecuteQuery: [88]DBExecuteError - 42P07: relation "ad_element_uk1" already exists
===========>     (SEVERE)   DB.ExecuteQuery: [88] => 23505: duplicate key value violates unique constraint "ad_reference_pkey"

DETAIL: Detail redacted as it may contain sensitive data. Specify 'Include Error Detail' in the connection string to include this information.
----------->     (WARNING)  DB.ExecuteQuery: [88]DBExecuteError - 23505: duplicate key value violates unique constraint "ad_reference_pkey"

DETAIL: Detail redacted as it may contain sensitive data. Specify 'Include Error Detail' in the connection string to include this information.
===========>     (SEVERE)   DB.ExecuteQuery: [88] => 42883: operator does not exist: timestamp with time zone - integer

POSITION: 91
----------->     (WARNING)  DB.ExecuteQuery: [88]DBExecuteError - 42883: operator does not exist: timestamp with time zone - integer

POSITION: 91
===========>     (SEVERE)   DB.ExecuteQuery: [88] => 23505: duplicate key value violates unique constraint "ad_reference_pkey"

DETAIL: Detail redacted as it may contain sensitive data. Specify 'Include Error Detail' in the connection string to include this information.
----------->     (WARNING)  DB.ExecuteQuery: [88]DBExecuteError - 23505: duplicate key value violates unique constraint "ad_reference_pkey"

DETAIL: Detail redacted as it may contain sensitive data. Specify 'Include Error Detail' in the connection string to include this information.
===========>     (SEVERE)   DB.ExecuteQuery: [88] => 42701: column "ismaintainversions" of relation "ad_column" already exists
----------->     (WARNING)  DB.ExecuteQuery: [88]DBExecuteError - 42701: column "ismaintainversions" of relation "ad_column" already exists
===========>     (SEVERE)   DB.ExecuteQuery: [88] => 42701: column "validatetable" of relation "ad_table" already exists
----------->     (WARNING)  DB.ExecuteQuery: [88]DBExecuteError - 42701: column "validatetable" of relation "ad_table" already exists
===========>     (SEVERE)   DB.ExecuteQuery: [88] => 42701: column "tabpanelalignment" of relation "ad_tab" already exists
----------->     (WARNING)  DB.ExecuteQuery: [88]DBExecuteError - 42701: column "tabpanelalignment" of relation "ad_tab" already exists
===========>     (SEVERE)   DB.ExecuteQuery: [88] => 42701: column "isheaderpanel" of relation "ad_tab" already exists
----------->     (WARNING)  DB.ExecuteQuery: [88]DBExecuteError - 42701: column "isheaderpanel" of relation "ad_tab" already exists
===========>     (SEVERE)   DB.ExecuteQuery: [88] => 42701: column "ad_headerlayout_id" of relation "ad_tab" already exists
----------->     (WARNING)  DB.ExecuteQuery: [88]DBExecuteError - 42701: column "ad_headerlayout_id" of relation "ad_tab" already exists
===========>     (SEVERE)   DB.ExecuteQuery: [88] => 42701: column "ad_image_id" of relation "ad_field" already exists
----------->     (WARNING)  DB.ExecuteQuery: [88]DBExecuteError - 42701: column "ad_image_id" of relation "ad_field" already exists
===========>     (SEVERE)   DB.ExecuteQuery: [88] => 42701: column "showicon" of relation "ad_field" already exists
----------->     (WARNING)  DB.ExecuteQuery: [88]DBExecuteError - 42701: column "showicon" of relation "ad_field" already exists
===========>     (SEVERE)   DB.ExecuteQuery: [88] => 42701: column "htmlstyle" of relation "ad_field" already exists
----------->     (WARNING)  DB.ExecuteQuery: [88]DBExecuteError - 42701: column "htmlstyle" of relation "ad_field" already exists
===========>     (SEVERE)   DB.ExecuteQuery: [88] => 42701: column "isheaderpanelitem" of relation "ad_field" already exists
----------->     (WARNING)  DB.ExecuteQuery: [88]DBExecuteError - 42701: column "isheaderpanelitem" of relation "ad_field" already exists
===========>     (SEVERE)   DB.ExecuteQuery: [88] => 42701: column "headericononly" of relation "ad_field" already exists
----------->     (WARNING)  DB.ExecuteQuery: [88]DBExecuteError - 42701: column "headericononly" of relation "ad_field" already exists
===========>     (SEVERE)   DB.ExecuteQuery: [88] => 42701: column "headerseqno" of relation "ad_field" already exists
----------->     (WARNING)  DB.ExecuteQuery: [88]DBExecuteError - 42701: column "headerseqno" of relation "ad_field" already exists
===========>     (SEVERE)   DB.ExecuteQuery: [88] => 42701: column "headerheadingonly" of relation "ad_field" already exists
----------->     (WARNING)  DB.ExecuteQuery: [88]DBExecuteError - 42701: column "headerheadingonly" of relation "ad_field" already exists
===========>     (SEVERE)   DB.ExecuteQuery: [88] => 42701: column "headeroverridereference" of relation "ad_field" already exists
----------->     (WARNING)  DB.ExecuteQuery: [88]DBExecuteError - 42701: column "headeroverridereference" of relation "ad_field" already exists
===========>     (SEVERE)   DB.ExecuteQuery: [88] => 42701: column "createmasterversiontab" of relation "ad_tab" already exists
----------->     (WARNING)  DB.ExecuteQuery: [88]DBExecuteError - 42701: column "createmasterversiontab" of relation "ad_tab" already exists
===========>     (SEVERE)   DB.ExecuteQuery: [88] => 42701: column "headerstyle" of relation "ad_field" already exists
----------->     (WARNING)  DB.ExecuteQuery: [88]DBExecuteError - 42701: column "headerstyle" of relation "ad_field" already exists
===========>     (SEVERE)   DB.ExecuteQuery: [88] => 42701: column "cellspace" of relation "ad_field" already exists
----------->     (WARNING)  DB.ExecuteQuery: [88]DBExecuteError - 42701: column "cellspace" of relation "ad_field" already exists
===========>     (SEVERE)   DB.ExecuteQuery: [88] => 42701: column "fieldbreadth" of relation "ad_field" already exists
----------->     (WARNING)  DB.ExecuteQuery: [88]DBExecuteError - 42701: column "fieldbreadth" of relation "ad_field" already exists
===========>     (SEVERE)   DB.ExecuteQuery: [88] => 42701: column "islinebreak" of relation "ad_field" already exists
----------->     (WARNING)  DB.ExecuteQuery: [88]DBExecuteError - 42701: column "islinebreak" of relation "ad_field" already exists
===========>     (SEVERE)   DB.ExecuteQuery: [88] => 42701: column "maintainveronapproval" of relation "ad_tab" already exists
----------->     (WARNING)  DB.ExecuteQuery: [88]DBExecuteError - 42701: column "maintainveronapproval" of relation "ad_tab" already exists
===========>     (SEVERE)   DB.ExecuteQuery: [88] => 42701: column "ismaintainversions" of relation "ad_table" already exists
----------->     (WARNING)  DB.ExecuteQuery: [88]DBExecuteError - 42701: column "ismaintainversions" of relation "ad_table" already exists
===========>     (SEVERE)   DB.ExecuteQuery: [88] => 42701: column "showfilteroption" of relation "ad_column" already exists
----------->     (WARNING)  DB.ExecuteQuery: [88]DBExecuteError - 42701: column "showfilteroption" of relation "ad_column" already exists
===========>     (SEVERE)   DB.ExecuteQuery: [88] => 42701: column "fieldgroupdefault" of relation "ad_field" already exists
----------->     (WARNING)  DB.ExecuteQuery: [88]DBExecuteError - 42701: column "fieldgroupdefault" of relation "ad_field" already exists
===========>     (SEVERE)   DB.ExecuteQuery: [88] => 42701: column "extrainfo" of relation "ad_tabpanel" already exists
----------->     (WARNING)  DB.ExecuteQuery: [88]DBExecuteError - 42701: column "extrainfo" of relation "ad_tabpanel" already exists
===========>     (SEVERE)   DB.ExecuteQuery: [88] => 42701: column "iscompositeview" of relation "ad_window" already exists
----------->     (WARNING)  DB.ExecuteQuery: [88]DBExecuteError - 42701: column "iscompositeview" of relation "ad_window" already exists
===========>     (SEVERE)   DB.ExecuteQuery: [88] => 42701: column "isunique" of relation "ad_column" already exists
----------->     (WARNING)  DB.ExecuteQuery: [88]DBExecuteError - 42701: column "isunique" of relation "ad_column" already exists
===========>     (SEVERE)   DB.ExecuteQuery: [88] => 0A000: cannot alter type of a column used by a view or rule

DETAIL: Detail redacted as it may contain sensitive data. Specify 'Include Error Detail' in the connection string to include this information.
----------->     (WARNING)  DB.ExecuteQuery: [88]DBExecuteError - 0A000: cannot alter type of a column used by a view or rule

DETAIL: Detail redacted as it may contain sensitive data. Specify 'Include Error Detail' in the connection string to include this information.
05:16:56.165    (INFO)     ConvertSQL.ApplyConvertMap: [88]Exception clause needs to be converted: create or replace FUNCTION changegenattrcol() returns void AS $$ DECLARE ex_query           VARCHAR(800); constraintname     VARCHAR(300); primarycolumnname  VARCHAR(300); indexna          VARCHAR(30); indexcols          VARCHAR(500); rec1 Cursor For SELECT table_name, column_name, data_type FROM information_schema.columns WHERE column_name = 'c_genattributesetinstance_id'; recs1 cursor(tableName varchar(100)) Is  select ccu.column_name as column_name from pg_constraint pgc join pg_namespace nsp on nsp.oid = pgc.connamespace join pg_class  cls on pgc.conrelid = cls.oid left join information_schema.constraint_column_usage ccu on pgc.conname = ccu.constraint_name and nsp.nspname = ccu.constraint_schema where contype ='p' and upper(ccu.table_name)= upper(tableName) order by pgc.conname; recind1 cursor(tableName varchar(100)) is SELECT indexdef FROM pg_indexes WHERE upper(tablename) = upper(tableName) AND indexdef like '%C_GenAttributeSetInstance_ID%'; BEGIN raise notice '%','ha'; for rec IN rec1 LOOP raise notice '%',rec.data_type; IF rec.data_type = 'character varying' THEN ex_query := 'Alter table ' || rec.table_name || ' add C_Gen_1 integer '; raise notice '%',ex_query; EXECUTE ex_query; ex_query := 'Update ' || rec.table_name || ' set C_Gen_1=(c_genattributesetinstance_id)::integer'; raise notice '%',ex_query; EXECUTE ex_query; begin ex_query := 'select pgc.conname as constraint_name from pg_constraint pgc join pg_namespace nsp on nsp.oid = pgc.connamespace join pg_class  cls on pgc.conrelid = cls.oid left join information_schema.constraint_column_usage ccu on pgc.conname = ccu.constraint_name and nsp.nspname = ccu.constraint_schema where contype =''p'' and ccu.table_name='''|| rec.table_name ||''' and ccu.column_name=''c_genattributesetinstance_id'' order by pgc.conname'; raise notice '%',ex_query; EXECUTE ex_query INTO constraintname; EXCEPTION WHEN NO_DATA_FOUND THEN constraintname:=null; end; IF constraintname IS NOT NULL THEN for recs in  recs1(rec.table_name) LOOP if primarycolumnname is not null then primarycolumnname := primarycolumnname || ',' || recs.column_name; else primarycolumnname:=recs.column_name; end If; END LOOP; ex_query := 'ALTER TABLE ' || rec.table_name || ' DROP CONSTRAINT ' || constraintname; raise notice '%',ex_query; EXECUTE ex_query; ELSE ex_query := 'Update ' || rec.table_name || ' set C_GenAttributeSetInstance_ID=null'; raise notice '%',ex_query; EXECUTE ex_query; END IF; BEGIN ex_query := 'SELECT indexname FROM pg_indexes WHERE tablename =''' || rec.table_name || ''' AND indexdef like ''%C_GenAttributeSetInstance_ID%'''; raise notice '%',ex_query; EXECUTE ex_query INTO indexna; EXCEPTION WHEN NO_DATA_FOUND THEN indexna:=null; end; IF indexna IS NOT NULL THEN for recind in recind1(rec.table_name) LOOP indexcols:=recind.indexdef; END LOOP; ex_query := 'DROP INDEX '||indexna; raise notice '%',ex_query; EXECUTE ex_query; END IF;if primarycolumnname is not null then ex_query := 'Alter table ' || rec.table_name ||' ALTER COLUMN c_genattributesetinstance_id drop not null '; raise notice '%',ex_query; EXECUTE ex_query; end if; ex_query := 'Update ' || rec.table_name || ' set C_GenAttributeSetInstance_ID=null'; raise notice '%',ex_query; EXECUTE ex_query; if primarycolumnname is not null then begin ex_query := 'Alter table ' || rec.table_name ||' ALTER COLUMN c_genattributesetinstance_id DROP DEFAULT '; raise notice '%',ex_query; EXECUTE ex_query; ex_query:= 'Alter table ' || rec.table_name || ' ALTER COLUMN  C_GenAttributeSetInstance_ID TYPE INT USING (trim(c_genattributesetinstance_id)::integer) '; raise notice '%',ex_query; EXECUTE ex_query; EXCEPTION WHEN NO_DATA_FOUND THEN ex_query := 'Alter table ' || rec.table_name ||' ALTER COLUMN c_genattributesetinstance_id DROP DEFAULT '; raise notice '%',ex_query; EXECUTE ex_query; ex_query:='Alter table ' || rec.table_name || ' ALTER COLUMN C_GenAttributeSetInstance_ID TYPE INT USING (trim(c_genattributesetinstance_id)::integer) '; raise notice '%',ex_query; EXECUTE ex_query; end; else ex_query := 'Alter table ' || rec.table_name ||' ALTER COLUMN c_genattributesetinstance_id DROP DEFAULT '; raise notice '%',ex_query; EXECUTE ex_query; ex_query:='Alter table ' || rec.table_name|| ' ALTER COLUMN C_GenAttributeSetInstance_ID  TYPE INT USING (trim(c_genattributesetinstance_id)::integer)  '; raise notice '%',ex_query; EXECUTE ex_query; end if; ex_query := 'Update ' || rec.table_name || ' set C_GenAttributeSetInstance_ID=C_Gen_1'; raise notice '%',ex_query; EXECUTE ex_query; if constraintname is not null then ex_query := 'ALTER TABLE ' || rec.table_name || ' ADD CONSTRAINT ' || constraintname || ' PRIMARY KEY (' || primarycolumnname || ')'; raise notice '%',ex_query; EXECUTE ex_query; end if; ex_query := 'Alter Table ' || rec.table_name || ' DROP Column C_Gen_1'; raise notice '%',ex_query; EXECUTE ex_query; END IF; END LOOP; END; $$ language plpgsql;
===========>     (SEVERE)   DB.ExecuteQuery: [88] => 23505: duplicate key value violates unique constraint "ad_reference_pkey"

DETAIL: Detail redacted as it may contain sensitive data. Specify 'Include Error Detail' in the connection string to include this information.
----------->     (WARNING)  DB.ExecuteQuery: [88]DBExecuteError - 23505: duplicate key value violates unique constraint "ad_reference_pkey"

DETAIL: Detail redacted as it may contain sensitive data. Specify 'Include Error Detail' in the connection string to include this information.
===========>     (SEVERE)   DB.ExecuteQuery: [88] => 42701: column "isswitch" of relation "ad_column" already exists
----------->     (WARNING)  DB.ExecuteQuery: [88]DBExecuteError - 42701: column "isswitch" of relation "ad_column" already exists
===========>     (SEVERE)   DB.ExecuteQuery: [88] => 42701: column "vformaterror" of relation "ad_column" already exists
----------->     (WARNING)  DB.ExecuteQuery: [88]DBExecuteError - 42701: column "vformaterror" of relation "ad_column" already exists
===========>     (SEVERE)   DB.ExecuteQuery: [88] => 42701: column "tablayout" of relation "ad_tab" already exists
----------->     (WARNING)  DB.ExecuteQuery: [88]DBExecuteError - 42701: column "tablayout" of relation "ad_tab" already exists
===========>     (SEVERE)   DB.ExecuteQuery: [88] => 42701: column "hpanelnotshowinmultirow" of relation "ad_tab" already exists
----------->     (WARNING)  DB.ExecuteQuery: [88]DBExecuteError - 42701: column "hpanelnotshowinmultirow" of relation "ad_tab" already exists
===========>     (SEVERE)   DB.ExecuteQuery: [88] => 42701: column "twofamethod" of relation "ad_user" already exists
----------->     (WARNING)  DB.ExecuteQuery: [88]DBExecuteError - 42701: column "twofamethod" of relation "ad_user" already exists
===========>     (SEVERE)   DB.ExecuteQuery: [88] => 42701: column "googlemapapi" of relation "ad_client" already exists
----------->     (WARNING)  DB.ExecuteQuery: [88]DBExecuteError - 42701: column "googlemapapi" of relation "ad_client" already exists
===========>     (SEVERE)   DB.ExecuteQuery: [88] => 42601: syntax error at or near "("

POSITION: 25
----------->     (WARNING)  DB.ExecuteQuery: [88]DBExecuteError - 42601: syntax error at or near "("

POSITION: 25
===========>     (SEVERE)   DB.ExecuteQuery: [88] => 42601: syntax error at or near "("

POSITION: 25
----------->     (WARNING)  DB.ExecuteQuery: [88]DBExecuteError - 42601: syntax error at or near "("

POSITION: 25
===========>     (SEVERE)   DB.ExecuteQuery: [88] => 42601: syntax error at or near "("

POSITION: 29
----------->     (WARNING)  DB.ExecuteQuery: [88]DBExecuteError - 42601: syntax error at or near "("

POSITION: 29
===========>     (SEVERE)   DB.ExecuteQuery: [88] => 42701: column "newrecordview" of relation "ad_tab" already exists
----------->     (WARNING)  DB.ExecuteQuery: [88]DBExecuteError - 42701: column "newrecordview" of relation "ad_tab" already exists
===========>     (SEVERE)   DB.ExecuteQuery: [88] => 42701: column "ad_val_rule_id" of relation "ad_field" already exists
----------->     (WARNING)  DB.ExecuteQuery: [88]DBExecuteError - 42701: column "ad_val_rule_id" of relation "ad_field" already exists
===========>     (SEVERE)   DB.ExecuteQuery: [88] => 42701: column "isautonewrecord" of relation "ad_tab" already exists
----------->     (WARNING)  DB.ExecuteQuery: [88]DBExecuteError - 42701: column "isautonewrecord" of relation "ad_tab" already exists
===========>     (SEVERE)   DB.ExecuteQuery: [88] => 42701: column "recordlimit" of relation "ad_tab" already exists
----------->     (WARNING)  DB.ExecuteQuery: [88]DBExecuteError - 42701: column "recordlimit" of relation "ad_tab" already exists
===========>     (SEVERE)   DB.ExecuteQuery: [88] => 42701: column "isaction" of relation "ad_column" already exists
----------->     (WARNING)  DB.ExecuteQuery: [88]DBExecuteError - 42701: column "isaction" of relation "ad_column" already exists
===========>     (SEVERE)   DB.ExecuteQuery: [88] => 42701: column "tabindex" of relation "ad_field" already exists
----------->     (WARNING)  DB.ExecuteQuery: [88]DBExecuteError - 42701: column "tabindex" of relation "ad_field" already exists
===========>     (SEVERE)   DB.ExecuteQuery: [88] => 42701: column "lastpwdupdatedon" of relation "ad_user" already exists
----------->     (WARNING)  DB.ExecuteQuery: [88]DBExecuteError - 42701: column "lastpwdupdatedon" of relation "ad_user" already exists
===========>     (SEVERE)   DB.ExecuteQuery: [88] => 42701: column "tabletype" of relation "ad_table" already exists
----------->     (WARNING)  DB.ExecuteQuery: [88]DBExecuteError - 42701: column "tabletype" of relation "ad_table" already exists
===========>     (SEVERE)   DB.ExecuteQuery: [88] => 42701: column "ishidetoolbar" of relation "ad_window" already exists
----------->     (WARNING)  DB.ExecuteQuery: [88]DBExecuteError - 42701: column "ishidetoolbar" of relation "ad_window" already exists
===========>     (SEVERE)   DB.ExecuteQuery: [88] => 42701: column "ishideactionbar" of relation "ad_window" already exists
----------->     (WARNING)  DB.ExecuteQuery: [88]DBExecuteError - 42701: column "ishideactionbar" of relation "ad_window" already exists
===========>     (SEVERE)   DB.ExecuteQuery: [88] => 42701: column "ad_actionname" of relation "ad_field" already exists
----------->     (WARNING)  DB.ExecuteQuery: [88]DBExecuteError - 42701: column "ad_actionname" of relation "ad_field" already exists
===========>     (SEVERE)   DB.ExecuteQuery: [88] => 42701: column "hidefieldgroupfrom" of relation "ad_tab" already exists
----------->     (WARNING)  DB.ExecuteQuery: [88]DBExecuteError - 42701: column "hidefieldgroupfrom" of relation "ad_tab" already exists
===========>     (SEVERE)   DB.ExecuteQuery: [88] => 42701: column "hidetabname" of relation "ad_tab" already exists
----------->     (WARNING)  DB.ExecuteQuery: [88]DBExecuteError - 42701: column "hidetabname" of relation "ad_tab" already exists
===========>     (SEVERE)   DB.ExecuteQuery: [88] => 42701: column "resetlayout" of relation "ad_tab" already exists
----------->     (WARNING)  DB.ExecuteQuery: [88]DBExecuteError - 42701: column "resetlayout" of relation "ad_tab" already exists
===========>     (SEVERE)   DB.ExecuteQuery: [88] => 42701: column "ishidegridtoggle" of relation "ad_tab" already exists
----------->     (WARNING)  DB.ExecuteQuery: [88]DBExecuteError - 42701: column "ishidegridtoggle" of relation "ad_tab" already exists
===========>     (SEVERE)   DB.ExecuteQuery: [88] => 42701: column "ishidecardtoggle" of relation "ad_tab" already exists
----------->     (WARNING)  DB.ExecuteQuery: [88]DBExecuteError - 42701: column "ishidecardtoggle" of relation "ad_tab" already exists
===========>     (SEVERE)   DB.ExecuteQuery: [88] => 42701: column "ishiderecordnav" of relation "ad_tab" already exists
----------->     (WARNING)  DB.ExecuteQuery: [88]DBExecuteError - 42701: column "ishiderecordnav" of relation "ad_tab" already exists
===========>     (SEVERE)   DB.ExecuteQuery: [88] => 42701: column "ishidevernewrecord" of relation "ad_tab" already exists
----------->     (WARNING)  DB.ExecuteQuery: [88]DBExecuteError - 42701: column "ishidevernewrecord" of relation "ad_tab" already exists
===========>     (SEVERE)   DB.ExecuteQuery: [88] => 42701: column "ip_address" of relation "ad_user" already exists
----------->     (WARNING)  DB.ExecuteQuery: [88]DBExecuteError - 42701: column "ip_address" of relation "ad_user" already exists
===========>     (SEVERE)   DB.ExecuteQuery: [88] => 42701: column "ad_widget_id" of relation "ad_widgetfield" already exists
----------->     (WARNING)  DB.ExecuteQuery: [88]DBExecuteError - 42701: column "ad_widget_id" of relation "ad_widgetfield" already exists
===========>     (SEVERE)   DB.ExecuteQuery: [88] => 42701: column "ad_tab_id" of relation "ad_userqueryline" already exists
----------->     (WARNING)  DB.ExecuteQuery: [88]DBExecuteError - 42701: column "ad_tab_id" of relation "ad_userqueryline" already exists
===========>     (SEVERE)   DB.ExecuteQuery: [88] => 22P02: invalid input syntax for type integer: "VAS_1001229"

POSITION: 73
----------->     (WARNING)  DB.ExecuteQuery: [88]DBExecuteError - 22P02: invalid input syntax for type integer: "VAS_1001229"

POSITION: 73
===========>     (SEVERE)   DB.ExecuteQuery: [88] => 22P02: invalid input syntax for type integer: "VAS_1001230"

POSITION: 73
----------->     (WARNING)  DB.ExecuteQuery: [88]DBExecuteError - 22P02: invalid input syntax for type integer: "VAS_1001230"

POSITION: 73
===========>     (SEVERE)   DB.ExecuteQuery: [88] => 22P02: invalid input syntax for type integer: "VAS_1001231"

POSITION: 73
----------->     (WARNING)  DB.ExecuteQuery: [88]DBExecuteError - 22P02: invalid input syntax for type integer: "VAS_1001231"

POSITION: 73
===========>     (SEVERE)   DB.ExecuteQuery: [88] => 22P02: invalid input syntax for type integer: "VAS_1001232"

POSITION: 73
----------->     (WARNING)  DB.ExecuteQuery: [88]DBExecuteError - 22P02: invalid input syntax for type integer: "VAS_1001232"

POSITION: 73
===========>     (SEVERE)   DB.ExecuteQuery: [88] => 23505: duplicate key value violates unique constraint "ad_form_access_pkey"

DETAIL: Detail redacted as it may contain sensitive data. Specify 'Include Error Detail' in the connection string to include this information.
----------->     (WARNING)  DB.ExecuteQuery: [88]DBExecuteError - 23505: duplicate key value violates unique constraint "ad_form_access_pkey"

DETAIL: Detail redacted as it may contain sensitive data. Specify 'Include Error Detail' in the connection string to include this information.
----------->     (WARNING)  X_AD_Form_Access.AddWindowToMenu: [88]Not insertedAD_Form_Access
===========>     (SEVERE)   DB.ExecuteQuery: [88] => 23505: duplicate key value violates unique constraint "ad_form_access_pkey"

DETAIL: Detail redacted as it may contain sensitive data. Specify 'Include Error Detail' in the connection string to include this information.
----------->     (WARNING)  DB.ExecuteQuery: [88]DBExecuteError - 23505: duplicate key value violates unique constraint "ad_form_access_pkey"

DETAIL: Detail redacted as it may contain sensitive data. Specify 'Include Error Detail' in the connection string to include this information.
----------->     (WARNING)  X_AD_Form_Access.AddWindowToMenu: [88]Not insertedAD_Form_Access
===========>     (SEVERE)   DB.ExecuteQuery: [88] => 23505: duplicate key value violates unique constraint "ad_form_access_pkey"

DETAIL: Detail redacted as it may contain sensitive data. Specify 'Include Error Detail' in the connection string to include this information.
----------->     (WARNING)  DB.ExecuteQuery: [88]DBExecuteError - 23505: duplicate key value violates unique constraint "ad_form_access_pkey"

DETAIL: Detail redacted as it may contain sensitive data. Specify 'Include Error Detail' in the connection string to include this information.
----------->     (WARNING)  X_AD_Form_Access.AddWindowToMenu: [88]Not insertedAD_Form_Access
===========>     (SEVERE)   DB.ExecuteQuery: [88] => 42P01: relation "ad_valuepreference" does not exist

POSITION: 13
----------->     (WARNING)  DB.ExecuteQuery: [88]DBExecuteError - 42P01: relation "ad_valuepreference" does not exist

POSITION: 13
===========>     (SEVERE)   DB.ExecuteQuery: [88] => 23505: duplicate key value violates unique constraint "ad_window_access_pkey"

DETAIL: Detail redacted as it may contain sensitive data. Specify 'Include Error Detail' in the connection string to include this information.
----------->     (WARNING)  DB.ExecuteQuery: [88]DBExecuteError - 23505: duplicate key value violates unique constraint "ad_window_access_pkey"

DETAIL: Detail redacted as it may contain sensitive data. Specify 'Include Error Detail' in the connection string to include this information.
----------->     (WARNING)  X_AD_Window_Access.AddWindowToMenu: [88]Not insertedAD_Window_Access
===========>     (SEVERE)   DB.ExecuteQuery: [88] => 23505: duplicate key value violates unique constraint "ad_window_access_pkey"

DETAIL: Detail redacted as it may contain sensitive data. Specify 'Include Error Detail' in the connection string to include this information.
----------->     (WARNING)  DB.ExecuteQuery: [88]DBExecuteError - 23505: duplicate key value violates unique constraint "ad_window_access_pkey"

DETAIL: Detail redacted as it may contain sensitive data. Specify 'Include Error Detail' in the connection string to include this information.
----------->     (WARNING)  X_AD_Window_Access.AddWindowToMenu: [88]Not insertedAD_Window_Access
===========>     (SEVERE)   DB.ExecuteQuery: [88] => 23505: duplicate key value violates unique constraint "ad_window_access_pkey"

DETAIL: Detail redacted as it may contain sensitive data. Specify 'Include Error Detail' in the connection string to include this information.
----------->     (WARNING)  DB.ExecuteQuery: [88]DBExecuteError - 23505: duplicate key value violates unique constraint "ad_window_access_pkey"

DETAIL: Detail redacted as it may contain sensitive data. Specify 'Include Error Detail' in the connection string to include this information.
----------->     (WARNING)  X_AD_Window_Access.AddWindowToMenu: [88]Not insertedAD_Window_Access
===========>     (SEVERE)   DB.ExecuteQuery: [88] => 23505: duplicate key value violates unique constraint "ad_window_access_pkey"

DETAIL: Detail redacted as it may contain sensitive data. Specify 'Include Error Detail' in the connection string to include this information.
----------->     (WARNING)  DB.ExecuteQuery: [88]DBExecuteError - 23505: duplicate key value violates unique constraint "ad_window_access_pkey"

DETAIL: Detail redacted as it may contain sensitive data. Specify 'Include Error Detail' in the connection string to include this information.
----------->     (WARNING)  X_AD_Window_Access.AddWindowToMenu: [88]Not insertedAD_Window_Access
===========>     (SEVERE)   DB.ExecuteQuery: [88] => 23505: duplicate key value violates unique constraint "ad_window_access_pkey"

DETAIL: Detail redacted as it may contain sensitive data. Specify 'Include Error Detail' in the connection string to include this information.
----------->     (WARNING)  DB.ExecuteQuery: [88]DBExecuteError - 23505: duplicate key value violates unique constraint "ad_window_access_pkey"

DETAIL: Detail redacted as it may contain sensitive data. Specify 'Include Error Detail' in the connection string to include this information.
----------->     (WARNING)  X_AD_Window_Access.AddWindowToMenu: [88]Not insertedAD_Window_Access
===========>     (SEVERE)   DB.ExecuteQuery: [88] => 23505: duplicate key value violates unique constraint "ad_window_access_pkey"

DETAIL: Detail redacted as it may contain sensitive data. Specify 'Include Error Detail' in the connection string to include this information.
----------->     (WARNING)  DB.ExecuteQuery: [88]DBExecuteError - 23505: duplicate key value violates unique constraint "ad_window_access_pkey"

DETAIL: Detail redacted as it may contain sensitive data. Specify 'Include Error Detail' in the connection string to include this information.
----------->     (WARNING)  X_AD_Window_Access.AddWindowToMenu: [88]Not insertedAD_Window_Access
===========>     (SEVERE)   DB.ExecuteQuery: [88] => 23505: duplicate key value violates unique constraint "ad_window_access_pkey"

DETAIL: Detail redacted as it may contain sensitive data. Specify 'Include Error Detail' in the connection string to include this information.
----------->     (WARNING)  DB.ExecuteQuery: [88]DBExecuteError - 23505: duplicate key value violates unique constraint "ad_window_access_pkey"

DETAIL: Detail redacted as it may contain sensitive data. Specify 'Include Error Detail' in the connection string to include this information.
----------->     (WARNING)  X_AD_Window_Access.AddWindowToMenu: [88]Not insertedAD_Window_Access
===========>     (SEVERE)   DB.ExecuteQuery: [88] => 23505: duplicate key value violates unique constraint "ad_window_access_pkey"

DETAIL: Detail redacted as it may contain sensitive data. Specify 'Include Error Detail' in the connection string to include this information.
----------->     (WARNING)  DB.ExecuteQuery: [88]DBExecuteError - 23505: duplicate key value violates unique constraint "ad_window_access_pkey"

DETAIL: Detail redacted as it may contain sensitive data. Specify 'Include Error Detail' in the connection string to include this information.
----------->     (WARNING)  X_AD_Window_Access.AddWindowToMenu: [88]Not insertedAD_Window_Access
===========>     (SEVERE)   DB.ExecuteQuery: [88] => 23502: null value in column "classname" of relation "ad_tabpanel" violates not-null constraint

DETAIL: Detail redacted as it may contain sensitive data. Specify 'Include Error Detail' in the connection string to include this information.
----------->     (WARNING)  DB.ExecuteQuery: [88]DBExecuteError - 23502: null value in column "classname" of relation "ad_tabpanel" violates not-null constraint

DETAIL: Detail redacted as it may contain sensitive data. Specify 'Include Error Detail' in the connection string to include this information.
===========>     (SEVERE)   DB.ExecuteQuery: [88] => 23505: duplicate key value violates unique constraint "ad_window_access_pkey"

DETAIL: Detail redacted as it may contain sensitive data. Specify 'Include Error Detail' in the connection string to include this information.
----------->     (WARNING)  DB.ExecuteQuery: [88]DBExecuteError - 23505: duplicate key value violates unique constraint "ad_window_access_pkey"

DETAIL: Detail redacted as it may contain sensitive data. Specify 'Include Error Detail' in the connection string to include this information.
----------->     (WARNING)  X_AD_Window_Access.AddWindowToMenu: [88]Not insertedAD_Window_Access
===========>     (SEVERE)   DB.ExecuteQuery: [88] => 23505: duplicate key value violates unique constraint "ad_window_access_pkey"

DETAIL: Detail redacted as it may contain sensitive data. Specify 'Include Error Detail' in the connection string to include this information.
----------->     (WARNING)  DB.ExecuteQuery: [88]DBExecuteError - 23505: duplicate key value violates unique constraint "ad_window_access_pkey"

DETAIL: Detail redacted as it may contain sensitive data. Specify 'Include Error Detail' in the connection string to include this information.
----------->     (WARNING)  X_AD_Window_Access.AddWindowToMenu: [88]Not insertedAD_Window_Access
===========>     (SEVERE)   DB.ExecuteQuery: [88] => 23505: duplicate key value violates unique constraint "ad_window_access_pkey"

DETAIL: Detail redacted as it may contain sensitive data. Specify 'Include Error Detail' in the connection string to include this information.
----------->     (WARNING)  DB.ExecuteQuery: [88]DBExecuteError - 23505: duplicate key value violates unique constraint "ad_window_access_pkey"

DETAIL: Detail redacted as it may contain sensitive data. Specify 'Include Error Detail' in the connection string to include this information.
----------->     (WARNING)  X_AD_Window_Access.AddWindowToMenu: [88]Not insertedAD_Window_Access
===========>     (SEVERE)   DB.ExecuteQuery: [88] => 23505: duplicate key value violates unique constraint "ad_window_access_pkey"

DETAIL: Detail redacted as it may contain sensitive data. Specify 'Include Error Detail' in the connection string to include this information.
----------->     (WARNING)  DB.ExecuteQuery: [88]DBExecuteError - 23505: duplicate key value violates unique constraint "ad_window_access_pkey"

DETAIL: Detail redacted as it may contain sensitive data. Specify 'Include Error Detail' in the connection string to include this information.
----------->     (WARNING)  X_AD_Window_Access.AddWindowToMenu: [88]Not insertedAD_Window_Access
===========>     (SEVERE)   DB.ExecuteQuery: [88] => 23505: duplicate key value violates unique constraint "ad_window_access_pkey"

DETAIL: Detail redacted as it may contain sensitive data. Specify 'Include Error Detail' in the connection string to include this information.
----------->     (WARNING)  DB.ExecuteQuery: [88]DBExecuteError - 23505: duplicate key value violates unique constraint "ad_window_access_pkey"

DETAIL: Detail redacted as it may contain sensitive data. Specify 'Include Error Detail' in the connection string to include this information.
----------->     (WARNING)  X_AD_Window_Access.AddWindowToMenu: [88]Not insertedAD_Window_Access
===========>     (SEVERE)   PostgreHelper.ExecuteReader: [88]42P01: relation "ad_group_widget" does not exist

POSITION: 38 [Query DR] SELECT MAX( AD_Group_Widget_ID) FROM AD_Group_Widget
===========>     (SEVERE)   PostgreHelper.ExecuteReader: [88]42P01: relation "ad_group_widget" does not exist

POSITION: 38 [Query DR] SELECT MAX( AD_Group_Widget_ID) FROM AD_Group_Widget
===========>     (SEVERE)   DB.GetSQLValue: [88]SELECT MAX( AD_Group_Widget_ID) FROM AD_Group_Widget => 42P01: relation "ad_group_widget" does not exist

POSITION: 38
===========>     (SEVERE)   DB.ExecuteQuery: [88] => 42P01: sequence "ad_group_widget_seq" does not exist
----------->     (WARNING)  DB.ExecuteQuery: [88]DBExecuteError - 42P01: sequence "ad_group_widget_seq" does not exist
===========>     (SEVERE)   DB.ExecuteQuery: [88] => 23505: duplicate key value violates unique constraint "ad_window_access_pkey"

DETAIL: Detail redacted as it may contain sensitive data. Specify 'Include Error Detail' in the connection string to include this information.
----------->     (WARNING)  DB.ExecuteQuery: [88]DBExecuteError - 23505: duplicate key value violates unique constraint "ad_window_access_pkey"

DETAIL: Detail redacted as it may contain sensitive data. Specify 'Include Error Detail' in the connection string to include this information.
----------->     (WARNING)  X_AD_Window_Access.AddWindowToMenu: [88]Not insertedAD_Window_Access
===========>     (SEVERE)   DB.ExecuteQuery: [88] => 23505: duplicate key value violates unique constraint "ad_window_access_pkey"

DETAIL: Detail redacted as it may contain sensitive data. Specify 'Include Error Detail' in the connection string to include this information.
----------->     (WARNING)  DB.ExecuteQuery: [88]DBExecuteError - 23505: duplicate key value violates unique constraint "ad_window_access_pkey"

DETAIL: Detail redacted as it may contain sensitive data. Specify 'Include Error Detail' in the connection string to include this information.
----------->     (WARNING)  X_AD_Window_Access.AddWindowToMenu: [88]Not insertedAD_Window_Access
===========>     (SEVERE)   DB.ExecuteQuery: [88] => 23505: duplicate key value violates unique constraint "ad_window_access_pkey"

DETAIL: Detail redacted as it may contain sensitive data. Specify 'Include Error Detail' in the connection string to include this information.
----------->     (WARNING)  DB.ExecuteQuery: [88]DBExecuteError - 23505: duplicate key value violates unique constraint "ad_window_access_pkey"

DETAIL: Detail redacted as it may contain sensitive data. Specify 'Include Error Detail' in the connection string to include this information.
----------->     (WARNING)  X_AD_Window_Access.AddWindowToMenu: [88]Not insertedAD_Window_Access
===========>     (SEVERE)   DB.ExecuteQuery: [88] => 23505: duplicate key value violates unique constraint "ad_window_access_pkey"

DETAIL: Detail redacted as it may contain sensitive data. Specify 'Include Error Detail' in the connection string to include this information.
----------->     (WARNING)  DB.ExecuteQuery: [88]DBExecuteError - 23505: duplicate key value violates unique constraint "ad_window_access_pkey"

DETAIL: Detail redacted as it may contain sensitive data. Specify 'Include Error Detail' in the connection string to include this information.
----------->     (WARNING)  X_AD_Window_Access.AddWindowToMenu: [88]Not insertedAD_Window_Access
===========>     (SEVERE)   DB.ExecuteQuery: [88] => 23505: duplicate key value violates unique constraint "ad_window_access_pkey"

DETAIL: Detail redacted as it may contain sensitive data. Specify 'Include Error Detail' in the connection string to include this information.
----------->     (WARNING)  DB.ExecuteQuery: [88]DBExecuteError - 23505: duplicate key value violates unique constraint "ad_window_access_pkey"

DETAIL: Detail redacted as it may contain sensitive data. Specify 'Include Error Detail' in the connection string to include this information.
----------->     (WARNING)  X_AD_Window_Access.AddWindowToMenu: [88]Not insertedAD_Window_Access
===========>     (SEVERE)   DB.ExecuteQuery: [88] => 23505: duplicate key value violates unique constraint "ad_window_access_pkey"

DETAIL: Detail redacted as it may contain sensitive data. Specify 'Include Error Detail' in the connection string to include this information.
----------->     (WARNING)  DB.ExecuteQuery: [88]DBExecuteError - 23505: duplicate key value violates unique constraint "ad_window_access_pkey"

DETAIL: Detail redacted as it may contain sensitive data. Specify 'Include Error Detail' in the connection string to include this information.
----------->     (WARNING)  X_AD_Window_Access.AddWindowToMenu: [88]Not insertedAD_Window_Access
===========>     (SEVERE)   DB.ExecuteQuery: [88] => 23503: insert or update on table "ad_modulewindow" violates foreign key constraint "fk1000352_1008004"

DETAIL: Detail redacted as it may contain sensitive data. Specify 'Include Error Detail' in the connection string to include this information.
----------->     (WARNING)  DB.ExecuteQuery: [88]DBExecuteError - 23503: insert or update on table "ad_modulewindow" violates foreign key constraint "fk1000352_1008004"

DETAIL: Detail redacted as it may contain sensitive data. Specify 'Include Error Detail' in the connection string to include this information.
===========>     (SEVERE)   DB.ExecuteQuery: [88] => 23503: insert or update on table "ad_moduletab" violates foreign key constraint "fk1000353_1008023"

DETAIL: Detail redacted as it may contain sensitive data. Specify 'Include Error Detail' in the connection string to include this information.
----------->     (WARNING)  DB.ExecuteQuery: [88]DBExecuteError - 23503: insert or update on table "ad_moduletab" violates foreign key constraint "fk1000353_1008023"

DETAIL: Detail redacted as it may contain sensitive data. Specify 'Include Error Detail' in the connection string to include this information.
===========>     (SEVERE)   DB.ExecuteQuery: [88] => 23503: insert or update on table "ad_modulefield" violates foreign key constraint "fk1000354_1008044"

DETAIL: Detail redacted as it may contain sensitive data. Specify 'Include Error Detail' in the connection string to include this information.
----------->     (WARNING)  DB.ExecuteQuery: [88]DBExecuteError - 23503: insert or update on table "ad_modulefield" violates foreign key constraint "fk1000354_1008044"

DETAIL: Detail redacted as it may contain sensitive data. Specify 'Include Error Detail' in the connection string to include this information.
===========>     (SEVERE)   DB.ExecuteQuery: [88] => 23503: insert or update on table "ad_modulefield" violates foreign key constraint "fk1000354_1008044"

DETAIL: Detail redacted as it may contain sensitive data. Specify 'Include Error Detail' in the connection string to include this information.
----------->     (WARNING)  DB.ExecuteQuery: [88]DBExecuteError - 23503: insert or update on table "ad_modulefield" violates foreign key constraint "fk1000354_1008044"

DETAIL: Detail redacted as it may contain sensitive data. Specify 'Include Error Detail' in the connection string to include this information.
===========>     (SEVERE)   DB.ExecuteQuery: [88] => 23503: insert or update on table "ad_modulefield" violates foreign key constraint "fk1000354_1008044"

DETAIL: Detail redacted as it may contain sensitive data. Specify 'Include Error Detail' in the connection string to include this information.
----------->     (WARNING)  DB.ExecuteQuery: [88]DBExecuteError - 23503: insert or update on table "ad_modulefield" violates foreign key constraint "fk1000354_1008044"

DETAIL: Detail redacted as it may contain sensitive data. Specify 'Include Error Detail' in the connection string to include this information.
===========>     (SEVERE)   DB.ExecuteQuery: [88] => 23503: insert or update on table "ad_modulefield" violates foreign key constraint "fk1000354_1008044"

DETAIL: Detail redacted as it may contain sensitive data. Specify 'Include Error Detail' in the connection string to include this information.
----------->     (WARNING)  DB.ExecuteQuery: [88]DBExecuteError - 23503: insert or update on table "ad_modulefield" violates foreign key constraint "fk1000354_1008044"

DETAIL: Detail redacted as it may contain sensitive data. Specify 'Include Error Detail' in the connection string to include this information.
===========>     (SEVERE)   DB.ExecuteQuery: [88] => 23503: insert or update on table "ad_modulefield" violates foreign key constraint "fk1000354_1008044"

DETAIL: Detail redacted as it may contain sensitive data. Specify 'Include Error Detail' in the connection string to include this information.
----------->     (WARNING)  DB.ExecuteQuery: [88]DBExecuteError - 23503: insert or update on table "ad_modulefield" violates foreign key constraint "fk1000354_1008044"

DETAIL: Detail redacted as it may contain sensitive data. Specify 'Include Error Detail' in the connection string to include this information.
===========>     (SEVERE)   DB.ExecuteQuery: [88] => 23503: insert or update on table "ad_modulefield" violates foreign key constraint "fk1000354_1008044"

DETAIL: Detail redacted as it may contain sensitive data. Specify 'Include Error Detail' in the connection string to include this information.
----------->     (WARNING)  DB.ExecuteQuery: [88]DBExecuteError - 23503: insert or update on table "ad_modulefield" violates foreign key constraint "fk1000354_1008044"

DETAIL: Detail redacted as it may contain sensitive data. Specify 'Include Error Detail' in the connection string to include this information.
===========>     (SEVERE)   DB.ExecuteQuery: [88] => 23503: insert or update on table "ad_modulefield" violates foreign key constraint "fk1000354_1008044"

DETAIL: Detail redacted as it may contain sensitive data. Specify 'Include Error Detail' in the connection string to include this information.
----------->     (WARNING)  DB.ExecuteQuery: [88]DBExecuteError - 23503: insert or update on table "ad_modulefield" violates foreign key constraint "fk1000354_1008044"

DETAIL: Detail redacted as it may contain sensitive data. Specify 'Include Error Detail' in the connection string to include this information.
===========>     (SEVERE)   DB.ExecuteQuery: [88] => 23503: insert or update on table "ad_modulefield" violates foreign key constraint "fk1000354_1008044"

DETAIL: Detail redacted as it may contain sensitive data. Specify 'Include Error Detail' in the connection string to include this information.
----------->     (WARNING)  DB.ExecuteQuery: [88]DBExecuteError - 23503: insert or update on table "ad_modulefield" violates foreign key constraint "fk1000354_1008044"

DETAIL: Detail redacted as it may contain sensitive data. Specify 'Include Error Detail' in the connection string to include this information.
===========>     (SEVERE)   DB.ExecuteQuery: [88] => 23503: insert or update on table "ad_modulefield" violates foreign key constraint "fk1000354_1008044"

DETAIL: Detail redacted as it may contain sensitive data. Specify 'Include Error Detail' in the connection string to include this information.
----------->     (WARNING)  DB.ExecuteQuery: [88]DBExecuteError - 23503: insert or update on table "ad_modulefield" violates foreign key constraint "fk1000354_1008044"

DETAIL: Detail redacted as it may contain sensitive data. Specify 'Include Error Detail' in the connection string to include this information.
===========>     (SEVERE)   DB.ExecuteQuery: [88] => 23503: insert or update on table "ad_modulefield" violates foreign key constraint "fk1000354_1008044"

DETAIL: Detail redacted as it may contain sensitive data. Specify 'Include Error Detail' in the connection string to include this information.
----------->     (WARNING)  DB.ExecuteQuery: [88]DBExecuteError - 23503: insert or update on table "ad_modulefield" violates foreign key constraint "fk1000354_1008044"

DETAIL: Detail redacted as it may contain sensitive data. Specify 'Include Error Detail' in the connection string to include this information.
===========>     (SEVERE)   DB.ExecuteQuery: [88] => 23505: duplicate key value violates unique constraint "ad_window_access_pkey"

DETAIL: Detail redacted as it may contain sensitive data. Specify 'Include Error Detail' in the connection string to include this information.
----------->     (WARNING)  DB.ExecuteQuery: [88]DBExecuteError - 23505: duplicate key value violates unique constraint "ad_window_access_pkey"

DETAIL: Detail redacted as it may contain sensitive data. Specify 'Include Error Detail' in the connection string to include this information.
----------->     (WARNING)  X_AD_Window_Access.AddWindowToMenu: [88]Not insertedAD_Window_Access
===========>     (SEVERE)   DB.ExecuteQuery: [88] => 23505: duplicate key value violates unique constraint "ad_window_access_pkey"

DETAIL: Detail redacted as it may contain sensitive data. Specify 'Include Error Detail' in the connection string to include this information.
----------->     (WARNING)  DB.ExecuteQuery: [88]DBExecuteError - 23505: duplicate key value violates unique constraint "ad_window_access_pkey"

DETAIL: Detail redacted as it may contain sensitive data. Specify 'Include Error Detail' in the connection string to include this information.
----------->     (WARNING)  X_AD_Window_Access.AddWindowToMenu: [88]Not insertedAD_Window_Access
===========>     (SEVERE)   DB.ExecuteQuery: [88] => 23505: duplicate key value violates unique constraint "ad_window_access_pkey"

DETAIL: Detail redacted as it may contain sensitive data. Specify 'Include Error Detail' in the connection string to include this information.
----------->     (WARNING)  DB.ExecuteQuery: [88]DBExecuteError - 23505: duplicate key value violates unique constraint "ad_window_access_pkey"

DETAIL: Detail redacted as it may contain sensitive data. Specify 'Include Error Detail' in the connection string to include this information.
----------->     (WARNING)  X_AD_Window_Access.AddWindowToMenu: [88]Not insertedAD_Window_Access
===========>     (SEVERE)   DB.ExecuteQuery: [88] => 23505: duplicate key value violates unique constraint "ad_window_access_pkey"

DETAIL: Detail redacted as it may contain sensitive data. Specify 'Include Error Detail' in the connection string to include this information.
----------->     (WARNING)  DB.ExecuteQuery: [88]DBExecuteError - 23505: duplicate key value violates unique constraint "ad_window_access_pkey"

DETAIL: Detail redacted as it may contain sensitive data. Specify 'Include Error Detail' in the connection string to include this information.
----------->     (WARNING)  X_AD_Window_Access.AddWindowToMenu: [88]Not insertedAD_Window_Access
===========>     (SEVERE)   DB.ExecuteQuery: [88] => 23505: duplicate key value violates unique constraint "ad_window_access_pkey"

DETAIL: Detail redacted as it may contain sensitive data. Specify 'Include Error Detail' in the connection string to include this information.
----------->     (WARNING)  DB.ExecuteQuery: [88]DBExecuteError - 23505: duplicate key value violates unique constraint "ad_window_access_pkey"

DETAIL: Detail redacted as it may contain sensitive data. Specify 'Include Error Detail' in the connection string to include this information.
----------->     (WARNING)  X_AD_Window_Access.AddWindowToMenu: [88]Not insertedAD_Window_Access
===========>     (SEVERE)   DB.ExecuteQuery: [88] => 23505: duplicate key value violates unique constraint "ad_window_access_pkey"

DETAIL: Detail redacted as it may contain sensitive data. Specify 'Include Error Detail' in the connection string to include this information.
----------->     (WARNING)  DB.ExecuteQuery: [88]DBExecuteError - 23505: duplicate key value violates unique constraint "ad_window_access_pkey"

DETAIL: Detail redacted as it may contain sensitive data. Specify 'Include Error Detail' in the connection string to include this information.
----------->     (WARNING)  X_AD_Window_Access.AddWindowToMenu: [88]Not insertedAD_Window_Access
===========>     (SEVERE)   DB.ExecuteQuery: [88] => 23505: duplicate key value violates unique constraint "ad_window_access_pkey"

DETAIL: Detail redacted as it may contain sensitive data. Specify 'Include Error Detail' in the connection string to include this information.
----------->     (WARNING)  DB.ExecuteQuery: [88]DBExecuteError - 23505: duplicate key value violates unique constraint "ad_window_access_pkey"

DETAIL: Detail redacted as it may contain sensitive data. Specify 'Include Error Detail' in the connection string to include this information.
----------->     (WARNING)  X_AD_Window_Access.AddWindowToMenu: [88]Not insertedAD_Window_Access
===========>     (SEVERE)   DB.ExecuteQuery: [88] => 23505: duplicate key value violates unique constraint "ad_window_access_pkey"

DETAIL: Detail redacted as it may contain sensitive data. Specify 'Include Error Detail' in the connection string to include this information.
----------->     (WARNING)  DB.ExecuteQuery: [88]DBExecuteError - 23505: duplicate key value violates unique constraint "ad_window_access_pkey"

DETAIL: Detail redacted as it may contain sensitive data. Specify 'Include Error Detail' in the connection string to include this information.
----------->     (WARNING)  X_AD_Window_Access.AddWindowToMenu: [88]Not insertedAD_Window_Access
===========>     (SEVERE)   DB.ExecuteQuery: [88] => 23505: duplicate key value violates unique constraint "ad_window_access_pkey"

DETAIL: Detail redacted as it may contain sensitive data. Specify 'Include Error Detail' in the connection string to include this information.
----------->     (WARNING)  DB.ExecuteQuery: [88]DBExecuteError - 23505: duplicate key value violates unique constraint "ad_window_access_pkey"

DETAIL: Detail redacted as it may contain sensitive data. Specify 'Include Error Detail' in the connection string to include this information.
----------->     (WARNING)  X_AD_Window_Access.AddWindowToMenu: [88]Not insertedAD_Window_Access
===========>     (SEVERE)   DB.ExecuteQuery: [88] => 23505: duplicate key value violates unique constraint "ad_window_access_pkey"

DETAIL: Detail redacted as it may contain sensitive data. Specify 'Include Error Detail' in the connection string to include this information.
----------->     (WARNING)  DB.ExecuteQuery: [88]DBExecuteError - 23505: duplicate key value violates unique constraint "ad_window_access_pkey"

DETAIL: Detail redacted as it may contain sensitive data. Specify 'Include Error Detail' in the connection string to include this information.
----------->     (WARNING)  X_AD_Window_Access.AddWindowToMenu: [88]Not insertedAD_Window_Access
===========>     (SEVERE)   DB.ExecuteQuery: [88] => 23505: duplicate key value violates unique constraint "ad_window_access_pkey"

DETAIL: Detail redacted as it may contain sensitive data. Specify 'Include Error Detail' in the connection string to include this information.
----------->     (WARNING)  DB.ExecuteQuery: [88]DBExecuteError - 23505: duplicate key value violates unique constraint "ad_window_access_pkey"

DETAIL: Detail redacted as it may contain sensitive data. Specify 'Include Error Detail' in the connection string to include this information.
----------->     (WARNING)  X_AD_Window_Access.AddWindowToMenu: [88]Not insertedAD_Window_Access
===========>     (SEVERE)   DB.ExecuteQuery: [88] => 23505: duplicate key value violates unique constraint "ad_window_access_pkey"

DETAIL: Detail redacted as it may contain sensitive data. Specify 'Include Error Detail' in the connection string to include this information.
----------->     (WARNING)  DB.ExecuteQuery: [88]DBExecuteError - 23505: duplicate key value violates unique constraint "ad_window_access_pkey"

DETAIL: Detail redacted as it may contain sensitive data. Specify 'Include Error Detail' in the connection string to include this information.
----------->     (WARNING)  X_AD_Window_Access.AddWindowToMenu: [88]Not insertedAD_Window_Access
===========>     (SEVERE)   DB.ExecuteQuery: [88] => 23505: duplicate key value violates unique constraint "ad_window_access_pkey"

DETAIL: Detail redacted as it may contain sensitive data. Specify 'Include Error Detail' in the connection string to include this information.
----------->     (WARNING)  DB.ExecuteQuery: [88]DBExecuteError - 23505: duplicate key value violates unique constraint "ad_window_access_pkey"

DETAIL: Detail redacted as it may contain sensitive data. Specify 'Include Error Detail' in the connection string to include this information.
----------->     (WARNING)  X_AD_Window_Access.AddWindowToMenu: [88]Not insertedAD_Window_Access
===========>     (SEVERE)   DB.ExecuteQuery: [88] => 23505: duplicate key value violates unique constraint "ad_window_access_pkey"

DETAIL: Detail redacted as it may contain sensitive data. Specify 'Include Error Detail' in the connection string to include this information.
----------->     (WARNING)  DB.ExecuteQuery: [88]DBExecuteError - 23505: duplicate key value violates unique constraint "ad_window_access_pkey"

DETAIL: Detail redacted as it may contain sensitive data. Specify 'Include Error Detail' in the connection string to include this information.
----------->     (WARNING)  X_AD_Window_Access.AddWindowToMenu: [88]Not insertedAD_Window_Access
===========>     (SEVERE)   DB.ExecuteQuery: [88] => 23505: duplicate key value violates unique constraint "ad_window_access_pkey"

DETAIL: Detail redacted as it may contain sensitive data. Specify 'Include Error Detail' in the connection string to include this information.
----------->     (WARNING)  DB.ExecuteQuery: [88]DBExecuteError - 23505: duplicate key value violates unique constraint "ad_window_access_pkey"

DETAIL: Detail redacted as it may contain sensitive data. Specify 'Include Error Detail' in the connection string to include this information.
----------->     (WARNING)  X_AD_Window_Access.AddWindowToMenu: [88]Not insertedAD_Window_Access
===========>     (SEVERE)   DB.ExecuteQuery: [88] => 23505: duplicate key value violates unique constraint "ad_window_access_pkey"

DETAIL: Detail redacted as it may contain sensitive data. Specify 'Include Error Detail' in the connection string to include this information.
----------->     (WARNING)  DB.ExecuteQuery: [88]DBExecuteError - 23505: duplicate key value violates unique constraint "ad_window_access_pkey"

DETAIL: Detail redacted as it may contain sensitive data. Specify 'Include Error Detail' in the connection string to include this information.
----------->     (WARNING)  X_AD_Window_Access.AddWindowToMenu: [88]Not insertedAD_Window_Access
===========>     (SEVERE)   DB.ExecuteQuery: [88] => 23505: duplicate key value violates unique constraint "ad_process_access_pkey"

DETAIL: Detail redacted as it may contain sensitive data. Specify 'Include Error Detail' in the connection string to include this information.
----------->     (WARNING)  DB.ExecuteQuery: [88]DBExecuteError - 23505: duplicate key value violates unique constraint "ad_process_access_pkey"

DETAIL: Detail redacted as it may contain sensitive data. Specify 'Include Error Detail' in the connection string to include this information.
----------->     (WARNING)  X_AD_Process_Access.AddWindowToMenu: [88]Not insertedAD_Process_Access
===========>     (SEVERE)   DB.ExecuteQuery: [88] => 23505: duplicate key value violates unique constraint "ad_process_access_pkey"

DETAIL: Detail redacted as it may contain sensitive data. Specify 'Include Error Detail' in the connection string to include this information.
----------->     (WARNING)  DB.ExecuteQuery: [88]DBExecuteError - 23505: duplicate key value violates unique constraint "ad_process_access_pkey"

DETAIL: Detail redacted as it may contain sensitive data. Specify 'Include Error Detail' in the connection string to include this information.
----------->     (WARNING)  X_AD_Process_Access.AddWindowToMenu: [88]Not insertedAD_Process_Access
===========>     (SEVERE)   DB.ExecuteQuery: [88] => 23503: insert or update on table "ad_moduleprocess" violates foreign key constraint "fk1000355_1008072"

DETAIL: Detail redacted as it may contain sensitive data. Specify 'Include Error Detail' in the connection string to include this information.
----------->     (WARNING)  DB.ExecuteQuery: [88]DBExecuteError - 23503: insert or update on table "ad_moduleprocess" violates foreign key constraint "fk1000355_1008072"

DETAIL: Detail redacted as it may contain sensitive data. Specify 'Include Error Detail' in the connection string to include this information.
05:18:32.183    (INFO)     CacheMgt.Reset: [88]AD_Ref_Table: #1 (4)
05:18:32.183    (INFO)     CacheMgt.Reset: [88]AD_Ref_Table: #1 (0)
05:18:32.183    (INFO)     CacheMgt.Reset: [88]AD_Ref_Table: #1 (0)
05:18:32.183    (INFO)     CacheMgt.Reset: [88]AD_Ref_Table: #1 (0)
05:18:32.183    (INFO)     CacheMgt.Reset: [88]AD_Ref_Table: #1 (0)
05:18:32.183    (INFO)     CacheMgt.Reset: [88]AD_Ref_Table: #1 (0)
05:18:32.183    (INFO)     CacheMgt.Reset: [88]AD_Ref_Table: #1 (0)
===========>     (SEVERE)   DB.ExecuteQuery: [88] => 23505: duplicate key value violates unique constraint "ad_ref_table_pkey"

DETAIL: Detail redacted as it may contain sensitive data. Specify 'Include Error Detail' in the connection string to include this information.
----------->     (WARNING)  DB.ExecuteQuery: [88]DBExecuteError - 23505: duplicate key value violates unique constraint "ad_ref_table_pkey"

DETAIL: Detail redacted as it may contain sensitive data. Specify 'Include Error Detail' in the connection string to include this information.
----------->     (WARNING)  X_AD_Ref_Table.Add_AD_Ref_Tables: [88]Not insertedAD_Ref_Table
05:18:32.183    (INFO)     CacheMgt.Reset: [88]AD_Ref_Table: #1 (0)
05:18:32.183    (INFO)     CacheMgt.Reset: [88]AD_Ref_Table: #1 (0)
05:18:32.183    (INFO)     CacheMgt.Reset: [88]AD_Ref_Table: #1 (0)
05:18:32.183    (INFO)     CacheMgt.Reset: [88]AD_Ref_Table: #1 (0)
05:18:32.183    (INFO)     CacheMgt.Reset: [88]AD_Ref_Table: #1 (0)
05:18:32.183    (INFO)     CacheMgt.Reset: [88]AD_Ref_Table: #1 (0)
05:18:32.183    (INFO)     CacheMgt.Reset: [88]AD_Ref_Table: #1 (0)
05:18:32.183    (INFO)     CacheMgt.Reset: [88]AD_Ref_Table: #1 (0)
05:18:32.183    (INFO)     CacheMgt.Reset: [88]AD_Ref_Table: #1 (0)
===========>     (SEVERE)   DB.ExecuteQuery: [88] => 23505: duplicate key value violates unique constraint "ad_ref_table_pkey"

DETAIL: Detail redacted as it may contain sensitive data. Specify 'Include Error Detail' in the connection string to include this information.
----------->     (WARNING)  DB.ExecuteQuery: [88]DBExecuteError - 23505: duplicate key value violates unique constraint "ad_ref_table_pkey"

DETAIL: Detail redacted as it may contain sensitive data. Specify 'Include Error Detail' in the connection string to include this information.
----------->     (WARNING)  X_AD_Ref_Table.Add_AD_Ref_Tables: [88]Not insertedAD_Ref_Table
05:18:32.183    (INFO)     CacheMgt.Reset: [88]AD_Ref_Table: #1 (0)
05:18:32.183    (INFO)     CacheMgt.Reset: [88]AD_Ref_Table: #1 (0)
05:18:33.183    (INFO)     CacheMgt.Reset: [88]AD_Ref_Table: #1 (0)
===========>     (SEVERE)   DB.ExecuteQuery: [88] => 23505: duplicate key value violates unique constraint "ad_ref_table_pkey"

DETAIL: Detail redacted as it may contain sensitive data. Specify 'Include Error Detail' in the connection string to include this information.
----------->     (WARNING)  DB.ExecuteQuery: [88]DBExecuteError - 23505: duplicate key value violates unique constraint "ad_ref_table_pkey"

DETAIL: Detail redacted as it may contain sensitive data. Specify 'Include Error Detail' in the connection string to include this information.
----------->     (WARNING)  X_AD_Ref_Table.Add_AD_Ref_Tables: [88]Not insertedAD_Ref_Table
05:18:33.183    (INFO)     CacheMgt.Reset: [88]AD_Ref_Table: #1 (0)
05:18:33.183    (INFO)     CacheMgt.Reset: [88]AD_Ref_Table: #1 (0)
05:18:33.183    (INFO)     CacheMgt.Reset: [88]AD_Ref_Table: #1 (0)
05:18:33.183    (INFO)     CacheMgt.Reset: [88]AD_Ref_Table: #1 (0)
05:18:33.183    (INFO)     CacheMgt.Reset: [88]AD_Ref_Table: #1 (0)
05:18:33.183    (INFO)     CacheMgt.Reset: [88]AD_Ref_Table: #1 (0)
===========>     (SEVERE)   DB.ExecuteQuery: [88] => 0A000: cannot alter type of a column used by a view or rule

DETAIL: Detail redacted as it may contain sensitive data. Specify 'Include Error Detail' in the connection string to include this information.
----------->     (WARNING)  DB.ExecuteQuery: [88]DBExecuteError - 0A000: cannot alter type of a column used by a view or rule

DETAIL: Detail redacted as it may contain sensitive data. Specify 'Include Error Detail' in the connection string to include this information.
===========>     (SEVERE)   DB.ExecuteQuery: [88] => 42601: syntax error at or near "=@"

POSITION: 35
----------->     (WARNING)  DB.ExecuteQuery: [88]DBExecuteError - 42601: syntax error at or near "=@"

POSITION: 35
===========>     (SEVERE)   DB.ExecuteQuery: [88] => 0A000: cannot alter type of a column used by a view or rule

DETAIL: Detail redacted as it may contain sensitive data. Specify 'Include Error Detail' in the connection string to include this information.
----------->     (WARNING)  DB.ExecuteQuery: [88]DBExecuteError - 0A000: cannot alter type of a column used by a view or rule

DETAIL: Detail redacted as it may contain sensitive data. Specify 'Include Error Detail' in the connection string to include this information.
===========>     (SEVERE)   DB.ExecuteQuery: [88] => 42703: column "y" does not exist

POSITION: 28
----------->     (WARNING)  DB.ExecuteQuery: [88]DBExecuteError - 42703: column "y" does not exist

POSITION: 28
===========>     (SEVERE)   DB.ExecuteQuery: [88] => 42601: syntax error at or near "=@"

POSITION: 28
----------->     (WARNING)  DB.ExecuteQuery: [88]DBExecuteError - 42601: syntax error at or near "=@"

POSITION: 28
===========>     (SEVERE)   DB.ExecuteQuery: [88] => 42601: syntax error at or near "=@#"

POSITION: 32
----------->     (WARNING)  DB.ExecuteQuery: [88]DBExecuteError - 42601: syntax error at or near "=@#"

POSITION: 32
===========>     (SEVERE)   DB.ExecuteQuery: [88] => 42601: syntax error at or near "=@#"

POSITION: 29
----------->     (WARNING)  DB.ExecuteQuery: [88]DBExecuteError - 42601: syntax error at or near "=@#"

POSITION: 29
===========>     (SEVERE)   DB.ExecuteQuery: [88] => 0A000: cannot alter type of a column used by a view or rule

DETAIL: Detail redacted as it may contain sensitive data. Specify 'Include Error Detail' in the connection string to include this information.
----------->     (WARNING)  DB.ExecuteQuery: [88]DBExecuteError - 0A000: cannot alter type of a column used by a view or rule

DETAIL: Detail redacted as it may contain sensitive data. Specify 'Include Error Detail' in the connection string to include this information.
===========>     (SEVERE)   DB.ExecuteQuery: [88] => 0A000: cannot alter type of a column used by a view or rule

DETAIL: Detail redacted as it may contain sensitive data. Specify 'Include Error Detail' in the connection string to include this information.
----------->     (WARNING)  DB.ExecuteQuery: [88]DBExecuteError - 0A000: cannot alter type of a column used by a view or rule

DETAIL: Detail redacted as it may contain sensitive data. Specify 'Include Error Detail' in the connection string to include this information.
===========>     (SEVERE)   DB.ExecuteQuery: [88] => 42601: syntax error at or near "=@"

POSITION: 33
----------->     (WARNING)  DB.ExecuteQuery: [88]DBExecuteError - 42601: syntax error at or near "=@"

POSITION: 33
===========>     (SEVERE)   DB.ExecuteQuery: [88] => 0A000: cannot alter type of a column used by a view or rule

DETAIL: Detail redacted as it may contain sensitive data. Specify 'Include Error Detail' in the connection string to include this information.
----------->     (WARNING)  DB.ExecuteQuery: [88]DBExecuteError - 0A000: cannot alter type of a column used by a view or rule

DETAIL: Detail redacted as it may contain sensitive data. Specify 'Include Error Detail' in the connection string to include this information.
===========>     (SEVERE)   DB.ExecuteQuery: [88] => 42703: column "y" does not exist

POSITION: 29
----------->     (WARNING)  DB.ExecuteQuery: [88]DBExecuteError - 42703: column "y" does not exist

POSITION: 29
===========>     (SEVERE)   DB.ExecuteQuery: [88] => 42601: syntax error at or near "=@"

POSITION: 31
----------->     (WARNING)  DB.ExecuteQuery: [88]DBExecuteError - 42601: syntax error at or near "=@"

POSITION: 31
===========>     (SEVERE)   DB.ExecuteQuery: [88] => 0A000: cannot alter type of a column used by a view or rule

DETAIL: Detail redacted as it may contain sensitive data. Specify 'Include Error Detail' in the connection string to include this information.
----------->     (WARNING)  DB.ExecuteQuery: [88]DBExecuteError - 0A000: cannot alter type of a column used by a view or rule

DETAIL: Detail redacted as it may contain sensitive data. Specify 'Include Error Detail' in the connection string to include this information.
===========>     (SEVERE)   DB.ExecuteQuery: [88] => 0A000: cannot alter type of a column used by a view or rule

DETAIL: Detail redacted as it may contain sensitive data. Specify 'Include Error Detail' in the connection string to include this information.
----------->     (WARNING)  DB.ExecuteQuery: [88]DBExecuteError - 0A000: cannot alter type of a column used by a view or rule

DETAIL: Detail redacted as it may contain sensitive data. Specify 'Include Error Detail' in the connection string to include this information.
===========>     (SEVERE)   DB.ExecuteQuery: [88] => 0A000: cannot alter type of a column used by a view or rule

DETAIL: Detail redacted as it may contain sensitive data. Specify 'Include Error Detail' in the connection string to include this information.
----------->     (WARNING)  DB.ExecuteQuery: [88]DBExecuteError - 0A000: cannot alter type of a column used by a view or rule

DETAIL: Detail redacted as it may contain sensitive data. Specify 'Include Error Detail' in the connection string to include this information.
===========>     (SEVERE)   DB.ExecuteQuery: [88] => 42703: column "y" does not exist

POSITION: 29
----------->     (WARNING)  DB.ExecuteQuery: [88]DBExecuteError - 42703: column "y" does not exist

POSITION: 29
===========>     (SEVERE)   DB.ExecuteQuery: [88] => 42703: column "y" does not exist

POSITION: 29
----------->     (WARNING)  DB.ExecuteQuery: [88]DBExecuteError - 42703: column "y" does not exist

POSITION: 29
===========>     (SEVERE)   DB.ExecuteQuery: [88] => 42601: syntax error at or near "=@"

POSITION: 30
----------->     (WARNING)  DB.ExecuteQuery: [88]DBExecuteError - 42601: syntax error at or near "=@"

POSITION: 30
===========>     (SEVERE)   DB.ExecuteQuery: [88] => 42601: syntax error at or near "=@#"

POSITION: 34
----------->     (WARNING)  DB.ExecuteQuery: [88]DBExecuteError - 42601: syntax error at or near "=@#"

POSITION: 34
===========>     (SEVERE)   DB.ExecuteQuery: [88] => 0A000: cannot alter type of a column used by a view or rule

DETAIL: Detail redacted as it may contain sensitive data. Specify 'Include Error Detail' in the connection string to include this information.
----------->     (WARNING)  DB.ExecuteQuery: [88]DBExecuteError - 0A000: cannot alter type of a column used by a view or rule

DETAIL: Detail redacted as it may contain sensitive data. Specify 'Include Error Detail' in the connection string to include this information.
===========>     (SEVERE)   DB.ExecuteQuery: [88] => 42703: column "y" does not exist

POSITION: 35
----------->     (WARNING)  DB.ExecuteQuery: [88]DBExecuteError - 42703: column "y" does not exist

POSITION: 35
===========>     (SEVERE)   DB.ExecuteQuery: [88] => 0A000: cannot alter type of a column used by a view or rule

DETAIL: Detail redacted as it may contain sensitive data. Specify 'Include Error Detail' in the connection string to include this information.
----------->     (WARNING)  DB.ExecuteQuery: [88]DBExecuteError - 0A000: cannot alter type of a column used by a view or rule

DETAIL: Detail redacted as it may contain sensitive data. Specify 'Include Error Detail' in the connection string to include this information.
===========>     (SEVERE)   DB.ExecuteQuery: [88] => 42601: syntax error at or near "=@#"

POSITION: 32
----------->     (WARNING)  DB.ExecuteQuery: [88]DBExecuteError - 42601: syntax error at or near "=@#"

POSITION: 32
===========>     (SEVERE)   DB.ExecuteQuery: [88] => 42703: column "n" does not exist

POSITION: 45
----------->     (WARNING)  DB.ExecuteQuery: [88]DBExecuteError - 42703: column "n" does not exist

POSITION: 45
===========>     (SEVERE)   DB.ExecuteQuery: [88] => 0A000: cannot alter type of a column used by a view or rule

DETAIL: Detail redacted as it may contain sensitive data. Specify 'Include Error Detail' in the connection string to include this information.
----------->     (WARNING)  DB.ExecuteQuery: [88]DBExecuteError - 0A000: cannot alter type of a column used by a view or rule

DETAIL: Detail redacted as it may contain sensitive data. Specify 'Include Error Detail' in the connection string to include this information.
===========>     (SEVERE)   DB.ExecuteQuery: [88] => 0A000: cannot alter type of a column used by a view or rule

DETAIL: Detail redacted as it may contain sensitive data. Specify 'Include Error Detail' in the connection string to include this information.
----------->     (WARNING)  DB.ExecuteQuery: [88]DBExecuteError - 0A000: cannot alter type of a column used by a view or rule

DETAIL: Detail redacted as it may contain sensitive data. Specify 'Include Error Detail' in the connection string to include this information.
===========>     (SEVERE)   DB.ExecuteQuery: [88] => 0A000: cannot alter type of a column used by a view or rule

DETAIL: Detail redacted as it may contain sensitive data. Specify 'Include Error Detail' in the connection string to include this information.
----------->     (WARNING)  DB.ExecuteQuery: [88]DBExecuteError - 0A000: cannot alter type of a column used by a view or rule

DETAIL: Detail redacted as it may contain sensitive data. Specify 'Include Error Detail' in the connection string to include this information.
===========>     (SEVERE)   DB.ExecuteQuery: [88] => 42703: column "y" does not exist

POSITION: 35
----------->     (WARNING)  DB.ExecuteQuery: [88]DBExecuteError - 42703: column "y" does not exist

POSITION: 35
===========>     (SEVERE)   DB.ExecuteQuery: [88] => 42601: syntax error at or near "=@"

POSITION: 36
----------->     (WARNING)  DB.ExecuteQuery: [88]DBExecuteError - 42601: syntax error at or near "=@"

POSITION: 36
===========>     (SEVERE)   DB.ExecuteQuery: [88] => 42601: syntax error at or near "=@#"

POSITION: 32
----------->     (WARNING)  DB.ExecuteQuery: [88]DBExecuteError - 42601: syntax error at or near "=@#"

POSITION: 32
===========>     (SEVERE)   DB.ExecuteQuery: [88] => 0A000: cannot alter type of a column used by a view or rule

DETAIL: Detail redacted as it may contain sensitive data. Specify 'Include Error Detail' in the connection string to include this information.
----------->     (WARNING)  DB.ExecuteQuery: [88]DBExecuteError - 0A000: cannot alter type of a column used by a view or rule

DETAIL: Detail redacted as it may contain sensitive data. Specify 'Include Error Detail' in the connection string to include this information.
===========>     (SEVERE)   DB.ExecuteQuery: [88] => 42601: syntax error at or near "=@"

POSITION: 32
----------->     (WARNING)  DB.ExecuteQuery: [88]DBExecuteError - 42601: syntax error at or near "=@"

POSITION: 32
===========>     (SEVERE)   DB.ExecuteQuery: [88] => 42601: syntax error at or near "=@#"

POSITION: 29
----------->     (WARNING)  DB.ExecuteQuery: [88]DBExecuteError - 42601: syntax error at or near "=@#"

POSITION: 29
===========>     (SEVERE)   DB.ExecuteQuery: [88] => 0A000: cannot alter type of a column used by a view or rule

DETAIL: Detail redacted as it may contain sensitive data. Specify 'Include Error Detail' in the connection string to include this information.
----------->     (WARNING)  DB.ExecuteQuery: [88]DBExecuteError - 0A000: cannot alter type of a column used by a view or rule

DETAIL: Detail redacted as it may contain sensitive data. Specify 'Include Error Detail' in the connection string to include this information.
===========>     (SEVERE)   DB.ExecuteQuery: [88] => 42601: syntax error at or near "=@"

POSITION: 38
----------->     (WARNING)  DB.ExecuteQuery: [88]DBExecuteError - 42601: syntax error at or near "=@"

POSITION: 38
===========>     (SEVERE)   DB.ExecuteQuery: [88] => 42703: column "y" does not exist

POSITION: 31
----------->     (WARNING)  DB.ExecuteQuery: [88]DBExecuteError - 42703: column "y" does not exist

POSITION: 31
===========>     (SEVERE)   DB.ExecuteQuery: [88] => 42703: column "y" does not exist

POSITION: 33
----------->     (WARNING)  DB.ExecuteQuery: [88]DBExecuteError - 42703: column "y" does not exist

POSITION: 33
===========>     (SEVERE)   DB.ExecuteQuery: [88] => 42601: syntax error at or near "=@#"

POSITION: 29
----------->     (WARNING)  DB.ExecuteQuery: [88]DBExecuteError - 42601: syntax error at or near "=@#"

POSITION: 29
===========>     (SEVERE)   DB.ExecuteQuery: [88] => 42703: column "y" does not exist

POSITION: 31
----------->     (WARNING)  DB.ExecuteQuery: [88]DBExecuteError - 42703: column "y" does not exist

POSITION: 31
===========>     (SEVERE)   DB.ExecuteQuery: [88] => 0A000: cannot alter type of a column used by a view or rule

DETAIL: Detail redacted as it may contain sensitive data. Specify 'Include Error Detail' in the connection string to include this information.
----------->     (WARNING)  DB.ExecuteQuery: [88]DBExecuteError - 0A000: cannot alter type of a column used by a view or rule

DETAIL: Detail redacted as it may contain sensitive data. Specify 'Include Error Detail' in the connection string to include this information.
===========>     (SEVERE)   DB.ExecuteQuery: [88] => 42601: syntax error at or near "=@#"

POSITION: 33
----------->     (WARNING)  DB.ExecuteQuery: [88]DBExecuteError - 42601: syntax error at or near "=@#"

POSITION: 33
===========>     (SEVERE)   DB.ExecuteQuery: [88] => 42601: syntax error at or near "=@#"

POSITION: 30
----------->     (WARNING)  DB.ExecuteQuery: [88]DBExecuteError - 42601: syntax error at or near "=@#"

POSITION: 30
===========>     (SEVERE)   DB.ExecuteQuery: [88] => 0A000: cannot alter type of a column used by a view or rule

DETAIL: Detail redacted as it may contain sensitive data. Specify 'Include Error Detail' in the connection string to include this information.
----------->     (WARNING)  DB.ExecuteQuery: [88]DBExecuteError - 0A000: cannot alter type of a column used by a view or rule

DETAIL: Detail redacted as it may contain sensitive data. Specify 'Include Error Detail' in the connection string to include this information.
===========>     (SEVERE)   DB.ExecuteQuery: [88] => 42601: syntax error at or near "=@#"

POSITION: 40
----------->     (WARNING)  DB.ExecuteQuery: [88]DBExecuteError - 42601: syntax error at or near "=@#"

POSITION: 40
===========>     (SEVERE)   DB.ExecuteQuery: [88] => 0A000: cannot alter type of a column used by a view or rule

DETAIL: Detail redacted as it may contain sensitive data. Specify 'Include Error Detail' in the connection string to include this information.
----------->     (WARNING)  DB.ExecuteQuery: [88]DBExecuteError - 0A000: cannot alter type of a column used by a view or rule

DETAIL: Detail redacted as it may contain sensitive data. Specify 'Include Error Detail' in the connection string to include this information.
===========>     (SEVERE)   DB.ExecuteQuery: [88] => 0A000: cannot alter type of a column used by a view or rule

DETAIL: Detail redacted as it may contain sensitive data. Specify 'Include Error Detail' in the connection string to include this information.
----------->     (WARNING)  DB.ExecuteQuery: [88]DBExecuteError - 0A000: cannot alter type of a column used by a view or rule

DETAIL: Detail redacted as it may contain sensitive data. Specify 'Include Error Detail' in the connection string to include this information.
===========>     (SEVERE)   DB.ExecuteQuery: [88] => 42703: column "y" does not exist

POSITION: 29
----------->     (WARNING)  DB.ExecuteQuery: [88]DBExecuteError - 42703: column "y" does not exist

POSITION: 29
===========>     (SEVERE)   DB.ExecuteQuery: [88] => 42601: syntax error at or near "=@"

POSITION: 41
----------->     (WARNING)  DB.ExecuteQuery: [88]DBExecuteError - 42601: syntax error at or near "=@"

POSITION: 41
===========>     (SEVERE)   DB.ExecuteQuery: [88] => 42601: syntax error at or near "=@#"

POSITION: 40
----------->     (WARNING)  DB.ExecuteQuery: [88]DBExecuteError - 42601: syntax error at or near "=@#"

POSITION: 40
===========>     (SEVERE)   DB.ExecuteQuery: [88] => 42601: syntax error at or near "=@"

POSITION: 41
----------->     (WARNING)  DB.ExecuteQuery: [88]DBExecuteError - 42601: syntax error at or near "=@"

POSITION: 41
===========>     (SEVERE)   DB.ExecuteQuery: [88] => 42601: syntax error at or near "=@"

POSITION: 38
----------->     (WARNING)  DB.ExecuteQuery: [88]DBExecuteError - 42601: syntax error at or near "=@"

POSITION: 38
===========>     (SEVERE)   DB.ExecuteQuery: [88] => 42703: column "o" does not exist

POSITION: 34
----------->     (WARNING)  DB.ExecuteQuery: [88]DBExecuteError - 42703: column "o" does not exist

POSITION: 34
===========>     (SEVERE)   DB.ExecuteQuery: [88] => 42601: syntax error at or near "=@#"

POSITION: 39
----------->     (WARNING)  DB.ExecuteQuery: [88]DBExecuteError - 42601: syntax error at or near "=@#"

POSITION: 39
===========>     (SEVERE)   DB.ExecuteQuery: [88] => 0A000: cannot alter type of a column used by a view or rule

DETAIL: Detail redacted as it may contain sensitive data. Specify 'Include Error Detail' in the connection string to include this information.
----------->     (WARNING)  DB.ExecuteQuery: [88]DBExecuteError - 0A000: cannot alter type of a column used by a view or rule

DETAIL: Detail redacted as it may contain sensitive data. Specify 'Include Error Detail' in the connection string to include this information.
===========>     (SEVERE)   DB.ExecuteQuery: [88] => 42601: syntax error at or near "=@#"

POSITION: 41
----------->     (WARNING)  DB.ExecuteQuery: [88]DBExecuteError - 42601: syntax error at or near "=@#"

POSITION: 41
===========>     (SEVERE)   DB.ExecuteQuery: [88] => 0A000: cannot alter type of a column used by a view or rule

DETAIL: Detail redacted as it may contain sensitive data. Specify 'Include Error Detail' in the connection string to include this information.
----------->     (WARNING)  DB.ExecuteQuery: [88]DBExecuteError - 0A000: cannot alter type of a column used by a view or rule

DETAIL: Detail redacted as it may contain sensitive data. Specify 'Include Error Detail' in the connection string to include this information.
===========>     (SEVERE)   DB.ExecuteQuery: [88] => 0A000: cannot alter type of a column used by a view or rule

DETAIL: Detail redacted as it may contain sensitive data. Specify 'Include Error Detail' in the connection string to include this information.
----------->     (WARNING)  DB.ExecuteQuery: [88]DBExecuteError - 0A000: cannot alter type of a column used by a view or rule

DETAIL: Detail redacted as it may contain sensitive data. Specify 'Include Error Detail' in the connection string to include this information.
===========>     (SEVERE)   DB.ExecuteQuery: [88] => 42601: syntax error at or near "=@"

POSITION: 41
----------->     (WARNING)  DB.ExecuteQuery: [88]DBExecuteError - 42601: syntax error at or near "=@"

POSITION: 41
===========>     (SEVERE)   DB.ExecuteQuery: [88] => 42601: syntax error at or near "=@#"

POSITION: 29
----------->     (WARNING)  DB.ExecuteQuery: [88]DBExecuteError - 42601: syntax error at or near "=@#"

POSITION: 29
===========>     (SEVERE)   DB.ExecuteQuery: [88] => 42703: column "y" does not exist

POSITION: 41
----------->     (WARNING)  DB.ExecuteQuery: [88]DBExecuteError - 42703: column "y" does not exist

POSITION: 41
===========>     (SEVERE)   DB.ExecuteQuery: [88] => 42703: column "y" does not exist

POSITION: 37
----------->     (WARNING)  DB.ExecuteQuery: [88]DBExecuteError - 42703: column "y" does not exist

POSITION: 37
===========>     (SEVERE)   DB.ExecuteQuery: [88] => 42601: syntax error at or near "=@#"

POSITION: 36
----------->     (WARNING)  DB.ExecuteQuery: [88]DBExecuteError - 42601: syntax error at or near "=@#"

POSITION: 36
===========>     (SEVERE)   DB.ExecuteQuery: [88] => 42601: syntax error at or near "=@#"

POSITION: 35
----------->     (WARNING)  DB.ExecuteQuery: [88]DBExecuteError - 42601: syntax error at or near "=@#"

POSITION: 35
===========>     (SEVERE)   DB.ExecuteQuery: [88] => 0A000: cannot alter type of a column used by a view or rule

DETAIL: Detail redacted as it may contain sensitive data. Specify 'Include Error Detail' in the connection string to include this information.
----------->     (WARNING)  DB.ExecuteQuery: [88]DBExecuteError - 0A000: cannot alter type of a column used by a view or rule

DETAIL: Detail redacted as it may contain sensitive data. Specify 'Include Error Detail' in the connection string to include this information.
===========>     (SEVERE)   DB.ExecuteQuery: [88] => 42703: column "y" does not exist

POSITION: 35
----------->     (WARNING)  DB.ExecuteQuery: [88]DBExecuteError - 42703: column "y" does not exist

POSITION: 35
===========>     (SEVERE)   DB.ExecuteQuery: [88] => 42703: column "y" does not exist

POSITION: 36
----------->     (WARNING)  DB.ExecuteQuery: [88]DBExecuteError - 42703: column "y" does not exist

POSITION: 36
===========>     (SEVERE)   DB.ExecuteQuery: [88] => 42703: column "n" does not exist

POSITION: 41
----------->     (WARNING)  DB.ExecuteQuery: [88]DBExecuteError - 42703: column "n" does not exist

POSITION: 41
===========>     (SEVERE)   DB.ExecuteQuery: [88] => 42703: column "y" does not exist

POSITION: 31
----------->     (WARNING)  DB.ExecuteQuery: [88]DBExecuteError - 42703: column "y" does not exist

POSITION: 31
===========>     (SEVERE)   DB.ExecuteQuery: [88] => 0A000: cannot alter type of a column used by a view or rule

DETAIL: Detail redacted as it may contain sensitive data. Specify 'Include Error Detail' in the connection string to include this information.
----------->     (WARNING)  DB.ExecuteQuery: [88]DBExecuteError - 0A000: cannot alter type of a column used by a view or rule

DETAIL: Detail redacted as it may contain sensitive data. Specify 'Include Error Detail' in the connection string to include this information.
===========>     (SEVERE)   DB.ExecuteQuery: [88] => 42703: column "y" does not exist

POSITION: 30
----------->     (WARNING)  DB.ExecuteQuery: [88]DBExecuteError - 42703: column "y" does not exist

POSITION: 30
===========>     (SEVERE)   DB.ExecuteQuery: [88] => 42601: syntax error at or near "=@#"

POSITION: 36
----------->     (WARNING)  DB.ExecuteQuery: [88]DBExecuteError - 42601: syntax error at or near "=@#"

POSITION: 36
===========>     (SEVERE)   DB.ExecuteQuery: [88] => 42703: column "y" does not exist

POSITION: 31
----------->     (WARNING)  DB.ExecuteQuery: [88]DBExecuteError - 42703: column "y" does not exist

POSITION: 31
===========>     (SEVERE)   DB.ExecuteQuery: [88] => 42703: column "y" does not exist

POSITION: 34
----------->     (WARNING)  DB.ExecuteQuery: [88]DBExecuteError - 42703: column "y" does not exist

POSITION: 34
===========>     (SEVERE)   DB.ExecuteQuery: [88] => 0A000: cannot alter type of a column used by a view or rule

DETAIL: Detail redacted as it may contain sensitive data. Specify 'Include Error Detail' in the connection string to include this information.
----------->     (WARNING)  DB.ExecuteQuery: [88]DBExecuteError - 0A000: cannot alter type of a column used by a view or rule

DETAIL: Detail redacted as it may contain sensitive data. Specify 'Include Error Detail' in the connection string to include this information.
===========>     (SEVERE)   DB.ExecuteQuery: [88] => 42601: syntax error at or near "=@#"

POSITION: 35
----------->     (WARNING)  DB.ExecuteQuery: [88]DBExecuteError - 42601: syntax error at or near "=@#"

POSITION: 35
===========>     (SEVERE)   DB.ExecuteQuery: [88] => 42601: syntax error at or near "=@#"

POSITION: 30
----------->     (WARNING)  DB.ExecuteQuery: [88]DBExecuteError - 42601: syntax error at or near "=@#"

POSITION: 30
===========>     (SEVERE)   DB.ExecuteQuery: [88] => 42601: syntax error at or near "=@"

POSITION: 35
----------->     (WARNING)  DB.ExecuteQuery: [88]DBExecuteError - 42601: syntax error at or near "=@"

POSITION: 35
===========>     (SEVERE)   DB.ExecuteQuery: [88] => 42601: syntax error at or near "=@"

POSITION: 37
----------->     (WARNING)  DB.ExecuteQuery: [88]DBExecuteError - 42601: syntax error at or near "=@"

POSITION: 37
===========>     (SEVERE)   DB.ExecuteQuery: [88] => 42601: syntax error at or near "=@"

POSITION: 38
----------->     (WARNING)  DB.ExecuteQuery: [88]DBExecuteError - 42601: syntax error at or near "=@"

POSITION: 38
===========>     (SEVERE)   DB.ExecuteQuery: [88] => 42703: column "y" does not exist

POSITION: 41
----------->     (WARNING)  DB.ExecuteQuery: [88]DBExecuteError - 42703: column "y" does not exist

POSITION: 41
===========>     (SEVERE)   DB.ExecuteQuery: [88] => 42703: column "y" does not exist

POSITION: 35
----------->     (WARNING)  DB.ExecuteQuery: [88]DBExecuteError - 42703: column "y" does not exist

POSITION: 35
===========>     (SEVERE)   DB.ExecuteQuery: [88] => 42703: column "n" does not exist

POSITION: 36
----------->     (WARNING)  DB.ExecuteQuery: [88]DBExecuteError - 42703: column "n" does not exist

POSITION: 36
===========>     (SEVERE)   DB.ExecuteQuery: [88] => 42703: column "n" does not exist

POSITION: 40
----------->     (WARNING)  DB.ExecuteQuery: [88]DBExecuteError - 42703: column "n" does not exist

POSITION: 40
===========>     (SEVERE)   DB.ExecuteQuery: [88] => 42601: syntax error at or near "=@#"

POSITION: 33
----------->     (WARNING)  DB.ExecuteQuery: [88]DBExecuteError - 42601: syntax error at or near "=@#"

POSITION: 33
===========>     (SEVERE)   DB.ExecuteQuery: [88] => 42703: column "y" does not exist

POSITION: 35
----------->     (WARNING)  DB.ExecuteQuery: [88]DBExecuteError - 42703: column "y" does not exist

POSITION: 35
===========>     (SEVERE)   DB.ExecuteQuery: [88] => 42703: column "y" does not exist

POSITION: 37
----------->     (WARNING)  DB.ExecuteQuery: [88]DBExecuteError - 42703: column "y" does not exist

POSITION: 37
===========>     (SEVERE)   DB.ExecuteQuery: [88] => 42703: column "y" does not exist

POSITION: 30
----------->     (WARNING)  DB.ExecuteQuery: [88]DBExecuteError - 42703: column "y" does not exist

POSITION: 30
===========>     (SEVERE)   DB.ExecuteQuery: [88] => 0A000: cannot alter type of a column used by a view or rule

DETAIL: Detail redacted as it may contain sensitive data. Specify 'Include Error Detail' in the connection string to include this information.
----------->     (WARNING)  DB.ExecuteQuery: [88]DBExecuteError - 0A000: cannot alter type of a column used by a view or rule

DETAIL: Detail redacted as it may contain sensitive data. Specify 'Include Error Detail' in the connection string to include this information.
===========>     (SEVERE)   DB.ExecuteQuery: [88] => 42703: column "y" does not exist

POSITION: 35
----------->     (WARNING)  DB.ExecuteQuery: [88]DBExecuteError - 42703: column "y" does not exist

POSITION: 35
===========>     (SEVERE)   DB.ExecuteQuery: [88] => 42703: column "y" does not exist

POSITION: 34
----------->     (WARNING)  DB.ExecuteQuery: [88]DBExecuteError - 42703: column "y" does not exist

POSITION: 34
----------->     (WARNING)  MColumn.GetSQLDefaultValue: [88]Get sql default: @SQL=SELECT COALESCE(MAX(SeqNo),0)+10 AS DefaultValue FROM AD_UserQueryLine WHERE AD_UserQuery_ID=@AD_UserQuery_ID@
===========>     (SEVERE)   DB.ExecuteQuery: [88] => 42601: syntax error at or near "=@"

POSITION: 34
----------->     (WARNING)  DB.ExecuteQuery: [88]DBExecuteError - 42601: syntax error at or near "=@"

POSITION: 34
===========>     (SEVERE)   DB.ExecuteQuery: [88] => 42703: column "y" does not exist

POSITION: 35
----------->     (WARNING)  DB.ExecuteQuery: [88]DBExecuteError - 42703: column "y" does not exist

POSITION: 35
===========>     (SEVERE)   DB.ExecuteQuery: [88] => 42601: syntax error at or near "=@#"

POSITION: 37
----------->     (WARNING)  DB.ExecuteQuery: [88]DBExecuteError - 42601: syntax error at or near "=@#"

POSITION: 37
===========>     (SEVERE)   DB.ExecuteQuery: [88] => 42601: syntax error at or near "=@#"

POSITION: 35
----------->     (WARNING)  DB.ExecuteQuery: [88]DBExecuteError - 42601: syntax error at or near "=@#"

POSITION: 35
===========>     (SEVERE)   DB.ExecuteQuery: [88] => 42601: syntax error at or near "=@#"

POSITION: 32
----------->     (WARNING)  DB.ExecuteQuery: [88]DBExecuteError - 42601: syntax error at or near "=@#"

POSITION: 32
===========>     (SEVERE)   DB.ExecuteQuery: [88] => 42601: syntax error at or near "=@#"

POSITION: 32
----------->     (WARNING)  DB.ExecuteQuery: [88]DBExecuteError - 42601: syntax error at or near "=@#"

POSITION: 32
===========>     (SEVERE)   DB.ExecuteQuery: [88] => 42703: column "n" does not exist

POSITION: 38
----------->     (WARNING)  DB.ExecuteQuery: [88]DBExecuteError - 42703: column "n" does not exist

POSITION: 38
===========>     (SEVERE)   DB.ExecuteQuery: [88] => 42703: column "y" does not exist

POSITION: 32
----------->     (WARNING)  DB.ExecuteQuery: [88]DBExecuteError - 42703: column "y" does not exist

POSITION: 32
===========>     (SEVERE)   DB.ExecuteQuery: [88] => 42601: syntax error at or near "=@#"

POSITION: 35
----------->     (WARNING)  DB.ExecuteQuery: [88]DBExecuteError - 42601: syntax error at or near "=@#"

POSITION: 35
===========>     (SEVERE)   DB.ExecuteQuery: [88] => 42703: column "y" does not exist

POSITION: 32
----------->     (WARNING)  DB.ExecuteQuery: [88]DBExecuteError - 42703: column "y" does not exist

POSITION: 32
===========>     (SEVERE)   DB.ExecuteQuery: [88] => 42601: syntax error at or near "=@#"

POSITION: 29
----------->     (WARNING)  DB.ExecuteQuery: [88]DBExecuteError - 42601: syntax error at or near "=@#"

POSITION: 29
===========>     (SEVERE)   DB.ExecuteQuery: [88] => 42601: syntax error at or near "=@#"

POSITION: 30
----------->     (WARNING)  DB.ExecuteQuery: [88]DBExecuteError - 42601: syntax error at or near "=@#"

POSITION: 30
===========>     (SEVERE)   DB.ExecuteQuery: [88] => 42601: syntax error at or near "=@#"

POSITION: 45
----------->     (WARNING)  DB.ExecuteQuery: [88]DBExecuteError - 42601: syntax error at or near "=@#"

POSITION: 45
===========>     (SEVERE)   DB.ExecuteQuery: [88] => 42601: syntax error at or near "=@#"

POSITION: 39
----------->     (WARNING)  DB.ExecuteQuery: [88]DBExecuteError - 42601: syntax error at or near "=@#"

POSITION: 39
===========>     (SEVERE)   DB.ExecuteQuery: [88] => 42601: syntax error at or near "=@"

POSITION: 42
----------->     (WARNING)  DB.ExecuteQuery: [88]DBExecuteError - 42601: syntax error at or near "=@"

POSITION: 42
===========>     (SEVERE)   DB.ExecuteQuery: [88] => 42601: syntax error at or near "=@#"

POSITION: 36
----------->     (WARNING)  DB.ExecuteQuery: [88]DBExecuteError - 42601: syntax error at or near "=@#"

POSITION: 36
===========>     (SEVERE)   DB.ExecuteQuery: [88] => 42601: syntax error at or near "=@#"

POSITION: 37
----------->     (WARNING)  DB.ExecuteQuery: [88]DBExecuteError - 42601: syntax error at or near "=@#"

POSITION: 37
===========>     (SEVERE)   DB.ExecuteQuery: [88] => 0A000: cannot alter type of a column used by a view or rule

DETAIL: Detail redacted as it may contain sensitive data. Specify 'Include Error Detail' in the connection string to include this information.
----------->     (WARNING)  DB.ExecuteQuery: [88]DBExecuteError - 0A000: cannot alter type of a column used by a view or rule

DETAIL: Detail redacted as it may contain sensitive data. Specify 'Include Error Detail' in the connection string to include this information.
===========>     (SEVERE)   DB.ExecuteQuery: [88] => 0A000: cannot alter type of a column used by a view or rule

DETAIL: Detail redacted as it may contain sensitive data. Specify 'Include Error Detail' in the connection string to include this information.
----------->     (WARNING)  DB.ExecuteQuery: [88]DBExecuteError - 0A000: cannot alter type of a column used by a view or rule

DETAIL: Detail redacted as it may contain sensitive data. Specify 'Include Error Detail' in the connection string to include this information.
===========>     (SEVERE)   DB.ExecuteQuery: [88] => 42601: syntax error at or near "=@#"

POSITION: 31
----------->     (WARNING)  DB.ExecuteQuery: [88]DBExecuteError - 42601: syntax error at or near "=@#"

POSITION: 31
===========>     (SEVERE)   DB.ExecuteQuery: [88] => 42601: syntax error at or near "=@"

POSITION: 34
----------->     (WARNING)  DB.ExecuteQuery: [88]DBExecuteError - 42601: syntax error at or near "=@"

POSITION: 34
===========>     (SEVERE)   DB.ExecuteQuery: [88] => 42601: syntax error at or near "=@#"

POSITION: 36
----------->     (WARNING)  DB.ExecuteQuery: [88]DBExecuteError - 42601: syntax error at or near "=@#"

POSITION: 36
===========>     (SEVERE)   DB.ExecuteQuery: [88] => 42703: column "n" does not exist

POSITION: 30
----------->     (WARNING)  DB.ExecuteQuery: [88]DBExecuteError - 42703: column "n" does not exist

POSITION: 30
===========>     (SEVERE)   DB.ExecuteQuery: [88] => 0A000: cannot alter type of a column used by a view or rule

DETAIL: Detail redacted as it may contain sensitive data. Specify 'Include Error Detail' in the connection string to include this information.
----------->     (WARNING)  DB.ExecuteQuery: [88]DBExecuteError - 0A000: cannot alter type of a column used by a view or rule

DETAIL: Detail redacted as it may contain sensitive data. Specify 'Include Error Detail' in the connection string to include this information.
===========>     (SEVERE)   DB.ExecuteQuery: [88] => 42601: syntax error at or near "=@#"

POSITION: 34
----------->     (WARNING)  DB.ExecuteQuery: [88]DBExecuteError - 42601: syntax error at or near "=@#"

POSITION: 34
===========>     (SEVERE)   DB.ExecuteQuery: [88] => 42703: column "l" does not exist

POSITION: 38
----------->     (WARNING)  DB.ExecuteQuery: [88]DBExecuteError - 42703: column "l" does not exist

POSITION: 38
===========>     (SEVERE)   DB.ExecuteQuery: [88] => 42601: syntax error at or near "=@#"

POSITION: 31
----------->     (WARNING)  DB.ExecuteQuery: [88]DBExecuteError - 42601: syntax error at or near "=@#"

POSITION: 31
===========>     (SEVERE)   DB.ExecuteQuery: [88] => 42703: column "y" does not exist

POSITION: 40
----------->     (WARNING)  DB.ExecuteQuery: [88]DBExecuteError - 42703: column "y" does not exist

POSITION: 40
===========>     (SEVERE)   DB.ExecuteQuery: [88] => 42601: syntax error at or near "=@#"

POSITION: 35
----------->     (WARNING)  DB.ExecuteQuery: [88]DBExecuteError - 42601: syntax error at or near "=@#"

POSITION: 35
===========>     (SEVERE)   DB.ExecuteQuery: [88] => 42601: syntax error at or near "=@#"

POSITION: 35
----------->     (WARNING)  DB.ExecuteQuery: [88]DBExecuteError - 42601: syntax error at or near "=@#"

POSITION: 35
===========>     (SEVERE)   DB.ExecuteQuery: [88] => 42601: syntax error at or near "=@#"

POSITION: 32
----------->     (WARNING)  DB.ExecuteQuery: [88]DBExecuteError - 42601: syntax error at or near "=@#"

POSITION: 32
===========>     (SEVERE)   DB.ExecuteQuery: [88] => 0A000: cannot alter type of a column used by a view or rule

DETAIL: Detail redacted as it may contain sensitive data. Specify 'Include Error Detail' in the connection string to include this information.
----------->     (WARNING)  DB.ExecuteQuery: [88]DBExecuteError - 0A000: cannot alter type of a column used by a view or rule

DETAIL: Detail redacted as it may contain sensitive data. Specify 'Include Error Detail' in the connection string to include this information.
===========>     (SEVERE)   DB.ExecuteQuery: [88] => 0A000: cannot alter type of a column used by a view or rule

DETAIL: Detail redacted as it may contain sensitive data. Specify 'Include Error Detail' in the connection string to include this information.
----------->     (WARNING)  DB.ExecuteQuery: [88]DBExecuteError - 0A000: cannot alter type of a column used by a view or rule

DETAIL: Detail redacted as it may contain sensitive data. Specify 'Include Error Detail' in the connection string to include this information.
===========>     (SEVERE)   DB.ExecuteQuery: [88] => 0A000: cannot alter type of a column used by a view or rule

DETAIL: Detail redacted as it may contain sensitive data. Specify 'Include Error Detail' in the connection string to include this information.
----------->     (WARNING)  DB.ExecuteQuery: [88]DBExecuteError - 0A000: cannot alter type of a column used by a view or rule

DETAIL: Detail redacted as it may contain sensitive data. Specify 'Include Error Detail' in the connection string to include this information.
===========>     (SEVERE)   DB.ExecuteQuery: [88] => 42601: syntax error at or near "=@"

POSITION: 35
----------->     (WARNING)  DB.ExecuteQuery: [88]DBExecuteError - 42601: syntax error at or near "=@"

POSITION: 35
===========>     (SEVERE)   DB.ExecuteQuery: [88] => 42601: syntax error at or near "=@#"

POSITION: 38
----------->     (WARNING)  DB.ExecuteQuery: [88]DBExecuteError - 42601: syntax error at or near "=@#"

POSITION: 38
----------->     (WARNING)  MColumn.GetSQLDefaultValue: [88]Get sql default: @SQL=SELECT COALESCE(MAX(SeqNo),0)+10 AS DefaultValue FROM AD_IndexColumn WHERE AD_TableIndex_ID=@AD_TableIndex_ID@
===========>     (SEVERE)   DB.ExecuteQuery: [88] => 42601: syntax error at or near "=@"

POSITION: 32
----------->     (WARNING)  DB.ExecuteQuery: [88]DBExecuteError - 42601: syntax error at or near "=@"

POSITION: 32
----------->     (WARNING)  MColumn.GetSQLDefaultValue: [88]Get sql default: @SQL=SELECT NVL(MAX(AD_EntityType_ID),999999)+1 FROM AD_EntityType WHERE AD_EntityType_ID > 1000
===========>     (SEVERE)   DB.ExecuteQuery: [88] => 42601: syntax error at or near "=@"

POSITION: 42
----------->     (WARNING)  DB.ExecuteQuery: [88]DBExecuteError - 42601: syntax error at or near "=@"

POSITION: 42
===========>     (SEVERE)   DB.ExecuteQuery: [88] => 42601: syntax error at or near "=@"

POSITION: 39
----------->     (WARNING)  DB.ExecuteQuery: [88]DBExecuteError - 42601: syntax error at or near "=@"

POSITION: 39
===========>     (SEVERE)   DB.ExecuteQuery: [88] => 42601: syntax error at or near "=@"

POSITION: 42
----------->     (WARNING)  DB.ExecuteQuery: [88]DBExecuteError - 42601: syntax error at or near "=@"

POSITION: 42
===========>     (SEVERE)   DB.ExecuteQuery: [88] => 0A000: cannot alter type of a column used by a view or rule

DETAIL: Detail redacted as it may contain sensitive data. Specify 'Include Error Detail' in the connection string to include this information.
----------->     (WARNING)  DB.ExecuteQuery: [88]DBExecuteError - 0A000: cannot alter type of a column used by a view or rule

DETAIL: Detail redacted as it may contain sensitive data. Specify 'Include Error Detail' in the connection string to include this information.
===========>     (SEVERE)   DB.ExecuteQuery: [88] => 42703: column "y" does not exist

POSITION: 35
----------->     (WARNING)  DB.ExecuteQuery: [88]DBExecuteError - 42703: column "y" does not exist

POSITION: 35
===========>     (SEVERE)   DB.ExecuteQuery: [88] => 42703: column "y" does not exist

POSITION: 39
----------->     (WARNING)  DB.ExecuteQuery: [88]DBExecuteError - 42703: column "y" does not exist

POSITION: 39
===========>     (SEVERE)   DB.ExecuteQuery: [88] => 0A000: cannot alter type of a column used by a view or rule

DETAIL: Detail redacted as it may contain sensitive data. Specify 'Include Error Detail' in the connection string to include this information.
----------->     (WARNING)  DB.ExecuteQuery: [88]DBExecuteError - 0A000: cannot alter type of a column used by a view or rule

DETAIL: Detail redacted as it may contain sensitive data. Specify 'Include Error Detail' in the connection string to include this information.
===========>     (SEVERE)   DB.ExecuteQuery: [88] => 0A000: cannot alter type of a column used by a view or rule

DETAIL: Detail redacted as it may contain sensitive data. Specify 'Include Error Detail' in the connection string to include this information.
----------->     (WARNING)  DB.ExecuteQuery: [88]DBExecuteError - 0A000: cannot alter type of a column used by a view or rule

DETAIL: Detail redacted as it may contain sensitive data. Specify 'Include Error Detail' in the connection string to include this information.
===========>     (SEVERE)   DB.ExecuteQuery: [88] => 42601: syntax error at or near "=@"

POSITION: 38
----------->     (WARNING)  DB.ExecuteQuery: [88]DBExecuteError - 42601: syntax error at or near "=@"

POSITION: 38
===========>     (SEVERE)   DB.ExecuteQuery: [88] => 42601: syntax error at or near "=@#"

POSITION: 38
----------->     (WARNING)  DB.ExecuteQuery: [88]DBExecuteError - 42601: syntax error at or near "=@#"

POSITION: 38
===========>     (SEVERE)   DB.ExecuteQuery: [88] => 42703: column "u" does not exist

POSITION: 37
----------->     (WARNING)  DB.ExecuteQuery: [88]DBExecuteError - 42703: column "u" does not exist

POSITION: 37
===========>     (SEVERE)   DB.ExecuteQuery: [88] => 42601: syntax error at or near "=@#"

POSITION: 37
----------->     (WARNING)  DB.ExecuteQuery: [88]DBExecuteError - 42601: syntax error at or near "=@#"

POSITION: 37
===========>     (SEVERE)   DB.ExecuteQuery: [88] => 42601: syntax error at or near "=@#"

POSITION: 34
----------->     (WARNING)  DB.ExecuteQuery: [88]DBExecuteError - 42601: syntax error at or near "=@#"

POSITION: 34
===========>     (SEVERE)   DB.ExecuteQuery: [88] => 42601: syntax error at or near "=@#"

POSITION: 38
----------->     (WARNING)  DB.ExecuteQuery: [88]DBExecuteError - 42601: syntax error at or near "=@#"

POSITION: 38
===========>     (SEVERE)   DB.ExecuteQuery: [88] => 0A000: cannot alter type of a column used by a view or rule

DETAIL: Detail redacted as it may contain sensitive data. Specify 'Include Error Detail' in the connection string to include this information.
----------->     (WARNING)  DB.ExecuteQuery: [88]DBExecuteError - 0A000: cannot alter type of a column used by a view or rule

DETAIL: Detail redacted as it may contain sensitive data. Specify 'Include Error Detail' in the connection string to include this information.
===========>     (SEVERE)   DB.ExecuteQuery: [88] => 42703: column "y" does not exist

POSITION: 33
----------->     (WARNING)  DB.ExecuteQuery: [88]DBExecuteError - 42703: column "y" does not exist

POSITION: 33
===========>     (SEVERE)   DB.ExecuteQuery: [88] => 42703: column "y" does not exist

POSITION: 32
----------->     (WARNING)  DB.ExecuteQuery: [88]DBExecuteError - 42703: column "y" does not exist

POSITION: 32
===========>     (SEVERE)   DB.ExecuteQuery: [88] => 42703: column "y" does not exist

POSITION: 31
----------->     (WARNING)  DB.ExecuteQuery: [88]DBExecuteError - 42703: column "y" does not exist

POSITION: 31
===========>     (SEVERE)   DB.ExecuteQuery: [88] => 42601: syntax error at or near "=@#"

POSITION: 31
----------->     (WARNING)  DB.ExecuteQuery: [88]DBExecuteError - 42601: syntax error at or near "=@#"

POSITION: 31
===========>     (SEVERE)   DB.ExecuteQuery: [88] => 42601: syntax error at or near "=@#"

POSITION: 32
----------->     (WARNING)  DB.ExecuteQuery: [88]DBExecuteError - 42601: syntax error at or near "=@#"

POSITION: 32
===========>     (SEVERE)   DB.ExecuteQuery: [88] => 42601: syntax error at or near "=@#"

POSITION: 33
----------->     (WARNING)  DB.ExecuteQuery: [88]DBExecuteError - 42601: syntax error at or near "=@#"

POSITION: 33
===========>     (SEVERE)   DB.ExecuteQuery: [88] => 0A000: cannot alter type of a column used by a view or rule

DETAIL: Detail redacted as it may contain sensitive data. Specify 'Include Error Detail' in the connection string to include this information.
----------->     (WARNING)  DB.ExecuteQuery: [88]DBExecuteError - 0A000: cannot alter type of a column used by a view or rule

DETAIL: Detail redacted as it may contain sensitive data. Specify 'Include Error Detail' in the connection string to include this information.
===========>     (SEVERE)   DB.ExecuteQuery: [88] => 42601: syntax error at or near "=@#"

POSITION: 35
----------->     (WARNING)  DB.ExecuteQuery: [88]DBExecuteError - 42601: syntax error at or near "=@#"

POSITION: 35
===========>     (SEVERE)   DB.ExecuteQuery: [88] => 42601: syntax error at or near "=@#"

POSITION: 36
----------->     (WARNING)  DB.ExecuteQuery: [88]DBExecuteError - 42601: syntax error at or near "=@#"

POSITION: 36
===========>     (SEVERE)   DB.ExecuteQuery: [88] => 42703: column "y" does not exist

POSITION: 30
----------->     (WARNING)  DB.ExecuteQuery: [88]DBExecuteError - 42703: column "y" does not exist

POSITION: 30
===========>     (SEVERE)   DB.ExecuteQuery: [88] => 0A000: cannot alter type of a column used by a view or rule

DETAIL: Detail redacted as it may contain sensitive data. Specify 'Include Error Detail' in the connection string to include this information.
----------->     (WARNING)  DB.ExecuteQuery: [88]DBExecuteError - 0A000: cannot alter type of a column used by a view or rule

DETAIL: Detail redacted as it may contain sensitive data. Specify 'Include Error Detail' in the connection string to include this information.
===========>     (SEVERE)   DB.ExecuteQuery: [88] => 42703: column "y" does not exist

POSITION: 32
----------->     (WARNING)  DB.ExecuteQuery: [88]DBExecuteError - 42703: column "y" does not exist

POSITION: 32
===========>     (SEVERE)   DB.ExecuteQuery: [88] => 0A000: cannot alter type of a column used by a view or rule

DETAIL: Detail redacted as it may contain sensitive data. Specify 'Include Error Detail' in the connection string to include this information.
----------->     (WARNING)  DB.ExecuteQuery: [88]DBExecuteError - 0A000: cannot alter type of a column used by a view or rule

DETAIL: Detail redacted as it may contain sensitive data. Specify 'Include Error Detail' in the connection string to include this information.
===========>     (SEVERE)   DB.ExecuteQuery: [88] => 42601: syntax error at or near "=@#"

POSITION: 35
----------->     (WARNING)  DB.ExecuteQuery: [88]DBExecuteError - 42601: syntax error at or near "=@#"

POSITION: 35
===========>     (SEVERE)   DB.ExecuteQuery: [88] => 0A000: cannot alter type of a column used by a view or rule

DETAIL: Detail redacted as it may contain sensitive data. Specify 'Include Error Detail' in the connection string to include this information.
----------->     (WARNING)  DB.ExecuteQuery: [88]DBExecuteError - 0A000: cannot alter type of a column used by a view or rule

DETAIL: Detail redacted as it may contain sensitive data. Specify 'Include Error Detail' in the connection string to include this information.
===========>     (SEVERE)   DB.ExecuteQuery: [88] => 0A000: cannot alter type of a column used by a view or rule

DETAIL: Detail redacted as it may contain sensitive data. Specify 'Include Error Detail' in the connection string to include this information.
----------->     (WARNING)  DB.ExecuteQuery: [88]DBExecuteError - 0A000: cannot alter type of a column used by a view or rule

DETAIL: Detail redacted as it may contain sensitive data. Specify 'Include Error Detail' in the connection string to include this information.
===========>     (SEVERE)   DB.ExecuteQuery: [88] => 42601: syntax error at or near "=@"

POSITION: 40
----------->     (WARNING)  DB.ExecuteQuery: [88]DBExecuteError - 42601: syntax error at or near "=@"

POSITION: 40
===========>     (SEVERE)   DB.ExecuteQuery: [88] => 0A000: cannot alter type of a column used by a view or rule

DETAIL: Detail redacted as it may contain sensitive data. Specify 'Include Error Detail' in the connection string to include this information.
----------->     (WARNING)  DB.ExecuteQuery: [88]DBExecuteError - 0A000: cannot alter type of a column used by a view or rule

DETAIL: Detail redacted as it may contain sensitive data. Specify 'Include Error Detail' in the connection string to include this information.
===========>     (SEVERE)   DB.ExecuteQuery: [88] => 0A000: cannot alter type of a column used by a view or rule

DETAIL: Detail redacted as it may contain sensitive data. Specify 'Include Error Detail' in the connection string to include this information.
----------->     (WARNING)  DB.ExecuteQuery: [88]DBExecuteError - 0A000: cannot alter type of a column used by a view or rule

DETAIL: Detail redacted as it may contain sensitive data. Specify 'Include Error Detail' in the connection string to include this information.
===========>     (SEVERE)   DB.ExecuteQuery: [88] => 42703: column "y" does not exist

POSITION: 32
----------->     (WARNING)  DB.ExecuteQuery: [88]DBExecuteError - 42703: column "y" does not exist

POSITION: 32
===========>     (SEVERE)   DB.ExecuteQuery: [88] => 42601: syntax error at or near "=@#"

POSITION: 33
----------->     (WARNING)  DB.ExecuteQuery: [88]DBExecuteError - 42601: syntax error at or near "=@#"

POSITION: 33
===========>     (SEVERE)   DB.ExecuteQuery: [88] => 42601: syntax error at or near "=@#"

POSITION: 38
----------->     (WARNING)  DB.ExecuteQuery: [88]DBExecuteError - 42601: syntax error at or near "=@#"

POSITION: 38
===========>     (SEVERE)   DB.ExecuteQuery: [88] => 42601: syntax error at or near "=@#"

POSITION: 35
----------->     (WARNING)  DB.ExecuteQuery: [88]DBExecuteError - 42601: syntax error at or near "=@#"

POSITION: 35
===========>     (SEVERE)   DB.ExecuteQuery: [88] => 0A000: cannot alter type of a column used by a view or rule

DETAIL: Detail redacted as it may contain sensitive data. Specify 'Include Error Detail' in the connection string to include this information.
----------->     (WARNING)  DB.ExecuteQuery: [88]DBExecuteError - 0A000: cannot alter type of a column used by a view or rule

DETAIL: Detail redacted as it may contain sensitive data. Specify 'Include Error Detail' in the connection string to include this information.
===========>     (SEVERE)   DB.ExecuteQuery: [88] => 0A000: cannot alter type of a column used by a view or rule

DETAIL: Detail redacted as it may contain sensitive data. Specify 'Include Error Detail' in the connection string to include this information.
----------->     (WARNING)  DB.ExecuteQuery: [88]DBExecuteError - 0A000: cannot alter type of a column used by a view or rule

DETAIL: Detail redacted as it may contain sensitive data. Specify 'Include Error Detail' in the connection string to include this information.
===========>     (SEVERE)   DB.ExecuteQuery: [88] => 42703: column "y" does not exist

POSITION: 35
----------->     (WARNING)  DB.ExecuteQuery: [88]DBExecuteError - 42703: column "y" does not exist

POSITION: 35
===========>     (SEVERE)   DB.ExecuteQuery: [88] => 0A000: cannot alter type of a column used by a view or rule

DETAIL: Detail redacted as it may contain sensitive data. Specify 'Include Error Detail' in the connection string to include this information.
----------->     (WARNING)  DB.ExecuteQuery: [88]DBExecuteError - 0A000: cannot alter type of a column used by a view or rule

DETAIL: Detail redacted as it may contain sensitive data. Specify 'Include Error Detail' in the connection string to include this information.
===========>     (SEVERE)   DB.ExecuteQuery: [88] => 0A000: cannot alter type of a column used by a view or rule

DETAIL: Detail redacted as it may contain sensitive data. Specify 'Include Error Detail' in the connection string to include this information.
----------->     (WARNING)  DB.ExecuteQuery: [88]DBExecuteError - 0A000: cannot alter type of a column used by a view or rule

DETAIL: Detail redacted as it may contain sensitive data. Specify 'Include Error Detail' in the connection string to include this information.
===========>     (SEVERE)   DB.ExecuteQuery: [88] => 42601: syntax error at or near "=@"

POSITION: 37
----------->     (WARNING)  DB.ExecuteQuery: [88]DBExecuteError - 42601: syntax error at or near "=@"

POSITION: 37
===========>     (SEVERE)   DB.ExecuteQuery: [88] => 0A000: cannot alter type of a column used by a view or rule

DETAIL: Detail redacted as it may contain sensitive data. Specify 'Include Error Detail' in the connection string to include this information.
----------->     (WARNING)  DB.ExecuteQuery: [88]DBExecuteError - 0A000: cannot alter type of a column used by a view or rule

DETAIL: Detail redacted as it may contain sensitive data. Specify 'Include Error Detail' in the connection string to include this information.
===========>     (SEVERE)   DB.ExecuteQuery: [88] => 42703: column "y" does not exist

POSITION: 32
----------->     (WARNING)  DB.ExecuteQuery: [88]DBExecuteError - 42703: column "y" does not exist

POSITION: 32
===========>     (SEVERE)   DB.ExecuteQuery: [88] => 0A000: cannot alter type of a column used by a view or rule

DETAIL: Detail redacted as it may contain sensitive data. Specify 'Include Error Detail' in the connection string to include this information.
----------->     (WARNING)  DB.ExecuteQuery: [88]DBExecuteError - 0A000: cannot alter type of a column used by a view or rule

DETAIL: Detail redacted as it may contain sensitive data. Specify 'Include Error Detail' in the connection string to include this information.
===========>     (SEVERE)   DB.ExecuteQuery: [88] => 42601: syntax error at or near "=@#"

POSITION: 29
----------->     (WARNING)  DB.ExecuteQuery: [88]DBExecuteError - 42601: syntax error at or near "=@#"

POSITION: 29
===========>     (SEVERE)   DB.ExecuteQuery: [88] => 42601: syntax error at or near "=@#"

POSITION: 36
----------->     (WARNING)  DB.ExecuteQuery: [88]DBExecuteError - 42601: syntax error at or near "=@#"

POSITION: 36
===========>     (SEVERE)   DB.ExecuteQuery: [88] => 0A000: cannot alter type of a column used by a view or rule

DETAIL: Detail redacted as it may contain sensitive data. Specify 'Include Error Detail' in the connection string to include this information.
----------->     (WARNING)  DB.ExecuteQuery: [88]DBExecuteError - 0A000: cannot alter type of a column used by a view or rule

DETAIL: Detail redacted as it may contain sensitive data. Specify 'Include Error Detail' in the connection string to include this information.
===========>     (SEVERE)   DB.ExecuteQuery: [88] => 0A000: cannot alter type of a column used by a view or rule

DETAIL: Detail redacted as it may contain sensitive data. Specify 'Include Error Detail' in the connection string to include this information.
----------->     (WARNING)  DB.ExecuteQuery: [88]DBExecuteError - 0A000: cannot alter type of a column used by a view or rule

DETAIL: Detail redacted as it may contain sensitive data. Specify 'Include Error Detail' in the connection string to include this information.
===========>     (SEVERE)   DB.ExecuteQuery: [88] => 42703: column "y" does not exist

POSITION: 29
----------->     (WARNING)  DB.ExecuteQuery: [88]DBExecuteError - 42703: column "y" does not exist

POSITION: 29
===========>     (SEVERE)   DB.ExecuteQuery: [88] => 0A000: cannot alter type of a column used by a view or rule

DETAIL: Detail redacted as it may contain sensitive data. Specify 'Include Error Detail' in the connection string to include this information.
----------->     (WARNING)  DB.ExecuteQuery: [88]DBExecuteError - 0A000: cannot alter type of a column used by a view or rule

DETAIL: Detail redacted as it may contain sensitive data. Specify 'Include Error Detail' in the connection string to include this information.
===========>     (SEVERE)   DB.ExecuteQuery: [88] => 0A000: cannot alter type of a column used by a view or rule

DETAIL: Detail redacted as it may contain sensitive data. Specify 'Include Error Detail' in the connection string to include this information.
----------->     (WARNING)  DB.ExecuteQuery: [88]DBExecuteError - 0A000: cannot alter type of a column used by a view or rule

DETAIL: Detail redacted as it may contain sensitive data. Specify 'Include Error Detail' in the connection string to include this information.
===========>     (SEVERE)   DB.ExecuteQuery: [88] => 42601: syntax error at or near "=@#"

POSITION: 32
----------->     (WARNING)  DB.ExecuteQuery: [88]DBExecuteError - 42601: syntax error at or near "=@#"

POSITION: 32
===========>     (SEVERE)   DB.ExecuteQuery: [88] => 0A000: cannot alter type of a column used by a view or rule

DETAIL: Detail redacted as it may contain sensitive data. Specify 'Include Error Detail' in the connection string to include this information.
----------->     (WARNING)  DB.ExecuteQuery: [88]DBExecuteError - 0A000: cannot alter type of a column used by a view or rule

DETAIL: Detail redacted as it may contain sensitive data. Specify 'Include Error Detail' in the connection string to include this information.
----------->     (WARNING)  MColumn.GetSQLDefaultValue: [88]Get sql default: @SQL=SELECT COALESCE(MAX(SeqNo),0)+10 AS DefaultValue FROM AD_Field WHERE AD_Tab_ID=@AD_Tab_ID@
===========>     (SEVERE)   DB.ExecuteQuery: [88] => 42703: column "y" does not exist

POSITION: 29
----------->     (WARNING)  DB.ExecuteQuery: [88]DBExecuteError - 42703: column "y" does not exist

POSITION: 29
===========>     (SEVERE)   DB.ExecuteQuery: [88] => 0A000: cannot alter type of a column used by a view or rule

DETAIL: Detail redacted as it may contain sensitive data. Specify 'Include Error Detail' in the connection string to include this information.
----------->     (WARNING)  DB.ExecuteQuery: [88]DBExecuteError - 0A000: cannot alter type of a column used by a view or rule

DETAIL: Detail redacted as it may contain sensitive data. Specify 'Include Error Detail' in the connection string to include this information.
===========>     (SEVERE)   DB.ExecuteQuery: [88] => 42703: column "y" does not exist

POSITION: 34
----------->     (WARNING)  DB.ExecuteQuery: [88]DBExecuteError - 42703: column "y" does not exist

POSITION: 34
===========>     (SEVERE)   DB.ExecuteQuery: [88] => 42703: column "y" does not exist

POSITION: 36
----------->     (WARNING)  DB.ExecuteQuery: [88]DBExecuteError - 42703: column "y" does not exist

POSITION: 36
===========>     (SEVERE)   DB.ExecuteQuery: [88] => 42601: syntax error at or near "=@"

POSITION: 32
----------->     (WARNING)  DB.ExecuteQuery: [88]DBExecuteError - 42601: syntax error at or near "=@"

POSITION: 32
===========>     (SEVERE)   DB.ExecuteQuery: [88] => 42703: column "y" does not exist

POSITION: 33
----------->     (WARNING)  DB.ExecuteQuery: [88]DBExecuteError - 42703: column "y" does not exist

POSITION: 33
===========>     (SEVERE)   DB.ExecuteQuery: [88] => 0A000: cannot alter type of a column used by a view or rule

DETAIL: Detail redacted as it may contain sensitive data. Specify 'Include Error Detail' in the connection string to include this information.
----------->     (WARNING)  DB.ExecuteQuery: [88]DBExecuteError - 0A000: cannot alter type of a column used by a view or rule

DETAIL: Detail redacted as it may contain sensitive data. Specify 'Include Error Detail' in the connection string to include this information.
===========>     (SEVERE)   DB.ExecuteQuery: [88] => 0A000: cannot alter type of a column used by a view or rule

DETAIL: Detail redacted as it may contain sensitive data. Specify 'Include Error Detail' in the connection string to include this information.
----------->     (WARNING)  DB.ExecuteQuery: [88]DBExecuteError - 0A000: cannot alter type of a column used by a view or rule

DETAIL: Detail redacted as it may contain sensitive data. Specify 'Include Error Detail' in the connection string to include this information.
===========>     (SEVERE)   DB.ExecuteQuery: [88] => 0A000: cannot alter type of a column used by a view or rule

DETAIL: Detail redacted as it may contain sensitive data. Specify 'Include Error Detail' in the connection string to include this information.
----------->     (WARNING)  DB.ExecuteQuery: [88]DBExecuteError - 0A000: cannot alter type of a column used by a view or rule

DETAIL: Detail redacted as it may contain sensitive data. Specify 'Include Error Detail' in the connection string to include this information.
===========>     (SEVERE)   DB.ExecuteQuery: [88] => 42601: syntax error at or near "=@#"

POSITION: 33
----------->     (WARNING)  DB.ExecuteQuery: [88]DBExecuteError - 42601: syntax error at or near "=@#"

POSITION: 33
===========>     (SEVERE)   DB.ExecuteQuery: [88] => 42601: syntax error at or near "=@#"

POSITION: 31
----------->     (WARNING)  DB.ExecuteQuery: [88]DBExecuteError - 42601: syntax error at or near "=@#"

POSITION: 31
===========>     (SEVERE)   DB.ExecuteQuery: [88] => 42601: syntax error at or near "=@"

POSITION: 38
----------->     (WARNING)  DB.ExecuteQuery: [88]DBExecuteError - 42601: syntax error at or near "=@"

POSITION: 38
===========>     (SEVERE)   DB.ExecuteQuery: [88] => 42601: syntax error at or near "=@#"

POSITION: 26
----------->     (WARNING)  DB.ExecuteQuery: [88]DBExecuteError - 42601: syntax error at or near "=@#"

POSITION: 26
===========>     (SEVERE)   DB.ExecuteQuery: [88] => 42601: syntax error at or near "=@#"

POSITION: 37
----------->     (WARNING)  DB.ExecuteQuery: [88]DBExecuteError - 42601: syntax error at or near "=@#"

POSITION: 37
===========>     (SEVERE)   DB.ExecuteQuery: [88] => 0A000: cannot alter type of a column used by a view or rule

DETAIL: Detail redacted as it may contain sensitive data. Specify 'Include Error Detail' in the connection string to include this information.
----------->     (WARNING)  DB.ExecuteQuery: [88]DBExecuteError - 0A000: cannot alter type of a column used by a view or rule

DETAIL: Detail redacted as it may contain sensitive data. Specify 'Include Error Detail' in the connection string to include this information.
===========>     (SEVERE)   DB.ExecuteQuery: [88] => 0A000: cannot alter type of a column used by a view or rule

DETAIL: Detail redacted as it may contain sensitive data. Specify 'Include Error Detail' in the connection string to include this information.
----------->     (WARNING)  DB.ExecuteQuery: [88]DBExecuteError - 0A000: cannot alter type of a column used by a view or rule

DETAIL: Detail redacted as it may contain sensitive data. Specify 'Include Error Detail' in the connection string to include this information.
===========>     (SEVERE)   DB.ExecuteQuery: [88] => 0A000: cannot alter type of a column used by a view or rule

DETAIL: Detail redacted as it may contain sensitive data. Specify 'Include Error Detail' in the connection string to include this information.
----------->     (WARNING)  DB.ExecuteQuery: [88]DBExecuteError - 0A000: cannot alter type of a column used by a view or rule

DETAIL: Detail redacted as it may contain sensitive data. Specify 'Include Error Detail' in the connection string to include this information.
----------->     (WARNING)  MColumn.GetSQLDefaultValue: [88]Get sql default: @SQL=SELECT NVL(MAX(AD_Language_ID),999999)+1 FROM AD_Language WHERE AD_Language_ID > 1000
===========>     (SEVERE)   DB.ExecuteQuery: [88] => 42601: syntax error at or near "=@"

POSITION: 38
----------->     (WARNING)  DB.ExecuteQuery: [88]DBExecuteError - 42601: syntax error at or near "=@"

POSITION: 38
===========>     (SEVERE)   DB.ExecuteQuery: [88] => 42601: syntax error at or near "=@"

POSITION: 36
----------->     (WARNING)  DB.ExecuteQuery: [88]DBExecuteError - 42601: syntax error at or near "=@"

POSITION: 36
===========>     (SEVERE)   DB.ExecuteQuery: [88] => 42601: syntax error at or near "=@#"

POSITION: 44
----------->     (WARNING)  DB.ExecuteQuery: [88]DBExecuteError - 42601: syntax error at or near "=@#"

POSITION: 44
===========>     (SEVERE)   DB.ExecuteQuery: [88] => 42703: column "y" does not exist

POSITION: 40
----------->     (WARNING)  DB.ExecuteQuery: [88]DBExecuteError - 42703: column "y" does not exist

POSITION: 40
===========>     (SEVERE)   DB.ExecuteQuery: [88] => 0A000: cannot alter type of a column used by a view or rule

DETAIL: Detail redacted as it may contain sensitive data. Specify 'Include Error Detail' in the connection string to include this information.
----------->     (WARNING)  DB.ExecuteQuery: [88]DBExecuteError - 0A000: cannot alter type of a column used by a view or rule

DETAIL: Detail redacted as it may contain sensitive data. Specify 'Include Error Detail' in the connection string to include this information.
===========>     (SEVERE)   DB.ExecuteQuery: [88] => 0A000: cannot alter type of a column used by a view or rule

DETAIL: Detail redacted as it may contain sensitive data. Specify 'Include Error Detail' in the connection string to include this information.
----------->     (WARNING)  DB.ExecuteQuery: [88]DBExecuteError - 0A000: cannot alter type of a column used by a view or rule

DETAIL: Detail redacted as it may contain sensitive data. Specify 'Include Error Detail' in the connection string to include this information.
===========>     (SEVERE)   DB.ExecuteQuery: [88] => 42601: syntax error at or near "=@#"

POSITION: 37
----------->     (WARNING)  DB.ExecuteQuery: [88]DBExecuteError - 42601: syntax error at or near "=@#"

POSITION: 37
===========>     (SEVERE)   DB.ExecuteQuery: [88] => 42601: syntax error at or near "=@#"

POSITION: 32
----------->     (WARNING)  DB.ExecuteQuery: [88]DBExecuteError - 42601: syntax error at or near "=@#"

POSITION: 32
===========>     (SEVERE)   DB.ExecuteQuery: [88] => 42601: syntax error at or near "=@#"

POSITION: 29
----------->     (WARNING)  DB.ExecuteQuery: [88]DBExecuteError - 42601: syntax error at or near "=@#"

POSITION: 29
===========>     (SEVERE)   DB.ExecuteQuery: [88] => 42703: column "y" does not exist

POSITION: 26
----------->     (WARNING)  DB.ExecuteQuery: [88]DBExecuteError - 42703: column "y" does not exist

POSITION: 26
===========>     (SEVERE)   DB.ExecuteQuery: [88] => 42601: syntax error at or near "=@"

POSITION: 33
----------->     (WARNING)  DB.ExecuteQuery: [88]DBExecuteError - 42601: syntax error at or near "=@"

POSITION: 33
===========>     (SEVERE)   DB.ExecuteQuery: [88] => 42601: syntax error at or near "=@#"

POSITION: 34
----------->     (WARNING)  DB.ExecuteQuery: [88]DBExecuteError - 42601: syntax error at or near "=@#"

POSITION: 34
===========>     (SEVERE)   DB.ExecuteQuery: [88] => 42601: syntax error at or near "=@"

POSITION: 35
----------->     (WARNING)  DB.ExecuteQuery: [88]DBExecuteError - 42601: syntax error at or near "=@"

POSITION: 35
===========>     (SEVERE)   DB.ExecuteQuery: [88] => 0A000: cannot alter type of a column used by a view or rule

DETAIL: Detail redacted as it may contain sensitive data. Specify 'Include Error Detail' in the connection string to include this information.
----------->     (WARNING)  DB.ExecuteQuery: [88]DBExecuteError - 0A000: cannot alter type of a column used by a view or rule

DETAIL: Detail redacted as it may contain sensitive data. Specify 'Include Error Detail' in the connection string to include this information.
===========>     (SEVERE)   DB.ExecuteQuery: [88] => 42601: syntax error at or near "=@#"

POSITION: 35
----------->     (WARNING)  DB.ExecuteQuery: [88]DBExecuteError - 42601: syntax error at or near "=@#"

POSITION: 35
===========>     (SEVERE)   DB.ExecuteQuery: [88] => 0A000: cannot alter type of a column used by a view or rule

DETAIL: Detail redacted as it may contain sensitive data. Specify 'Include Error Detail' in the connection string to include this information.
----------->     (WARNING)  DB.ExecuteQuery: [88]DBExecuteError - 0A000: cannot alter type of a column used by a view or rule

DETAIL: Detail redacted as it may contain sensitive data. Specify 'Include Error Detail' in the connection string to include this information.
===========>     (SEVERE)   DB.ExecuteQuery: [88] => 42703: column "y" does not exist

POSITION: 34
----------->     (WARNING)  DB.ExecuteQuery: [88]DBExecuteError - 42703: column "y" does not exist

POSITION: 34
===========>     (SEVERE)   DB.ExecuteQuery: [88] => 0A000: cannot alter type of a column used by a view or rule

DETAIL: Detail redacted as it may contain sensitive data. Specify 'Include Error Detail' in the connection string to include this information.
----------->     (WARNING)  DB.ExecuteQuery: [88]DBExecuteError - 0A000: cannot alter type of a column used by a view or rule

DETAIL: Detail redacted as it may contain sensitive data. Specify 'Include Error Detail' in the connection string to include this information.
===========>     (SEVERE)   DB.ExecuteQuery: [88] => 0A000: cannot alter type of a column used by a view or rule

DETAIL: Detail redacted as it may contain sensitive data. Specify 'Include Error Detail' in the connection string to include this information.
----------->     (WARNING)  DB.ExecuteQuery: [88]DBExecuteError - 0A000: cannot alter type of a column used by a view or rule

DETAIL: Detail redacted as it may contain sensitive data. Specify 'Include Error Detail' in the connection string to include this information.
===========>     (SEVERE)   DB.ExecuteQuery: [88] => 42703: column "y" does not exist

POSITION: 32
----------->     (WARNING)  DB.ExecuteQuery: [88]DBExecuteError - 42703: column "y" does not exist

POSITION: 32
===========>     (SEVERE)   DB.ExecuteQuery: [88] => 0A000: cannot alter type of a column used by a view or rule

DETAIL: Detail redacted as it may contain sensitive data. Specify 'Include Error Detail' in the connection string to include this information.
----------->     (WARNING)  DB.ExecuteQuery: [88]DBExecuteError - 0A000: cannot alter type of a column used by a view or rule

DETAIL: Detail redacted as it may contain sensitive data. Specify 'Include Error Detail' in the connection string to include this information.
===========>     (SEVERE)   DB.ExecuteQuery: [88] => 0A000: cannot alter type of a column used by a view or rule

DETAIL: Detail redacted as it may contain sensitive data. Specify 'Include Error Detail' in the connection string to include this information.
----------->     (WARNING)  DB.ExecuteQuery: [88]DBExecuteError - 0A000: cannot alter type of a column used by a view or rule

DETAIL: Detail redacted as it may contain sensitive data. Specify 'Include Error Detail' in the connection string to include this information.
===========>     (SEVERE)   DB.ExecuteQuery: [88] => 0A000: cannot alter type of a column used by a view or rule

DETAIL: Detail redacted as it may contain sensitive data. Specify 'Include Error Detail' in the connection string to include this information.
----------->     (WARNING)  DB.ExecuteQuery: [88]DBExecuteError - 0A000: cannot alter type of a column used by a view or rule

DETAIL: Detail redacted as it may contain sensitive data. Specify 'Include Error Detail' in the connection string to include this information.
===========>     (SEVERE)   DB.ExecuteQuery: [88] => 0A000: cannot alter type of a column used by a view or rule

DETAIL: Detail redacted as it may contain sensitive data. Specify 'Include Error Detail' in the connection string to include this information.
----------->     (WARNING)  DB.ExecuteQuery: [88]DBExecuteError - 0A000: cannot alter type of a column used by a view or rule

DETAIL: Detail redacted as it may contain sensitive data. Specify 'Include Error Detail' in the connection string to include this information.
===========>     (SEVERE)   DB.ExecuteQuery: [88] => 42703: column "y" does not exist

POSITION: 37
----------->     (WARNING)  DB.ExecuteQuery: [88]DBExecuteError - 42703: column "y" does not exist

POSITION: 37
===========>     (SEVERE)   DB.ExecuteQuery: [88] => 42601: syntax error at or near "=@#"

POSITION: 44
----------->     (WARNING)  DB.ExecuteQuery: [88]DBExecuteError - 42601: syntax error at or near "=@#"

POSITION: 44
===========>     (SEVERE)   DB.ExecuteQuery: [88] => 42601: syntax error at or near "=@"

POSITION: 39
----------->     (WARNING)  DB.ExecuteQuery: [88]DBExecuteError - 42601: syntax error at or near "=@"

POSITION: 39
===========>     (SEVERE)   DB.ExecuteQuery: [88] => 42703: column "y" does not exist

POSITION: 30
----------->     (WARNING)  DB.ExecuteQuery: [88]DBExecuteError - 42703: column "y" does not exist

POSITION: 30
===========>     (SEVERE)   DB.ExecuteQuery: [88] => 0A000: cannot alter type of a column used by a view or rule

DETAIL: Detail redacted as it may contain sensitive data. Specify 'Include Error Detail' in the connection string to include this information.
----------->     (WARNING)  DB.ExecuteQuery: [88]DBExecuteError - 0A000: cannot alter type of a column used by a view or rule

DETAIL: Detail redacted as it may contain sensitive data. Specify 'Include Error Detail' in the connection string to include this information.
===========>     (SEVERE)   DB.ExecuteQuery: [88] => 42601: syntax error at or near "=@#"

POSITION: 32
----------->     (WARNING)  DB.ExecuteQuery: [88]DBExecuteError - 42601: syntax error at or near "=@#"

POSITION: 32
===========>     (SEVERE)   DB.ExecuteQuery: [88] => 0A000: cannot alter type of a column used by a view or rule

DETAIL: Detail redacted as it may contain sensitive data. Specify 'Include Error Detail' in the connection string to include this information.
----------->     (WARNING)  DB.ExecuteQuery: [88]DBExecuteError - 0A000: cannot alter type of a column used by a view or rule

DETAIL: Detail redacted as it may contain sensitive data. Specify 'Include Error Detail' in the connection string to include this information.
===========>     (SEVERE)   DB.ExecuteQuery: [88] => 42601: syntax error at or near "=@"

POSITION: 40
----------->     (WARNING)  DB.ExecuteQuery: [88]DBExecuteError - 42601: syntax error at or near "=@"

POSITION: 40
===========>     (SEVERE)   DB.ExecuteQuery: [88] => 0A000: cannot alter type of a column used by a view or rule

DETAIL: Detail redacted as it may contain sensitive data. Specify 'Include Error Detail' in the connection string to include this information.
----------->     (WARNING)  DB.ExecuteQuery: [88]DBExecuteError - 0A000: cannot alter type of a column used by a view or rule

DETAIL: Detail redacted as it may contain sensitive data. Specify 'Include Error Detail' in the connection string to include this information.
===========>     (SEVERE)   DB.ExecuteQuery: [88] => 42601: syntax error at or near "=@#"

POSITION: 36
----------->     (WARNING)  DB.ExecuteQuery: [88]DBExecuteError - 42601: syntax error at or near "=@#"

POSITION: 36
===========>     (SEVERE)   DB.ExecuteQuery: [88] => 42601: syntax error at or near "=@#"

POSITION: 33
----------->     (WARNING)  DB.ExecuteQuery: [88]DBExecuteError - 42601: syntax error at or near "=@#"

POSITION: 33
===========>     (SEVERE)   DB.ExecuteQuery: [88] => 0A000: cannot alter type of a column used by a view or rule

DETAIL: Detail redacted as it may contain sensitive data. Specify 'Include Error Detail' in the connection string to include this information.
----------->     (WARNING)  DB.ExecuteQuery: [88]DBExecuteError - 0A000: cannot alter type of a column used by a view or rule

DETAIL: Detail redacted as it may contain sensitive data. Specify 'Include Error Detail' in the connection string to include this information.
===========>     (SEVERE)   DB.ExecuteQuery: [88] => 0A000: cannot alter type of a column used by a view or rule

DETAIL: Detail redacted as it may contain sensitive data. Specify 'Include Error Detail' in the connection string to include this information.
----------->     (WARNING)  DB.ExecuteQuery: [88]DBExecuteError - 0A000: cannot alter type of a column used by a view or rule

DETAIL: Detail redacted as it may contain sensitive data. Specify 'Include Error Detail' in the connection string to include this information.
===========>     (SEVERE)   DB.ExecuteQuery: [88] => 0A000: cannot alter type of a column used by a view or rule

DETAIL: Detail redacted as it may contain sensitive data. Specify 'Include Error Detail' in the connection string to include this information.
----------->     (WARNING)  DB.ExecuteQuery: [88]DBExecuteError - 0A000: cannot alter type of a column used by a view or rule

DETAIL: Detail redacted as it may contain sensitive data. Specify 'Include Error Detail' in the connection string to include this information.
===========>     (SEVERE)   DB.ExecuteQuery: [88] => 42703: column "y" does not exist

POSITION: 38
----------->     (WARNING)  DB.ExecuteQuery: [88]DBExecuteError - 42703: column "y" does not exist

POSITION: 38
===========>     (SEVERE)   DB.ExecuteQuery: [88] => 0A000: cannot alter type of a column used by a view or rule

DETAIL: Detail redacted as it may contain sensitive data. Specify 'Include Error Detail' in the connection string to include this information.
----------->     (WARNING)  DB.ExecuteQuery: [88]DBExecuteError - 0A000: cannot alter type of a column used by a view or rule

DETAIL: Detail redacted as it may contain sensitive data. Specify 'Include Error Detail' in the connection string to include this information.
===========>     (SEVERE)   DB.ExecuteQuery: [88] => 42601: syntax error at or near "=@#"

POSITION: 45
----------->     (WARNING)  DB.ExecuteQuery: [88]DBExecuteError - 42601: syntax error at or near "=@#"

POSITION: 45
===========>     (SEVERE)   DB.ExecuteQuery: [88] => 0A000: cannot alter type of a column used by a view or rule

DETAIL: Detail redacted as it may contain sensitive data. Specify 'Include Error Detail' in the connection string to include this information.
----------->     (WARNING)  DB.ExecuteQuery: [88]DBExecuteError - 0A000: cannot alter type of a column used by a view or rule

DETAIL: Detail redacted as it may contain sensitive data. Specify 'Include Error Detail' in the connection string to include this information.
===========>     (SEVERE)   DB.ExecuteQuery: [88] => 42601: syntax error at or near "=@"

POSITION: 31
----------->     (WARNING)  DB.ExecuteQuery: [88]DBExecuteError - 42601: syntax error at or near "=@"

POSITION: 31
===========>     (SEVERE)   DB.ExecuteQuery: [88] => 42601: syntax error at or near "=@#"

POSITION: 42
----------->     (WARNING)  DB.ExecuteQuery: [88]DBExecuteError - 42601: syntax error at or near "=@#"

POSITION: 42
===========>     (SEVERE)   DB.ExecuteQuery: [88] => 42703: column "y" does not exist

POSITION: 39
----------->     (WARNING)  DB.ExecuteQuery: [88]DBExecuteError - 42703: column "y" does not exist

POSITION: 39
===========>     (SEVERE)   DB.ExecuteQuery: [88] => 0A000: cannot alter type of a column used by a view or rule

DETAIL: Detail redacted as it may contain sensitive data. Specify 'Include Error Detail' in the connection string to include this information.
----------->     (WARNING)  DB.ExecuteQuery: [88]DBExecuteError - 0A000: cannot alter type of a column used by a view or rule

DETAIL: Detail redacted as it may contain sensitive data. Specify 'Include Error Detail' in the connection string to include this information.
===========>     (SEVERE)   DB.ExecuteQuery: [88] => 42601: syntax error at or near "=@#"

POSITION: 42
----------->     (WARNING)  DB.ExecuteQuery: [88]DBExecuteError - 42601: syntax error at or near "=@#"

POSITION: 42
===========>     (SEVERE)   DB.ExecuteQuery: [88] => 42703: column "n" does not exist

POSITION: 31
----------->     (WARNING)  DB.ExecuteQuery: [88]DBExecuteError - 42703: column "n" does not exist

POSITION: 31
===========>     (SEVERE)   DB.ExecuteQuery: [88] => 42601: syntax error at or near "=@"

POSITION: 41
----------->     (WARNING)  DB.ExecuteQuery: [88]DBExecuteError - 42601: syntax error at or near "=@"

POSITION: 41
===========>     (SEVERE)   DB.ExecuteQuery: [88] => 0A000: cannot alter type of a column used by a view or rule

DETAIL: Detail redacted as it may contain sensitive data. Specify 'Include Error Detail' in the connection string to include this information.
----------->     (WARNING)  DB.ExecuteQuery: [88]DBExecuteError - 0A000: cannot alter type of a column used by a view or rule

DETAIL: Detail redacted as it may contain sensitive data. Specify 'Include Error Detail' in the connection string to include this information.
===========>     (SEVERE)   DB.ExecuteQuery: [88] => 42703: column "y" does not exist

POSITION: 32
----------->     (WARNING)  DB.ExecuteQuery: [88]DBExecuteError - 42703: column "y" does not exist

POSITION: 32
===========>     (SEVERE)   DB.ExecuteQuery: [88] => 0A000: cannot alter type of a column used by a view or rule

DETAIL: Detail redacted as it may contain sensitive data. Specify 'Include Error Detail' in the connection string to include this information.
----------->     (WARNING)  DB.ExecuteQuery: [88]DBExecuteError - 0A000: cannot alter type of a column used by a view or rule

DETAIL: Detail redacted as it may contain sensitive data. Specify 'Include Error Detail' in the connection string to include this information.
===========>     (SEVERE)   DB.ExecuteQuery: [88] => 0A000: cannot alter type of a column used by a view or rule

DETAIL: Detail redacted as it may contain sensitive data. Specify 'Include Error Detail' in the connection string to include this information.
----------->     (WARNING)  DB.ExecuteQuery: [88]DBExecuteError - 0A000: cannot alter type of a column used by a view or rule

DETAIL: Detail redacted as it may contain sensitive data. Specify 'Include Error Detail' in the connection string to include this information.
===========>     (SEVERE)   DB.ExecuteQuery: [88] => 42703: column "y" does not exist

POSITION: 38
----------->     (WARNING)  DB.ExecuteQuery: [88]DBExecuteError - 42703: column "y" does not exist

POSITION: 38
===========>     (SEVERE)   DB.ExecuteQuery: [88] => 42601: syntax error at or near "=@"

POSITION: 40
----------->     (WARNING)  DB.ExecuteQuery: [88]DBExecuteError - 42601: syntax error at or near "=@"

POSITION: 40
===========>     (SEVERE)   DB.ExecuteQuery: [88] => 42601: syntax error at or near "=@#"

POSITION: 34
----------->     (WARNING)  DB.ExecuteQuery: [88]DBExecuteError - 42601: syntax error at or near "=@#"

POSITION: 34
===========>     (SEVERE)   DB.ExecuteQuery: [88] => 42601: syntax error at or near "=@"

POSITION: 37
----------->     (WARNING)  DB.ExecuteQuery: [88]DBExecuteError - 42601: syntax error at or near "=@"

POSITION: 37
===========>     (SEVERE)   DB.ExecuteQuery: [88] => 42601: syntax error at or near "=@"

POSITION: 38
----------->     (WARNING)  DB.ExecuteQuery: [88]DBExecuteError - 42601: syntax error at or near "=@"

POSITION: 38
===========>     (SEVERE)   DB.ExecuteQuery: [88] => 0A000: cannot alter type of a column used by a view or rule

DETAIL: Detail redacted as it may contain sensitive data. Specify 'Include Error Detail' in the connection string to include this information.
----------->     (WARNING)  DB.ExecuteQuery: [88]DBExecuteError - 0A000: cannot alter type of a column used by a view or rule

DETAIL: Detail redacted as it may contain sensitive data. Specify 'Include Error Detail' in the connection string to include this information.
===========>     (SEVERE)   DB.ExecuteQuery: [88] => 42703: column "b" does not exist

POSITION: 37
----------->     (WARNING)  DB.ExecuteQuery: [88]DBExecuteError - 42703: column "b" does not exist

POSITION: 37
===========>     (SEVERE)   DB.ExecuteQuery: [88] => 42703: column "u" does not exist

POSITION: 32
----------->     (WARNING)  DB.ExecuteQuery: [88]DBExecuteError - 42703: column "u" does not exist

POSITION: 32
===========>     (SEVERE)   DB.ExecuteQuery: [88] => 42601: syntax error at or near "=@"

POSITION: 35
----------->     (WARNING)  DB.ExecuteQuery: [88]DBExecuteError - 42601: syntax error at or near "=@"

POSITION: 35
===========>     (SEVERE)   DB.ExecuteQuery: [88] => 42601: syntax error at or near "=@#"

POSITION: 34
----------->     (WARNING)  DB.ExecuteQuery: [88]DBExecuteError - 42601: syntax error at or near "=@#"

POSITION: 34
===========>     (SEVERE)   DB.ExecuteQuery: [88] => 42601: syntax error at or near "=@"

POSITION: 38
----------->     (WARNING)  DB.ExecuteQuery: [88]DBExecuteError - 42601: syntax error at or near "=@"

POSITION: 38
===========>     (SEVERE)   DB.ExecuteQuery: [88] => 42703: column "e" does not exist

POSITION: 35
----------->     (WARNING)  DB.ExecuteQuery: [88]DBExecuteError - 42703: column "e" does not exist

POSITION: 35
===========>     (SEVERE)   DB.ExecuteQuery: [88] => 42601: syntax error at or near "=@"

POSITION: 38
----------->     (WARNING)  DB.ExecuteQuery: [88]DBExecuteError - 42601: syntax error at or near "=@"

POSITION: 38
===========>     (SEVERE)   DB.ExecuteQuery: [88] => 42601: syntax error at or near "=@#"

POSITION: 42
----------->     (WARNING)  DB.ExecuteQuery: [88]DBExecuteError - 42601: syntax error at or near "=@#"

POSITION: 42
===========>     (SEVERE)   DB.ExecuteQuery: [88] => 42703: column "y" does not exist

POSITION: 42
----------->     (WARNING)  DB.ExecuteQuery: [88]DBExecuteError - 42703: column "y" does not exist

POSITION: 42
===========>     (SEVERE)   DB.ExecuteQuery: [88] => 42703: column "y" does not exist

POSITION: 36
----------->     (WARNING)  DB.ExecuteQuery: [88]DBExecuteError - 42703: column "y" does not exist

POSITION: 36
===========>     (SEVERE)   DB.ExecuteQuery: [88] => 42703: column "g" does not exist

POSITION: 37
----------->     (WARNING)  DB.ExecuteQuery: [88]DBExecuteError - 42703: column "g" does not exist

POSITION: 37
===========>     (SEVERE)   DB.ExecuteQuery: [88] => 42601: syntax error at or near "=@"

POSITION: 43
----------->     (WARNING)  DB.ExecuteQuery: [88]DBExecuteError - 42601: syntax error at or near "=@"

POSITION: 43
===========>     (SEVERE)   DB.ExecuteQuery: [88] => 42601: syntax error at or near "=@"

POSITION: 33
----------->     (WARNING)  DB.ExecuteQuery: [88]DBExecuteError - 42601: syntax error at or near "=@"

POSITION: 33
===========>     (SEVERE)   DB.ExecuteQuery: [88] => 0A000: cannot alter type of a column used by a view or rule

DETAIL: Detail redacted as it may contain sensitive data. Specify 'Include Error Detail' in the connection string to include this information.
----------->     (WARNING)  DB.ExecuteQuery: [88]DBExecuteError - 0A000: cannot alter type of a column used by a view or rule

DETAIL: Detail redacted as it may contain sensitive data. Specify 'Include Error Detail' in the connection string to include this information.
===========>     (SEVERE)   DB.ExecuteQuery: [88] => 42703: column "y" does not exist

POSITION: 39
----------->     (WARNING)  DB.ExecuteQuery: [88]DBExecuteError - 42703: column "y" does not exist

POSITION: 39
===========>     (SEVERE)   DB.ExecuteQuery: [88] => 42601: syntax error at or near "=@#"

POSITION: 32
----------->     (WARNING)  DB.ExecuteQuery: [88]DBExecuteError - 42601: syntax error at or near "=@#"

POSITION: 32
===========>     (SEVERE)   DB.ExecuteQuery: [88] => 42601: syntax error at or near "=@#"

POSITION: 33
----------->     (WARNING)  DB.ExecuteQuery: [88]DBExecuteError - 42601: syntax error at or near "=@#"

POSITION: 33
===========>     (SEVERE)   DB.ExecuteQuery: [88] => 42703: column "y" does not exist

POSITION: 28
----------->     (WARNING)  DB.ExecuteQuery: [88]DBExecuteError - 42703: column "y" does not exist

POSITION: 28
===========>     (SEVERE)   DB.ExecuteQuery: [88] => 42703: column "y" does not exist

POSITION: 34
----------->     (WARNING)  DB.ExecuteQuery: [88]DBExecuteError - 42703: column "y" does not exist

POSITION: 34
----------->     (WARNING)  MColumn.GetSQLDefaultValue: [88]Get sql default: @SQL=SELECT COALESCE(MAX(MRSeqNo),0)+10 AS DefaultValue FROM AD_Field WHERE AD_Tab_ID=@AD_Tab_ID@
===========>     (SEVERE)   DB.ExecuteQuery: [88] => 42703: column "y" does not exist

POSITION: 35
----------->     (WARNING)  DB.ExecuteQuery: [88]DBExecuteError - 42703: column "y" does not exist

POSITION: 35
===========>     (SEVERE)   DB.ExecuteQuery: [88] => 42601: syntax error at or near "=@#"

POSITION: 41
----------->     (WARNING)  DB.ExecuteQuery: [88]DBExecuteError - 42601: syntax error at or near "=@#"

POSITION: 41
===========>     (SEVERE)   DB.ExecuteQuery: [88] => 42601: syntax error at or near "=@#"

POSITION: 32
----------->     (WARNING)  DB.ExecuteQuery: [88]DBExecuteError - 42601: syntax error at or near "=@#"

POSITION: 32
===========>     (SEVERE)   DB.ExecuteQuery: [88] => 42703: column "y" does not exist

POSITION: 38
----------->     (WARNING)  DB.ExecuteQuery: [88]DBExecuteError - 42703: column "y" does not exist

POSITION: 38
===========>     (SEVERE)   DB.ExecuteQuery: [88] => 0A000: cannot alter type of a column used by a view or rule

DETAIL: Detail redacted as it may contain sensitive data. Specify 'Include Error Detail' in the connection string to include this information.
----------->     (WARNING)  DB.ExecuteQuery: [88]DBExecuteError - 0A000: cannot alter type of a column used by a view or rule

DETAIL: Detail redacted as it may contain sensitive data. Specify 'Include Error Detail' in the connection string to include this information.
===========>     (SEVERE)   DB.ExecuteQuery: [88] => 42601: syntax error at or near "=@#"

POSITION: 39
----------->     (WARNING)  DB.ExecuteQuery: [88]DBExecuteError - 42601: syntax error at or near "=@#"

POSITION: 39
===========>     (SEVERE)   DB.ExecuteQuery: [88] => 42703: column "y" does not exist

POSITION: 33
----------->     (WARNING)  DB.ExecuteQuery: [88]DBExecuteError - 42703: column "y" does not exist

POSITION: 33
===========>     (SEVERE)   DB.ExecuteQuery: [88] => 42703: column "y" does not exist

POSITION: 35
----------->     (WARNING)  DB.ExecuteQuery: [88]DBExecuteError - 42703: column "y" does not exist

POSITION: 35
===========>     (SEVERE)   DB.ExecuteQuery: [88] => 42601: syntax error at or near "=@#"

POSITION: 37
----------->     (WARNING)  DB.ExecuteQuery: [88]DBExecuteError - 42601: syntax error at or near "=@#"

POSITION: 37
===========>     (SEVERE)   DB.ExecuteQuery: [88] => 42601: syntax error at or near "=@#"

POSITION: 34
----------->     (WARNING)  DB.ExecuteQuery: [88]DBExecuteError - 42601: syntax error at or near "=@#"

POSITION: 34
===========>     (SEVERE)   DB.ExecuteQuery: [88] => 42703: column "y" does not exist

POSITION: 34
----------->     (WARNING)  DB.ExecuteQuery: [88]DBExecuteError - 42703: column "y" does not exist

POSITION: 34
===========>     (SEVERE)   DB.ExecuteQuery: [88] => 42703: column "o" does not exist

POSITION: 41
----------->     (WARNING)  DB.ExecuteQuery: [88]DBExecuteError - 42703: column "o" does not exist

POSITION: 41
----------->     (WARNING)  MColumn.GetSQLDefaultValue: [88]Get sql default: @SQL=SELECT COALESCE(MAX(SeqNo),0)+10 AS DefaultValue FROM AD_SurveyShowCondition WHERE AD_SurveyShowCondition_ID=@AD_SurveyShowCondition_ID@
===========>     (SEVERE)   DB.ExecuteQuery: [88] => 42601: syntax error at or near "=@#"

POSITION: 40
----------->     (WARNING)  DB.ExecuteQuery: [88]DBExecuteError - 42601: syntax error at or near "=@#"

POSITION: 40
===========>     (SEVERE)   DB.ExecuteQuery: [88] => 42703: column "y" does not exist

POSITION: 39
----------->     (WARNING)  DB.ExecuteQuery: [88]DBExecuteError - 42703: column "y" does not exist

POSITION: 39
===========>     (SEVERE)   DB.ExecuteQuery: [88] => 42703: column "y" does not exist

POSITION: 36
----------->     (WARNING)  DB.ExecuteQuery: [88]DBExecuteError - 42703: column "y" does not exist

POSITION: 36
===========>     (SEVERE)   DB.ExecuteQuery: [88] => 42601: syntax error at or near "=@#"

POSITION: 37
----------->     (WARNING)  DB.ExecuteQuery: [88]DBExecuteError - 42601: syntax error at or near "=@#"

POSITION: 37
===========>     (SEVERE)   DB.ExecuteQuery: [88] => 42601: syntax error at or near "=@#"

POSITION: 36
----------->     (WARNING)  DB.ExecuteQuery: [88]DBExecuteError - 42601: syntax error at or near "=@#"

POSITION: 36
===========>     (SEVERE)   DB.ExecuteQuery: [88] => 42601: syntax error at or near "=@#"

POSITION: 42
----------->     (WARNING)  DB.ExecuteQuery: [88]DBExecuteError - 42601: syntax error at or near "=@#"

POSITION: 42
===========>     (SEVERE)   DB.ExecuteQuery: [88] => 42601: syntax error at or near "=@#"

POSITION: 39
----------->     (WARNING)  DB.ExecuteQuery: [88]DBExecuteError - 42601: syntax error at or near "=@#"

POSITION: 39
===========>     (SEVERE)   DB.ExecuteQuery: [88] => 42703: column "y" does not exist

POSITION: 37
----------->     (WARNING)  DB.ExecuteQuery: [88]DBExecuteError - 42703: column "y" does not exist

POSITION: 37
===========>     (SEVERE)   DB.ExecuteQuery: [88] => 42601: syntax error at or near "=@#"

POSITION: 37
----------->     (WARNING)  DB.ExecuteQuery: [88]DBExecuteError - 42601: syntax error at or near "=@#"

POSITION: 37
===========>     (SEVERE)   DB.ExecuteQuery: [88] => 42601: syntax error at or near "=@#"

POSITION: 34
----------->     (WARNING)  DB.ExecuteQuery: [88]DBExecuteError - 42601: syntax error at or near "=@#"

POSITION: 34
===========>     (SEVERE)   DB.ExecuteQuery: [88] => 42601: syntax error at or near "=@#"

POSITION: 36
----------->     (WARNING)  DB.ExecuteQuery: [88]DBExecuteError - 42601: syntax error at or near "=@#"

POSITION: 36
===========>     (SEVERE)   DB.ExecuteQuery: [88] => 42601: syntax error at or near "=@#"

POSITION: 43
----------->     (WARNING)  DB.ExecuteQuery: [88]DBExecuteError - 42601: syntax error at or near "=@#"

POSITION: 43
===========>     (SEVERE)   DB.ExecuteQuery: [88] => 42601: syntax error at or near "=@#"

POSITION: 40
----------->     (WARNING)  DB.ExecuteQuery: [88]DBExecuteError - 42601: syntax error at or near "=@#"

POSITION: 40
===========>     (SEVERE)   DB.ExecuteQuery: [88] => 42601: syntax error at or near "=@#"

POSITION: 33
----------->     (WARNING)  DB.ExecuteQuery: [88]DBExecuteError - 42601: syntax error at or near "=@#"

POSITION: 33
===========>     (SEVERE)   DB.ExecuteQuery: [88] => 42601: syntax error at or near "=@#"

POSITION: 36
----------->     (WARNING)  DB.ExecuteQuery: [88]DBExecuteError - 42601: syntax error at or near "=@#"

POSITION: 36
===========>     (SEVERE)   DB.ExecuteQuery: [88] => 42601: syntax error at or near "=@#"

POSITION: 40
----------->     (WARNING)  DB.ExecuteQuery: [88]DBExecuteError - 42601: syntax error at or near "=@#"

POSITION: 40
===========>     (SEVERE)   DB.ExecuteQuery: [88] => 42601: syntax error at or near "=@#"

POSITION: 37
----------->     (WARNING)  DB.ExecuteQuery: [88]DBExecuteError - 42601: syntax error at or near "=@#"

POSITION: 37
===========>     (SEVERE)   DB.ExecuteQuery: [88] => 42601: syntax error at or near "=@#"

POSITION: 39
----------->     (WARNING)  DB.ExecuteQuery: [88]DBExecuteError - 42601: syntax error at or near "=@#"

POSITION: 39
===========>     (SEVERE)   DB.ExecuteQuery: [88] => 42703: column "y" does not exist

POSITION: 40
----------->     (WARNING)  DB.ExecuteQuery: [88]DBExecuteError - 42703: column "y" does not exist

POSITION: 40
----------->     (WARNING)  MColumn.GetSQLDefaultValue: [88]Get sql default: @SQL=SELECT NVL(MAX(I_TLLanguage_ID),999999)+1 FROM I_TLLanguage WHERE I_TLLanguage_ID > 1000
===========>     (SEVERE)   DB.ExecuteQuery: [88] => 42601: syntax error at or near "=@"

POSITION: 40
----------->     (WARNING)  DB.ExecuteQuery: [88]DBExecuteError - 42601: syntax error at or near "=@"

POSITION: 40
===========>     (SEVERE)   DB.ExecuteQuery: [88] => 42703: column "y" does not exist

POSITION: 42
----------->     (WARNING)  DB.ExecuteQuery: [88]DBExecuteError - 42703: column "y" does not exist

POSITION: 42
===========>     (SEVERE)   DB.ExecuteQuery: [88] => 42703: column "y" does not exist

POSITION: 38
----------->     (WARNING)  DB.ExecuteQuery: [88]DBExecuteError - 42703: column "y" does not exist

POSITION: 38
===========>     (SEVERE)   DB.ExecuteQuery: [88] => 42703: column "y" does not exist

POSITION: 34
----------->     (WARNING)  DB.ExecuteQuery: [88]DBExecuteError - 42703: column "y" does not exist

POSITION: 34
===========>     (SEVERE)   DB.ExecuteQuery: [88] => 42703: column "y" does not exist

POSITION: 34
----------->     (WARNING)  DB.ExecuteQuery: [88]DBExecuteError - 42703: column "y" does not exist

POSITION: 34
===========>     (SEVERE)   DB.ExecuteQuery: [88] => 42601: syntax error at or near "=@#"

POSITION: 40
----------->     (WARNING)  DB.ExecuteQuery: [88]DBExecuteError - 42601: syntax error at or near "=@#"

POSITION: 40
===========>     (SEVERE)   DB.ExecuteQuery: [88] => 42601: syntax error at or near "=@#"

POSITION: 37
----------->     (WARNING)  DB.ExecuteQuery: [88]DBExecuteError - 42601: syntax error at or near "=@#"

POSITION: 37
===========>     (SEVERE)   DB.ExecuteQuery: [88] => 42703: column "y" does not exist

POSITION: 36
----------->     (WARNING)  DB.ExecuteQuery: [88]DBExecuteError - 42703: column "y" does not exist

POSITION: 36
===========>     (SEVERE)   DB.ExecuteQuery: [88] => 42601: syntax error at or near "=@#"

POSITION: 38
----------->     (WARNING)  DB.ExecuteQuery: [88]DBExecuteError - 42601: syntax error at or near "=@#"

POSITION: 38
===========>     (SEVERE)   DB.ExecuteQuery: [88] => 42601: syntax error at or near "=@#"

POSITION: 38
----------->     (WARNING)  DB.ExecuteQuery: [88]DBExecuteError - 42601: syntax error at or near "=@#"

POSITION: 38
===========>     (SEVERE)   DB.ExecuteQuery: [88] => 42703: column "y" does not exist

POSITION: 37
----------->     (WARNING)  DB.ExecuteQuery: [88]DBExecuteError - 42703: column "y" does not exist

POSITION: 37
===========>     (SEVERE)   DB.ExecuteQuery: [88] => 42601: syntax error at or near "=@#"

POSITION: 39
----------->     (WARNING)  DB.ExecuteQuery: [88]DBExecuteError - 42601: syntax error at or near "=@#"

POSITION: 39
===========>     (SEVERE)   DB.ExecuteQuery: [88] => 42703: column "y" does not exist

POSITION: 36
----------->     (WARNING)  DB.ExecuteQuery: [88]DBExecuteError - 42703: column "y" does not exist

POSITION: 36
===========>     (SEVERE)   DB.ExecuteQuery: [88] => 42601: syntax error at or near "=@#"

POSITION: 37
----------->     (WARNING)  DB.ExecuteQuery: [88]DBExecuteError - 42601: syntax error at or near "=@#"

POSITION: 37
===========>     (SEVERE)   DB.ExecuteQuery: [88] => 42703: column "y" does not exist

POSITION: 37
----------->     (WARNING)  DB.ExecuteQuery: [88]DBExecuteError - 42703: column "y" does not exist

POSITION: 37
===========>     (SEVERE)   DB.ExecuteQuery: [88] => 42601: syntax error at or near "=@#"

POSITION: 39
----------->     (WARNING)  DB.ExecuteQuery: [88]DBExecuteError - 42601: syntax error at or near "=@#"

POSITION: 39
===========>     (SEVERE)   DB.ExecuteQuery: [88] => 42601: syntax error at or near "=@#"

POSITION: 36
----------->     (WARNING)  DB.ExecuteQuery: [88]DBExecuteError - 42601: syntax error at or near "=@#"

POSITION: 36
===========>     (SEVERE)   DB.ExecuteQuery: [88] => 42703: column "y" does not exist

POSITION: 33
----------->     (WARNING)  DB.ExecuteQuery: [88]DBExecuteError - 42703: column "y" does not exist

POSITION: 33
===========>     (SEVERE)   DB.ExecuteQuery: [88] => 42601: syntax error at or near "=@#"

POSITION: 39
----------->     (WARNING)  DB.ExecuteQuery: [88]DBExecuteError - 42601: syntax error at or near "=@#"

POSITION: 39
===========>     (SEVERE)   DB.ExecuteQuery: [88] => 42601: syntax error at or near "=@#"

POSITION: 50
----------->     (WARNING)  DB.ExecuteQuery: [88]DBExecuteError - 42601: syntax error at or near "=@#"

POSITION: 50
===========>     (SEVERE)   DB.ExecuteQuery: [88] => 42601: syntax error at or near "=@#"

POSITION: 47
----------->     (WARNING)  DB.ExecuteQuery: [88]DBExecuteError - 42601: syntax error at or near "=@#"

POSITION: 47
===========>     (SEVERE)   DB.ExecuteQuery: [88] => 42601: syntax error at or near "=@#"

POSITION: 36
----------->     (WARNING)  DB.ExecuteQuery: [88]DBExecuteError - 42601: syntax error at or near "=@#"

POSITION: 36
===========>     (SEVERE)   DB.ExecuteQuery: [88] => 42601: syntax error at or near "=@#"

POSITION: 33
----------->     (WARNING)  DB.ExecuteQuery: [88]DBExecuteError - 42601: syntax error at or near "=@#"

POSITION: 33
===========>     (SEVERE)   DB.ExecuteQuery: [88] => 42601: syntax error at or near "=@#"

POSITION: 47
----------->     (WARNING)  DB.ExecuteQuery: [88]DBExecuteError - 42601: syntax error at or near "=@#"

POSITION: 47
===========>     (SEVERE)   DB.ExecuteQuery: [88] => 42601: syntax error at or near "=@#"

POSITION: 44
----------->     (WARNING)  DB.ExecuteQuery: [88]DBExecuteError - 42601: syntax error at or near "=@#"

POSITION: 44
===========>     (SEVERE)   DB.ExecuteQuery: [88] => 42601: syntax error at or near "=@#"

POSITION: 38
----------->     (WARNING)  DB.ExecuteQuery: [88]DBExecuteError - 42601: syntax error at or near "=@#"

POSITION: 38
===========>     (SEVERE)   DB.ExecuteQuery: [88] => 42601: syntax error at or near "=@#"

POSITION: 35
----------->     (WARNING)  DB.ExecuteQuery: [88]DBExecuteError - 42601: syntax error at or near "=@#"

POSITION: 35
===========>     (SEVERE)   DB.ExecuteQuery: [88] => 42703: column "y" does not exist

POSITION: 37
----------->     (WARNING)  DB.ExecuteQuery: [88]DBExecuteError - 42703: column "y" does not exist

POSITION: 37
===========>     (SEVERE)   DB.ExecuteQuery: [88] => 42601: syntax error at or near "=@#"

POSITION: 43
----------->     (WARNING)  DB.ExecuteQuery: [88]DBExecuteError - 42601: syntax error at or near "=@#"

POSITION: 43
===========>     (SEVERE)   DB.ExecuteQuery: [88] => 42601: syntax error at or near "=@#"

POSITION: 40
----------->     (WARNING)  DB.ExecuteQuery: [88]DBExecuteError - 42601: syntax error at or near "=@#"

POSITION: 40
===========>     (SEVERE)   DB.ExecuteQuery: [88] => 42601: syntax error at or near "=@#"

POSITION: 47
----------->     (WARNING)  DB.ExecuteQuery: [88]DBExecuteError - 42601: syntax error at or near "=@#"

POSITION: 47
===========>     (SEVERE)   DB.ExecuteQuery: [88] => 42601: syntax error at or near "=@#"

POSITION: 44
----------->     (WARNING)  DB.ExecuteQuery: [88]DBExecuteError - 42601: syntax error at or near "=@#"

POSITION: 44
===========>     (SEVERE)   DB.ExecuteQuery: [88] => 42601: syntax error at or near "=@#"

POSITION: 37
----------->     (WARNING)  DB.ExecuteQuery: [88]DBExecuteError - 42601: syntax error at or near "=@#"

POSITION: 37
===========>     (SEVERE)   DB.ExecuteQuery: [88] => 42703: column "y" does not exist

POSITION: 37
----------->     (WARNING)  DB.ExecuteQuery: [88]DBExecuteError - 42703: column "y" does not exist

POSITION: 37
===========>     (SEVERE)   DB.ExecuteQuery: [88] => 42601: syntax error at or near "=@#"

POSITION: 37
----------->     (WARNING)  DB.ExecuteQuery: [88]DBExecuteError - 42601: syntax error at or near "=@#"

POSITION: 37
===========>     (SEVERE)   DB.ExecuteQuery: [88] => 42703: column "y" does not exist

POSITION: 33
----------->     (WARNING)  DB.ExecuteQuery: [88]DBExecuteError - 42703: column "y" does not exist

POSITION: 33
===========>     (SEVERE)   DB.ExecuteQuery: [88] => 42601: syntax error at or near "=@"

POSITION: 44
----------->     (WARNING)  DB.ExecuteQuery: [88]DBExecuteError - 42601: syntax error at or near "=@"

POSITION: 44
===========>     (SEVERE)   DB.ExecuteQuery: [88] => 42601: syntax error at or near "=@#"

POSITION: 42
----------->     (WARNING)  DB.ExecuteQuery: [88]DBExecuteError - 42601: syntax error at or near "=@#"

POSITION: 42
===========>     (SEVERE)   DB.ExecuteQuery: [88] => 42601: syntax error at or near "=@#"

POSITION: 39
----------->     (WARNING)  DB.ExecuteQuery: [88]DBExecuteError - 42601: syntax error at or near "=@#"

POSITION: 39
===========>     (SEVERE)   DB.ExecuteQuery: [88] => 42703: column "y" does not exist

POSITION: 39
----------->     (WARNING)  DB.ExecuteQuery: [88]DBExecuteError - 42703: column "y" does not exist

POSITION: 39
===========>     (SEVERE)   DB.ExecuteQuery: [88] => 42703: column "y" does not exist

POSITION: 32
----------->     (WARNING)  DB.ExecuteQuery: [88]DBExecuteError - 42703: column "y" does not exist

POSITION: 32
===========>     (SEVERE)   DB.ExecuteQuery: [88] => 42601: syntax error at or near "=@#"

POSITION: 38
----------->     (WARNING)  DB.ExecuteQuery: [88]DBExecuteError - 42601: syntax error at or near "=@#"

POSITION: 38
===========>     (SEVERE)   DB.ExecuteQuery: [88] => 42601: syntax error at or near "=@#"

POSITION: 35
----------->     (WARNING)  DB.ExecuteQuery: [88]DBExecuteError - 42601: syntax error at or near "=@#"

POSITION: 35
===========>     (SEVERE)   DB.ExecuteQuery: [88] => 42601: syntax error at or near "=@"

POSITION: 41
----------->     (WARNING)  DB.ExecuteQuery: [88]DBExecuteError - 42601: syntax error at or near "=@"

POSITION: 41
===========>     (SEVERE)   DB.ExecuteQuery: [88] => 42703: column "y" does not exist

POSITION: 41
----------->     (WARNING)  DB.ExecuteQuery: [88]DBExecuteError - 42703: column "y" does not exist

POSITION: 41
===========>     (SEVERE)   DB.ExecuteQuery: [88] => 42601: syntax error at or near "=@#"

POSITION: 48
----------->     (WARNING)  DB.ExecuteQuery: [88]DBExecuteError - 42601: syntax error at or near "=@#"

POSITION: 48
===========>     (SEVERE)   DB.ExecuteQuery: [88] => 42601: syntax error at or near "=@#"

POSITION: 41
----------->     (WARNING)  DB.ExecuteQuery: [88]DBExecuteError - 42601: syntax error at or near "=@#"

POSITION: 41
===========>     (SEVERE)   DB.ExecuteQuery: [88] => 42601: syntax error at or near "=@#"

POSITION: 31
----------->     (WARNING)  DB.ExecuteQuery: [88]DBExecuteError - 42601: syntax error at or near "=@#"

POSITION: 31
===========>     (SEVERE)   DB.ExecuteQuery: [88] => 42601: syntax error at or near "=@#"

POSITION: 28
----------->     (WARNING)  DB.ExecuteQuery: [88]DBExecuteError - 42601: syntax error at or near "=@#"

POSITION: 28
===========>     (SEVERE)   DB.ExecuteQuery: [88] => 42601: syntax error at or near "=@#"

POSITION: 35
----------->     (WARNING)  DB.ExecuteQuery: [88]DBExecuteError - 42601: syntax error at or near "=@#"

POSITION: 35
===========>     (SEVERE)   DB.ExecuteQuery: [88] => 42601: syntax error at or near "=@#"

POSITION: 32
----------->     (WARNING)  DB.ExecuteQuery: [88]DBExecuteError - 42601: syntax error at or near "=@#"

POSITION: 32
===========>     (SEVERE)   DB.ExecuteQuery: [88] => 42703: column "y" does not exist

POSITION: 38
----------->     (WARNING)  DB.ExecuteQuery: [88]DBExecuteError - 42703: column "y" does not exist

POSITION: 38
===========>     (SEVERE)   DB.ExecuteQuery: [88] => 42601: syntax error at or near "=@#"

POSITION: 39
----------->     (WARNING)  DB.ExecuteQuery: [88]DBExecuteError - 42601: syntax error at or near "=@#"

POSITION: 39
===========>     (SEVERE)   DB.ExecuteQuery: [88] => 42601: syntax error at or near "=@#"

POSITION: 36
----------->     (WARNING)  DB.ExecuteQuery: [88]DBExecuteError - 42601: syntax error at or near "=@#"

POSITION: 36
===========>     (SEVERE)   DB.ExecuteQuery: [88] => 42703: column "y" does not exist

POSITION: 28
----------->     (WARNING)  DB.ExecuteQuery: [88]DBExecuteError - 42703: column "y" does not exist

POSITION: 28
===========>     (SEVERE)   DB.ExecuteQuery: [88] => 42601: syntax error at or near "=@"

POSITION: 34
----------->     (WARNING)  DB.ExecuteQuery: [88]DBExecuteError - 42601: syntax error at or near "=@"

POSITION: 34
===========>     (SEVERE)   DB.ExecuteQuery: [88] => 42703: column "n" does not exist

POSITION: 44
----------->     (WARNING)  DB.ExecuteQuery: [88]DBExecuteError - 42703: column "n" does not exist

POSITION: 44
===========>     (SEVERE)   DB.ExecuteQuery: [88] => 42601: syntax error at or near "=@#"

POSITION: 40
----------->     (WARNING)  DB.ExecuteQuery: [88]DBExecuteError - 42601: syntax error at or near "=@#"

POSITION: 40
===========>     (SEVERE)   DB.ExecuteQuery: [88] => 42601: syntax error at or near "=@#"

POSITION: 37
----------->     (WARNING)  DB.ExecuteQuery: [88]DBExecuteError - 42601: syntax error at or near "=@#"

POSITION: 37
===========>     (SEVERE)   DB.ExecuteQuery: [88] => 42601: syntax error at or near "=@#"

POSITION: 44
----------->     (WARNING)  DB.ExecuteQuery: [88]DBExecuteError - 42601: syntax error at or near "=@#"

POSITION: 44
===========>     (SEVERE)   DB.ExecuteQuery: [88] => 42703: column "y" does not exist

POSITION: 36
----------->     (WARNING)  DB.ExecuteQuery: [88]DBExecuteError - 42703: column "y" does not exist

POSITION: 36
===========>     (SEVERE)   DB.ExecuteQuery: [88] => 42601: syntax error at or near "=@#"

POSITION: 49
----------->     (WARNING)  DB.ExecuteQuery: [88]DBExecuteError - 42601: syntax error at or near "=@#"

POSITION: 49
===========>     (SEVERE)   DB.ExecuteQuery: [88] => 42601: syntax error at or near "=@#"

POSITION: 46
----------->     (WARNING)  DB.ExecuteQuery: [88]DBExecuteError - 42601: syntax error at or near "=@#"

POSITION: 46
===========>     (SEVERE)   DB.ExecuteQuery: [88] => 42601: syntax error at or near "=@#"

POSITION: 40
----------->     (WARNING)  DB.ExecuteQuery: [88]DBExecuteError - 42601: syntax error at or near "=@#"

POSITION: 40
===========>     (SEVERE)   DB.ExecuteQuery: [88] => 42601: syntax error at or near "=@#"

POSITION: 37
----------->     (WARNING)  DB.ExecuteQuery: [88]DBExecuteError - 42601: syntax error at or near "=@#"

POSITION: 37
===========>     (SEVERE)   DB.ExecuteQuery: [88] => 42601: syntax error at or near "=@#"

POSITION: 34
----------->     (WARNING)  DB.ExecuteQuery: [88]DBExecuteError - 42601: syntax error at or near "=@#"

POSITION: 34
===========>     (SEVERE)   DB.ExecuteQuery: [88] => 42703: column "y" does not exist

POSITION: 40
----------->     (WARNING)  DB.ExecuteQuery: [88]DBExecuteError - 42703: column "y" does not exist

POSITION: 40
===========>     (SEVERE)   DB.ExecuteQuery: [88] => 42703: column "y" does not exist

POSITION: 47
----------->     (WARNING)  DB.ExecuteQuery: [88]DBExecuteError - 42703: column "y" does not exist

POSITION: 47
===========>     (SEVERE)   DB.ExecuteQuery: [88] => 42601: syntax error at or near "=@#"

POSITION: 41
----------->     (WARNING)  DB.ExecuteQuery: [88]DBExecuteError - 42601: syntax error at or near "=@#"

POSITION: 41
===========>     (SEVERE)   DB.ExecuteQuery: [88] => 42601: syntax error at or near "=@#"

POSITION: 45
----------->     (WARNING)  DB.ExecuteQuery: [88]DBExecuteError - 42601: syntax error at or near "=@#"

POSITION: 45
===========>     (SEVERE)   DB.ExecuteQuery: [88] => 42601: syntax error at or near "=@#"

POSITION: 38
----------->     (WARNING)  DB.ExecuteQuery: [88]DBExecuteError - 42601: syntax error at or near "=@#"

POSITION: 38
===========>     (SEVERE)   DB.ExecuteQuery: [88] => 42703: column "y" does not exist

POSITION: 35
----------->     (WARNING)  DB.ExecuteQuery: [88]DBExecuteError - 42703: column "y" does not exist

POSITION: 35
===========>     (SEVERE)   DB.ExecuteQuery: [88] => 42601: syntax error at or near "=@#"

POSITION: 34
----------->     (WARNING)  DB.ExecuteQuery: [88]DBExecuteError - 42601: syntax error at or near "=@#"

POSITION: 34
===========>     (SEVERE)   DB.ExecuteQuery: [88] => 42703: column "n" does not exist

POSITION: 35
----------->     (WARNING)  DB.ExecuteQuery: [88]DBExecuteError - 42703: column "n" does not exist

POSITION: 35
===========>     (SEVERE)   DB.ExecuteQuery: [88] => 42601: syntax error at or near "=@#"

POSITION: 39
----------->     (WARNING)  DB.ExecuteQuery: [88]DBExecuteError - 42601: syntax error at or near "=@#"

POSITION: 39
===========>     (SEVERE)   DB.ExecuteQuery: [88] => 42703: column "y" does not exist

POSITION: 44
----------->     (WARNING)  DB.ExecuteQuery: [88]DBExecuteError - 42703: column "y" does not exist

POSITION: 44
===========>     (SEVERE)   DB.ExecuteQuery: [88] => 42703: column "y" does not exist

POSITION: 45
----------->     (WARNING)  DB.ExecuteQuery: [88]DBExecuteError - 42703: column "y" does not exist

POSITION: 45
===========>     (SEVERE)   DB.ExecuteQuery: [88] => 42703: column "y" does not exist

POSITION: 34
----------->     (WARNING)  DB.ExecuteQuery: [88]DBExecuteError - 42703: column "y" does not exist

POSITION: 34
===========>     (SEVERE)   DB.ExecuteQuery: [88] => 42703: column "y" does not exist

POSITION: 35
----------->     (WARNING)  DB.ExecuteQuery: [88]DBExecuteError - 42703: column "y" does not exist

POSITION: 35
===========>     (SEVERE)   DB.ExecuteQuery: [88] => 42703: column "y" does not exist

POSITION: 36
----------->     (WARNING)  DB.ExecuteQuery: [88]DBExecuteError - 42703: column "y" does not exist

POSITION: 36
===========>     (SEVERE)   DB.ExecuteQuery: [88] => 42601: syntax error at or near "=@#"

POSITION: 42
----------->     (WARNING)  DB.ExecuteQuery: [88]DBExecuteError - 42601: syntax error at or near "=@#"

POSITION: 42
===========>     (SEVERE)   DB.ExecuteQuery: [88] => 42703: column "y" does not exist

POSITION: 39
----------->     (WARNING)  DB.ExecuteQuery: [88]DBExecuteError - 42703: column "y" does not exist

POSITION: 39
===========>     (SEVERE)   DB.ExecuteQuery: [88] => 42601: syntax error at or near "=@#"

POSITION: 39
----------->     (WARNING)  DB.ExecuteQuery: [88]DBExecuteError - 42601: syntax error at or near "=@#"

POSITION: 39
===========>     (SEVERE)   DB.ExecuteQuery: [88] => 42601: syntax error at or near "=@#"

POSITION: 44
----------->     (WARNING)  DB.ExecuteQuery: [88]DBExecuteError - 42601: syntax error at or near "=@#"

POSITION: 44
===========>     (SEVERE)   DB.ExecuteQuery: [88] => 42601: syntax error at or near "=@#"

POSITION: 41
----------->     (WARNING)  DB.ExecuteQuery: [88]DBExecuteError - 42601: syntax error at or near "=@#"

POSITION: 41
===========>     (SEVERE)   DB.ExecuteQuery: [88] => 42703: column "y" does not exist

POSITION: 41
----------->     (WARNING)  DB.ExecuteQuery: [88]DBExecuteError - 42703: column "y" does not exist

POSITION: 41
===========>     (SEVERE)   DB.ExecuteQuery: [88] => 42601: syntax error at or near "=@#"

POSITION: 34
----------->     (WARNING)  DB.ExecuteQuery: [88]DBExecuteError - 42601: syntax error at or near "=@#"

POSITION: 34
===========>     (SEVERE)   DB.ExecuteQuery: [88] => 42601: syntax error at or near "=@#"

POSITION: 31
----------->     (WARNING)  DB.ExecuteQuery: [88]DBExecuteError - 42601: syntax error at or near "=@#"

POSITION: 31
===========>     (SEVERE)   DB.ExecuteQuery: [88] => 42703: column "y" does not exist

POSITION: 31
----------->     (WARNING)  DB.ExecuteQuery: [88]DBExecuteError - 42703: column "y" does not exist

POSITION: 31
===========>     (SEVERE)   DB.ExecuteQuery: [88] => 42601: syntax error at or near "=@#"

POSITION: 39
----------->     (WARNING)  DB.ExecuteQuery: [88]DBExecuteError - 42601: syntax error at or near "=@#"

POSITION: 39
===========>     (SEVERE)   DB.ExecuteQuery: [88] => 42601: syntax error at or near "=@"

POSITION: 36
----------->     (WARNING)  DB.ExecuteQuery: [88]DBExecuteError - 42601: syntax error at or near "=@"

POSITION: 36
===========>     (SEVERE)   DB.ExecuteQuery: [88] => 42601: syntax error at or near "=@#"

POSITION: 38
----------->     (WARNING)  DB.ExecuteQuery: [88]DBExecuteError - 42601: syntax error at or near "=@#"

POSITION: 38
===========>     (SEVERE)   DB.ExecuteQuery: [88] => 42601: syntax error at or near "=@"

POSITION: 35
----------->     (WARNING)  DB.ExecuteQuery: [88]DBExecuteError - 42601: syntax error at or near "=@"

POSITION: 35
===========>     (SEVERE)   DB.ExecuteQuery: [88] => 42703: column "y" does not exist

POSITION: 35
----------->     (WARNING)  DB.ExecuteQuery: [88]DBExecuteError - 42703: column "y" does not exist

POSITION: 35
===========>     (SEVERE)   DB.ExecuteQuery: [88] => 42601: syntax error at or near "=@#"

POSITION: 33
----------->     (WARNING)  DB.ExecuteQuery: [88]DBExecuteError - 42601: syntax error at or near "=@#"

POSITION: 33
===========>     (SEVERE)   DB.ExecuteQuery: [88] => 42601: syntax error at or near "=@#"

POSITION: 30
----------->     (WARNING)  DB.ExecuteQuery: [88]DBExecuteError - 42601: syntax error at or near "=@#"

POSITION: 30
===========>     (SEVERE)   DB.ExecuteQuery: [88] => 42703: column "y" does not exist

POSITION: 30
----------->     (WARNING)  DB.ExecuteQuery: [88]DBExecuteError - 42703: column "y" does not exist

POSITION: 30
===========>     (SEVERE)   DB.ExecuteQuery: [88] => 42601: syntax error at or near "=@#"

POSITION: 42
----------->     (WARNING)  DB.ExecuteQuery: [88]DBExecuteError - 42601: syntax error at or near "=@#"

POSITION: 42
===========>     (SEVERE)   DB.ExecuteQuery: [88] => 42601: syntax error at or near "=@#"

POSITION: 39
----------->     (WARNING)  DB.ExecuteQuery: [88]DBExecuteError - 42601: syntax error at or near "=@#"

POSITION: 39
===========>     (SEVERE)   DB.ExecuteQuery: [88] => 42703: column "y" does not exist

POSITION: 39
----------->     (WARNING)  DB.ExecuteQuery: [88]DBExecuteError - 42703: column "y" does not exist

POSITION: 39
===========>     (SEVERE)   DB.ExecuteQuery: [88] => 42601: syntax error at or near "=@#"

POSITION: 47
----------->     (WARNING)  DB.ExecuteQuery: [88]DBExecuteError - 42601: syntax error at or near "=@#"

POSITION: 47
===========>     (SEVERE)   DB.ExecuteQuery: [88] => 42601: syntax error at or near "=@#"

POSITION: 44
----------->     (WARNING)  DB.ExecuteQuery: [88]DBExecuteError - 42601: syntax error at or near "=@#"

POSITION: 44
===========>     (SEVERE)   DB.ExecuteQuery: [88] => 42703: column "y" does not exist

POSITION: 44
----------->     (WARNING)  DB.ExecuteQuery: [88]DBExecuteError - 42703: column "y" does not exist

POSITION: 44
===========>     (SEVERE)   DB.ExecuteQuery: [88] => 42703: column "n" does not exist

POSITION: 45
----------->     (WARNING)  DB.ExecuteQuery: [88]DBExecuteError - 42703: column "n" does not exist

POSITION: 45
===========>     (SEVERE)   DB.ExecuteQuery: [88] => 0A000: cannot alter type of a column used by a view or rule

DETAIL: Detail redacted as it may contain sensitive data. Specify 'Include Error Detail' in the connection string to include this information.
----------->     (WARNING)  DB.ExecuteQuery: [88]DBExecuteError - 0A000: cannot alter type of a column used by a view or rule

DETAIL: Detail redacted as it may contain sensitive data. Specify 'Include Error Detail' in the connection string to include this information.
===========>     (SEVERE)   DB.ExecuteQuery: [88] => 42703: column "y" does not exist

POSITION: 38
----------->     (WARNING)  DB.ExecuteQuery: [88]DBExecuteError - 42703: column "y" does not exist

POSITION: 38
===========>     (SEVERE)   DB.ExecuteQuery: [88] => 42601: syntax error at or near "=@#"

POSITION: 42
----------->     (WARNING)  DB.ExecuteQuery: [88]DBExecuteError - 42601: syntax error at or near "=@#"

POSITION: 42
===========>     (SEVERE)   DB.ExecuteQuery: [88] => 42601: syntax error at or near "=@#"

POSITION: 39
----------->     (WARNING)  DB.ExecuteQuery: [88]DBExecuteError - 42601: syntax error at or near "=@#"

POSITION: 39
===========>     (SEVERE)   DB.ExecuteQuery: [88] => 42703: column "y" does not exist

POSITION: 39
----------->     (WARNING)  DB.ExecuteQuery: [88]DBExecuteError - 42703: column "y" does not exist

POSITION: 39
===========>     (SEVERE)   DB.ExecuteQuery: [88] => 42601: syntax error at or near "=@#"

POSITION: 46
----------->     (WARNING)  DB.ExecuteQuery: [88]DBExecuteError - 42601: syntax error at or near "=@#"

POSITION: 46
===========>     (SEVERE)   DB.ExecuteQuery: [88] => 42601: syntax error at or near "=@#"

POSITION: 43
----------->     (WARNING)  DB.ExecuteQuery: [88]DBExecuteError - 42601: syntax error at or near "=@#"

POSITION: 43
===========>     (SEVERE)   DB.ExecuteQuery: [88] => 42703: column "y" does not exist

POSITION: 43
----------->     (WARNING)  DB.ExecuteQuery: [88]DBExecuteError - 42703: column "y" does not exist

POSITION: 43
===========>     (SEVERE)   DB.ExecuteQuery: [88] => 42601: syntax error at or near "=@#"

POSITION: 43
----------->     (WARNING)  DB.ExecuteQuery: [88]DBExecuteError - 42601: syntax error at or near "=@#"

POSITION: 43
===========>     (SEVERE)   DB.ExecuteQuery: [88] => 42601: syntax error at or near "=@#"

POSITION: 40
----------->     (WARNING)  DB.ExecuteQuery: [88]DBExecuteError - 42601: syntax error at or near "=@#"

POSITION: 40
===========>     (SEVERE)   DB.ExecuteQuery: [88] => 42703: column "y" does not exist

POSITION: 40
----------->     (WARNING)  DB.ExecuteQuery: [88]DBExecuteError - 42703: column "y" does not exist

POSITION: 40
===========>     (SEVERE)   DB.ExecuteQuery: [88] => 42601: syntax error at or near "=@#"

POSITION: 42
----------->     (WARNING)  DB.ExecuteQuery: [88]DBExecuteError - 42601: syntax error at or near "=@#"

POSITION: 42
===========>     (SEVERE)   DB.ExecuteQuery: [88] => 42601: syntax error at or near "=@#"

POSITION: 39
----------->     (WARNING)  DB.ExecuteQuery: [88]DBExecuteError - 42601: syntax error at or near "=@#"

POSITION: 39
===========>     (SEVERE)   DB.ExecuteQuery: [88] => 42703: column "y" does not exist

POSITION: 39
----------->     (WARNING)  DB.ExecuteQuery: [88]DBExecuteError - 42703: column "y" does not exist

POSITION: 39
===========>     (SEVERE)   DB.ExecuteQuery: [88] => 42601: syntax error at or near "=@#"

POSITION: 44
----------->     (WARNING)  DB.ExecuteQuery: [88]DBExecuteError - 42601: syntax error at or near "=@#"

POSITION: 44
===========>     (SEVERE)   DB.ExecuteQuery: [88] => 42601: syntax error at or near "=@#"

POSITION: 41
----------->     (WARNING)  DB.ExecuteQuery: [88]DBExecuteError - 42601: syntax error at or near "=@#"

POSITION: 41
===========>     (SEVERE)   DB.ExecuteQuery: [88] => 42703: column "y" does not exist

POSITION: 41
----------->     (WARNING)  DB.ExecuteQuery: [88]DBExecuteError - 42703: column "y" does not exist

POSITION: 41
===========>     (SEVERE)   DB.ExecuteQuery: [88] => 42703: column "y" does not exist

POSITION: 42
----------->     (WARNING)  DB.ExecuteQuery: [88]DBExecuteError - 42703: column "y" does not exist

POSITION: 42
===========>     (SEVERE)   DB.ExecuteQuery: [88] => 42601: syntax error at or near "=@#"

POSITION: 37
----------->     (WARNING)  DB.ExecuteQuery: [88]DBExecuteError - 42601: syntax error at or near "=@#"

POSITION: 37
===========>     (SEVERE)   DB.ExecuteQuery: [88] => 42601: syntax error at or near "=@#"

POSITION: 34
----------->     (WARNING)  DB.ExecuteQuery: [88]DBExecuteError - 42601: syntax error at or near "=@#"

POSITION: 34
===========>     (SEVERE)   DB.ExecuteQuery: [88] => 42601: syntax error at or near "=@#"

POSITION: 40
----------->     (WARNING)  DB.ExecuteQuery: [88]DBExecuteError - 42601: syntax error at or near "=@#"

POSITION: 40
===========>     (SEVERE)   DB.ExecuteQuery: [88] => 42601: syntax error at or near "=@#"

POSITION: 37
----------->     (WARNING)  DB.ExecuteQuery: [88]DBExecuteError - 42601: syntax error at or near "=@#"

POSITION: 37
===========>     (SEVERE)   DB.ExecuteQuery: [88] => 42703: column "y" does not exist

POSITION: 37
----------->     (WARNING)  DB.ExecuteQuery: [88]DBExecuteError - 42703: column "y" does not exist

POSITION: 37
===========>     (SEVERE)   DB.ExecuteQuery: [88] => 42601: syntax error at or near "=@#"

POSITION: 40
----------->     (WARNING)  DB.ExecuteQuery: [88]DBExecuteError - 42601: syntax error at or near "=@#"

POSITION: 40
===========>     (SEVERE)   DB.ExecuteQuery: [88] => 42703: column "y" does not exist

POSITION: 40
----------->     (WARNING)  DB.ExecuteQuery: [88]DBExecuteError - 42703: column "y" does not exist

POSITION: 40
===========>     (SEVERE)   DB.ExecuteQuery: [88] => 42601: syntax error at or near "=@#"

POSITION: 44
----------->     (WARNING)  DB.ExecuteQuery: [88]DBExecuteError - 42601: syntax error at or near "=@#"

POSITION: 44
===========>     (SEVERE)   DB.ExecuteQuery: [88] => 42601: syntax error at or near "=@#"

POSITION: 41
----------->     (WARNING)  DB.ExecuteQuery: [88]DBExecuteError - 42601: syntax error at or near "=@#"

POSITION: 41
===========>     (SEVERE)   DB.ExecuteQuery: [88] => 42703: column "y" does not exist

POSITION: 46
----------->     (WARNING)  DB.ExecuteQuery: [88]DBExecuteError - 42703: column "y" does not exist

POSITION: 46
===========>     (SEVERE)   DB.ExecuteQuery: [88] => 42703: column "y" does not exist

POSITION: 39
----------->     (WARNING)  DB.ExecuteQuery: [88]DBExecuteError - 42703: column "y" does not exist

POSITION: 39
===========>     (SEVERE)   DB.ExecuteQuery: [88] => 42703: column "y" does not exist

POSITION: 41
----------->     (WARNING)  DB.ExecuteQuery: [88]DBExecuteError - 42703: column "y" does not exist

POSITION: 41
----------->     (WARNING)  MColumn.GetSQLDefaultValue: [88]Get sql default: @SQL=SELECT COALESCE(MAX(SeqNo),0)+10 AS DefaultValue FROM AD_TabPanel WHERE AD_Tab_ID=@AD_Tab_ID@
===========>     (SEVERE)   DB.ExecuteQuery: [88] => 42601: syntax error at or near "=@#"

POSITION: 36
----------->     (WARNING)  DB.ExecuteQuery: [88]DBExecuteError - 42601: syntax error at or near "=@#"

POSITION: 36
===========>     (SEVERE)   DB.ExecuteQuery: [88] => 42703: column "y" does not exist

POSITION: 35
----------->     (WARNING)  DB.ExecuteQuery: [88]DBExecuteError - 42703: column "y" does not exist

POSITION: 35
===========>     (SEVERE)   DB.ExecuteQuery: [88] => 42601: syntax error at or near "=@#"

POSITION: 43
----------->     (WARNING)  DB.ExecuteQuery: [88]DBExecuteError - 42601: syntax error at or near "=@#"

POSITION: 43
===========>     (SEVERE)   DB.ExecuteQuery: [88] => 42601: syntax error at or near "=@#"

POSITION: 30
----------->     (WARNING)  DB.ExecuteQuery: [88]DBExecuteError - 42601: syntax error at or near "=@#"

POSITION: 30
===========>     (SEVERE)   DB.ExecuteQuery: [88] => 42601: syntax error at or near "=@#"

POSITION: 30
----------->     (WARNING)  DB.ExecuteQuery: [88]DBExecuteError - 42601: syntax error at or near "=@#"

POSITION: 30
===========>     (SEVERE)   DB.ExecuteQuery: [88] => 42601: syntax error at or near "=@#"

POSITION: 33
----------->     (WARNING)  DB.ExecuteQuery: [88]DBExecuteError - 42601: syntax error at or near "=@#"

POSITION: 33
===========>     (SEVERE)   DB.ExecuteQuery: [88] => 42703: column "y" does not exist

POSITION: 37
----------->     (WARNING)  DB.ExecuteQuery: [88]DBExecuteError - 42703: column "y" does not exist

POSITION: 37
===========>     (SEVERE)   DB.ExecuteQuery: [88] => 42703: column "y" does not exist

POSITION: 37
----------->     (WARNING)  DB.ExecuteQuery: [88]DBExecuteError - 42703: column "y" does not exist

POSITION: 37
===========>     (SEVERE)   DB.ExecuteQuery: [88] => 42601: syntax error at or near "=@#"

POSITION: 38
----------->     (WARNING)  DB.ExecuteQuery: [88]DBExecuteError - 42601: syntax error at or near "=@#"

POSITION: 38
===========>     (SEVERE)   DB.ExecuteQuery: [88] => 42601: syntax error at or near "=@#"

POSITION: 35
----------->     (WARNING)  DB.ExecuteQuery: [88]DBExecuteError - 42601: syntax error at or near "=@#"

POSITION: 35
===========>     (SEVERE)   DB.ExecuteQuery: [88] => 42601: syntax error at or near "=@#"

POSITION: 42
----------->     (WARNING)  DB.ExecuteQuery: [88]DBExecuteError - 42601: syntax error at or near "=@#"

POSITION: 42
===========>     (SEVERE)   DB.ExecuteQuery: [88] => 42601: syntax error at or near "=@#"

POSITION: 39
----------->     (WARNING)  DB.ExecuteQuery: [88]DBExecuteError - 42601: syntax error at or near "=@#"

POSITION: 39
===========>     (SEVERE)   DB.ExecuteQuery: [88] => 42703: column "y" does not exist

POSITION: 47
----------->     (WARNING)  DB.ExecuteQuery: [88]DBExecuteError - 42703: column "y" does not exist

POSITION: 47
===========>     (SEVERE)   DB.ExecuteQuery: [88] => 42601: syntax error at or near "=@#"

POSITION: 34
----------->     (WARNING)  DB.ExecuteQuery: [88]DBExecuteError - 42601: syntax error at or near "=@#"

POSITION: 34
===========>     (SEVERE)   DB.ExecuteQuery: [88] => 42703: column "y" does not exist

POSITION: 40
----------->     (WARNING)  DB.ExecuteQuery: [88]DBExecuteError - 42703: column "y" does not exist

POSITION: 40
===========>     (SEVERE)   DB.ExecuteQuery: [88] => 42601: syntax error at or near "=@#"

POSITION: 40
----------->     (WARNING)  DB.ExecuteQuery: [88]DBExecuteError - 42601: syntax error at or near "=@#"

POSITION: 40
===========>     (SEVERE)   DB.ExecuteQuery: [88] => 42703: column "y" does not exist

POSITION: 33
----------->     (WARNING)  DB.ExecuteQuery: [88]DBExecuteError - 42703: column "y" does not exist

POSITION: 33
===========>     (SEVERE)   DB.ExecuteQuery: [88] => 42703: column "y" does not exist

POSITION: 38
----------->     (WARNING)  DB.ExecuteQuery: [88]DBExecuteError - 42703: column "y" does not exist

POSITION: 38
===========>     (SEVERE)   DB.ExecuteQuery: [88] => 42601: syntax error at or near "=@#"

POSITION: 37
----------->     (WARNING)  DB.ExecuteQuery: [88]DBExecuteError - 42601: syntax error at or near "=@#"

POSITION: 37
===========>     (SEVERE)   DB.ExecuteQuery: [88] => 42601: syntax error at or near "=@#"

POSITION: 40
----------->     (WARNING)  DB.ExecuteQuery: [88]DBExecuteError - 42601: syntax error at or near "=@#"

POSITION: 40
===========>     (SEVERE)   DB.ExecuteQuery: [88] => 42703: column "y" does not exist

POSITION: 37
----------->     (WARNING)  DB.ExecuteQuery: [88]DBExecuteError - 42703: column "y" does not exist

POSITION: 37
===========>     (SEVERE)   DB.ExecuteQuery: [88] => 42601: syntax error at or near "=@#"

POSITION: 47
----------->     (WARNING)  DB.ExecuteQuery: [88]DBExecuteError - 42601: syntax error at or near "=@#"

POSITION: 47
===========>     (SEVERE)   DB.ExecuteQuery: [88] => 42601: syntax error at or near "=@#"

POSITION: 44
----------->     (WARNING)  DB.ExecuteQuery: [88]DBExecuteError - 42601: syntax error at or near "=@#"

POSITION: 44
===========>     (SEVERE)   DB.ExecuteQuery: [88] => 42703: column "y" does not exist

POSITION: 43
----------->     (WARNING)  DB.ExecuteQuery: [88]DBExecuteError - 42703: column "y" does not exist

POSITION: 43
===========>     (SEVERE)   DB.ExecuteQuery: [88] => 42601: syntax error at or near "=@#"

POSITION: 41
----------->     (WARNING)  DB.ExecuteQuery: [88]DBExecuteError - 42601: syntax error at or near "=@#"

POSITION: 41
===========>     (SEVERE)   DB.ExecuteQuery: [88] => 42601: syntax error at or near "=@#"

POSITION: 44
----------->     (WARNING)  DB.ExecuteQuery: [88]DBExecuteError - 42601: syntax error at or near "=@#"

POSITION: 44
===========>     (SEVERE)   DB.ExecuteQuery: [88] => 42703: column "y" does not exist

POSITION: 41
----------->     (WARNING)  DB.ExecuteQuery: [88]DBExecuteError - 42703: column "y" does not exist

POSITION: 41
===========>     (SEVERE)   DB.ExecuteQuery: [88] => 42703: column "y" does not exist

POSITION: 38
----------->     (WARNING)  DB.ExecuteQuery: [88]DBExecuteError - 42703: column "y" does not exist

POSITION: 38
----------->     (WARNING)  MColumn.GetSQLDefaultValue: [88]Get sql default: @SQL=SELECT COALESCE(MAX(Line),0)+10 AS DefaultValue FROM AD_SurveyItem WHERE AD_Survey_ID=@AD_Survey_ID@
----------->     (WARNING)  MColumn.GetSQLDefaultValue: [88]Get sql default: @SQL=SELECT COALESCE(MAX(Line),0)+10 AS DefaultValue FROM AD_SurveyValue WHERE AD_SurveyItem_ID=@AD_SurveyItem_ID@
----------->     (WARNING)  MColumn.GetSQLDefaultValue: [88]Get sql default: @SQL=SELECT COALESCE(MAX(Line),0)+10 AS DefaultValue FROM AD_SurveyResponseLine WHERE AD_SurveyResponse_ID=@AD_SurveyResponse_ID@
===========>     (SEVERE)   DB.ExecuteQuery: [88] => 42601: syntax error at or near "=@#"

POSITION: 37
----------->     (WARNING)  DB.ExecuteQuery: [88]DBExecuteError - 42601: syntax error at or near "=@#"

POSITION: 37
===========>     (SEVERE)   DB.ExecuteQuery: [88] => 42601: syntax error at or near "=@#"

POSITION: 38
----------->     (WARNING)  DB.ExecuteQuery: [88]DBExecuteError - 42601: syntax error at or near "=@#"

POSITION: 38
===========>     (SEVERE)   DB.ExecuteQuery: [88] => 42703: column "y" does not exist

POSITION: 34
----------->     (WARNING)  DB.ExecuteQuery: [88]DBExecuteError - 42703: column "y" does not exist

POSITION: 34
===========>     (SEVERE)   DB.ExecuteQuery: [88] => 42601: syntax error at or near "=@#"

POSITION: 35
----------->     (WARNING)  DB.ExecuteQuery: [88]DBExecuteError - 42601: syntax error at or near "=@#"

POSITION: 35
===========>     (SEVERE)   DB.ExecuteQuery: [88] => 42703: column "y" does not exist

POSITION: 35
----------->     (WARNING)  DB.ExecuteQuery: [88]DBExecuteError - 42703: column "y" does not exist

POSITION: 35
===========>     (SEVERE)   DB.ExecuteQuery: [88] => 42601: syntax error at or near "=@#"

POSITION: 44
----------->     (WARNING)  DB.ExecuteQuery: [88]DBExecuteError - 42601: syntax error at or near "=@#"

POSITION: 44
===========>     (SEVERE)   DB.ExecuteQuery: [88] => 42601: syntax error at or near "=@#"

POSITION: 41
----------->     (WARNING)  DB.ExecuteQuery: [88]DBExecuteError - 42601: syntax error at or near "=@#"

POSITION: 41
===========>     (SEVERE)   DB.ExecuteQuery: [88] => 42703: column "y" does not exist

POSITION: 41
----------->     (WARNING)  DB.ExecuteQuery: [88]DBExecuteError - 42703: column "y" does not exist

POSITION: 41
===========>     (SEVERE)   DB.ExecuteQuery: [88] => 42601: syntax error at or near "=@#"

POSITION: 45
----------->     (WARNING)  DB.ExecuteQuery: [88]DBExecuteError - 42601: syntax error at or near "=@#"

POSITION: 45
===========>     (SEVERE)   DB.ExecuteQuery: [88] => 42601: syntax error at or near "=@#"

POSITION: 42
----------->     (WARNING)  DB.ExecuteQuery: [88]DBExecuteError - 42601: syntax error at or near "=@#"

POSITION: 42
----------->     (WARNING)  MColumn.GetSQLDefaultValue: [88]Get sql default: @SQL=SELECT COALESCE(MAX(SeqNo),0)+10 AS DefaultValue FROM AD_GridLayout WHERE AD_HeaderLayout_ID=@AD_HeaderLayout_ID@
===========>     (SEVERE)   DB.ExecuteQuery: [88] => 42601: syntax error at or near "=@#"

POSITION: 36
----------->     (WARNING)  DB.ExecuteQuery: [88]DBExecuteError - 42601: syntax error at or near "=@#"

POSITION: 36
===========>     (SEVERE)   DB.ExecuteQuery: [88] => 42601: syntax error at or near "=@#"

POSITION: 33
----------->     (WARNING)  DB.ExecuteQuery: [88]DBExecuteError - 42601: syntax error at or near "=@#"

POSITION: 33
===========>     (SEVERE)   DB.ExecuteQuery: [88] => 42601: syntax error at or near "=@#"

POSITION: 37
----------->     (WARNING)  DB.ExecuteQuery: [88]DBExecuteError - 42601: syntax error at or near "=@#"

POSITION: 37
===========>     (SEVERE)   DB.ExecuteQuery: [88] => 42601: syntax error at or near "=@#"

POSITION: 34
----------->     (WARNING)  DB.ExecuteQuery: [88]DBExecuteError - 42601: syntax error at or near "=@#"

POSITION: 34
===========>     (SEVERE)   DB.ExecuteQuery: [88] => 42703: column "y" does not exist

POSITION: 30
----------->     (WARNING)  DB.ExecuteQuery: [88]DBExecuteError - 42703: column "y" does not exist

POSITION: 30
===========>     (SEVERE)   DB.ExecuteQuery: [88] => 42601: syntax error at or near "=@#"

POSITION: 46
----------->     (WARNING)  DB.ExecuteQuery: [88]DBExecuteError - 42601: syntax error at or near "=@#"

POSITION: 46
===========>     (SEVERE)   DB.ExecuteQuery: [88] => 42601: syntax error at or near "=@#"

POSITION: 43
----------->     (WARNING)  DB.ExecuteQuery: [88]DBExecuteError - 42601: syntax error at or near "=@#"

POSITION: 43
===========>     (SEVERE)   DB.ExecuteQuery: [88] => 42601: syntax error at or near "=@#"

POSITION: 37
----------->     (WARNING)  DB.ExecuteQuery: [88]DBExecuteError - 42601: syntax error at or near "=@#"

POSITION: 37
===========>     (SEVERE)   DB.ExecuteQuery: [88] => 42601: syntax error at or near "=@#"

POSITION: 34
----------->     (WARNING)  DB.ExecuteQuery: [88]DBExecuteError - 42601: syntax error at or near "=@#"

POSITION: 34
----------->     (WARNING)  MColumn.GetSQLDefaultValue: [88]Get sql default: @SQL=SELECT COALESCE(MAX(Sequence),0)+10 AS DefaultValue FROM AD_AlertRuleCondition WHERE AD_AlertRule_ID=@AD_AlertRule_ID@
===========>     (SEVERE)   DB.ExecuteQuery: [88] => 42601: syntax error at or near "=@"

POSITION: 42
----------->     (WARNING)  DB.ExecuteQuery: [88]DBExecuteError - 42601: syntax error at or near "=@"

POSITION: 42
----------->     (WARNING)  MColumn.GetSQLDefaultValue: [88]Get sql default: @SQL=SELECT COALESCE(MAX(SeqNo),0)+10 AS DefaultValue FROM AD_GridLayoutItems WHERE AD_GridLayout_ID IN (SELECT AD_GridLayout_ID from AD_GridLayout where AD_HeaderLayout_ID=@AD_HeaderLayout_ID@)
===========>     (SEVERE)   DB.ExecuteQuery: [88] => 42601: syntax error at or near "=@#"

POSITION: 47
----------->     (WARNING)  DB.ExecuteQuery: [88]DBExecuteError - 42601: syntax error at or near "=@#"

POSITION: 47
===========>     (SEVERE)   DB.ExecuteQuery: [88] => 42601: syntax error at or near "=@#"

POSITION: 44
----------->     (WARNING)  DB.ExecuteQuery: [88]DBExecuteError - 42601: syntax error at or near "=@#"

POSITION: 44
===========>     (SEVERE)   DB.ExecuteQuery: [88] => 42703: column "y" does not exist

POSITION: 44
----------->     (WARNING)  DB.ExecuteQuery: [88]DBExecuteError - 42703: column "y" does not exist

POSITION: 44
===========>     (SEVERE)   DB.ExecuteQuery: [88] => 42601: syntax error at or near "=@#"

POSITION: 34
----------->     (WARNING)  DB.ExecuteQuery: [88]DBExecuteError - 42601: syntax error at or near "=@#"

POSITION: 34
===========>     (SEVERE)   DB.ExecuteQuery: [88] => 42703: column "y" does not exist

POSITION: 34
----------->     (WARNING)  DB.ExecuteQuery: [88]DBExecuteError - 42703: column "y" does not exist

POSITION: 34
===========>     (SEVERE)   DB.ExecuteQuery: [88] => 42703: column "y" does not exist

POSITION: 34
----------->     (WARNING)  DB.ExecuteQuery: [88]DBExecuteError - 42703: column "y" does not exist

POSITION: 34
===========>     (SEVERE)   DB.ExecuteQuery: [88] => 42703: column "y" does not exist

POSITION: 41
----------->     (WARNING)  DB.ExecuteQuery: [88]DBExecuteError - 42703: column "y" does not exist

POSITION: 41
===========>     (SEVERE)   DB.ExecuteQuery: [88] => 42601: syntax error at or near "=@#"

POSITION: 44
----------->     (WARNING)  DB.ExecuteQuery: [88]DBExecuteError - 42601: syntax error at or near "=@#"

POSITION: 44
===========>     (SEVERE)   DB.ExecuteQuery: [88] => 42601: syntax error at or near "=@#"

POSITION: 37
----------->     (WARNING)  DB.ExecuteQuery: [88]DBExecuteError - 42601: syntax error at or near "=@#"

POSITION: 37
===========>     (SEVERE)   DB.ExecuteQuery: [88] => 42703: column "y" does not exist

POSITION: 44
----------->     (WARNING)  DB.ExecuteQuery: [88]DBExecuteError - 42703: column "y" does not exist

POSITION: 44
===========>     (SEVERE)   DB.ExecuteQuery: [88] => 42601: syntax error at or near "=@#"

POSITION: 34
----------->     (WARNING)  DB.ExecuteQuery: [88]DBExecuteError - 42601: syntax error at or near "=@#"

POSITION: 34
===========>     (SEVERE)   DB.ExecuteQuery: [88] => 42601: syntax error at or near "=@#"

POSITION: 43
----------->     (WARNING)  DB.ExecuteQuery: [88]DBExecuteError - 42601: syntax error at or near "=@#"

POSITION: 43
===========>     (SEVERE)   DB.ExecuteQuery: [88] => 42601: syntax error at or near "=@#"

POSITION: 38
----------->     (WARNING)  DB.ExecuteQuery: [88]DBExecuteError - 42601: syntax error at or near "=@#"

POSITION: 38
===========>     (SEVERE)   DB.ExecuteQuery: [88] => 42601: syntax error at or near "=@#"

POSITION: 35
----------->     (WARNING)  DB.ExecuteQuery: [88]DBExecuteError - 42601: syntax error at or near "=@#"

POSITION: 35
===========>     (SEVERE)   DB.ExecuteQuery: [88] => 23502: column "displayname" of relation "ad_form" contains null values
----------->     (WARNING)  DB.ExecuteQuery: [88]DBExecuteError - 23502: column "displayname" of relation "ad_form" contains null values
===========>     (SEVERE)   DB.ExecuteQuery: [88] => 42703: column "y" does not exist

POSITION: 37
----------->     (WARNING)  DB.ExecuteQuery: [88]DBExecuteError - 42703: column "y" does not exist

POSITION: 37
===========>     (SEVERE)   DB.ExecuteQuery: [88] => 42601: syntax error at or near "=@#"

POSITION: 41
----------->     (WARNING)  DB.ExecuteQuery: [88]DBExecuteError - 42601: syntax error at or near "=@#"

POSITION: 41
===========>     (SEVERE)   DB.ExecuteQuery: [88] => 42601: syntax error at or near "=@#"

POSITION: 41
----------->     (WARNING)  DB.ExecuteQuery: [88]DBExecuteError - 42601: syntax error at or near "=@#"

POSITION: 41
===========>     (SEVERE)   DB.ExecuteQuery: [88] => 42601: syntax error at or near "=@#"

POSITION: 37
----------->     (WARNING)  DB.ExecuteQuery: [88]DBExecuteError - 42601: syntax error at or near "=@#"

POSITION: 37
===========>     (SEVERE)   DB.ExecuteQuery: [88] => 42601: syntax error at or near "=@#"

POSITION: 38
----------->     (WARNING)  DB.ExecuteQuery: [88]DBExecuteError - 42601: syntax error at or near "=@#"

POSITION: 38
===========>     (SEVERE)   DB.ExecuteQuery: [88] => 22001: value too long for type character varying(50)
----------->     (WARNING)  DB.ExecuteQuery: [88]DBExecuteError - 22001: value too long for type character varying(50)
===========>     (SEVERE)   DB.ExecuteQuery: [88] => 42601: syntax error at or near "=@#"

POSITION: 35
----------->     (WARNING)  DB.ExecuteQuery: [88]DBExecuteError - 42601: syntax error at or near "=@#"

POSITION: 35
===========>     (SEVERE)   DB.ExecuteQuery: [88] => 42601: syntax error at or near "=@#"

POSITION: 38
----------->     (WARNING)  DB.ExecuteQuery: [88]DBExecuteError - 42601: syntax error at or near "=@#"

POSITION: 38
===========>     (SEVERE)   DB.ExecuteQuery: [88] => 42703: column "y" does not exist

POSITION: 35
----------->     (WARNING)  DB.ExecuteQuery: [88]DBExecuteError - 42703: column "y" does not exist

POSITION: 35
===========>     (SEVERE)   DB.ExecuteQuery: [88] => 42601: syntax error at or near "=@#"

POSITION: 41
----------->     (WARNING)  DB.ExecuteQuery: [88]DBExecuteError - 42601: syntax error at or near "=@#"

POSITION: 41
===========>     (SEVERE)   DB.ExecuteQuery: [88] => 42703: column "y" does not exist

POSITION: 42
----------->     (WARNING)  DB.ExecuteQuery: [88]DBExecuteError - 42703: column "y" does not exist

POSITION: 42
===========>     (SEVERE)   DB.ExecuteQuery: [88] => 42703: column "y" does not exist

POSITION: 44
----------->     (WARNING)  DB.ExecuteQuery: [88]DBExecuteError - 42703: column "y" does not exist

POSITION: 44
===========>     (SEVERE)   DB.ExecuteQuery: [88] => 42601: syntax error at or near "=@#"

POSITION: 38
----------->     (WARNING)  DB.ExecuteQuery: [88]DBExecuteError - 42601: syntax error at or near "=@#"

POSITION: 38
===========>     (SEVERE)   DB.ExecuteQuery: [88] => 42601: syntax error at or near "=@#"

POSITION: 33
----------->     (WARNING)  DB.ExecuteQuery: [88]DBExecuteError - 42601: syntax error at or near "=@#"

POSITION: 33
===========>     (SEVERE)   DB.ExecuteQuery: [88] => 0A000: cannot alter type of a column used by a view or rule

DETAIL: Detail redacted as it may contain sensitive data. Specify 'Include Error Detail' in the connection string to include this information.
----------->     (WARNING)  DB.ExecuteQuery: [88]DBExecuteError - 0A000: cannot alter type of a column used by a view or rule

DETAIL: Detail redacted as it may contain sensitive data. Specify 'Include Error Detail' in the connection string to include this information.
===========>     (SEVERE)   DB.ExecuteQuery: [88] => 42703: column "y" does not exist

POSITION: 36
----------->     (WARNING)  DB.ExecuteQuery: [88]DBExecuteError - 42703: column "y" does not exist

POSITION: 36
===========>     (SEVERE)   DB.ExecuteQuery: [88] => 42703: column "y" does not exist

POSITION: 30
----------->     (WARNING)  DB.ExecuteQuery: [88]DBExecuteError - 42703: column "y" does not exist

POSITION: 30
===========>     (SEVERE)   DB.ExecuteQuery: [88] => 42601: syntax error at or near "=@#"

POSITION: 41
----------->     (WARNING)  DB.ExecuteQuery: [88]DBExecuteError - 42601: syntax error at or near "=@#"

POSITION: 41
===========>     (SEVERE)   DB.ExecuteQuery: [88] => 42601: syntax error at or near "=@#"

POSITION: 38
----------->     (WARNING)  DB.ExecuteQuery: [88]DBExecuteError - 42601: syntax error at or near "=@#"

POSITION: 38
===========>     (SEVERE)   DB.ExecuteQuery: [88] => 42601: syntax error at or near "=@#"

POSITION: 41
----------->     (WARNING)  DB.ExecuteQuery: [88]DBExecuteError - 42601: syntax error at or near "=@#"

POSITION: 41
===========>     (SEVERE)   DB.ExecuteQuery: [88] => 42601: syntax error at or near "=@#"

POSITION: 38
----------->     (WARNING)  DB.ExecuteQuery: [88]DBExecuteError - 42601: syntax error at or near "=@#"

POSITION: 38
===========>     (SEVERE)   DB.ExecuteQuery: [88] => 42601: syntax error at or near "=@#"

POSITION: 35
----------->     (WARNING)  DB.ExecuteQuery: [88]DBExecuteError - 42601: syntax error at or near "=@#"

POSITION: 35
===========>     (SEVERE)   DB.ExecuteQuery: [88] => 42601: syntax error at or near "=@#"

POSITION: 50
----------->     (WARNING)  DB.ExecuteQuery: [88]DBExecuteError - 42601: syntax error at or near "=@#"

POSITION: 50
===========>     (SEVERE)   DB.ExecuteQuery: [88] => 42601: syntax error at or near "=@#"

POSITION: 47
----------->     (WARNING)  DB.ExecuteQuery: [88]DBExecuteError - 42601: syntax error at or near "=@#"

POSITION: 47
===========>     (SEVERE)   DB.ExecuteQuery: [88] => 42601: syntax error at or near "=@#"

POSITION: 42
----------->     (WARNING)  DB.ExecuteQuery: [88]DBExecuteError - 42601: syntax error at or near "=@#"

POSITION: 42
===========>     (SEVERE)   DB.ExecuteQuery: [88] => 0A000: cannot alter type of a column used by a view or rule

DETAIL: Detail redacted as it may contain sensitive data. Specify 'Include Error Detail' in the connection string to include this information.
----------->     (WARNING)  DB.ExecuteQuery: [88]DBExecuteError - 0A000: cannot alter type of a column used by a view or rule

DETAIL: Detail redacted as it may contain sensitive data. Specify 'Include Error Detail' in the connection string to include this information.
===========>     (SEVERE)   DB.ExecuteQuery: [88] => 42601: syntax error at or near "=@#"

POSITION: 40
----------->     (WARNING)  DB.ExecuteQuery: [88]DBExecuteError - 42601: syntax error at or near "=@#"

POSITION: 40
===========>     (SEVERE)   DB.ExecuteQuery: [88] => 42601: syntax error at or near "=@#"

POSITION: 37
----------->     (WARNING)  DB.ExecuteQuery: [88]DBExecuteError - 42601: syntax error at or near "=@#"

POSITION: 37
===========>     (SEVERE)   DB.ExecuteQuery: [88] => 42601: syntax error at or near "=@#"

POSITION: 37
----------->     (WARNING)  DB.ExecuteQuery: [88]DBExecuteError - 42601: syntax error at or near "=@#"

POSITION: 37
===========>     (SEVERE)   DB.ExecuteQuery: [88] => 42601: syntax error at or near "=@#"

POSITION: 34
----------->     (WARNING)  DB.ExecuteQuery: [88]DBExecuteError - 42601: syntax error at or near "=@#"

POSITION: 34
===========>     (SEVERE)   DB.ExecuteQuery: [88] => 42703: column "y" does not exist

POSITION: 34
----------->     (WARNING)  DB.ExecuteQuery: [88]DBExecuteError - 42703: column "y" does not exist

POSITION: 34
===========>     (SEVERE)   DB.ExecuteQuery: [88] => 42703: column "y" does not exist

POSITION: 40
----------->     (WARNING)  DB.ExecuteQuery: [88]DBExecuteError - 42703: column "y" does not exist

POSITION: 40
===========>     (SEVERE)   DB.ExecuteQuery: [88] => 42601: syntax error at or near "=@#"

POSITION: 46
----------->     (WARNING)  DB.ExecuteQuery: [88]DBExecuteError - 42601: syntax error at or near "=@#"

POSITION: 46
===========>     (SEVERE)   DB.ExecuteQuery: [88] => 42601: syntax error at or near "=@#"

POSITION: 43
----------->     (WARNING)  DB.ExecuteQuery: [88]DBExecuteError - 42601: syntax error at or near "=@#"

POSITION: 43
===========>     (SEVERE)   DB.ExecuteQuery: [88] => 42601: syntax error at or near "=@#"

POSITION: 37
----------->     (WARNING)  DB.ExecuteQuery: [88]DBExecuteError - 42601: syntax error at or near "=@#"

POSITION: 37
===========>     (SEVERE)   DB.ExecuteQuery: [88] => 42703: column "y" does not exist

POSITION: 37
----------->     (WARNING)  DB.ExecuteQuery: [88]DBExecuteError - 42703: column "y" does not exist

POSITION: 37
===========>     (SEVERE)   DB.ExecuteQuery: [88] => 42703: column "y" does not exist

POSITION: 29
----------->     (WARNING)  DB.ExecuteQuery: [88]DBExecuteError - 42703: column "y" does not exist

POSITION: 29
===========>     (SEVERE)   DB.ExecuteQuery: [88] => 42703: column "y" does not exist

POSITION: 38
----------->     (WARNING)  DB.ExecuteQuery: [88]DBExecuteError - 42703: column "y" does not exist

POSITION: 38
===========>     (SEVERE)   DB.ExecuteQuery: [88] => 42703: column "y" does not exist

POSITION: 37
----------->     (WARNING)  DB.ExecuteQuery: [88]DBExecuteError - 42703: column "y" does not exist

POSITION: 37
===========>     (SEVERE)   DB.ExecuteQuery: [88] => 0A000: cannot alter type of a column used by a view or rule

DETAIL: Detail redacted as it may contain sensitive data. Specify 'Include Error Detail' in the connection string to include this information.
----------->     (WARNING)  DB.ExecuteQuery: [88]DBExecuteError - 0A000: cannot alter type of a column used by a view or rule

DETAIL: Detail redacted as it may contain sensitive data. Specify 'Include Error Detail' in the connection string to include this information.
===========>     (SEVERE)   DB.ExecuteQuery: [88] => 23502: column "email" of relation "ad_user" contains null values
----------->     (WARNING)  DB.ExecuteQuery: [88]DBExecuteError - 23502: column "email" of relation "ad_user" contains null values
===========>     (SEVERE)   DB.ExecuteQuery: [88] => 42703: column "y" does not exist

POSITION: 39
----------->     (WARNING)  DB.ExecuteQuery: [88]DBExecuteError - 42703: column "y" does not exist

POSITION: 39
===========>     (SEVERE)   DB.ExecuteQuery: [88] => 42703: column "y" does not exist

POSITION: 43
----------->     (WARNING)  DB.ExecuteQuery: [88]DBExecuteError - 42703: column "y" does not exist

POSITION: 43
===========>     (SEVERE)   DB.ExecuteQuery: [88] => 42601: syntax error at or near "=@#"

POSITION: 37
----------->     (WARNING)  DB.ExecuteQuery: [88]DBExecuteError - 42601: syntax error at or near "=@#"

POSITION: 37
===========>     (SEVERE)   DB.ExecuteQuery: [88] => 42601: syntax error at or near "=@#"

POSITION: 40
----------->     (WARNING)  DB.ExecuteQuery: [88]DBExecuteError - 42601: syntax error at or near "=@#"

POSITION: 40
===========>     (SEVERE)   DB.ExecuteQuery: [88] => 42601: syntax error at or near "=@#"

POSITION: 37
----------->     (WARNING)  DB.ExecuteQuery: [88]DBExecuteError - 42601: syntax error at or near "=@#"

POSITION: 37
===========>     (SEVERE)   DB.ExecuteQuery: [88] => 42601: syntax error at or near "=@#"

POSITION: 38
----------->     (WARNING)  DB.ExecuteQuery: [88]DBExecuteError - 42601: syntax error at or near "=@#"

POSITION: 38
===========>     (SEVERE)   DB.ExecuteQuery: [88] => 42601: syntax error at or near "=@#"

POSITION: 35
----------->     (WARNING)  DB.ExecuteQuery: [88]DBExecuteError - 42601: syntax error at or near "=@#"

POSITION: 35
===========>     (SEVERE)   DB.ExecuteQuery: [88] => 42601: syntax error at or near "=@#"

POSITION: 40
----------->     (WARNING)  DB.ExecuteQuery: [88]DBExecuteError - 42601: syntax error at or near "=@#"

POSITION: 40
===========>     (SEVERE)   DB.ExecuteQuery: [88] => 42703: column "y" does not exist

POSITION: 33
----------->     (WARNING)  DB.ExecuteQuery: [88]DBExecuteError - 42703: column "y" does not exist

POSITION: 33
===========>     (SEVERE)   DB.ExecuteQuery: [88] => 42601: syntax error at or near "=@#"

POSITION: 43
----------->     (WARNING)  DB.ExecuteQuery: [88]DBExecuteError - 42601: syntax error at or near "=@#"

POSITION: 43
===========>     (SEVERE)   DB.ExecuteQuery: [88] => 42601: syntax error at or near "=@#"

POSITION: 40
----------->     (WARNING)  DB.ExecuteQuery: [88]DBExecuteError - 42601: syntax error at or near "=@#"

POSITION: 40
===========>     (SEVERE)   DB.ExecuteQuery: [88] => 42601: syntax error at or near "=@#"

POSITION: 43
----------->     (WARNING)  DB.ExecuteQuery: [88]DBExecuteError - 42601: syntax error at or near "=@#"

POSITION: 43
===========>     (SEVERE)   DB.ExecuteQuery: [88] => 42703: column "y" does not exist

POSITION: 34
----------->     (WARNING)  DB.ExecuteQuery: [88]DBExecuteError - 42703: column "y" does not exist

POSITION: 34
===========>     (SEVERE)   DB.ExecuteQuery: [88] => 42601: syntax error at or near "=@#"

POSITION: 36
----------->     (WARNING)  DB.ExecuteQuery: [88]DBExecuteError - 42601: syntax error at or near "=@#"

POSITION: 36
===========>     (SEVERE)   DB.ExecuteQuery: [88] => 42703: column "y" does not exist

POSITION: 34
----------->     (WARNING)  DB.ExecuteQuery: [88]DBExecuteError - 42703: column "y" does not exist

POSITION: 34
===========>     (SEVERE)   DB.ExecuteQuery: [88] => 42601: syntax error at or near "=@#"

POSITION: 41
----------->     (WARNING)  DB.ExecuteQuery: [88]DBExecuteError - 42601: syntax error at or near "=@#"

POSITION: 41
===========>     (SEVERE)   DB.ExecuteQuery: [88] => 42601: syntax error at or near "=@#"

POSITION: 40
----------->     (WARNING)  DB.ExecuteQuery: [88]DBExecuteError - 42601: syntax error at or near "=@#"

POSITION: 40
===========>     (SEVERE)   DB.ExecuteQuery: [88] => 42601: syntax error at or near "=@#"

POSITION: 45
----------->     (WARNING)  DB.ExecuteQuery: [88]DBExecuteError - 42601: syntax error at or near "=@#"

POSITION: 45
===========>     (SEVERE)   DB.ExecuteQuery: [88] => 42601: syntax error at or near "=@#"

POSITION: 42
----------->     (WARNING)  DB.ExecuteQuery: [88]DBExecuteError - 42601: syntax error at or near "=@#"

POSITION: 42
===========>     (SEVERE)   DB.ExecuteQuery: [88] => 42703: column "y" does not exist

POSITION: 34
----------->     (WARNING)  DB.ExecuteQuery: [88]DBExecuteError - 42703: column "y" does not exist

POSITION: 34
===========>     (SEVERE)   DB.ExecuteQuery: [88] => 23502: column "name" of relation "ad_groupinfo" contains null values
----------->     (WARNING)  DB.ExecuteQuery: [88]DBExecuteError - 23502: column "name" of relation "ad_groupinfo" contains null values
===========>     (SEVERE)   DB.ExecuteQuery: [88] => 42601: syntax error at or near "=@#"

POSITION: 40
----------->     (WARNING)  DB.ExecuteQuery: [88]DBExecuteError - 42601: syntax error at or near "=@#"

POSITION: 40
===========>     (SEVERE)   DB.ExecuteQuery: [88] => 0A000: cannot alter type of a column used by a view or rule

DETAIL: Detail redacted as it may contain sensitive data. Specify 'Include Error Detail' in the connection string to include this information.
----------->     (WARNING)  DB.ExecuteQuery: [88]DBExecuteError - 0A000: cannot alter type of a column used by a view or rule

DETAIL: Detail redacted as it may contain sensitive data. Specify 'Include Error Detail' in the connection string to include this information.
===========>     (SEVERE)   DB.ExecuteQuery: [88] => 42601: syntax error at or near "=@#"

POSITION: 39
----------->     (WARNING)  DB.ExecuteQuery: [88]DBExecuteError - 42601: syntax error at or near "=@#"

POSITION: 39
===========>     (SEVERE)   DB.ExecuteQuery: [88] => 42601: syntax error at or near "=@#"

POSITION: 33
----------->     (WARNING)  DB.ExecuteQuery: [88]DBExecuteError - 42601: syntax error at or near "=@#"

POSITION: 33
===========>     (SEVERE)   DB.ExecuteQuery: [88] => 42703: column "y" does not exist

POSITION: 35
----------->     (WARNING)  DB.ExecuteQuery: [88]DBExecuteError - 42703: column "y" does not exist

POSITION: 35
===========>     (SEVERE)   DB.ExecuteQuery: [88] => 42601: syntax error at or near "=@#"

POSITION: 39
----------->     (WARNING)  DB.ExecuteQuery: [88]DBExecuteError - 42601: syntax error at or near "=@#"

POSITION: 39
===========>     (SEVERE)   DB.ExecuteQuery: [88] => 42601: syntax error at or near "=@#"

POSITION: 36
----------->     (WARNING)  DB.ExecuteQuery: [88]DBExecuteError - 42601: syntax error at or near "=@#"

POSITION: 36
===========>     (SEVERE)   DB.ExecuteQuery: [88] => 42703: column "y" does not exist

POSITION: 36
----------->     (WARNING)  DB.ExecuteQuery: [88]DBExecuteError - 42703: column "y" does not exist

POSITION: 36
===========>     (SEVERE)   DB.ExecuteQuery: [88] => 42601: syntax error at or near "=@#"

POSITION: 42
----------->     (WARNING)  DB.ExecuteQuery: [88]DBExecuteError - 42601: syntax error at or near "=@#"

POSITION: 42
===========>     (SEVERE)   DB.ExecuteQuery: [88] => 42601: syntax error at or near "=@#"

POSITION: 39
----------->     (WARNING)  DB.ExecuteQuery: [88]DBExecuteError - 42601: syntax error at or near "=@#"

POSITION: 39
===========>     (SEVERE)   DB.ExecuteQuery: [88] => 42703: column "y" does not exist

POSITION: 39
----------->     (WARNING)  DB.ExecuteQuery: [88]DBExecuteError - 42703: column "y" does not exist

POSITION: 39
===========>     (SEVERE)   DB.ExecuteQuery: [88] => 42703: column "v" does not exist

POSITION: 42
----------->     (WARNING)  DB.ExecuteQuery: [88]DBExecuteError - 42703: column "v" does not exist

POSITION: 42
===========>     (SEVERE)   DB.ExecuteQuery: [88] => 42601: syntax error at or near "=@#"

POSITION: 36
----------->     (WARNING)  DB.ExecuteQuery: [88]DBExecuteError - 42601: syntax error at or near "=@#"

POSITION: 36
===========>     (SEVERE)   DB.ExecuteQuery: [88] => 42601: syntax error at or near "=@#"

POSITION: 33
----------->     (WARNING)  DB.ExecuteQuery: [88]DBExecuteError - 42601: syntax error at or near "=@#"

POSITION: 33
===========>     (SEVERE)   DB.ExecuteQuery: [88] => 42703: column "y" does not exist

POSITION: 33
----------->     (WARNING)  DB.ExecuteQuery: [88]DBExecuteError - 42703: column "y" does not exist

POSITION: 33
===========>     (SEVERE)   DB.ExecuteQuery: [88] => 42601: syntax error at or near "=@#"

POSITION: 38
----------->     (WARNING)  DB.ExecuteQuery: [88]DBExecuteError - 42601: syntax error at or near "=@#"

POSITION: 38
===========>     (SEVERE)   DB.ExecuteQuery: [88] => 42601: syntax error at or near "=@#"

POSITION: 35
----------->     (WARNING)  DB.ExecuteQuery: [88]DBExecuteError - 42601: syntax error at or near "=@#"

POSITION: 35
===========>     (SEVERE)   DB.ExecuteQuery: [88] => 42703: column "y" does not exist

POSITION: 35
----------->     (WARNING)  DB.ExecuteQuery: [88]DBExecuteError - 42703: column "y" does not exist

POSITION: 35
===========>     (SEVERE)   DB.ExecuteQuery: [88] => 42601: syntax error at or near "=@#"

POSITION: 43
----------->     (WARNING)  DB.ExecuteQuery: [88]DBExecuteError - 42601: syntax error at or near "=@#"

POSITION: 43
===========>     (SEVERE)   DB.ExecuteQuery: [88] => 42601: syntax error at or near "=@#"

POSITION: 40
----------->     (WARNING)  DB.ExecuteQuery: [88]DBExecuteError - 42601: syntax error at or near "=@#"

POSITION: 40
===========>     (SEVERE)   DB.ExecuteQuery: [88] => 42703: column "y" does not exist

POSITION: 40
----------->     (WARNING)  DB.ExecuteQuery: [88]DBExecuteError - 42703: column "y" does not exist

POSITION: 40
===========>     (SEVERE)   DB.ExecuteQuery: [88] => 42601: syntax error at or near "=@#"

POSITION: 39
----------->     (WARNING)  DB.ExecuteQuery: [88]DBExecuteError - 42601: syntax error at or near "=@#"

POSITION: 39
===========>     (SEVERE)   DB.ExecuteQuery: [88] => 42601: syntax error at or near "=@#"

POSITION: 36
----------->     (WARNING)  DB.ExecuteQuery: [88]DBExecuteError - 42601: syntax error at or near "=@#"

POSITION: 36
===========>     (SEVERE)   DB.ExecuteQuery: [88] => 42703: column "y" does not exist

POSITION: 36
----------->     (WARNING)  DB.ExecuteQuery: [88]DBExecuteError - 42703: column "y" does not exist

POSITION: 36
----------->     (WARNING)  MColumn.GetSQLDefaultValue: [88]Get sql default: @SQL=SELECT CASE WHEN WidgetType = 'D' THEN 'VIS.dynamicWidget' ELSE '' END AS DefaultValue FROM AD_Widget WHERE AD_Widget_ID=@AD_Widget_ID@
===========>     (SEVERE)   DB.ExecuteQuery: [88] => 42601: syntax error at or near "=@#"

POSITION: 34
----------->     (WARNING)  DB.ExecuteQuery: [88]DBExecuteError - 42601: syntax error at or near "=@#"

POSITION: 34
===========>     (SEVERE)   DB.ExecuteQuery: [88] => 42601: syntax error at or near "=@#"

POSITION: 31
----------->     (WARNING)  DB.ExecuteQuery: [88]DBExecuteError - 42601: syntax error at or near "=@#"

POSITION: 31
===========>     (SEVERE)   DB.ExecuteQuery: [88] => 42703: column "y" does not exist

POSITION: 31
----------->     (WARNING)  DB.ExecuteQuery: [88]DBExecuteError - 42703: column "y" does not exist

POSITION: 31
----------->     (WARNING)  MColumn.GetSQLDefaultValue: [88]Get sql default: @SQL=SELECT COALESCE(MAX(SeqNo),0)+10 AS DefaultValue FROM AD_WidgetField WHERE AD_Widget_ID =@AD_Widget_ID@
===========>     (SEVERE)   DB.ExecuteQuery: [88] => 42601: syntax error at or near "=@"

POSITION: 32
----------->     (WARNING)  DB.ExecuteQuery: [88]DBExecuteError - 42601: syntax error at or near "=@"

POSITION: 32
----------->     (WARNING)  MColumn.GetSQLDefaultValue: [88]Get sql default: @SQL=SELECT NVL(MAX(Sequence),0)+10 AS DefaultValue FROM AD_WidgetSize WHERE AD_Widget_ID=@AD_Widget_ID@
===========>     (SEVERE)   DB.ExecuteQuery: [88] => 42601: syntax error at or near "=@#"

POSITION: 46
----------->     (WARNING)  DB.ExecuteQuery: [88]DBExecuteError - 42601: syntax error at or near "=@#"

POSITION: 46
===========>     (SEVERE)   DB.ExecuteQuery: [88] => 42601: syntax error at or near "=@#"

POSITION: 43
----------->     (WARNING)  DB.ExecuteQuery: [88]DBExecuteError - 42601: syntax error at or near "=@#"

POSITION: 43
===========>     (SEVERE)   DB.ExecuteQuery: [88] => 42703: column "y" does not exist

POSITION: 43
----------->     (WARNING)  DB.ExecuteQuery: [88]DBExecuteError - 42703: column "y" does not exist

POSITION: 43
===========>     (SEVERE)   DB.ExecuteQuery: [88] => 42601: syntax error at or near "=@#"

POSITION: 37
----------->     (WARNING)  DB.ExecuteQuery: [88]DBExecuteError - 42601: syntax error at or near "=@#"

POSITION: 37
===========>     (SEVERE)   DB.ExecuteQuery: [88] => 42601: syntax error at or near "=@#"

POSITION: 34
----------->     (WARNING)  DB.ExecuteQuery: [88]DBExecuteError - 42601: syntax error at or near "=@#"

POSITION: 34
===========>     (SEVERE)   DB.ExecuteQuery: [88] => 42703: column "y" does not exist

POSITION: 34
----------->     (WARNING)  DB.ExecuteQuery: [88]DBExecuteError - 42703: column "y" does not exist

POSITION: 34
===========>     (SEVERE)   DB.ExecuteQuery: [88] => 42601: syntax error at or near "=@#"

POSITION: 36
----------->     (WARNING)  DB.ExecuteQuery: [88]DBExecuteError - 42601: syntax error at or near "=@#"

POSITION: 36
===========>     (SEVERE)   DB.ExecuteQuery: [88] => 42601: syntax error at or near "=@#"

POSITION: 33
----------->     (WARNING)  DB.ExecuteQuery: [88]DBExecuteError - 42601: syntax error at or near "=@#"

POSITION: 33
===========>     (SEVERE)   DB.ExecuteQuery: [88] => 42703: column "y" does not exist

POSITION: 33
----------->     (WARNING)  DB.ExecuteQuery: [88]DBExecuteError - 42703: column "y" does not exist

POSITION: 33
===========>     (SEVERE)   DB.ExecuteQuery: [88] => 42601: syntax error at or near "=@#"

POSITION: 49
----------->     (WARNING)  DB.ExecuteQuery: [88]DBExecuteError - 42601: syntax error at or near "=@#"

POSITION: 49
===========>     (SEVERE)   DB.ExecuteQuery: [88] => 42601: syntax error at or near "=@#"

POSITION: 46
----------->     (WARNING)  DB.ExecuteQuery: [88]DBExecuteError - 42601: syntax error at or near "=@#"

POSITION: 46
===========>     (SEVERE)   DB.ExecuteQuery: [88] => 42703: column "y" does not exist

POSITION: 46
----------->     (WARNING)  DB.ExecuteQuery: [88]DBExecuteError - 42703: column "y" does not exist

POSITION: 46
===========>     (SEVERE)   DB.ExecuteQuery: [88] => 42601: syntax error at or near "=@#"

POSITION: 36
----------->     (WARNING)  DB.ExecuteQuery: [88]DBExecuteError - 42601: syntax error at or near "=@#"

POSITION: 36
===========>     (SEVERE)   DB.ExecuteQuery: [88] => 42601: syntax error at or near "=@#"

POSITION: 33
----------->     (WARNING)  DB.ExecuteQuery: [88]DBExecuteError - 42601: syntax error at or near "=@#"

POSITION: 33
===========>     (SEVERE)   DB.ExecuteQuery: [88] => 42703: column "y" does not exist

POSITION: 33
----------->     (WARNING)  DB.ExecuteQuery: [88]DBExecuteError - 42703: column "y" does not exist

POSITION: 33
===========>     (SEVERE)   DB.ExecuteQuery: [88] => 42601: syntax error at or near "=@#"

POSITION: 42
----------->     (WARNING)  DB.ExecuteQuery: [88]DBExecuteError - 42601: syntax error at or near "=@#"

POSITION: 42
===========>     (SEVERE)   DB.ExecuteQuery: [88] => 42601: syntax error at or near "=@#"

POSITION: 39
----------->     (WARNING)  DB.ExecuteQuery: [88]DBExecuteError - 42601: syntax error at or near "=@#"

POSITION: 39
===========>     (SEVERE)   DB.ExecuteQuery: [88] => 42703: column "y" does not exist

POSITION: 39
----------->     (WARNING)  DB.ExecuteQuery: [88]DBExecuteError - 42703: column "y" does not exist

POSITION: 39
===========>     (SEVERE)   DB.ExecuteQuery: [88] => 42601: syntax error at or near "=@#"

POSITION: 40
----------->     (WARNING)  DB.ExecuteQuery: [88]DBExecuteError - 42601: syntax error at or near "=@#"

POSITION: 40
===========>     (SEVERE)   DB.ExecuteQuery: [88] => 42601: syntax error at or near "=@#"

POSITION: 37
----------->     (WARNING)  DB.ExecuteQuery: [88]DBExecuteError - 42601: syntax error at or near "=@#"

POSITION: 37
===========>     (SEVERE)   DB.ExecuteQuery: [88] => 42703: column "y" does not exist

POSITION: 37
----------->     (WARNING)  DB.ExecuteQuery: [88]DBExecuteError - 42703: column "y" does not exist

POSITION: 37
===========>     (SEVERE)   DB.ExecuteQuery: [88] => 42601: syntax error at or near "=@#"

POSITION: 43
----------->     (WARNING)  DB.ExecuteQuery: [88]DBExecuteError - 42601: syntax error at or near "=@#"

POSITION: 43
===========>     (SEVERE)   DB.ExecuteQuery: [88] => 42601: syntax error at or near "=@#"

POSITION: 40
----------->     (WARNING)  DB.ExecuteQuery: [88]DBExecuteError - 42601: syntax error at or near "=@#"

POSITION: 40
===========>     (SEVERE)   DB.ExecuteQuery: [88] => 42703: column "y" does not exist

POSITION: 40
----------->     (WARNING)  DB.ExecuteQuery: [88]DBExecuteError - 42703: column "y" does not exist

POSITION: 40
===========>     (SEVERE)   DB.ExecuteQuery: [88] => 42601: syntax error at or near "=@#"

POSITION: 41
----------->     (WARNING)  DB.ExecuteQuery: [88]DBExecuteError - 42601: syntax error at or near "=@#"

POSITION: 41
===========>     (SEVERE)   DB.ExecuteQuery: [88] => 42601: syntax error at or near "=@#"

POSITION: 38
----------->     (WARNING)  DB.ExecuteQuery: [88]DBExecuteError - 42601: syntax error at or near "=@#"

POSITION: 38
===========>     (SEVERE)   DB.ExecuteQuery: [88] => 42703: column "y" does not exist

POSITION: 38
----------->     (WARNING)  DB.ExecuteQuery: [88]DBExecuteError - 42703: column "y" does not exist

POSITION: 38
===========>     (SEVERE)   DB.ExecuteQuery: [88] => 42601: syntax error at or near "=@#"

POSITION: 38
----------->     (WARNING)  DB.ExecuteQuery: [88]DBExecuteError - 42601: syntax error at or near "=@#"

POSITION: 38
===========>     (SEVERE)   DB.ExecuteQuery: [88] => 42601: syntax error at or near "=@#"

POSITION: 35
----------->     (WARNING)  DB.ExecuteQuery: [88]DBExecuteError - 42601: syntax error at or near "=@#"

POSITION: 35
===========>     (SEVERE)   DB.ExecuteQuery: [88] => 42703: column "y" does not exist

POSITION: 35
----------->     (WARNING)  DB.ExecuteQuery: [88]DBExecuteError - 42703: column "y" does not exist

POSITION: 35
===========>     (SEVERE)   DB.ExecuteQuery: [88] => 42601: syntax error at or near "=@#"

POSITION: 34
----------->     (WARNING)  DB.ExecuteQuery: [88]DBExecuteError - 42601: syntax error at or near "=@#"

POSITION: 34
===========>     (SEVERE)   DB.ExecuteQuery: [88] => 42601: syntax error at or near "=@#"

POSITION: 31
----------->     (WARNING)  DB.ExecuteQuery: [88]DBExecuteError - 42601: syntax error at or near "=@#"

POSITION: 31
===========>     (SEVERE)   DB.ExecuteQuery: [88] => 42703: column "y" does not exist

POSITION: 31
----------->     (WARNING)  DB.ExecuteQuery: [88]DBExecuteError - 42703: column "y" does not exist

POSITION: 31
===========>     (SEVERE)   DB.ExecuteQuery: [88] => 42601: syntax error at or near "=@#"

POSITION: 35
----------->     (WARNING)  DB.ExecuteQuery: [88]DBExecuteError - 42601: syntax error at or near "=@#"

POSITION: 35
===========>     (SEVERE)   DB.ExecuteQuery: [88] => 42601: syntax error at or near "=@#"

POSITION: 32
----------->     (WARNING)  DB.ExecuteQuery: [88]DBExecuteError - 42601: syntax error at or near "=@#"

POSITION: 32
===========>     (SEVERE)   DB.ExecuteQuery: [88] => 42703: column "y" does not exist

POSITION: 32
----------->     (WARNING)  DB.ExecuteQuery: [88]DBExecuteError - 42703: column "y" does not exist

POSITION: 32
===========>     (SEVERE)   DB.ExecuteQuery: [88] => 42704: index "pk1000494" does not exist
----------->     (WARNING)  DB.ExecuteQuery: [88]DBExecuteError - 42704: index "pk1000494" does not exist
===========>     (SEVERE)   DB.ExecuteQuery: [88] => 42601: syntax error at or near "ENABLE"

POSITION: 111
----------->     (WARNING)  DB.ExecuteQuery: [88]DBExecuteError - 42601: syntax error at or near "ENABLE"

POSITION: 111
===========>     (SEVERE)   DB.ExecuteQuery: [88] => 42P07: relation "upc_uniqueman" already exists
----------->     (WARNING)  DB.ExecuteQuery: [88]DBExecuteError - 42P07: relation "upc_uniqueman" already exists
===========>     (SEVERE)   DB.ExecuteQuery: [88] => 42P07: relation "upc_uniqueprd" already exists
----------->     (WARNING)  DB.ExecuteQuery: [88]DBExecuteError - 42P07: relation "upc_uniqueprd" already exists
===========>     (SEVERE)   DB.ExecuteQuery: [88] => 42P07: relation "upc_uniqueuom" already exists
----------->     (WARNING)  DB.ExecuteQuery: [88]DBExecuteError - 42P07: relation "upc_uniqueuom" already exists
===========>     (SEVERE)   DB.ExecuteQuery: [88] => 42601: syntax error at or near "window"

POSITION: 46
----------->     (WARNING)  DB.ExecuteQuery: [88]DBExecuteError - 42601: syntax error at or near "window"

POSITION: 46
===========>     (SEVERE)   DB.ExecuteQuery: [88] => 42601: syntax error at or near "AS"

POSITION: 125
----------->     (WARNING)  DB.ExecuteQuery: [88]DBExecuteError - 42601: syntax error at or near "AS"

POSITION: 125
===========>     (SEVERE)   DB.ExecuteQuery: [88] => 42601: syntax error at or near "AS"

POSITION: 221
----------->     (WARNING)  DB.ExecuteQuery: [88]DBExecuteError - 42601: syntax error at or near "AS"

POSITION: 221
===========>     (SEVERE)   DB.ExecuteQuery: [88] => 42P07: relation "c_teammember_user" already exists
----------->     (WARNING)  DB.ExecuteQuery: [88]DBExecuteError - 42P07: relation "c_teammember_user" already exists
===========>     (SEVERE)   DB.ExecuteQuery: [88] => 42P16: multiple primary keys for table "ad_sequence_no" are not allowed
----------->     (WARNING)  DB.ExecuteQuery: [88]DBExecuteError - 42P16: multiple primary keys for table "ad_sequence_no" are not allowed
===========>     (SEVERE)   DB.ExecuteQuery: [88] => 42P07: relation "searchkey_uniqueinfo" already exists
----------->     (WARNING)  DB.ExecuteQuery: [88]DBExecuteError - 42P07: relation "searchkey_uniqueinfo" already exists
===========>     (SEVERE)   DB.ExecuteQuery: [88] => 42P07: relation "headerpanel_unique" already exists
----------->     (WARNING)  DB.ExecuteQuery: [88]DBExecuteError - 42P07: relation "headerpanel_unique" already exists
===========>     (SEVERE)   DB.ExecuteQuery: [88] => 42P07: relation "gridlayout_unique" already exists
----------->     (WARNING)  DB.ExecuteQuery: [88]DBExecuteError - 42P07: relation "gridlayout_unique" already exists
===========>     (SEVERE)   DB.ExecuteQuery: [88] => 42P07: relation "gridlayoutitempanel_unique" already exists
----------->     (WARNING)  DB.ExecuteQuery: [88]DBExecuteError - 42P07: relation "gridlayoutitempanel_unique" already exists
===========>     (SEVERE)   DB.ExecuteQuery: [88] => 42601: syntax error at or near "FORCE"

POSITION: 19
----------->     (WARNING)  DB.ExecuteQuery: [88]DBExecuteError - 42601: syntax error at or near "FORCE"

POSITION: 19
===========>     (SEVERE)   DB.ExecuteQuery: [88] => 42P07: relation "unqsysconfig" already exists
----------->     (WARNING)  DB.ExecuteQuery: [88]DBExecuteError - 42P07: relation "unqsysconfig" already exists
===========>     (SEVERE)   DB.ExecuteQuery: [88] => 42703: column "ad_shortcut_trl_id" of relation "ad_shortcut_trl" does not exist
----------->     (WARNING)  DB.ExecuteQuery: [88]DBExecuteError - 42703: column "ad_shortcut_trl_id" of relation "ad_shortcut_trl" does not exist
===========>     (SEVERE)   DB.ExecuteQuery: [88] => 42883: operator does not exist: timestamp with time zone - integer

POSITION: 52
----------->     (WARNING)  DB.ExecuteQuery: [88]DBExecuteError - 42883: operator does not exist: timestamp with time zone - integer

POSITION: 52
===========>     (SEVERE)   DB.ExecuteQuery: [88] => 23505: duplicate key value violates unique constraint "ad_reference_pkey"

DETAIL: Detail redacted as it may contain sensitive data. Specify 'Include Error Detail' in the connection string to include this information.
----------->     (WARNING)  DB.ExecuteQuery: [88]DBExecuteError - 23505: duplicate key value violates unique constraint "ad_reference_pkey"

DETAIL: Detail redacted as it may contain sensitive data. Specify 'Include Error Detail' in the connection string to include this information.
===========>     (SEVERE)   DB.ExecuteQuery: [88] => VISDBERRORCOLUMN: VALUE,AD_REFERENCE_ID
----------->     (WARNING)  DB.ExecuteQuery: [88]DBExecuteError - VISDBERRORCOLUMN: VALUE,AD_REFERENCE_ID
===========>     (SEVERE)   DB.ExecuteQuery: [88] => VISDBERRORCOLUMN: VALUE,AD_REFERENCE_ID
----------->     (WARNING)  DB.ExecuteQuery: [88]DBExecuteError - VISDBERRORCOLUMN: VALUE,AD_REFERENCE_ID
===========>     (SEVERE)   DB.ExecuteQuery: [88] => VISDBERRORCOLUMN: VALUE,AD_REFERENCE_ID
----------->     (WARNING)  DB.ExecuteQuery: [88]DBExecuteError - VISDBERRORCOLUMN: VALUE,AD_REFERENCE_ID
===========>     (SEVERE)   DB.ExecuteQuery: [88] => VISDBERRORCOLUMN: VALUE,AD_REFERENCE_ID
----------->     (WARNING)  DB.ExecuteQuery: [88]DBExecuteError - VISDBERRORCOLUMN: VALUE,AD_REFERENCE_ID
===========>     (SEVERE)   DB.ExecuteQuery: [88] => VISDBERRORCOLUMN: VALUE,AD_REFERENCE_ID
----------->     (WARNING)  DB.ExecuteQuery: [88]DBExecuteError - VISDBERRORCOLUMN: VALUE,AD_REFERENCE_ID
===========>     (SEVERE)   DB.ExecuteQuery: [88] => VISDBERRORCOLUMN: VALUE,AD_REFERENCE_ID
----------->     (WARNING)  DB.ExecuteQuery: [88]DBExecuteError - VISDBERRORCOLUMN: VALUE,AD_REFERENCE_ID
===========>     (SEVERE)   DB.ExecuteQuery: [88] => VISDBERRORCOLUMN: VALUE,AD_REFERENCE_ID
----------->     (WARNING)  DB.ExecuteQuery: [88]DBExecuteError - VISDBERRORCOLUMN: VALUE,AD_REFERENCE_ID
===========>     (SEVERE)   DB.ExecuteQuery: [88] => VISDBERRORCOLUMN: VALUE,AD_REFERENCE_ID
----------->     (WARNING)  DB.ExecuteQuery: [88]DBExecuteError - VISDBERRORCOLUMN: VALUE,AD_REFERENCE_ID
===========>     (SEVERE)   DB.ExecuteQuery: [88] => VISDBERRORCOLUMN: VALUE,AD_REFERENCE_ID
----------->     (WARNING)  DB.ExecuteQuery: [88]DBExecuteError - VISDBERRORCOLUMN: VALUE,AD_REFERENCE_ID
===========>     (SEVERE)   DB.ExecuteQuery: [88] => VISDBERRORCOLUMN: VALUE,AD_REFERENCE_ID
----------->     (WARNING)  DB.ExecuteQuery: [88]DBExecuteError - VISDBERRORCOLUMN: VALUE,AD_REFERENCE_ID
===========>     (SEVERE)   DB.ExecuteQuery: [88] => VISDBERRORCOLUMN: VALUE,AD_REFERENCE_ID
----------->     (WARNING)  DB.ExecuteQuery: [88]DBExecuteError - VISDBERRORCOLUMN: VALUE,AD_REFERENCE_ID
===========>     (SEVERE)   DB.ExecuteQuery: [88] => VISDBERRORCOLUMN: VALUE,AD_REFERENCE_ID
----------->     (WARNING)  DB.ExecuteQuery: [88]DBExecuteError - VISDBERRORCOLUMN: VALUE,AD_REFERENCE_ID
===========>     (SEVERE)   DB.ExecuteQuery: [88] => VISDBERRORCOLUMN: VALUE,AD_REFERENCE_ID
----------->     (WARNING)  DB.ExecuteQuery: [88]DBExecuteError - VISDBERRORCOLUMN: VALUE,AD_REFERENCE_ID
===========>     (SEVERE)   DB.ExecuteQuery: [88] => VISDBERRORCOLUMN: VALUE,AD_REFERENCE_ID
----------->     (WARNING)  DB.ExecuteQuery: [88]DBExecuteError - VISDBERRORCOLUMN: VALUE,AD_REFERENCE_ID
===========>     (SEVERE)   DB.ExecuteQuery: [88] => VISDBERRORCOLUMN: VALUE,AD_REFERENCE_ID
----------->     (WARNING)  DB.ExecuteQuery: [88]DBExecuteError - VISDBERRORCOLUMN: VALUE,AD_REFERENCE_ID
===========>     (SEVERE)   DB.ExecuteQuery: [88] => VISDBERRORCOLUMN: VALUE,AD_REFERENCE_ID
----------->     (WARNING)  DB.ExecuteQuery: [88]DBExecuteError - VISDBERRORCOLUMN: VALUE,AD_REFERENCE_ID
===========>     (SEVERE)   DB.ExecuteQuery: [88] => VISDBERRORCOLUMN: VALUE,AD_REFERENCE_ID
----------->     (WARNING)  DB.ExecuteQuery: [88]DBExecuteError - VISDBERRORCOLUMN: VALUE,AD_REFERENCE_ID
===========>     (SEVERE)   DB.ExecuteQuery: [88] => VISDBERRORCOLUMN: VALUE,AD_REFERENCE_ID
----------->     (WARNING)  DB.ExecuteQuery: [88]DBExecuteError - VISDBERRORCOLUMN: VALUE,AD_REFERENCE_ID
===========>     (SEVERE)   DB.ExecuteQuery: [88] => VISDBERRORCOLUMN: VALUE,AD_REFERENCE_ID
----------->     (WARNING)  DB.ExecuteQuery: [88]DBExecuteError - VISDBERRORCOLUMN: VALUE,AD_REFERENCE_ID
===========>     (SEVERE)   DB.ExecuteQuery: [88] => VISDBERRORCOLUMN: VALUE,AD_REFERENCE_ID
----------->     (WARNING)  DB.ExecuteQuery: [88]DBExecuteError - VISDBERRORCOLUMN: VALUE,AD_REFERENCE_ID
===========>     (SEVERE)   DB.ExecuteQuery: [88] => VISDBERRORCOLUMN: VALUE,AD_REFERENCE_ID
----------->     (WARNING)  DB.ExecuteQuery: [88]DBExecuteError - VISDBERRORCOLUMN: VALUE,AD_REFERENCE_ID
===========>     (SEVERE)   DB.ExecuteQuery: [88] => VISDBERRORCOLUMN: VALUE,AD_REFERENCE_ID
----------->     (WARNING)  DB.ExecuteQuery: [88]DBExecuteError - VISDBERRORCOLUMN: VALUE,AD_REFERENCE_ID
===========>     (SEVERE)   DB.ExecuteQuery: [88] => VISDBERRORCOLUMN: VALUE,AD_REFERENCE_ID
----------->     (WARNING)  DB.ExecuteQuery: [88]DBExecuteError - VISDBERRORCOLUMN: VALUE,AD_REFERENCE_ID
===========>     (SEVERE)   DB.ExecuteQuery: [88] => VISDBERRORCOLUMN: VALUE,AD_REFERENCE_ID
----------->     (WARNING)  DB.ExecuteQuery: [88]DBExecuteError - VISDBERRORCOLUMN: VALUE,AD_REFERENCE_ID
===========>     (SEVERE)   DB.ExecuteQuery: [88] => VISDBERRORCOLUMN: VALUE,AD_REFERENCE_ID
----------->     (WARNING)  DB.ExecuteQuery: [88]DBExecuteError - VISDBERRORCOLUMN: VALUE,AD_REFERENCE_ID
===========>     (SEVERE)   DB.ExecuteQuery: [88] => VISDBERRORCOLUMN: VALUE,AD_REFERENCE_ID
----------->     (WARNING)  DB.ExecuteQuery: [88]DBExecuteError - VISDBERRORCOLUMN: VALUE,AD_REFERENCE_ID
===========>     (SEVERE)   DB.ExecuteQuery: [88] => VISDBERRORCOLUMN: VALUE,AD_REFERENCE_ID
----------->     (WARNING)  DB.ExecuteQuery: [88]DBExecuteError - VISDBERRORCOLUMN: VALUE,AD_REFERENCE_ID
===========>     (SEVERE)   DB.ExecuteQuery: [88] => VISDBERRORCOLUMN: VALUE,AD_REFERENCE_ID
----------->     (WARNING)  DB.ExecuteQuery: [88]DBExecuteError - VISDBERRORCOLUMN: VALUE,AD_REFERENCE_ID
===========>     (SEVERE)   DB.ExecuteQuery: [88] => VISDBERRORCOLUMN: VALUE,AD_REFERENCE_ID
----------->     (WARNING)  DB.ExecuteQuery: [88]DBExecuteError - VISDBERRORCOLUMN: VALUE,AD_REFERENCE_ID
===========>     (SEVERE)   DB.ExecuteQuery: [88] => VISDBERRORCOLUMN: VALUE,AD_REFERENCE_ID
----------->     (WARNING)  DB.ExecuteQuery: [88]DBExecuteError - VISDBERRORCOLUMN: VALUE,AD_REFERENCE_ID
05:22:55.225    (INFO)     ConvertSQL.ApplyConvertMap: [88]Exception clause needs to be converted: CREATE OR REPLACE FUNCTION public.ad_sequence_next( p_tablename text, p_id numeric, OUT p_nextno numeric) RETURNS numeric LANGUAGE 'plpgsql' AS $BODY$ DECLARE v_NextNoSys numeric; v_ResultStr varchar(255); v_NativeSeq varchar(1); BEGIN v_ResultStr := 'Read'; SELECT Value INTO STRICT v_NativeSeq FROM AD_SysConfig WHERE Name = 'SYSTEM_NATIVE_SEQUENCE'; IF (v_NativeSeq = 'Y') THEN SELECT NextVal(UPPER(p_tablename) || '_SEQ') INTO STRICT p_NextNo; ELSE SELECT                 CurrentNext,         CurrentNextSys INTO STRICT p_NextNo,                 v_NextNoSys FROM                 AD_Sequence WHERE Name = p_TableName AND IsActive = 'Y' AND IsTableID = 'Y' AND IsAutoSequence = 'Y' FOR        UPDATE; v_ResultStr := 'Write'; IF ( v_NextNoSys <> -1 AND p_ID < 1000000 ) THEN UPDATE         AD_Sequence SET                CurrentNextSys = CurrentNextSys + IncrementNo, Updated = current_date WHERE        Name = p_TableName; p_NextNo := v_NextNoSys; ELSE UPDATE        AD_Sequence SET                CurrentNext = CurrentNext + IncrementNo, Updated = current_date WHERE        Name = p_TableName; END IF; END IF; EXCEPTION WHEN NO_DATA_FOUND THEN RAISE EXCEPTION 'Table Sequence not found --> %', p_tablename; END; $BODY$;
===========>     (SEVERE)   DB.ExecuteQuery: [88] => 23505: duplicate key value violates unique constraint "ad_reference_pkey"

DETAIL: Detail redacted as it may contain sensitive data. Specify 'Include Error Detail' in the connection string to include this information.
----------->     (WARNING)  DB.ExecuteQuery: [88]DBExecuteError - 23505: duplicate key value violates unique constraint "ad_reference_pkey"

DETAIL: Detail redacted as it may contain sensitive data. Specify 'Include Error Detail' in the connection string to include this information.
===========>     (SEVERE)   DB.ExecuteQuery: [88] => 42P07: relation "prim_key_id_seq" already exists
----------->     (WARNING)  DB.ExecuteQuery: [88]DBExecuteError - 42P07: relation "prim_key_id_seq" already exists
05:22:56.225    (INFO)     ConvertSQL.ApplyConvertMap: [88]Exception clause needs to be converted: create or replace function public.createnativepk() returns void language plpgsql as $function$ declare colCount INTEGER; ex_query VARCHAR(1000); tabExpID VARCHAR(1000); seqAccess VARCHAR(1000); maxRecordID INTEGER; maxID INTEGER; columnNextID INTEGER; colID INTEGER; tableID INTEGER; countVal INTEGER; useNative CHAR(1); rec RECORD; rec1 RECORD; begin raise notice 'Start'; for rec in ( select TableName, AD_Table_ID from AD_Table where isView = 'N' and (Upper(tableName) not like '%\_LOG' and Upper(tableName) not like '%\_TRL') order by TableName) loop select count(*) into colCount from AD_Column where Upper(ColumnName) = Upper(rec.TableName || '_ID') and AD_Table_ID = rec.AD_Table_ID; if colCount = 0 then begin ex_query := 'select currentnext from ad_sequence where lower(name)=''ad_createnativepk'''; execute ex_query into columnnextid; ex_query := 'insert into ad_createnativepk(ad_client_id, ad_org_id, created, createdby, updated, updatedby, isactive, ad_table_id, ad_createnativepk_id, ispkcreated) values(0, 0, current_timestamp, 100, current_timestamp, 100, ''Y'', ' || rec.ad_table_id || ', ' || columnnextid || ', ''N'')'; execute ex_query ; ex_query := 'update ad_sequence set currentnext=currentnext+1 where lower(name)=''ad_createnativepk'''; execute ex_query; ex_query := 'ALTER TABLE ' || rec.TableName || ' ADD ' || rec.TableName || '_ID INTEGER'; execute ex_query; raise notice 'query: %', ex_query; ex_query := 'CREATE UNIQUE INDEX ' || rec.TableName || '_UnqInd ON ' || rec.TableName || '(' || rec.TableName || '_ID)'; execute ex_query; raise notice 'query: %', ex_query; ex_query := 'DROP sequence prim_key_id_seq'; execute ex_query; ex_query := 'CREATE sequence prim_key_id_seq'; execute ex_query; ex_query := 'UPDATE ' || rec.TableName || ' SET  ' || rec.TableName || '_ID = nextval(''prim_key_id_seq'') + 1000000'; execute ex_query; ex_query := 'SELECT COUNT(*) FROM ' || rec.TableName; execute ex_query into countVal; if (countVal > 0) then ex_query := 'SELECT MAX(' || rec.TableName || '_ID) FROM ' || rec.TableName; execute ex_query into maxID; maxID := maxID + 1; else maxID := 1000000; end if; maxRecordID := maxID; ex_query := 'UPDATE AD_Sequence Set CurrentNext=' || maxID || ' WHERE NAME=''' || rec.TableName || ''''; execute ex_query; ex_query := 'SELECT COUNT(AD_Element_ID) FROM AD_Element WHERE ColumnName=''' || rec.TableName || '_ID'''; execute ex_query into countVal; if countVal <= 0 then ex_query := 'SELECT MAX(AD_Element_ID) + 1 FROM AD_Element'; execute ex_query into maxID; ex_query := 'UPDATE AD_Sequence Set CurrentNext=' || maxID || ' WHERE NAME = ''AD_Element'''; execute ex_query; ex_query := 'SELECT CurrentNext FROM AD_Sequence WHERE Name = ''AD_Element'''; execute ex_query into columnNextID; ex_query := 'INSERT INTO AD_ELEMENT (AD_CLIENT_ID, AD_ELEMENT_ID, AD_ORG_ID, COLUMNNAME, CREATED, CREATEDBY, ENTITYTYPE, FIELDLENGTH, ISACTIVE, NAME, PRINTNAME, UPDATED, UPDATEDBY, EXPORT_ID) VALUES (0, ' || columnNextID || ', 0, ''' || rec.TableName || '_ID'',CURRENT_TIMESTAMP, 100, ''D'', 0, ''Y'', ''' || rec.TableName || '_ID'', ''' || rec.TableName || '_ID'', CURRENT_TIMESTAMP, 100, ''' || rec.TableName || '_ID'')'; execute ex_query; ex_query := 'UPDATE AD_Sequence SET CurrentNext=CurrentNext+1 WHERE Name=''AD_Element'''; execute ex_query; end if; ex_query := 'SELECT AD_Element_ID FROM AD_Element WHERE ColumnName=''' || rec.TableName || '_ID'''; execute ex_query into columnNextID; ex_query := 'SELECT MAX(AD_Column_ID) + 1 FROM AD_Column'; execute ex_query into maxID; ex_query := 'UPDATE AD_Sequence Set CurrentNext=' || maxID || ' WHERE NAME = ''AD_Column'''; execute ex_query; ex_query := 'SELECT CurrentNext FROM AD_Sequence WHERE Name=''AD_Column'''; execute ex_query into colID; ex_query := 'SELECT AD_Table_ID FROM AD_Table WHERE TableName=''' || rec.TableName || ''''; execute ex_query into tableID; ex_query := 'INSERT INTO AD_COLUMN (AD_CLIENT_ID, AD_COLUMN_ID, AD_ELEMENT_ID, AD_ORG_ID, AD_REFERENCE_ID, AD_TABLE_ID, COLUMNNAME, CREATED, CREATEDBY,  ENTITYTYPE, FIELDLENGTH, ISACTIVE,  NAME, UPDATED, UPDATEDBY, ISCOPY, EXPORT_ID) VALUES (0, ' || colID || ', ' || columnNextID || ', 0, 13, ' || tableID || ', ''' || rec.TableName || '_ID'', CURRENT_TIMESTAMP, 100,  ''D'', 22, ''Y'', ''' || rec.TableName || '_ID'', CURRENT_TIMESTAMP, 100, ''N'', ''' || rec.TableName || '_' || rec.TableName || '_ID'')'; execute ex_query; ex_query := 'UPDATE AD_Sequence SET CurrentNext=CurrentNext+1 WHERE Name=''AD_Column'''; execute ex_query; ex_query := 'UPDATE ad_createnativepk set ispkcreated=''Y'' where ad_table_id=' || rec.ad_table_id; execute ex_query; for rec1 in ( select AD_Tab_ID from AD_Tab where AD_Table_ID = rec.AD_Table_ID) loop select count(*) into colCount from AD_Field where AD_Tab_ID = rec1.AD_Tab_ID and AD_Column_ID = ( select AD_Column_ID from AD_Column where AD_Table_ID = rec.AD_Table_ID and ColumnName = rec.TableName || '_ID'); if colCount = 0 then ex_query := 'SELECT MAX(AD_Field_ID) + 1 FROM AD_Field'; execute ex_query into maxID; ex_query := 'UPDATE AD_Sequence Set CurrentNext=' || maxID || ' WHERE NAME = ''AD_Field'''; execute ex_query; ex_query := 'SELECT MAX(AD_Field_ID) FROM AD_Field'; execute ex_query into maxID; begin ex_query := 'SELECT AD_Column_ID FROM AD_Column WHERE AD_Table_ID=' || rec.AD_Table_ID || ' AND  ColumnName=''' || rec.TableName || '_ID'''; execute ex_query into colID; maxID := maxID + 1; ex_query := 'SELECT Export_ID FROM AD_Tab WHERE AD_Tab_ID=' || rec1.AD_Tab_ID || ''; execute ex_query into tabExpID; ex_query := 'INSERT INTO AD_FIELD (AD_CLIENT_ID, AD_COLUMN_ID, AD_FIELD_ID, AD_ORG_ID, AD_TAB_ID, CREATED, CREATEDBY, DISPLAYLENGTH, ENTITYTYPE, ISACTIVE, ISCENTRALLYMAINTAINED, ISDISPLAYED, NAME, SEQNO, UPDATED, UPDATEDBY, EXPORT_ID) VALUES (0, ' || colID || ', ' || maxID || ', 0, ' || rec1.AD_Tab_ID || ', CURRENT_TIMESTAMP, 100, ''15'', ''D'', ''Y'', ''Y'', ''N'', ''' || rec.TableName || ' ID'', 0, CURRENT_TIMESTAMP, 100, ''' || tabExpID || '_' || rec.TableName || '_ID'')'; execute ex_query; ex_query := 'UPDATE AD_Sequence SET CurrentNext=CurrentNext+1 WHERE Name=''AD_Field'''; execute ex_query; exception when others then raise notice '%', ex_query; end; end if; end loop; ex_query := 'SELECT COUNT(*) FROM information_schema.sequences WHERE UPPER(sequence_name)=UPPER(''' || rec.TableName || '_SEQ'')'; execute ex_query into colCount; if (colCount > 0) then ex_query := 'DROP SEQUENCE IF EXISTS ' || rec.TableName || '_SEQ'; execute ex_query; end if; ex_query := 'CREATE SEQUENCE ' || rec.TableName || '_SEQ START WITH ' || maxRecordID; execute ex_query; exception when others then raise notice '%', ex_query; end; end if; end loop; ex_query := 'DROP SEQUENCE IF EXISTS AD_Field_SEQ'; execute ex_query; ex_query := 'SELECT MAX(AD_Field_ID)+1 FROM AD_Field'; execute ex_query into maxID; ex_query := 'CREATE SEQUENCE AD_Field_SEQ START WITH ' || maxID; execute ex_query; ex_query := 'DROP SEQUENCE IF EXISTS AD_Column_SEQ'; execute ex_query; ex_query := 'SELECT MAX(AD_Column_ID)+1 FROM AD_Column'; execute ex_query into maxID; ex_query := 'CREATE SEQUENCE AD_Column_SEQ START WITH ' || maxID; execute ex_query; ex_query := 'DROP SEQUENCE IF EXISTS AD_Element_SEQ'; execute ex_query; ex_query := 'SELECT MAX(AD_Element_ID)+1 FROM AD_Element'; execute ex_query into maxID; ex_query := 'CREATE SEQUENCE AD_Element_SEQ START WITH ' || maxID; execute ex_query; end; $function$ ;
===========>     (SEVERE)   DB.ExecuteQuery: [88] => VISDBERRORCOLUMN: AD_CLIENT_ID,NAME
----------->     (WARNING)  DB.ExecuteQuery: [88]DBExecuteError - VISDBERRORCOLUMN: AD_CLIENT_ID,NAME
===========>     (SEVERE)   DB.ExecuteQuery: [88] => 42601: syntax error at or near "CreateNativePK"

POSITION: 16
----------->     (WARNING)  DB.ExecuteQuery: [88]DBExecuteError - 42601: syntax error at or near "CreateNativePK"

POSITION: 16
===========>     (SEVERE)   DB.ExecuteQuery: [88] => VISDBERRORCOLUMN: AD_CLIENT_ID,NAME
----------->     (WARNING)  DB.ExecuteQuery: [88]DBExecuteError - VISDBERRORCOLUMN: AD_CLIENT_ID,NAME
===========>     (SEVERE)   DB.ExecuteQuery: [88] => 42701: column "ishidetabname" of relation "ad_window" already exists
----------->     (WARNING)  DB.ExecuteQuery: [88]DBExecuteError - 42701: column "ishidetabname" of relation "ad_window" already exists
===========>     (SEVERE)   DB.ExecuteQuery: [88] => 42701: column "ad_action" of relation "ad_field" already exists
----------->     (WARNING)  DB.ExecuteQuery: [88]DBExecuteError - 42701: column "ad_action" of relation "ad_field" already exists
===========>     (SEVERE)   DB.ExecuteQuery: [88] => 42703: column "blood_group" of relation "ad_user" does not exist
----------->     (WARNING)  DB.ExecuteQuery: [88]DBExecuteError - 42703: column "blood_group" of relation "ad_user" does not exist
===========>     (SEVERE)   DB.ExecuteQuery: [88] => 42703: column "company_name" of relation "ad_user" does not exist
----------->     (WARNING)  DB.ExecuteQuery: [88]DBExecuteError - 42703: column "company_name" of relation "ad_user" does not exist
===========>     (SEVERE)   DB.ExecuteQuery: [88] => 42703: column "date_joining" of relation "ad_user" does not exist
----------->     (WARNING)  DB.ExecuteQuery: [88]DBExecuteError - 42703: column "date_joining" of relation "ad_user" does not exist
===========>     (SEVERE)   DB.ExecuteQuery: [88] => 42703: column "daterelieved" of relation "ad_user" does not exist
----------->     (WARNING)  DB.ExecuteQuery: [88]DBExecuteError - 42703: column "daterelieved" of relation "ad_user" does not exist
===========>     (SEVERE)   DB.ExecuteQuery: [88] => 42703: column "diploma" of relation "ad_user" does not exist
----------->     (WARNING)  DB.ExecuteQuery: [88]DBExecuteError - 42703: column "diploma" of relation "ad_user" does not exist
===========>     (SEVERE)   DB.ExecuteQuery: [88] => 42703: column "employ_oldno" of relation "ad_user" does not exist
----------->     (WARNING)  DB.ExecuteQuery: [88]DBExecuteError - 42703: column "employ_oldno" of relation "ad_user" does not exist
===========>     (SEVERE)   DB.ExecuteQuery: [88] => 42703: column "graduation" of relation "ad_user" does not exist
----------->     (WARNING)  DB.ExecuteQuery: [88]DBExecuteError - 42703: column "graduation" of relation "ad_user" does not exist
===========>     (SEVERE)   DB.ExecuteQuery: [88] => 42703: column "health" of relation "ad_user" does not exist
----------->     (WARNING)  DB.ExecuteQuery: [88]DBExecuteError - 42703: column "health" of relation "ad_user" does not exist
===========>     (SEVERE)   DB.ExecuteQuery: [88] => 42703: column "isemployeecontact" of relation "ad_user" does not exist
----------->     (WARNING)  DB.ExecuteQuery: [88]DBExecuteError - 42703: column "isemployeecontact" of relation "ad_user" does not exist
===========>     (SEVERE)   DB.ExecuteQuery: [88] => 42703: column "lastregistrationreminder" of relation "ad_user" does not exist
----------->     (WARNING)  DB.ExecuteQuery: [88]DBExecuteError - 42703: column "lastregistrationreminder" of relation "ad_user" does not exist
===========>     (SEVERE)   DB.ExecuteQuery: [88] => 42703: column "percentage_dip" of relation "ad_user" does not exist
----------->     (WARNING)  DB.ExecuteQuery: [88]DBExecuteError - 42703: column "percentage_dip" of relation "ad_user" does not exist
===========>     (SEVERE)   DB.ExecuteQuery: [88] => 42703: column "percentage_doc" of relation "ad_user" does not exist
----------->     (WARNING)  DB.ExecuteQuery: [88]DBExecuteError - 42703: column "percentage_doc" of relation "ad_user" does not exist
===========>     (SEVERE)   DB.ExecuteQuery: [88] => 42703: column "percentage_gr" of relation "ad_user" does not exist
----------->     (WARNING)  DB.ExecuteQuery: [88]DBExecuteError - 42703: column "percentage_gr" of relation "ad_user" does not exist
===========>     (SEVERE)   DB.ExecuteQuery: [88] => 42703: column "percentage_ms" of relation "ad_user" does not exist
----------->     (WARNING)  DB.ExecuteQuery: [88]DBExecuteError - 42703: column "percentage_ms" of relation "ad_user" does not exist
===========>     (SEVERE)   DB.ExecuteQuery: [88] => 42703: column "qualification" of relation "ad_user" does not exist
----------->     (WARNING)  DB.ExecuteQuery: [88]DBExecuteError - 42703: column "qualification" of relation "ad_user" does not exist
===========>     (SEVERE)   DB.ExecuteQuery: [88] => 42703: column "relationship" of relation "ad_user" does not exist
----------->     (WARNING)  DB.ExecuteQuery: [88]DBExecuteError - 42703: column "relationship" of relation "ad_user" does not exist
===========>     (SEVERE)   DB.ExecuteQuery: [88] => 42703: column "relivingreason" of relation "ad_user" does not exist
----------->     (WARNING)  DB.ExecuteQuery: [88]DBExecuteError - 42703: column "relivingreason" of relation "ad_user" does not exist
===========>     (SEVERE)   DB.ExecuteQuery: [88] => 42703: column "yearofpassing_dip" of relation "ad_user" does not exist
----------->     (WARNING)  DB.ExecuteQuery: [88]DBExecuteError - 42703: column "yearofpassing_dip" of relation "ad_user" does not exist
===========>     (SEVERE)   DB.ExecuteQuery: [88] => 42703: column "yearofpassing_doc" of relation "ad_user" does not exist
----------->     (WARNING)  DB.ExecuteQuery: [88]DBExecuteError - 42703: column "yearofpassing_doc" of relation "ad_user" does not exist
===========>     (SEVERE)   DB.ExecuteQuery: [88] => 42703: column "yearofpassing_gr" of relation "ad_user" does not exist
----------->     (WARNING)  DB.ExecuteQuery: [88]DBExecuteError - 42703: column "yearofpassing_gr" of relation "ad_user" does not exist
===========>     (SEVERE)   DB.ExecuteQuery: [88] => 42703: column "yearofpassing_ms" of relation "ad_user" does not exist
----------->     (WARNING)  DB.ExecuteQuery: [88]DBExecuteError - 42703: column "yearofpassing_ms" of relation "ad_user" does not exist
===========>     (SEVERE)   DB.ExecuteQuery: [88] => 42P07: relation "ad_widget_access_uniq_idx" already exists
----------->     (WARNING)  DB.ExecuteQuery: [88]DBExecuteError - 42P07: relation "ad_widget_access_uniq_idx" already exists
===========>     (SEVERE)   DB.ExecuteQuery: [88] => 42P07: relation "ad_widget_name_uniq_idx" already exists
----------->     (WARNING)  DB.ExecuteQuery: [88]DBExecuteError - 42P07: relation "ad_widget_name_uniq_idx" already exists
===========>     (SEVERE)   DB.ExecuteQuery: [88] => 42P07: relation "ad_actiongroup_name_uniq_idx" already exists
----------->     (WARNING)  DB.ExecuteQuery: [88]DBExecuteError - 42P07: relation "ad_actiongroup_name_uniq_idx" already exists
===========>     (SEVERE)   DB.ExecuteQuery: [88] => 42703: column "ad_widget_trl_id" of relation "ad_widget_trl" does not exist
----------->     (WARNING)  DB.ExecuteQuery: [88]DBExecuteError - 42703: column "ad_widget_trl_id" of relation "ad_widget_trl" does not exist
===========>     (SEVERE)   DB.ExecuteQuery: [88] => 42703: column "name" of relation "ad_widget_trl" does not exist
----------->     (WARNING)  DB.ExecuteQuery: [88]DBExecuteError - 42703: column "name" of relation "ad_widget_trl" does not exist
===========>     (SEVERE)   DB.ExecuteQuery: [88] => 42P07: relation "ad_userquery_name_uniq_idx" already exists
----------->     (WARNING)  DB.ExecuteQuery: [88]DBExecuteError - 42P07: relation "ad_userquery_name_uniq_idx" already exists
===========>     (SEVERE)   DB.ExecuteQuery: [88] => 23505: could not create unique index "vadb_d_chartaccess_ind"

DETAIL: Detail redacted as it may contain sensitive data. Specify 'Include Error Detail' in the connection string to include this information.
----------->     (WARNING)  DB.ExecuteQuery: [88]DBExecuteError - 23505: could not create unique index "vadb_d_chartaccess_ind"

DETAIL: Detail redacted as it may contain sensitive data. Specify 'Include Error Detail' in the connection string to include this information.
===========>     (SEVERE)   DB.ExecuteQuery: [88] => 42P07: relation "vadb_rc_kpiaccess_ind" already exists
----------->     (WARNING)  DB.ExecuteQuery: [88]DBExecuteError - 42P07: relation "vadb_rc_kpiaccess_ind" already exists
===========>     (SEVERE)   DB.ExecuteQuery: [88] => 42P07: relation "vadb_rc_viewaccess_ind" already exists
----------->     (WARNING)  DB.ExecuteQuery: [88]DBExecuteError - 42P07: relation "vadb_rc_viewaccess_ind" already exists
===========>     (SEVERE)   DB.ExecuteQuery: [88] => 23505: duplicate key value violates unique constraint "pk1000820"

DETAIL: Detail redacted as it may contain sensitive data. Specify 'Include Error Detail' in the connection string to include this information.
----------->     (WARNING)  DB.ExecuteQuery: [88]DBExecuteError - 23505: duplicate key value violates unique constraint "pk1000820"

DETAIL: Detail redacted as it may contain sensitive data. Specify 'Include Error Detail' in the connection string to include this information.
===========>     (SEVERE)   DB.ExecuteQuery: [88] => 23505: duplicate key value violates unique constraint "pk1000820"

DETAIL: Detail redacted as it may contain sensitive data. Specify 'Include Error Detail' in the connection string to include this information.
----------->     (WARNING)  DB.ExecuteQuery: [88]DBExecuteError - 23505: duplicate key value violates unique constraint "pk1000820"

DETAIL: Detail redacted as it may contain sensitive data. Specify 'Include Error Detail' in the connection string to include this information.
===========>     (SEVERE)   DB.ExecuteQuery: [88] => 23505: duplicate key value violates unique constraint "pk1000820"

DETAIL: Detail redacted as it may contain sensitive data. Specify 'Include Error Detail' in the connection string to include this information.
----------->     (WARNING)  DB.ExecuteQuery: [88]DBExecuteError - 23505: duplicate key value violates unique constraint "pk1000820"

DETAIL: Detail redacted as it may contain sensitive data. Specify 'Include Error Detail' in the connection string to include this information.
===========>     (SEVERE)   DB.ExecuteQuery: [88] => 23505: duplicate key value violates unique constraint "pk1000820"

DETAIL: Detail redacted as it may contain sensitive data. Specify 'Include Error Detail' in the connection string to include this information.
----------->     (WARNING)  DB.ExecuteQuery: [88]DBExecuteError - 23505: duplicate key value violates unique constraint "pk1000820"

DETAIL: Detail redacted as it may contain sensitive data. Specify 'Include Error Detail' in the connection string to include this information.
===========>     (SEVERE)   DB.ExecuteQuery: [88] => 23505: duplicate key value violates unique constraint "pk1000820"

DETAIL: Detail redacted as it may contain sensitive data. Specify 'Include Error Detail' in the connection string to include this information.
----------->     (WARNING)  DB.ExecuteQuery: [88]DBExecuteError - 23505: duplicate key value violates unique constraint "pk1000820"

DETAIL: Detail redacted as it may contain sensitive data. Specify 'Include Error Detail' in the connection string to include this information.
===========>     (SEVERE)   DB.ExecuteQuery: [88] => 23505: duplicate key value violates unique constraint "pk1000820"

DETAIL: Detail redacted as it may contain sensitive data. Specify 'Include Error Detail' in the connection string to include this information.
----------->     (WARNING)  DB.ExecuteQuery: [88]DBExecuteError - 23505: duplicate key value violates unique constraint "pk1000820"

DETAIL: Detail redacted as it may contain sensitive data. Specify 'Include Error Detail' in the connection string to include this information.
===========>     (SEVERE)   DB.ExecuteQuery: [88] => 23505: duplicate key value violates unique constraint "pk1000820"

DETAIL: Detail redacted as it may contain sensitive data. Specify 'Include Error Detail' in the connection string to include this information.
----------->     (WARNING)  DB.ExecuteQuery: [88]DBExecuteError - 23505: duplicate key value violates unique constraint "pk1000820"

DETAIL: Detail redacted as it may contain sensitive data. Specify 'Include Error Detail' in the connection string to include this information.
===========>     (SEVERE)   DB.ExecuteQuery: [88] => 23505: duplicate key value violates unique constraint "pk1000820"

DETAIL: Detail redacted as it may contain sensitive data. Specify 'Include Error Detail' in the connection string to include this information.
----------->     (WARNING)  DB.ExecuteQuery: [88]DBExecuteError - 23505: duplicate key value violates unique constraint "pk1000820"

DETAIL: Detail redacted as it may contain sensitive data. Specify 'Include Error Detail' in the connection string to include this information.
===========>     (SEVERE)   DB.ExecuteQuery: [88] => 23505: duplicate key value violates unique constraint "pk1000820"

DETAIL: Detail redacted as it may contain sensitive data. Specify 'Include Error Detail' in the connection string to include this information.
----------->     (WARNING)  DB.ExecuteQuery: [88]DBExecuteError - 23505: duplicate key value violates unique constraint "pk1000820"

DETAIL: Detail redacted as it may contain sensitive data. Specify 'Include Error Detail' in the connection string to include this information.
===========>     (SEVERE)   DB.ExecuteQuery: [88] => 23505: duplicate key value violates unique constraint "pk1000820"

DETAIL: Detail redacted as it may contain sensitive data. Specify 'Include Error Detail' in the connection string to include this information.
----------->     (WARNING)  DB.ExecuteQuery: [88]DBExecuteError - 23505: duplicate key value violates unique constraint "pk1000820"

DETAIL: Detail redacted as it may contain sensitive data. Specify 'Include Error Detail' in the connection string to include this information.
===========>     (SEVERE)   DB.ExecuteQuery: [88] => 23505: duplicate key value violates unique constraint "pk1000820"

DETAIL: Detail redacted as it may contain sensitive data. Specify 'Include Error Detail' in the connection string to include this information.
----------->     (WARNING)  DB.ExecuteQuery: [88]DBExecuteError - 23505: duplicate key value violates unique constraint "pk1000820"

DETAIL: Detail redacted as it may contain sensitive data. Specify 'Include Error Detail' in the connection string to include this information.
===========>     (SEVERE)   DB.ExecuteQuery: [88] => 23505: duplicate key value violates unique constraint "pk1000820"

DETAIL: Detail redacted as it may contain sensitive data. Specify 'Include Error Detail' in the connection string to include this information.
----------->     (WARNING)  DB.ExecuteQuery: [88]DBExecuteError - 23505: duplicate key value violates unique constraint "pk1000820"

DETAIL: Detail redacted as it may contain sensitive data. Specify 'Include Error Detail' in the connection string to include this information.
===========>     (SEVERE)   DB.ExecuteQuery: [88] => 23505: duplicate key value violates unique constraint "pk1000820"

DETAIL: Detail redacted as it may contain sensitive data. Specify 'Include Error Detail' in the connection string to include this information.
----------->     (WARNING)  DB.ExecuteQuery: [88]DBExecuteError - 23505: duplicate key value violates unique constraint "pk1000820"

DETAIL: Detail redacted as it may contain sensitive data. Specify 'Include Error Detail' in the connection string to include this information.
===========>     (SEVERE)   DB.ExecuteQuery: [88] => 23505: duplicate key value violates unique constraint "pk1000820"

DETAIL: Detail redacted as it may contain sensitive data. Specify 'Include Error Detail' in the connection string to include this information.
----------->     (WARNING)  DB.ExecuteQuery: [88]DBExecuteError - 23505: duplicate key value violates unique constraint "pk1000820"

DETAIL: Detail redacted as it may contain sensitive data. Specify 'Include Error Detail' in the connection string to include this information.
===========>     (SEVERE)   DB.ExecuteQuery: [88] => 23505: duplicate key value violates unique constraint "pk1000820"

DETAIL: Detail redacted as it may contain sensitive data. Specify 'Include Error Detail' in the connection string to include this information.
----------->     (WARNING)  DB.ExecuteQuery: [88]DBExecuteError - 23505: duplicate key value violates unique constraint "pk1000820"

DETAIL: Detail redacted as it may contain sensitive data. Specify 'Include Error Detail' in the connection string to include this information.
===========>     (SEVERE)   DB.ExecuteQuery: [88] => 23505: duplicate key value violates unique constraint "pk1000820"

DETAIL: Detail redacted as it may contain sensitive data. Specify 'Include Error Detail' in the connection string to include this information.
----------->     (WARNING)  DB.ExecuteQuery: [88]DBExecuteError - 23505: duplicate key value violates unique constraint "pk1000820"

DETAIL: Detail redacted as it may contain sensitive data. Specify 'Include Error Detail' in the connection string to include this information.
===========>     (SEVERE)   DB.ExecuteQuery: [88] => 23505: duplicate key value violates unique constraint "pk1000820"

DETAIL: Detail redacted as it may contain sensitive data. Specify 'Include Error Detail' in the connection string to include this information.
----------->     (WARNING)  DB.ExecuteQuery: [88]DBExecuteError - 23505: duplicate key value violates unique constraint "pk1000820"

DETAIL: Detail redacted as it may contain sensitive data. Specify 'Include Error Detail' in the connection string to include this information.
===========>     (SEVERE)   DB.ExecuteQuery: [88] => 23505: duplicate key value violates unique constraint "pk1000820"

DETAIL: Detail redacted as it may contain sensitive data. Specify 'Include Error Detail' in the connection string to include this information.
----------->     (WARNING)  DB.ExecuteQuery: [88]DBExecuteError - 23505: duplicate key value violates unique constraint "pk1000820"

DETAIL: Detail redacted as it may contain sensitive data. Specify 'Include Error Detail' in the connection string to include this information.
===========>     (SEVERE)   DB.ExecuteQuery: [88] => 23505: duplicate key value violates unique constraint "pk1000820"

DETAIL: Detail redacted as it may contain sensitive data. Specify 'Include Error Detail' in the connection string to include this information.
----------->     (WARNING)  DB.ExecuteQuery: [88]DBExecuteError - 23505: duplicate key value violates unique constraint "pk1000820"

DETAIL: Detail redacted as it may contain sensitive data. Specify 'Include Error Detail' in the connection string to include this information.
===========>     (SEVERE)   DB.ExecuteQuery: [88] => VISDBERRORCOLUMN: VALUE
----------->     (WARNING)  DB.ExecuteQuery: [88]DBExecuteError - VISDBERRORCOLUMN: VALUE
===========>     (SEVERE)   DB.ExecuteQuery: [88] => VISDBERRORCOLUMN: VALUE
----------->     (WARNING)  DB.ExecuteQuery: [88]DBExecuteError - VISDBERRORCOLUMN: VALUE
===========>     (SEVERE)   DB.ExecuteQuery: [88] => VISDBERRORCOLUMN: VALUE
----------->     (WARNING)  DB.ExecuteQuery: [88]DBExecuteError - VISDBERRORCOLUMN: VALUE
===========>     (SEVERE)   DB.ExecuteQuery: [88] => VISDBERRORCOLUMN: VALUE
----------->     (WARNING)  DB.ExecuteQuery: [88]DBExecuteError - VISDBERRORCOLUMN: VALUE
===========>     (SEVERE)   DB.ExecuteQuery: [88] => VISDBERRORCOLUMN: VALUE
----------->     (WARNING)  DB.ExecuteQuery: [88]DBExecuteError - VISDBERRORCOLUMN: VALUE
===========>     (SEVERE)   DB.ExecuteQuery: [88] => 0A000: cannot alter type of a column used by a view or rule

DETAIL: Detail redacted as it may contain sensitive data. Specify 'Include Error Detail' in the connection string to include this information.
----------->     (WARNING)  DB.ExecuteQuery: [88]DBExecuteError - 0A000: cannot alter type of a column used by a view or rule

DETAIL: Detail redacted as it may contain sensitive data. Specify 'Include Error Detail' in the connection string to include this information.
===========>     (SEVERE)   DB.ExecuteQuery: [88] => 23502: column "email" of relation "ad_user" contains null values
----------->     (WARNING)  DB.ExecuteQuery: [88]DBExecuteError - 23502: column "email" of relation "ad_user" contains null values
===========>     (SEVERE)   DB.ExecuteQuery: [88] => 42703: column "u" does not exist

POSITION: 32
----------->     (WARNING)  DB.ExecuteQuery: [88]DBExecuteError - 42703: column "u" does not exist

POSITION: 32
===========>     (SEVERE)   DB.ExecuteQuery: [88] => 42703: column "u" does not exist

POSITION: 33
----------->     (WARNING)  DB.ExecuteQuery: [88]DBExecuteError - 42703: column "u" does not exist

POSITION: 33
===========>     (SEVERE)   DB.ExecuteQuery: [88] => 42703: column "u" does not exist

POSITION: 36
----------->     (WARNING)  DB.ExecuteQuery: [88]DBExecuteError - 42703: column "u" does not exist

POSITION: 36
===========>     (SEVERE)   DB.ExecuteQuery: [88] => 42703: column "u" does not exist

POSITION: 36
----------->     (WARNING)  DB.ExecuteQuery: [88]DBExecuteError - 42703: column "u" does not exist

POSITION: 36
===========>     (SEVERE)   DB.ExecuteQuery: [88] => 42703: column "u" does not exist

POSITION: 35
----------->     (WARNING)  DB.ExecuteQuery: [88]DBExecuteError - 42703: column "u" does not exist

POSITION: 35
===========>     (SEVERE)   DB.ExecuteQuery: [88] => 42703: column "u" does not exist

POSITION: 33
----------->     (WARNING)  DB.ExecuteQuery: [88]DBExecuteError - 42703: column "u" does not exist

POSITION: 33
===========>     (SEVERE)   DB.ExecuteQuery: [88] => 42703: column "u" does not exist

POSITION: 30
----------->     (WARNING)  DB.ExecuteQuery: [88]DBExecuteError - 42703: column "u" does not exist

POSITION: 30
===========>     (SEVERE)   DB.ExecuteQuery: [88] => 42703: column "u" does not exist

POSITION: 32
----------->     (WARNING)  DB.ExecuteQuery: [88]DBExecuteError - 42703: column "u" does not exist

POSITION: 32
===========>     (SEVERE)   DB.ExecuteQuery: [88] => 42703: column "u" does not exist

POSITION: 35
----------->     (WARNING)  DB.ExecuteQuery: [88]DBExecuteError - 42703: column "u" does not exist

POSITION: 35
===========>     (SEVERE)   DB.ExecuteQuery: [88] => 42703: column "u" does not exist

POSITION: 34
----------->     (WARNING)  DB.ExecuteQuery: [88]DBExecuteError - 42703: column "u" does not exist

POSITION: 34
===========>     (SEVERE)   DB.ExecuteQuery: [88] => 42703: column "u" does not exist

POSITION: 31
----------->     (WARNING)  DB.ExecuteQuery: [88]DBExecuteError - 42703: column "u" does not exist

POSITION: 31
===========>     (SEVERE)   DB.ExecuteQuery: [88] => 42703: column "u" does not exist

POSITION: 35
----------->     (WARNING)  DB.ExecuteQuery: [88]DBExecuteError - 42703: column "u" does not exist

POSITION: 35
===========>     (SEVERE)   DB.ExecuteQuery: [88] => 42703: column "u" does not exist

POSITION: 31
----------->     (WARNING)  DB.ExecuteQuery: [88]DBExecuteError - 42703: column "u" does not exist

POSITION: 31
===========>     (SEVERE)   DB.ExecuteQuery: [88] => 42703: column "u" does not exist

POSITION: 34
----------->     (WARNING)  DB.ExecuteQuery: [88]DBExecuteError - 42703: column "u" does not exist

POSITION: 34
===========>     (SEVERE)   DB.ExecuteQuery: [88] => 42703: column "u" does not exist

POSITION: 38
----------->     (WARNING)  DB.ExecuteQuery: [88]DBExecuteError - 42703: column "u" does not exist

POSITION: 38
===========>     (SEVERE)   DB.ExecuteQuery: [88] => 42703: column "u" does not exist

POSITION: 34
----------->     (WARNING)  DB.ExecuteQuery: [88]DBExecuteError - 42703: column "u" does not exist

POSITION: 34
===========>     (SEVERE)   DB.ExecuteQuery: [88] => 42703: column "u" does not exist

POSITION: 34
----------->     (WARNING)  DB.ExecuteQuery: [88]DBExecuteError - 42703: column "u" does not exist

POSITION: 34
===========>     (SEVERE)   DB.ExecuteQuery: [88] => 42703: column "u" does not exist

POSITION: 39
----------->     (WARNING)  DB.ExecuteQuery: [88]DBExecuteError - 42703: column "u" does not exist

POSITION: 39
===========>     (SEVERE)   DB.ExecuteQuery: [88] => 42703: column "u" does not exist

POSITION: 37
----------->     (WARNING)  DB.ExecuteQuery: [88]DBExecuteError - 42703: column "u" does not exist

POSITION: 37
===========>     (SEVERE)   DB.ExecuteQuery: [88] => 42703: column "u" does not exist

POSITION: 31
----------->     (WARNING)  DB.ExecuteQuery: [88]DBExecuteError - 42703: column "u" does not exist

POSITION: 31
===========>     (SEVERE)   DB.ExecuteQuery: [88] => 42703: column "u" does not exist

POSITION: 37
----------->     (WARNING)  DB.ExecuteQuery: [88]DBExecuteError - 42703: column "u" does not exist

POSITION: 37
===========>     (SEVERE)   DB.ExecuteQuery: [88] => 42703: column "u" does not exist

POSITION: 38
----------->     (WARNING)  DB.ExecuteQuery: [88]DBExecuteError - 42703: column "u" does not exist

POSITION: 38
===========>     (SEVERE)   DB.ExecuteQuery: [88] => 42703: column "u" does not exist

POSITION: 32
----------->     (WARNING)  DB.ExecuteQuery: [88]DBExecuteError - 42703: column "u" does not exist

POSITION: 32
===========>     (SEVERE)   DB.ExecuteQuery: [88] => 42703: column "u" does not exist

POSITION: 36
----------->     (WARNING)  DB.ExecuteQuery: [88]DBExecuteError - 42703: column "u" does not exist

POSITION: 36
===========>     (SEVERE)   DB.ExecuteQuery: [88] => 42703: column "u" does not exist

POSITION: 42
----------->     (WARNING)  DB.ExecuteQuery: [88]DBExecuteError - 42703: column "u" does not exist

POSITION: 42
===========>     (SEVERE)   DB.ExecuteQuery: [88] => 42703: column "u" does not exist

POSITION: 43
----------->     (WARNING)  DB.ExecuteQuery: [88]DBExecuteError - 42703: column "u" does not exist

POSITION: 43
===========>     (SEVERE)   DB.ExecuteQuery: [88] => 42703: column "u" does not exist

POSITION: 46
----------->     (WARNING)  DB.ExecuteQuery: [88]DBExecuteError - 42703: column "u" does not exist

POSITION: 46
===========>     (SEVERE)   DB.ExecuteQuery: [88] => 42703: column "u" does not exist

POSITION: 39
----------->     (WARNING)  DB.ExecuteQuery: [88]DBExecuteError - 42703: column "u" does not exist

POSITION: 39
===========>     (SEVERE)   DB.ExecuteQuery: [88] => 42703: column "u" does not exist

POSITION: 41
----------->     (WARNING)  DB.ExecuteQuery: [88]DBExecuteError - 42703: column "u" does not exist

POSITION: 41
===========>     (SEVERE)   DB.ExecuteQuery: [88] => 42703: column "u" does not exist

POSITION: 43
----------->     (WARNING)  DB.ExecuteQuery: [88]DBExecuteError - 42703: column "u" does not exist

POSITION: 43
===========>     (SEVERE)   DB.ExecuteQuery: [88] => 42703: column "u" does not exist

POSITION: 38
----------->     (WARNING)  DB.ExecuteQuery: [88]DBExecuteError - 42703: column "u" does not exist

POSITION: 38
===========>     (SEVERE)   DB.ExecuteQuery: [88] => 42703: column "u" does not exist

POSITION: 37
----------->     (WARNING)  DB.ExecuteQuery: [88]DBExecuteError - 42703: column "u" does not exist

POSITION: 37
===========>     (SEVERE)   DB.ExecuteQuery: [88] => 42703: column "u" does not exist

POSITION: 37
----------->     (WARNING)  DB.ExecuteQuery: [88]DBExecuteError - 42703: column "u" does not exist

POSITION: 37
===========>     (SEVERE)   DB.ExecuteQuery: [88] => 42703: column "u" does not exist

POSITION: 37
----------->     (WARNING)  DB.ExecuteQuery: [88]DBExecuteError - 42703: column "u" does not exist

POSITION: 37
===========>     (SEVERE)   DB.ExecuteQuery: [88] => 42703: column "u" does not exist

POSITION: 34
----------->     (WARNING)  DB.ExecuteQuery: [88]DBExecuteError - 42703: column "u" does not exist

POSITION: 34
===========>     (SEVERE)   DB.ExecuteQuery: [88] => 42703: column "u" does not exist

POSITION: 37
----------->     (WARNING)  DB.ExecuteQuery: [88]DBExecuteError - 42703: column "u" does not exist

POSITION: 37
===========>     (SEVERE)   DB.ExecuteQuery: [88] => 42703: column "u" does not exist

POSITION: 40
----------->     (WARNING)  DB.ExecuteQuery: [88]DBExecuteError - 42703: column "u" does not exist

POSITION: 40
===========>     (SEVERE)   DB.ExecuteQuery: [88] => 42703: column "u" does not exist

POSITION: 37
----------->     (WARNING)  DB.ExecuteQuery: [88]DBExecuteError - 42703: column "u" does not exist

POSITION: 37
===========>     (SEVERE)   DB.ExecuteQuery: [88] => 42703: column "u" does not exist

POSITION: 37
----------->     (WARNING)  DB.ExecuteQuery: [88]DBExecuteError - 42703: column "u" does not exist

POSITION: 37
===========>     (SEVERE)   DB.ExecuteQuery: [88] => 0A000: cannot alter type of a column used by a view or rule

DETAIL: Detail redacted as it may contain sensitive data. Specify 'Include Error Detail' in the connection string to include this information.
----------->     (WARNING)  DB.ExecuteQuery: [88]DBExecuteError - 0A000: cannot alter type of a column used by a view or rule

DETAIL: Detail redacted as it may contain sensitive data. Specify 'Include Error Detail' in the connection string to include this information.
===========>     (SEVERE)   DB.ExecuteQuery: [88] => 42601: syntax error at or near "=@#"

POSITION: 35
----------->     (WARNING)  DB.ExecuteQuery: [88]DBExecuteError - 42601: syntax error at or near "=@#"

POSITION: 35
===========>     (SEVERE)   DB.ExecuteQuery: [88] => 42601: syntax error at or near "=@#"

POSITION: 39
----------->     (WARNING)  DB.ExecuteQuery: [88]DBExecuteError - 42601: syntax error at or near "=@#"

POSITION: 39
===========>     (SEVERE)   DB.ExecuteQuery: [88] => 42601: syntax error at or near "=@#"

POSITION: 39
----------->     (WARNING)  DB.ExecuteQuery: [88]DBExecuteError - 42601: syntax error at or near "=@#"

POSITION: 39
===========>     (SEVERE)   DB.ExecuteQuery: [88] => 42601: syntax error at or near "=@#"

POSITION: 44
----------->     (WARNING)  DB.ExecuteQuery: [88]DBExecuteError - 42601: syntax error at or near "=@#"

POSITION: 44
===========>     (SEVERE)   DB.ExecuteQuery: [88] => 42601: syntax error at or near "=@#"

POSITION: 40
----------->     (WARNING)  DB.ExecuteQuery: [88]DBExecuteError - 42601: syntax error at or near "=@#"

POSITION: 40
===========>     (SEVERE)   DB.ExecuteQuery: [88] => 42601: syntax error at or near "=@#"

POSITION: 36
----------->     (WARNING)  DB.ExecuteQuery: [88]DBExecuteError - 42601: syntax error at or near "=@#"

POSITION: 36
===========>     (SEVERE)   DB.ExecuteQuery: [88] => 0A000: cannot alter type of a column used by a view or rule

DETAIL: Detail redacted as it may contain sensitive data. Specify 'Include Error Detail' in the connection string to include this information.
----------->     (WARNING)  DB.ExecuteQuery: [88]DBExecuteError - 0A000: cannot alter type of a column used by a view or rule

DETAIL: Detail redacted as it may contain sensitive data. Specify 'Include Error Detail' in the connection string to include this information.
