===========>     (SEVERE)   PostgreHelper.ExecuteDataset: [69]42703: column ad_widgetsize.d_chart_id does not exist

POSITION: 375 [Query D] =>SELECT D_Chart.chartType, D_Chart.d_chart_id, D_Chart.Name, colspan,rowspan,'C' AS Type,AD_WidgetSize.AD_WidgetSize_ID,Sequence, IsDefault,AD_IMAGE.BINARYDATA,D_Chart.AD_Window_ID FROM D_Chart INNER JOIN 
                            D_ChartAccess ON (D_Chart.D_Chart_ID=D_ChartAccess.D_Chart_ID)
                            INNER JOIN AD_WidgetSize ON (D_Chart.D_Chart_ID=AD_WidgetSize.D_Chart_ID)LEFT JOIN AD_IMAGE ON AD_IMAGE.AD_IMAGE_ID=AD_WidgetSize.AD_IMAGE_ID                           
                            WHERE D_Chart.isActive='Y' AND AD_WidgetSize.isActive='Y' AND  D_ChartAccess.AD_Role_ID=0 AND Homepage='Y' UNION ALL  SELECT RC_KPI.KPIType AS chartType, RC_KPI.RC_KPI_ID AS d_chart_id,  RC_KPI.Name, colspan,rowspan,'K' AS Type,AD_WidgetSize.AD_WidgetSize_ID,Sequence ,IsDefault,AD_IMAGE.BINARYDATA,RC_KPI.AD_Window_ID FROM RC_KPI INNER JOIN 
                            RC_KPIAccess ON (RC_KPI.RC_KPI_ID=RC_KPIAccess.RC_KPI_ID)
                            INNER JOIN AD_WidgetSize ON (RC_KPI.RC_KPI_ID=AD_WidgetSize.RC_KPI_ID) LEFT JOIN AD_IMAGE ON AD_IMAGE.AD_IMAGE_ID=AD_WidgetSize.AD_IMAGE_ID                            
                            WHERE RC_KPI.isActive='Y' AND AD_WidgetSize.isActive='Y' AND   RC_KPIAccess.AD_Role_ID=0 AND Homepage='Y' UNION ALL  SELECT 'V' AS chartType, RC_View.RC_View_ID AS d_chart_id, RC_View.Name, colspan,rowspan,'V' AS Type,AD_WidgetSize.AD_WidgetSize_ID,Sequence ,IsDefault,AD_IMAGE.BINARYDATA, RC_View.AD_Window_ID FROM RC_View INNER JOIN 
                            RC_ViewAccess ON (RC_View.RC_View_ID=RC_ViewAccess.RC_View_ID)
                            INNER JOIN AD_WidgetSize ON (RC_View.RC_View_ID=AD_WidgetSize.RC_View_ID) LEFT JOIN AD_IMAGE ON AD_IMAGE.AD_IMAGE_ID=AD_WidgetSize.AD_IMAGE_ID                            
                            WHERE RC_View.isActive='Y' AND AD_WidgetSize.isActive='Y' AND   RC_ViewAccess.AD_Role_ID=0 AND Homepage='Y'
09:35:43.354    (INFO)     MRole.Get: [45]AD_Role_ID=0, AD_User_ID=100, reload=True
09:35:43.354    (INFO)     MRole.Get: [45]MRole[0,System Administrator,UserLevel=S  ,AD_Client_ID=0,AD_Org_ID=0]
09:35:43.354    (INFO)     MTree.Load: [45]AD_Tree_ID=121, AD_User_ID=100, Editable=False, OnClient=True
----------->     (WARNING)  PushNotification.SendNotificationToUser: [45]PushNotif - Module VA074_ is not installed!
===========>     (SEVERE)   PostgreHelper.ExecuteDataset: [10]42703: column ad_widgetsize.d_chart_id does not exist

POSITION: 375 [Query D] =>SELECT D_Chart.chartType, D_Chart.d_chart_id, D_Chart.Name, colspan,rowspan,'C' AS Type,AD_WidgetSize.AD_WidgetSize_ID,Sequence, IsDefault,AD_IMAGE.BINARYDATA,D_Chart.AD_Window_ID FROM D_Chart INNER JOIN 
                            D_ChartAccess ON (D_Chart.D_Chart_ID=D_ChartAccess.D_Chart_ID)
                            INNER JOIN AD_WidgetSize ON (D_Chart.D_Chart_ID=AD_WidgetSize.D_Chart_ID)LEFT JOIN AD_IMAGE ON AD_IMAGE.AD_IMAGE_ID=AD_WidgetSize.AD_IMAGE_ID                           
                            WHERE D_Chart.isActive='Y' AND AD_WidgetSize.isActive='Y' AND  D_ChartAccess.AD_Role_ID=0 AND Homepage='Y' UNION ALL  SELECT RC_KPI.KPIType AS chartType, RC_KPI.RC_KPI_ID AS d_chart_id,  RC_KPI.Name, colspan,rowspan,'K' AS Type,AD_WidgetSize.AD_WidgetSize_ID,Sequence ,IsDefault,AD_IMAGE.BINARYDATA,RC_KPI.AD_Window_ID FROM RC_KPI INNER JOIN 
                            RC_KPIAccess ON (RC_KPI.RC_KPI_ID=RC_KPIAccess.RC_KPI_ID)
                            INNER JOIN AD_WidgetSize ON (RC_KPI.RC_KPI_ID=AD_WidgetSize.RC_KPI_ID) LEFT JOIN AD_IMAGE ON AD_IMAGE.AD_IMAGE_ID=AD_WidgetSize.AD_IMAGE_ID                            
                            WHERE RC_KPI.isActive='Y' AND AD_WidgetSize.isActive='Y' AND   RC_KPIAccess.AD_Role_ID=0 AND Homepage='Y' UNION ALL  SELECT 'V' AS chartType, RC_View.RC_View_ID AS d_chart_id, RC_View.Name, colspan,rowspan,'V' AS Type,AD_WidgetSize.AD_WidgetSize_ID,Sequence ,IsDefault,AD_IMAGE.BINARYDATA, RC_View.AD_Window_ID FROM RC_View INNER JOIN 
                            RC_ViewAccess ON (RC_View.RC_View_ID=RC_ViewAccess.RC_View_ID)
                            INNER JOIN AD_WidgetSize ON (RC_View.RC_View_ID=AD_WidgetSize.RC_View_ID) LEFT JOIN AD_IMAGE ON AD_IMAGE.AD_IMAGE_ID=AD_WidgetSize.AD_IMAGE_ID                            
                            WHERE RC_View.isActive='Y' AND AD_WidgetSize.isActive='Y' AND   RC_ViewAccess.AD_Role_ID=0 AND Homepage='Y'
09:36:21.362    (INFO)     Trx.Start: [30]**** VISPRO_ModIns638760297812292944System.Random
09:36:21.362    (INFO)     Trx.Commit: [30]**C** VISPRO_ModIns638760297812292944System.Random
09:36:30.363    (INFO)     Env.Reset: [29]finalCall=False
09:36:30.363    (INFO)     CacheMgt.Reset: [29]#17 (4913)
09:36:30.363    (INFO)     Trx.Start: [29]**** VISPRO_ModIns638760297907395188System.Random
09:36:30.363    (INFO)     Trx.Commit: [29]**C** VISPRO_ModIns638760297907395188System.Random
09:37:00.370    (INFO)     MRole.Get: [10]AD_Role_ID=0, AD_User_ID=100, reload=True
09:37:00.370    (INFO)     MRole.Get: [10]MRole[0,System Administrator,UserLevel=S  ,AD_Client_ID=0,AD_Org_ID=0]
09:37:00.370    (INFO)     MRole.Get: [10]AD_Role_ID=0, AD_User_ID=100, reload=True
09:37:00.370    (INFO)     MRole.Get: [10]MRole[0,System Administrator,UserLevel=S  ,AD_Client_ID=0,AD_Org_ID=0]
09:37:00.370    (INFO)     MTree.Load: [10]AD_Tree_ID=121, AD_User_ID=100, Editable=False, OnClient=True
09:37:00.370    (INFO)     Msg.InitMsg: [10]Records=4608 - en_US
----------->     (WARNING)  PushNotification.SendNotificationToUser: [10]PushNotif - Module VA074_ is not installed!
===========>     (SEVERE)   PostgreHelper.ExecuteDataset: [51]42703: column ad_widgetsize.d_chart_id does not exist

POSITION: 375 [Query D] =>SELECT D_Chart.chartType, D_Chart.d_chart_id, D_Chart.Name, colspan,rowspan,'C' AS Type,AD_WidgetSize.AD_WidgetSize_ID,Sequence, IsDefault,AD_IMAGE.BINARYDATA,D_Chart.AD_Window_ID FROM D_Chart INNER JOIN 
                            D_ChartAccess ON (D_Chart.D_Chart_ID=D_ChartAccess.D_Chart_ID)
                            INNER JOIN AD_WidgetSize ON (D_Chart.D_Chart_ID=AD_WidgetSize.D_Chart_ID)LEFT JOIN AD_IMAGE ON AD_IMAGE.AD_IMAGE_ID=AD_WidgetSize.AD_IMAGE_ID                           
                            WHERE D_Chart.isActive='Y' AND AD_WidgetSize.isActive='Y' AND  D_ChartAccess.AD_Role_ID=0 AND Homepage='Y' UNION ALL  SELECT RC_KPI.KPIType AS chartType, RC_KPI.RC_KPI_ID AS d_chart_id,  RC_KPI.Name, colspan,rowspan,'K' AS Type,AD_WidgetSize.AD_WidgetSize_ID,Sequence ,IsDefault,AD_IMAGE.BINARYDATA,RC_KPI.AD_Window_ID FROM RC_KPI INNER JOIN 
                            RC_KPIAccess ON (RC_KPI.RC_KPI_ID=RC_KPIAccess.RC_KPI_ID)
                            INNER JOIN AD_WidgetSize ON (RC_KPI.RC_KPI_ID=AD_WidgetSize.RC_KPI_ID) LEFT JOIN AD_IMAGE ON AD_IMAGE.AD_IMAGE_ID=AD_WidgetSize.AD_IMAGE_ID                            
                            WHERE RC_KPI.isActive='Y' AND AD_WidgetSize.isActive='Y' AND   RC_KPIAccess.AD_Role_ID=0 AND Homepage='Y' UNION ALL  SELECT 'V' AS chartType, RC_View.RC_View_ID AS d_chart_id, RC_View.Name, colspan,rowspan,'V' AS Type,AD_WidgetSize.AD_WidgetSize_ID,Sequence ,IsDefault,AD_IMAGE.BINARYDATA, RC_View.AD_Window_ID FROM RC_View INNER JOIN 
                            RC_ViewAccess ON (RC_View.RC_View_ID=RC_ViewAccess.RC_View_ID)
                            INNER JOIN AD_WidgetSize ON (RC_View.RC_View_ID=AD_WidgetSize.RC_View_ID) LEFT JOIN AD_IMAGE ON AD_IMAGE.AD_IMAGE_ID=AD_WidgetSize.AD_IMAGE_ID                            
                            WHERE RC_View.isActive='Y' AND AD_WidgetSize.isActive='Y' AND   RC_ViewAccess.AD_Role_ID=0 AND Homepage='Y'
09:37:31.373    (INFO)     Trx.Start: [45]**** VISPRO_ModIns638760298513597286System.Random
09:37:31.373    (INFO)     Trx.Commit: [45]**C** VISPRO_ModIns638760298513597286System.Random
===========>     (SEVERE)   DB.ExecuteQuery: [56] => 42601: syntax error at or near "ENABLE"

POSITION: 72
----------->     (WARNING)  DB.ExecuteQuery: [56]DBExecuteError - 42601: syntax error at or near "ENABLE"

POSITION: 72
===========>     (SEVERE)   DB.ExecuteQuery: [56] => 42701: column "c_uom_id" of relation "t_salestemp" already exists
----------->     (WARNING)  DB.ExecuteQuery: [56]DBExecuteError - 42701: column "c_uom_id" of relation "t_salestemp" already exists
===========>     (SEVERE)   DB.ExecuteQuery: [56] => 42601: syntax error at or near "AS"

POSITION: 167
----------->     (WARNING)  DB.ExecuteQuery: [56]DBExecuteError - 42601: syntax error at or near "AS"

POSITION: 167
===========>     (SEVERE)   DB.ExecuteQuery: [56] => 42704: constraint "pk249" of relation "m_replenish" does not exist
----------->     (WARNING)  DB.ExecuteQuery: [56]DBExecuteError - 42704: constraint "pk249" of relation "m_replenish" does not exist
===========>     (SEVERE)   DB.ExecuteQuery: [56] => 42704: index "pk249" does not exist
----------->     (WARNING)  DB.ExecuteQuery: [56]DBExecuteError - 42704: index "pk249" does not exist
===========>     (SEVERE)   DB.ExecuteQuery: [56] => 42704: constraint "pk364" of relation "t_replenish" does not exist
----------->     (WARNING)  DB.ExecuteQuery: [56]DBExecuteError - 42704: constraint "pk364" of relation "t_replenish" does not exist
===========>     (SEVERE)   DB.ExecuteQuery: [56] => 42704: index "pk364" does not exist
----------->     (WARNING)  DB.ExecuteQuery: [56]DBExecuteError - 42704: index "pk364" does not exist
===========>     (SEVERE)   DB.ExecuteQuery: [56] => 42601: syntax error at or near "FORCE"

POSITION: 19
----------->     (WARNING)  DB.ExecuteQuery: [56]DBExecuteError - 42601: syntax error at or near "FORCE"

POSITION: 19
===========>     (SEVERE)   DB.ExecuteQuery: [56] => 42P01: view "dtd01_openrequisitionmaterialinventory_v" does not exist
----------->     (WARNING)  DB.ExecuteQuery: [56]DBExecuteError - 42P01: view "dtd01_openrequisitionmaterialinventory_v" does not exist
09:37:39.373    (INFO)     MChangeLog.FillChangeLog: [56]#9
===========>     (SEVERE)   DB.ExecuteQuery: [56] => 23505: duplicate key value violates unique constraint "ad_form_access_pkey"

DETAIL: Detail redacted as it may contain sensitive data. Specify 'Include Error Detail' in the connection string to include this information.
----------->     (WARNING)  DB.ExecuteQuery: [56]DBExecuteError - 23505: duplicate key value violates unique constraint "ad_form_access_pkey"

DETAIL: Detail redacted as it may contain sensitive data. Specify 'Include Error Detail' in the connection string to include this information.
----------->     (WARNING)  X_AD_Form_Access.ImportNow: [56]Not insertedAD_Form_Access
===========>     (SEVERE)   DB.ExecuteQuery: [56] => 23505: duplicate key value violates unique constraint "ad_form_access_pkey"

DETAIL: Detail redacted as it may contain sensitive data. Specify 'Include Error Detail' in the connection string to include this information.
----------->     (WARNING)  DB.ExecuteQuery: [56]DBExecuteError - 23505: duplicate key value violates unique constraint "ad_form_access_pkey"

DETAIL: Detail redacted as it may contain sensitive data. Specify 'Include Error Detail' in the connection string to include this information.
----------->     (WARNING)  X_AD_Form_Access.ImportNow: [56]Not insertedAD_Form_Access
===========>     (SEVERE)   DB.ExecuteQuery: [56] => 23505: duplicate key value violates unique constraint "ad_process_access_pkey"

DETAIL: Detail redacted as it may contain sensitive data. Specify 'Include Error Detail' in the connection string to include this information.
----------->     (WARNING)  DB.ExecuteQuery: [56]DBExecuteError - 23505: duplicate key value violates unique constraint "ad_process_access_pkey"

DETAIL: Detail redacted as it may contain sensitive data. Specify 'Include Error Detail' in the connection string to include this information.
----------->     (WARNING)  X_AD_Process_Access.ImportNow: [56]Not insertedAD_Process_Access
===========>     (SEVERE)   DB.ExecuteQuery: [56] => 23505: duplicate key value violates unique constraint "ad_process_access_pkey"

DETAIL: Detail redacted as it may contain sensitive data. Specify 'Include Error Detail' in the connection string to include this information.
----------->     (WARNING)  DB.ExecuteQuery: [56]DBExecuteError - 23505: duplicate key value violates unique constraint "ad_process_access_pkey"

DETAIL: Detail redacted as it may contain sensitive data. Specify 'Include Error Detail' in the connection string to include this information.
----------->     (WARNING)  X_AD_Process_Access.ImportNow: [56]Not insertedAD_Process_Access
===========>     (SEVERE)   DB.ExecuteQuery: [56] => 42P01: sequence "dtd001_packing_v_seq" does not exist
----------->     (WARNING)  DB.ExecuteQuery: [56]DBExecuteError - 42P01: sequence "dtd001_packing_v_seq" does not exist
===========>     (SEVERE)   PostgreHelper.ExecuteReader: [56]42703: column "dtd001_packingline_v_id" does not exist

POSITION: 13 [Query DR] SELECT MAX( DTD001_PackingLine_V_ID) FROM DTD001_PackingLine_V
===========>     (SEVERE)   PostgreHelper.ExecuteReader: [56]42703: column "dtd001_packingline_v_id" does not exist

POSITION: 13 [Query DR] SELECT MAX( DTD001_PackingLine_V_ID) FROM DTD001_PackingLine_V
===========>     (SEVERE)   DB.GetSQLValue: [56]SELECT MAX( DTD001_PackingLine_V_ID) FROM DTD001_PackingLine_V => 42703: column "dtd001_packingline_v_id" does not exist

POSITION: 13
===========>     (SEVERE)   DB.ExecuteQuery: [56] => 42P01: sequence "dtd001_packingline_v_seq" does not exist
----------->     (WARNING)  DB.ExecuteQuery: [56]DBExecuteError - 42P01: sequence "dtd001_packingline_v_seq" does not exist
===========>     (SEVERE)   DB.ExecuteQuery: [56] => 23505: duplicate key value violates unique constraint "ad_process_access_pkey"

DETAIL: Detail redacted as it may contain sensitive data. Specify 'Include Error Detail' in the connection string to include this information.
----------->     (WARNING)  DB.ExecuteQuery: [56]DBExecuteError - 23505: duplicate key value violates unique constraint "ad_process_access_pkey"

DETAIL: Detail redacted as it may contain sensitive data. Specify 'Include Error Detail' in the connection string to include this information.
----------->     (WARNING)  X_AD_Process_Access.ImportNow: [56]Not insertedAD_Process_Access
===========>     (SEVERE)   DB.ExecuteQuery: [56] => 23505: duplicate key value violates unique constraint "ad_process_access_pkey"

DETAIL: Detail redacted as it may contain sensitive data. Specify 'Include Error Detail' in the connection string to include this information.
----------->     (WARNING)  DB.ExecuteQuery: [56]DBExecuteError - 23505: duplicate key value violates unique constraint "ad_process_access_pkey"

DETAIL: Detail redacted as it may contain sensitive data. Specify 'Include Error Detail' in the connection string to include this information.
----------->     (WARNING)  X_AD_Process_Access.ImportNow: [56]Not insertedAD_Process_Access
===========>     (SEVERE)   DB.ExecuteQuery: [56] => 23505: duplicate key value violates unique constraint "ad_process_access_pkey"

DETAIL: Detail redacted as it may contain sensitive data. Specify 'Include Error Detail' in the connection string to include this information.
----------->     (WARNING)  DB.ExecuteQuery: [56]DBExecuteError - 23505: duplicate key value violates unique constraint "ad_process_access_pkey"

DETAIL: Detail redacted as it may contain sensitive data. Specify 'Include Error Detail' in the connection string to include this information.
----------->     (WARNING)  X_AD_Process_Access.ImportNow: [56]Not insertedAD_Process_Access
===========>     (SEVERE)   DB.ExecuteQuery: [56] => 23505: duplicate key value violates unique constraint "ad_process_access_pkey"

DETAIL: Detail redacted as it may contain sensitive data. Specify 'Include Error Detail' in the connection string to include this information.
----------->     (WARNING)  DB.ExecuteQuery: [56]DBExecuteError - 23505: duplicate key value violates unique constraint "ad_process_access_pkey"

DETAIL: Detail redacted as it may contain sensitive data. Specify 'Include Error Detail' in the connection string to include this information.
----------->     (WARNING)  X_AD_Process_Access.ImportNow: [56]Not insertedAD_Process_Access
===========>     (SEVERE)   DB.ExecuteQuery: [56] => 23505: duplicate key value violates unique constraint "ad_process_access_pkey"

DETAIL: Detail redacted as it may contain sensitive data. Specify 'Include Error Detail' in the connection string to include this information.
----------->     (WARNING)  DB.ExecuteQuery: [56]DBExecuteError - 23505: duplicate key value violates unique constraint "ad_process_access_pkey"

DETAIL: Detail redacted as it may contain sensitive data. Specify 'Include Error Detail' in the connection string to include this information.
----------->     (WARNING)  X_AD_Process_Access.ImportNow: [56]Not insertedAD_Process_Access
===========>     (SEVERE)   DB.ExecuteQuery: [56] => 23505: duplicate key value violates unique constraint "ad_process_access_pkey"

DETAIL: Detail redacted as it may contain sensitive data. Specify 'Include Error Detail' in the connection string to include this information.
----------->     (WARNING)  DB.ExecuteQuery: [56]DBExecuteError - 23505: duplicate key value violates unique constraint "ad_process_access_pkey"

DETAIL: Detail redacted as it may contain sensitive data. Specify 'Include Error Detail' in the connection string to include this information.
----------->     (WARNING)  X_AD_Process_Access.ImportNow: [56]Not insertedAD_Process_Access
===========>     (SEVERE)   DB.ExecuteQuery: [56] => 23505: duplicate key value violates unique constraint "ad_process_access_pkey"

DETAIL: Detail redacted as it may contain sensitive data. Specify 'Include Error Detail' in the connection string to include this information.
----------->     (WARNING)  DB.ExecuteQuery: [56]DBExecuteError - 23505: duplicate key value violates unique constraint "ad_process_access_pkey"

DETAIL: Detail redacted as it may contain sensitive data. Specify 'Include Error Detail' in the connection string to include this information.
----------->     (WARNING)  X_AD_Process_Access.ImportNow: [56]Not insertedAD_Process_Access
===========>     (SEVERE)   DB.ExecuteQuery: [56] => 23505: duplicate key value violates unique constraint "ad_process_access_pkey"

DETAIL: Detail redacted as it may contain sensitive data. Specify 'Include Error Detail' in the connection string to include this information.
----------->     (WARNING)  DB.ExecuteQuery: [56]DBExecuteError - 23505: duplicate key value violates unique constraint "ad_process_access_pkey"

DETAIL: Detail redacted as it may contain sensitive data. Specify 'Include Error Detail' in the connection string to include this information.
----------->     (WARNING)  X_AD_Process_Access.ImportNow: [56]Not insertedAD_Process_Access
===========>     (SEVERE)   PostgreHelper.ExecuteReader: [56]42703: column "dtd001_purchaseorderline_v_id" does not exist

POSITION: 13 [Query DR] SELECT MAX( DTD001_PURCHASEORDERLINE_V_ID) FROM DTD001_PURCHASEORDERLINE_V
===========>     (SEVERE)   PostgreHelper.ExecuteReader: [56]42703: column "dtd001_purchaseorderline_v_id" does not exist

POSITION: 13 [Query DR] SELECT MAX( DTD001_PURCHASEORDERLINE_V_ID) FROM DTD001_PURCHASEORDERLINE_V
===========>     (SEVERE)   DB.GetSQLValue: [56]SELECT MAX( DTD001_PURCHASEORDERLINE_V_ID) FROM DTD001_PURCHASEORDERLINE_V => 42703: column "dtd001_purchaseorderline_v_id" does not exist

POSITION: 13
===========>     (SEVERE)   DB.ExecuteQuery: [56] => 42P01: sequence "dtd001_purchaseorderline_v_seq" does not exist
----------->     (WARNING)  DB.ExecuteQuery: [56]DBExecuteError - 42P01: sequence "dtd001_purchaseorderline_v_seq" does not exist
===========>     (SEVERE)   DB.ExecuteQuery: [56] => 42P01: sequence "dtd001_purchaseorder_v_seq" does not exist
----------->     (WARNING)  DB.ExecuteQuery: [56]DBExecuteError - 42P01: sequence "dtd001_purchaseorder_v_seq" does not exist
===========>     (SEVERE)   PostgreHelper.ExecuteReader: [56]42703: column "dtd001_purchaseordertax_v_id" does not exist

POSITION: 13 [Query DR] SELECT MAX( DTD001_PURCHASEORDERTAX_V_ID) FROM DTD001_PURCHASEORDERTAX_V
===========>     (SEVERE)   PostgreHelper.ExecuteReader: [56]42703: column "dtd001_purchaseordertax_v_id" does not exist

POSITION: 13 [Query DR] SELECT MAX( DTD001_PURCHASEORDERTAX_V_ID) FROM DTD001_PURCHASEORDERTAX_V
===========>     (SEVERE)   DB.GetSQLValue: [56]SELECT MAX( DTD001_PURCHASEORDERTAX_V_ID) FROM DTD001_PURCHASEORDERTAX_V => 42703: column "dtd001_purchaseordertax_v_id" does not exist

POSITION: 13
===========>     (SEVERE)   DB.ExecuteQuery: [56] => 42P01: sequence "dtd001_purchaseordertax_v_seq" does not exist
----------->     (WARNING)  DB.ExecuteQuery: [56]DBExecuteError - 42P01: sequence "dtd001_purchaseordertax_v_seq" does not exist
===========>     (SEVERE)   DB.ExecuteQuery: [56] => 23505: duplicate key value violates unique constraint "ad_process_access_pkey"

DETAIL: Detail redacted as it may contain sensitive data. Specify 'Include Error Detail' in the connection string to include this information.
----------->     (WARNING)  DB.ExecuteQuery: [56]DBExecuteError - 23505: duplicate key value violates unique constraint "ad_process_access_pkey"

DETAIL: Detail redacted as it may contain sensitive data. Specify 'Include Error Detail' in the connection string to include this information.
----------->     (WARNING)  X_AD_Process_Access.ImportNow: [56]Not insertedAD_Process_Access
===========>     (SEVERE)   DB.ExecuteQuery: [56] => 23505: duplicate key value violates unique constraint "ad_process_access_pkey"

DETAIL: Detail redacted as it may contain sensitive data. Specify 'Include Error Detail' in the connection string to include this information.
----------->     (WARNING)  DB.ExecuteQuery: [56]DBExecuteError - 23505: duplicate key value violates unique constraint "ad_process_access_pkey"

DETAIL: Detail redacted as it may contain sensitive data. Specify 'Include Error Detail' in the connection string to include this information.
----------->     (WARNING)  X_AD_Process_Access.ImportNow: [56]Not insertedAD_Process_Access
===========>     (SEVERE)   DB.ExecuteQuery: [56] => 23505: duplicate key value violates unique constraint "ad_process_access_pkey"

DETAIL: Detail redacted as it may contain sensitive data. Specify 'Include Error Detail' in the connection string to include this information.
----------->     (WARNING)  DB.ExecuteQuery: [56]DBExecuteError - 23505: duplicate key value violates unique constraint "ad_process_access_pkey"

DETAIL: Detail redacted as it may contain sensitive data. Specify 'Include Error Detail' in the connection string to include this information.
----------->     (WARNING)  X_AD_Process_Access.ImportNow: [56]Not insertedAD_Process_Access
===========>     (SEVERE)   DB.ExecuteQuery: [56] => 23505: duplicate key value violates unique constraint "ad_process_access_pkey"

DETAIL: Detail redacted as it may contain sensitive data. Specify 'Include Error Detail' in the connection string to include this information.
----------->     (WARNING)  DB.ExecuteQuery: [56]DBExecuteError - 23505: duplicate key value violates unique constraint "ad_process_access_pkey"

DETAIL: Detail redacted as it may contain sensitive data. Specify 'Include Error Detail' in the connection string to include this information.
----------->     (WARNING)  X_AD_Process_Access.ImportNow: [56]Not insertedAD_Process_Access
===========>     (SEVERE)   DB.ExecuteQuery: [56] => 23505: duplicate key value violates unique constraint "ad_form_access_pkey"

DETAIL: Detail redacted as it may contain sensitive data. Specify 'Include Error Detail' in the connection string to include this information.
----------->     (WARNING)  DB.ExecuteQuery: [56]DBExecuteError - 23505: duplicate key value violates unique constraint "ad_form_access_pkey"

DETAIL: Detail redacted as it may contain sensitive data. Specify 'Include Error Detail' in the connection string to include this information.
----------->     (WARNING)  X_AD_Form_Access.ImportNow: [56]Not insertedAD_Form_Access
===========>     (SEVERE)   DB.ExecuteQuery: [56] => 23505: duplicate key value violates unique constraint "ad_form_access_pkey"

DETAIL: Detail redacted as it may contain sensitive data. Specify 'Include Error Detail' in the connection string to include this information.
----------->     (WARNING)  DB.ExecuteQuery: [56]DBExecuteError - 23505: duplicate key value violates unique constraint "ad_form_access_pkey"

DETAIL: Detail redacted as it may contain sensitive data. Specify 'Include Error Detail' in the connection string to include this information.
----------->     (WARNING)  X_AD_Form_Access.ImportNow: [56]Not insertedAD_Form_Access
===========>     (SEVERE)   DB.ExecuteQuery: [56] => 23505: duplicate key value violates unique constraint "ad_form_access_pkey"

DETAIL: Detail redacted as it may contain sensitive data. Specify 'Include Error Detail' in the connection string to include this information.
----------->     (WARNING)  DB.ExecuteQuery: [56]DBExecuteError - 23505: duplicate key value violates unique constraint "ad_form_access_pkey"

DETAIL: Detail redacted as it may contain sensitive data. Specify 'Include Error Detail' in the connection string to include this information.
----------->     (WARNING)  X_AD_Form_Access.ImportNow: [56]Not insertedAD_Form_Access
===========>     (SEVERE)   DB.ExecuteQuery: [56] => 23505: duplicate key value violates unique constraint "ad_form_access_pkey"

DETAIL: Detail redacted as it may contain sensitive data. Specify 'Include Error Detail' in the connection string to include this information.
----------->     (WARNING)  DB.ExecuteQuery: [56]DBExecuteError - 23505: duplicate key value violates unique constraint "ad_form_access_pkey"

DETAIL: Detail redacted as it may contain sensitive data. Specify 'Include Error Detail' in the connection string to include this information.
----------->     (WARNING)  X_AD_Form_Access.ImportNow: [56]Not insertedAD_Form_Access
===========>     (SEVERE)   DB.ExecuteQuery: [56] => 42P01: sequence "varpt_internaluseinv_v_seq" does not exist
----------->     (WARNING)  DB.ExecuteQuery: [56]DBExecuteError - 42P01: sequence "varpt_internaluseinv_v_seq" does not exist
===========>     (SEVERE)   PostgreHelper.ExecuteReader: [56]42703: column "varpt_internaluseinvline_v_id" does not exist

POSITION: 13 [Query DR] SELECT MAX( VARPT_INTERNALUSEINVLINE_V_ID) FROM VARPT_INTERNALUSEINVLINE_V
===========>     (SEVERE)   PostgreHelper.ExecuteReader: [56]42703: column "varpt_internaluseinvline_v_id" does not exist

POSITION: 13 [Query DR] SELECT MAX( VARPT_INTERNALUSEINVLINE_V_ID) FROM VARPT_INTERNALUSEINVLINE_V
===========>     (SEVERE)   DB.GetSQLValue: [56]SELECT MAX( VARPT_INTERNALUSEINVLINE_V_ID) FROM VARPT_INTERNALUSEINVLINE_V => 42703: column "varpt_internaluseinvline_v_id" does not exist

POSITION: 13
===========>     (SEVERE)   DB.ExecuteQuery: [56] => 42P01: sequence "varpt_internaluseinvline_v_seq" does not exist
----------->     (WARNING)  DB.ExecuteQuery: [56]DBExecuteError - 42P01: sequence "varpt_internaluseinvline_v_seq" does not exist
===========>     (SEVERE)   DB.ExecuteQuery: [56] => 23505: duplicate key value violates unique constraint "ad_process_access_pkey"

DETAIL: Detail redacted as it may contain sensitive data. Specify 'Include Error Detail' in the connection string to include this information.
----------->     (WARNING)  DB.ExecuteQuery: [56]DBExecuteError - 23505: duplicate key value violates unique constraint "ad_process_access_pkey"

DETAIL: Detail redacted as it may contain sensitive data. Specify 'Include Error Detail' in the connection string to include this information.
----------->     (WARNING)  X_AD_Process_Access.ImportNow: [56]Not insertedAD_Process_Access
===========>     (SEVERE)   DB.ExecuteQuery: [56] => 23505: duplicate key value violates unique constraint "ad_process_access_pkey"

DETAIL: Detail redacted as it may contain sensitive data. Specify 'Include Error Detail' in the connection string to include this information.
----------->     (WARNING)  DB.ExecuteQuery: [56]DBExecuteError - 23505: duplicate key value violates unique constraint "ad_process_access_pkey"

DETAIL: Detail redacted as it may contain sensitive data. Specify 'Include Error Detail' in the connection string to include this information.
----------->     (WARNING)  X_AD_Process_Access.ImportNow: [56]Not insertedAD_Process_Access
===========>     (SEVERE)   DB.ExecuteQuery: [56] => 23505: duplicate key value violates unique constraint "ad_process_access_pkey"

DETAIL: Detail redacted as it may contain sensitive data. Specify 'Include Error Detail' in the connection string to include this information.
----------->     (WARNING)  DB.ExecuteQuery: [56]DBExecuteError - 23505: duplicate key value violates unique constraint "ad_process_access_pkey"

DETAIL: Detail redacted as it may contain sensitive data. Specify 'Include Error Detail' in the connection string to include this information.
----------->     (WARNING)  X_AD_Process_Access.ImportNow: [56]Not insertedAD_Process_Access
===========>     (SEVERE)   DB.ExecuteQuery: [56] => 23505: duplicate key value violates unique constraint "ad_process_access_pkey"

DETAIL: Detail redacted as it may contain sensitive data. Specify 'Include Error Detail' in the connection string to include this information.
----------->     (WARNING)  DB.ExecuteQuery: [56]DBExecuteError - 23505: duplicate key value violates unique constraint "ad_process_access_pkey"

DETAIL: Detail redacted as it may contain sensitive data. Specify 'Include Error Detail' in the connection string to include this information.
----------->     (WARNING)  X_AD_Process_Access.ImportNow: [56]Not insertedAD_Process_Access
===========>     (SEVERE)   DB.ExecuteQuery: [56] => 23505: duplicate key value violates unique constraint "ad_workflow_access_pkey"

DETAIL: Detail redacted as it may contain sensitive data. Specify 'Include Error Detail' in the connection string to include this information.
----------->     (WARNING)  DB.ExecuteQuery: [56]DBExecuteError - 23505: duplicate key value violates unique constraint "ad_workflow_access_pkey"

DETAIL: Detail redacted as it may contain sensitive data. Specify 'Include Error Detail' in the connection string to include this information.
----------->     (WARNING)  X_AD_Workflow_Access.ImportNow: [56]Not insertedAD_Workflow_Access
===========>     (SEVERE)   DB.ExecuteQuery: [56] => 23505: duplicate key value violates unique constraint "ad_workflow_access_pkey"

DETAIL: Detail redacted as it may contain sensitive data. Specify 'Include Error Detail' in the connection string to include this information.
----------->     (WARNING)  DB.ExecuteQuery: [56]DBExecuteError - 23505: duplicate key value violates unique constraint "ad_workflow_access_pkey"

DETAIL: Detail redacted as it may contain sensitive data. Specify 'Include Error Detail' in the connection string to include this information.
----------->     (WARNING)  X_AD_Workflow_Access.ImportNow: [56]Not insertedAD_Workflow_Access
===========>     (SEVERE)   DB.ExecuteQuery: [56] => 23505: duplicate key value violates unique constraint "ad_process_access_pkey"

DETAIL: Detail redacted as it may contain sensitive data. Specify 'Include Error Detail' in the connection string to include this information.
----------->     (WARNING)  DB.ExecuteQuery: [56]DBExecuteError - 23505: duplicate key value violates unique constraint "ad_process_access_pkey"

DETAIL: Detail redacted as it may contain sensitive data. Specify 'Include Error Detail' in the connection string to include this information.
----------->     (WARNING)  X_AD_Process_Access.ImportNow: [56]Not insertedAD_Process_Access
===========>     (SEVERE)   DB.ExecuteQuery: [56] => 23505: duplicate key value violates unique constraint "ad_process_access_pkey"

DETAIL: Detail redacted as it may contain sensitive data. Specify 'Include Error Detail' in the connection string to include this information.
----------->     (WARNING)  DB.ExecuteQuery: [56]DBExecuteError - 23505: duplicate key value violates unique constraint "ad_process_access_pkey"

DETAIL: Detail redacted as it may contain sensitive data. Specify 'Include Error Detail' in the connection string to include this information.
----------->     (WARNING)  X_AD_Process_Access.ImportNow: [56]Not insertedAD_Process_Access
===========>     (SEVERE)   DB.ExecuteQuery: [56] => 23505: duplicate key value violates unique constraint "ad_process_access_pkey"

DETAIL: Detail redacted as it may contain sensitive data. Specify 'Include Error Detail' in the connection string to include this information.
----------->     (WARNING)  DB.ExecuteQuery: [56]DBExecuteError - 23505: duplicate key value violates unique constraint "ad_process_access_pkey"

DETAIL: Detail redacted as it may contain sensitive data. Specify 'Include Error Detail' in the connection string to include this information.
----------->     (WARNING)  X_AD_Process_Access.ImportNow: [56]Not insertedAD_Process_Access
===========>     (SEVERE)   DB.ExecuteQuery: [56] => 23505: duplicate key value violates unique constraint "ad_process_access_pkey"

DETAIL: Detail redacted as it may contain sensitive data. Specify 'Include Error Detail' in the connection string to include this information.
----------->     (WARNING)  DB.ExecuteQuery: [56]DBExecuteError - 23505: duplicate key value violates unique constraint "ad_process_access_pkey"

DETAIL: Detail redacted as it may contain sensitive data. Specify 'Include Error Detail' in the connection string to include this information.
----------->     (WARNING)  X_AD_Process_Access.ImportNow: [56]Not insertedAD_Process_Access
===========>     (SEVERE)   PostgreHelper.ExecuteReader: [56]42P01: relation "dtd001_inventorymove_v" does not exist

POSITION: 45 [Query DR] SELECT MAX( DTD001_INVENTORYMOVE_V_ID) FROM DTD001_INVENTORYMOVE_V
===========>     (SEVERE)   PostgreHelper.ExecuteReader: [56]42P01: relation "dtd001_inventorymove_v" does not exist

POSITION: 45 [Query DR] SELECT MAX( DTD001_INVENTORYMOVE_V_ID) FROM DTD001_INVENTORYMOVE_V
===========>     (SEVERE)   DB.GetSQLValue: [56]SELECT MAX( DTD001_INVENTORYMOVE_V_ID) FROM DTD001_INVENTORYMOVE_V => 42P01: relation "dtd001_inventorymove_v" does not exist

POSITION: 45
===========>     (SEVERE)   DB.ExecuteQuery: [56] => 42P01: sequence "dtd001_inventorymove_v_seq" does not exist
----------->     (WARNING)  DB.ExecuteQuery: [56]DBExecuteError - 42P01: sequence "dtd001_inventorymove_v_seq" does not exist
===========>     (SEVERE)   PostgreHelper.ExecuteReader: [56]42P01: relation "dtd001_inventorymoveline_v" does not exist

POSITION: 49 [Query DR] SELECT MAX( DTD001_INVENTORYMOVELINE_V_ID) FROM DTD001_INVENTORYMOVELINE_V
===========>     (SEVERE)   PostgreHelper.ExecuteReader: [56]42P01: relation "dtd001_inventorymoveline_v" does not exist

POSITION: 49 [Query DR] SELECT MAX( DTD001_INVENTORYMOVELINE_V_ID) FROM DTD001_INVENTORYMOVELINE_V
===========>     (SEVERE)   DB.GetSQLValue: [56]SELECT MAX( DTD001_INVENTORYMOVELINE_V_ID) FROM DTD001_INVENTORYMOVELINE_V => 42P01: relation "dtd001_inventorymoveline_v" does not exist

POSITION: 49
===========>     (SEVERE)   DB.ExecuteQuery: [56] => 42P01: sequence "dtd001_inventorymoveline_v_seq" does not exist
----------->     (WARNING)  DB.ExecuteQuery: [56]DBExecuteError - 42P01: sequence "dtd001_inventorymoveline_v_seq" does not exist
===========>     (SEVERE)   DB.ExecuteQuery: [56] => 23505: duplicate key value violates unique constraint "ad_process_access_pkey"

DETAIL: Detail redacted as it may contain sensitive data. Specify 'Include Error Detail' in the connection string to include this information.
----------->     (WARNING)  DB.ExecuteQuery: [56]DBExecuteError - 23505: duplicate key value violates unique constraint "ad_process_access_pkey"

DETAIL: Detail redacted as it may contain sensitive data. Specify 'Include Error Detail' in the connection string to include this information.
----------->     (WARNING)  X_AD_Process_Access.ImportNow: [56]Not insertedAD_Process_Access
===========>     (SEVERE)   DB.ExecuteQuery: [56] => 23505: duplicate key value violates unique constraint "ad_process_access_pkey"

DETAIL: Detail redacted as it may contain sensitive data. Specify 'Include Error Detail' in the connection string to include this information.
----------->     (WARNING)  DB.ExecuteQuery: [56]DBExecuteError - 23505: duplicate key value violates unique constraint "ad_process_access_pkey"

DETAIL: Detail redacted as it may contain sensitive data. Specify 'Include Error Detail' in the connection string to include this information.
----------->     (WARNING)  X_AD_Process_Access.ImportNow: [56]Not insertedAD_Process_Access
===========>     (SEVERE)   DB.ExecuteQuery: [56] => 23505: duplicate key value violates unique constraint "ad_workflow_access_pkey"

DETAIL: Detail redacted as it may contain sensitive data. Specify 'Include Error Detail' in the connection string to include this information.
----------->     (WARNING)  DB.ExecuteQuery: [56]DBExecuteError - 23505: duplicate key value violates unique constraint "ad_workflow_access_pkey"

DETAIL: Detail redacted as it may contain sensitive data. Specify 'Include Error Detail' in the connection string to include this information.
----------->     (WARNING)  X_AD_Workflow_Access.ImportNow: [56]Not insertedAD_Workflow_Access
===========>     (SEVERE)   DB.ExecuteQuery: [56] => 23505: duplicate key value violates unique constraint "ad_workflow_access_pkey"

DETAIL: Detail redacted as it may contain sensitive data. Specify 'Include Error Detail' in the connection string to include this information.
----------->     (WARNING)  DB.ExecuteQuery: [56]DBExecuteError - 23505: duplicate key value violates unique constraint "ad_workflow_access_pkey"

DETAIL: Detail redacted as it may contain sensitive data. Specify 'Include Error Detail' in the connection string to include this information.
----------->     (WARNING)  X_AD_Workflow_Access.ImportNow: [56]Not insertedAD_Workflow_Access
===========>     (SEVERE)   DB.ExecuteQuery: [56] => 23505: duplicate key value violates unique constraint "ad_process_access_pkey"

DETAIL: Detail redacted as it may contain sensitive data. Specify 'Include Error Detail' in the connection string to include this information.
----------->     (WARNING)  DB.ExecuteQuery: [56]DBExecuteError - 23505: duplicate key value violates unique constraint "ad_process_access_pkey"

DETAIL: Detail redacted as it may contain sensitive data. Specify 'Include Error Detail' in the connection string to include this information.
----------->     (WARNING)  X_AD_Process_Access.ImportNow: [56]Not insertedAD_Process_Access
===========>     (SEVERE)   DB.ExecuteQuery: [56] => 23505: duplicate key value violates unique constraint "ad_process_access_pkey"

DETAIL: Detail redacted as it may contain sensitive data. Specify 'Include Error Detail' in the connection string to include this information.
----------->     (WARNING)  DB.ExecuteQuery: [56]DBExecuteError - 23505: duplicate key value violates unique constraint "ad_process_access_pkey"

DETAIL: Detail redacted as it may contain sensitive data. Specify 'Include Error Detail' in the connection string to include this information.
----------->     (WARNING)  X_AD_Process_Access.ImportNow: [56]Not insertedAD_Process_Access
===========>     (SEVERE)   DB.ExecuteQuery: [56] => 23505: duplicate key value violates unique constraint "ad_process_access_pkey"

DETAIL: Detail redacted as it may contain sensitive data. Specify 'Include Error Detail' in the connection string to include this information.
----------->     (WARNING)  DB.ExecuteQuery: [56]DBExecuteError - 23505: duplicate key value violates unique constraint "ad_process_access_pkey"

DETAIL: Detail redacted as it may contain sensitive data. Specify 'Include Error Detail' in the connection string to include this information.
----------->     (WARNING)  X_AD_Process_Access.ImportNow: [56]Not insertedAD_Process_Access
===========>     (SEVERE)   DB.ExecuteQuery: [56] => 23505: duplicate key value violates unique constraint "ad_process_access_pkey"

DETAIL: Detail redacted as it may contain sensitive data. Specify 'Include Error Detail' in the connection string to include this information.
----------->     (WARNING)  DB.ExecuteQuery: [56]DBExecuteError - 23505: duplicate key value violates unique constraint "ad_process_access_pkey"

DETAIL: Detail redacted as it may contain sensitive data. Specify 'Include Error Detail' in the connection string to include this information.
----------->     (WARNING)  X_AD_Process_Access.ImportNow: [56]Not insertedAD_Process_Access
===========>     (SEVERE)   DB.ExecuteQuery: [56] => 23505: duplicate key value violates unique constraint "ad_process_access_pkey"

DETAIL: Detail redacted as it may contain sensitive data. Specify 'Include Error Detail' in the connection string to include this information.
----------->     (WARNING)  DB.ExecuteQuery: [56]DBExecuteError - 23505: duplicate key value violates unique constraint "ad_process_access_pkey"

DETAIL: Detail redacted as it may contain sensitive data. Specify 'Include Error Detail' in the connection string to include this information.
----------->     (WARNING)  X_AD_Process_Access.ImportNow: [56]Not insertedAD_Process_Access
===========>     (SEVERE)   DB.ExecuteQuery: [56] => 23505: duplicate key value violates unique constraint "ad_process_access_pkey"

DETAIL: Detail redacted as it may contain sensitive data. Specify 'Include Error Detail' in the connection string to include this information.
----------->     (WARNING)  DB.ExecuteQuery: [56]DBExecuteError - 23505: duplicate key value violates unique constraint "ad_process_access_pkey"

DETAIL: Detail redacted as it may contain sensitive data. Specify 'Include Error Detail' in the connection string to include this information.
----------->     (WARNING)  X_AD_Process_Access.ImportNow: [56]Not insertedAD_Process_Access
===========>     (SEVERE)   DB.ExecuteQuery: [56] => 42P01: sequence "dtd001_requisition_v_seq" does not exist
----------->     (WARNING)  DB.ExecuteQuery: [56]DBExecuteError - 42P01: sequence "dtd001_requisition_v_seq" does not exist
===========>     (SEVERE)   PostgreHelper.ExecuteReader: [56]42703: column "dtd001_requisitionline_v_id" does not exist

POSITION: 13 [Query DR] SELECT MAX( DTD001_REQUISITIONLINE_V_ID) FROM DTD001_REQUISITIONLINE_V
===========>     (SEVERE)   PostgreHelper.ExecuteReader: [56]42703: column "dtd001_requisitionline_v_id" does not exist

POSITION: 13 [Query DR] SELECT MAX( DTD001_REQUISITIONLINE_V_ID) FROM DTD001_REQUISITIONLINE_V
===========>     (SEVERE)   DB.GetSQLValue: [56]SELECT MAX( DTD001_REQUISITIONLINE_V_ID) FROM DTD001_REQUISITIONLINE_V => 42703: column "dtd001_requisitionline_v_id" does not exist

POSITION: 13
===========>     (SEVERE)   DB.ExecuteQuery: [56] => 42P01: sequence "dtd001_requisitionline_v_seq" does not exist
----------->     (WARNING)  DB.ExecuteQuery: [56]DBExecuteError - 42P01: sequence "dtd001_requisitionline_v_seq" does not exist
===========>     (SEVERE)   DB.ExecuteQuery: [56] => 23505: duplicate key value violates unique constraint "ad_process_access_pkey"

DETAIL: Detail redacted as it may contain sensitive data. Specify 'Include Error Detail' in the connection string to include this information.
----------->     (WARNING)  DB.ExecuteQuery: [56]DBExecuteError - 23505: duplicate key value violates unique constraint "ad_process_access_pkey"

DETAIL: Detail redacted as it may contain sensitive data. Specify 'Include Error Detail' in the connection string to include this information.
----------->     (WARNING)  X_AD_Process_Access.ImportNow: [56]Not insertedAD_Process_Access
===========>     (SEVERE)   DB.ExecuteQuery: [56] => 23505: duplicate key value violates unique constraint "ad_process_access_pkey"

DETAIL: Detail redacted as it may contain sensitive data. Specify 'Include Error Detail' in the connection string to include this information.
----------->     (WARNING)  DB.ExecuteQuery: [56]DBExecuteError - 23505: duplicate key value violates unique constraint "ad_process_access_pkey"

DETAIL: Detail redacted as it may contain sensitive data. Specify 'Include Error Detail' in the connection string to include this information.
----------->     (WARNING)  X_AD_Process_Access.ImportNow: [56]Not insertedAD_Process_Access
===========>     (SEVERE)   DB.ExecuteQuery: [56] => 23505: duplicate key value violates unique constraint "ad_workflow_access_pkey"

DETAIL: Detail redacted as it may contain sensitive data. Specify 'Include Error Detail' in the connection string to include this information.
----------->     (WARNING)  DB.ExecuteQuery: [56]DBExecuteError - 23505: duplicate key value violates unique constraint "ad_workflow_access_pkey"

DETAIL: Detail redacted as it may contain sensitive data. Specify 'Include Error Detail' in the connection string to include this information.
----------->     (WARNING)  X_AD_Workflow_Access.ImportNow: [56]Not insertedAD_Workflow_Access
===========>     (SEVERE)   DB.ExecuteQuery: [56] => 23505: duplicate key value violates unique constraint "ad_workflow_access_pkey"

DETAIL: Detail redacted as it may contain sensitive data. Specify 'Include Error Detail' in the connection string to include this information.
----------->     (WARNING)  DB.ExecuteQuery: [56]DBExecuteError - 23505: duplicate key value violates unique constraint "ad_workflow_access_pkey"

DETAIL: Detail redacted as it may contain sensitive data. Specify 'Include Error Detail' in the connection string to include this information.
----------->     (WARNING)  X_AD_Workflow_Access.ImportNow: [56]Not insertedAD_Workflow_Access
===========>     (SEVERE)   PostgreHelper.ExecuteReader: [56]42703: column "rv_m_requisition_id" does not exist

POSITION: 13 [Query DR] SELECT MAX( RV_M_Requisition_ID) FROM RV_M_Requisition
===========>     (SEVERE)   PostgreHelper.ExecuteReader: [56]42703: column "rv_m_requisition_id" does not exist

POSITION: 13 [Query DR] SELECT MAX( RV_M_Requisition_ID) FROM RV_M_Requisition
===========>     (SEVERE)   DB.GetSQLValue: [56]SELECT MAX( RV_M_Requisition_ID) FROM RV_M_Requisition => 42703: column "rv_m_requisition_id" does not exist

POSITION: 13
===========>     (SEVERE)   DB.ExecuteQuery: [56] => 23505: duplicate key value violates unique constraint "ad_process_access_pkey"

DETAIL: Detail redacted as it may contain sensitive data. Specify 'Include Error Detail' in the connection string to include this information.
----------->     (WARNING)  DB.ExecuteQuery: [56]DBExecuteError - 23505: duplicate key value violates unique constraint "ad_process_access_pkey"

DETAIL: Detail redacted as it may contain sensitive data. Specify 'Include Error Detail' in the connection string to include this information.
----------->     (WARNING)  X_AD_Process_Access.ImportNow: [56]Not insertedAD_Process_Access
===========>     (SEVERE)   DB.ExecuteQuery: [56] => 23505: duplicate key value violates unique constraint "ad_process_access_pkey"

DETAIL: Detail redacted as it may contain sensitive data. Specify 'Include Error Detail' in the connection string to include this information.
----------->     (WARNING)  DB.ExecuteQuery: [56]DBExecuteError - 23505: duplicate key value violates unique constraint "ad_process_access_pkey"

DETAIL: Detail redacted as it may contain sensitive data. Specify 'Include Error Detail' in the connection string to include this information.
----------->     (WARNING)  X_AD_Process_Access.ImportNow: [56]Not insertedAD_Process_Access
===========>     (SEVERE)   DB.ExecuteQuery: [56] => 23505: duplicate key value violates unique constraint "ad_process_access_pkey"

DETAIL: Detail redacted as it may contain sensitive data. Specify 'Include Error Detail' in the connection string to include this information.
----------->     (WARNING)  DB.ExecuteQuery: [56]DBExecuteError - 23505: duplicate key value violates unique constraint "ad_process_access_pkey"

DETAIL: Detail redacted as it may contain sensitive data. Specify 'Include Error Detail' in the connection string to include this information.
----------->     (WARNING)  X_AD_Process_Access.ImportNow: [56]Not insertedAD_Process_Access
===========>     (SEVERE)   DB.ExecuteQuery: [56] => 23505: duplicate key value violates unique constraint "ad_process_access_pkey"

DETAIL: Detail redacted as it may contain sensitive data. Specify 'Include Error Detail' in the connection string to include this information.
----------->     (WARNING)  DB.ExecuteQuery: [56]DBExecuteError - 23505: duplicate key value violates unique constraint "ad_process_access_pkey"

DETAIL: Detail redacted as it may contain sensitive data. Specify 'Include Error Detail' in the connection string to include this information.
----------->     (WARNING)  X_AD_Process_Access.ImportNow: [56]Not insertedAD_Process_Access
===========>     (SEVERE)   DB.ExecuteQuery: [56] => 23505: duplicate key value violates unique constraint "ad_process_access_pkey"

DETAIL: Detail redacted as it may contain sensitive data. Specify 'Include Error Detail' in the connection string to include this information.
----------->     (WARNING)  DB.ExecuteQuery: [56]DBExecuteError - 23505: duplicate key value violates unique constraint "ad_process_access_pkey"

DETAIL: Detail redacted as it may contain sensitive data. Specify 'Include Error Detail' in the connection string to include this information.
----------->     (WARNING)  X_AD_Process_Access.ImportNow: [56]Not insertedAD_Process_Access
===========>     (SEVERE)   DB.ExecuteQuery: [56] => 23505: duplicate key value violates unique constraint "ad_process_access_pkey"

DETAIL: Detail redacted as it may contain sensitive data. Specify 'Include Error Detail' in the connection string to include this information.
----------->     (WARNING)  DB.ExecuteQuery: [56]DBExecuteError - 23505: duplicate key value violates unique constraint "ad_process_access_pkey"

DETAIL: Detail redacted as it may contain sensitive data. Specify 'Include Error Detail' in the connection string to include this information.
----------->     (WARNING)  X_AD_Process_Access.ImportNow: [56]Not insertedAD_Process_Access
===========>     (SEVERE)   DB.ExecuteQuery: [56] => 23505: duplicate key value violates unique constraint "ad_form_access_pkey"

DETAIL: Detail redacted as it may contain sensitive data. Specify 'Include Error Detail' in the connection string to include this information.
----------->     (WARNING)  DB.ExecuteQuery: [56]DBExecuteError - 23505: duplicate key value violates unique constraint "ad_form_access_pkey"

DETAIL: Detail redacted as it may contain sensitive data. Specify 'Include Error Detail' in the connection string to include this information.
----------->     (WARNING)  X_AD_Form_Access.ImportNow: [56]Not insertedAD_Form_Access
===========>     (SEVERE)   DB.ExecuteQuery: [56] => 23505: duplicate key value violates unique constraint "ad_form_access_pkey"

DETAIL: Detail redacted as it may contain sensitive data. Specify 'Include Error Detail' in the connection string to include this information.
----------->     (WARNING)  DB.ExecuteQuery: [56]DBExecuteError - 23505: duplicate key value violates unique constraint "ad_form_access_pkey"

DETAIL: Detail redacted as it may contain sensitive data. Specify 'Include Error Detail' in the connection string to include this information.
----------->     (WARNING)  X_AD_Form_Access.ImportNow: [56]Not insertedAD_Form_Access
===========>     (SEVERE)   DB.ExecuteQuery: [56] => 23505: duplicate key value violates unique constraint "ad_form_access_pkey"

DETAIL: Detail redacted as it may contain sensitive data. Specify 'Include Error Detail' in the connection string to include this information.
----------->     (WARNING)  DB.ExecuteQuery: [56]DBExecuteError - 23505: duplicate key value violates unique constraint "ad_form_access_pkey"

DETAIL: Detail redacted as it may contain sensitive data. Specify 'Include Error Detail' in the connection string to include this information.
----------->     (WARNING)  X_AD_Form_Access.ImportNow: [56]Not insertedAD_Form_Access
===========>     (SEVERE)   DB.ExecuteQuery: [56] => 23505: duplicate key value violates unique constraint "ad_form_access_pkey"

DETAIL: Detail redacted as it may contain sensitive data. Specify 'Include Error Detail' in the connection string to include this information.
----------->     (WARNING)  DB.ExecuteQuery: [56]DBExecuteError - 23505: duplicate key value violates unique constraint "ad_form_access_pkey"

DETAIL: Detail redacted as it may contain sensitive data. Specify 'Include Error Detail' in the connection string to include this information.
----------->     (WARNING)  X_AD_Form_Access.ImportNow: [56]Not insertedAD_Form_Access
===========>     (SEVERE)   PostgreHelper.ExecuteReader: [56]42703: column "dtd001_salesorderreq_v_id" does not exist

POSITION: 13 [Query DR] SELECT MAX( DTD001_SalesOrderReq_V_ID) FROM DTD001_SalesOrderReq_V
===========>     (SEVERE)   PostgreHelper.ExecuteReader: [56]42703: column "dtd001_salesorderreq_v_id" does not exist

POSITION: 13 [Query DR] SELECT MAX( DTD001_SalesOrderReq_V_ID) FROM DTD001_SalesOrderReq_V
===========>     (SEVERE)   DB.GetSQLValue: [56]SELECT MAX( DTD001_SalesOrderReq_V_ID) FROM DTD001_SalesOrderReq_V => 42703: column "dtd001_salesorderreq_v_id" does not exist

POSITION: 13
===========>     (SEVERE)   DB.ExecuteQuery: [56] => 42P01: sequence "dtd001_salesorderreq_v_seq" does not exist
----------->     (WARNING)  DB.ExecuteQuery: [56]DBExecuteError - 42P01: sequence "dtd001_salesorderreq_v_seq" does not exist
===========>     (SEVERE)   DB.ExecuteQuery: [56] => 23505: duplicate key value violates unique constraint "ad_process_access_pkey"

DETAIL: Detail redacted as it may contain sensitive data. Specify 'Include Error Detail' in the connection string to include this information.
----------->     (WARNING)  DB.ExecuteQuery: [56]DBExecuteError - 23505: duplicate key value violates unique constraint "ad_process_access_pkey"

DETAIL: Detail redacted as it may contain sensitive data. Specify 'Include Error Detail' in the connection string to include this information.
----------->     (WARNING)  X_AD_Process_Access.ImportNow: [56]Not insertedAD_Process_Access
===========>     (SEVERE)   DB.ExecuteQuery: [56] => 23505: duplicate key value violates unique constraint "ad_process_access_pkey"

DETAIL: Detail redacted as it may contain sensitive data. Specify 'Include Error Detail' in the connection string to include this information.
----------->     (WARNING)  DB.ExecuteQuery: [56]DBExecuteError - 23505: duplicate key value violates unique constraint "ad_process_access_pkey"

DETAIL: Detail redacted as it may contain sensitive data. Specify 'Include Error Detail' in the connection string to include this information.
----------->     (WARNING)  X_AD_Process_Access.ImportNow: [56]Not insertedAD_Process_Access
===========>     (SEVERE)   DB.ExecuteQuery: [56] => 42P01: sequence "varpt_materialreceipt_v_seq" does not exist
----------->     (WARNING)  DB.ExecuteQuery: [56]DBExecuteError - 42P01: sequence "varpt_materialreceipt_v_seq" does not exist
===========>     (SEVERE)   PostgreHelper.ExecuteReader: [56]42703: column "varpt_materialreceiptline_v_id" does not exist

POSITION: 13 [Query DR] SELECT MAX( VARPT_MATERIALRECEIPTLINE_V_ID) FROM VARPT_MATERIALRECEIPTLINE_V
===========>     (SEVERE)   PostgreHelper.ExecuteReader: [56]42703: column "varpt_materialreceiptline_v_id" does not exist

POSITION: 13 [Query DR] SELECT MAX( VARPT_MATERIALRECEIPTLINE_V_ID) FROM VARPT_MATERIALRECEIPTLINE_V
===========>     (SEVERE)   DB.GetSQLValue: [56]SELECT MAX( VARPT_MATERIALRECEIPTLINE_V_ID) FROM VARPT_MATERIALRECEIPTLINE_V => 42703: column "varpt_materialreceiptline_v_id" does not exist

POSITION: 13
===========>     (SEVERE)   DB.ExecuteQuery: [56] => 42P01: sequence "varpt_materialreceiptline_v_seq" does not exist
----------->     (WARNING)  DB.ExecuteQuery: [56]DBExecuteError - 42P01: sequence "varpt_materialreceiptline_v_seq" does not exist
===========>     (SEVERE)   DB.ExecuteQuery: [56] => 23505: duplicate key value violates unique constraint "ad_process_access_pkey"

DETAIL: Detail redacted as it may contain sensitive data. Specify 'Include Error Detail' in the connection string to include this information.
----------->     (WARNING)  DB.ExecuteQuery: [56]DBExecuteError - 23505: duplicate key value violates unique constraint "ad_process_access_pkey"

DETAIL: Detail redacted as it may contain sensitive data. Specify 'Include Error Detail' in the connection string to include this information.
----------->     (WARNING)  X_AD_Process_Access.ImportNow: [56]Not insertedAD_Process_Access
===========>     (SEVERE)   DB.ExecuteQuery: [56] => 23505: duplicate key value violates unique constraint "ad_process_access_pkey"

DETAIL: Detail redacted as it may contain sensitive data. Specify 'Include Error Detail' in the connection string to include this information.
----------->     (WARNING)  DB.ExecuteQuery: [56]DBExecuteError - 23505: duplicate key value violates unique constraint "ad_process_access_pkey"

DETAIL: Detail redacted as it may contain sensitive data. Specify 'Include Error Detail' in the connection string to include this information.
----------->     (WARNING)  X_AD_Process_Access.ImportNow: [56]Not insertedAD_Process_Access
===========>     (SEVERE)   DB.ExecuteQuery: [56] => 23505: duplicate key value violates unique constraint "ad_process_access_pkey"

DETAIL: Detail redacted as it may contain sensitive data. Specify 'Include Error Detail' in the connection string to include this information.
----------->     (WARNING)  DB.ExecuteQuery: [56]DBExecuteError - 23505: duplicate key value violates unique constraint "ad_process_access_pkey"

DETAIL: Detail redacted as it may contain sensitive data. Specify 'Include Error Detail' in the connection string to include this information.
----------->     (WARNING)  X_AD_Process_Access.ImportNow: [56]Not insertedAD_Process_Access
===========>     (SEVERE)   DB.ExecuteQuery: [56] => 23505: duplicate key value violates unique constraint "ad_process_access_pkey"

DETAIL: Detail redacted as it may contain sensitive data. Specify 'Include Error Detail' in the connection string to include this information.
----------->     (WARNING)  DB.ExecuteQuery: [56]DBExecuteError - 23505: duplicate key value violates unique constraint "ad_process_access_pkey"

DETAIL: Detail redacted as it may contain sensitive data. Specify 'Include Error Detail' in the connection string to include this information.
----------->     (WARNING)  X_AD_Process_Access.ImportNow: [56]Not insertedAD_Process_Access
===========>     (SEVERE)   DB.ExecuteQuery: [56] => 23505: duplicate key value violates unique constraint "ad_process_access_pkey"

DETAIL: Detail redacted as it may contain sensitive data. Specify 'Include Error Detail' in the connection string to include this information.
----------->     (WARNING)  DB.ExecuteQuery: [56]DBExecuteError - 23505: duplicate key value violates unique constraint "ad_process_access_pkey"

DETAIL: Detail redacted as it may contain sensitive data. Specify 'Include Error Detail' in the connection string to include this information.
----------->     (WARNING)  X_AD_Process_Access.ImportNow: [56]Not insertedAD_Process_Access
===========>     (SEVERE)   DB.ExecuteQuery: [56] => 23505: duplicate key value violates unique constraint "ad_process_access_pkey"

DETAIL: Detail redacted as it may contain sensitive data. Specify 'Include Error Detail' in the connection string to include this information.
----------->     (WARNING)  DB.ExecuteQuery: [56]DBExecuteError - 23505: duplicate key value violates unique constraint "ad_process_access_pkey"

DETAIL: Detail redacted as it may contain sensitive data. Specify 'Include Error Detail' in the connection string to include this information.
----------->     (WARNING)  X_AD_Process_Access.ImportNow: [56]Not insertedAD_Process_Access
===========>     (SEVERE)   DB.ExecuteQuery: [56] => 23505: duplicate key value violates unique constraint "ad_workflow_access_pkey"

DETAIL: Detail redacted as it may contain sensitive data. Specify 'Include Error Detail' in the connection string to include this information.
----------->     (WARNING)  DB.ExecuteQuery: [56]DBExecuteError - 23505: duplicate key value violates unique constraint "ad_workflow_access_pkey"

DETAIL: Detail redacted as it may contain sensitive data. Specify 'Include Error Detail' in the connection string to include this information.
----------->     (WARNING)  X_AD_Workflow_Access.ImportNow: [56]Not insertedAD_Workflow_Access
===========>     (SEVERE)   DB.ExecuteQuery: [56] => 23505: duplicate key value violates unique constraint "ad_workflow_access_pkey"

DETAIL: Detail redacted as it may contain sensitive data. Specify 'Include Error Detail' in the connection string to include this information.
----------->     (WARNING)  DB.ExecuteQuery: [56]DBExecuteError - 23505: duplicate key value violates unique constraint "ad_workflow_access_pkey"

DETAIL: Detail redacted as it may contain sensitive data. Specify 'Include Error Detail' in the connection string to include this information.
----------->     (WARNING)  X_AD_Workflow_Access.ImportNow: [56]Not insertedAD_Workflow_Access
===========>     (SEVERE)   DB.ExecuteQuery: [56] => VISDBERRORCOLUMN: AD_WF_NODE_ID,AD_WF_NEXT_ID
----------->     (WARNING)  DB.ExecuteQuery: [56]DBExecuteError - VISDBERRORCOLUMN: AD_WF_NODE_ID,AD_WF_NEXT_ID
===========>     (SEVERE)   DB.ExecuteQuery: [56] => 23505: duplicate key value violates unique constraint "ad_process_access_pkey"

DETAIL: Detail redacted as it may contain sensitive data. Specify 'Include Error Detail' in the connection string to include this information.
----------->     (WARNING)  DB.ExecuteQuery: [56]DBExecuteError - 23505: duplicate key value violates unique constraint "ad_process_access_pkey"

DETAIL: Detail redacted as it may contain sensitive data. Specify 'Include Error Detail' in the connection string to include this information.
----------->     (WARNING)  X_AD_Process_Access.ImportNow: [56]Not insertedAD_Process_Access
===========>     (SEVERE)   DB.ExecuteQuery: [56] => 23505: duplicate key value violates unique constraint "ad_process_access_pkey"

DETAIL: Detail redacted as it may contain sensitive data. Specify 'Include Error Detail' in the connection string to include this information.
----------->     (WARNING)  DB.ExecuteQuery: [56]DBExecuteError - 23505: duplicate key value violates unique constraint "ad_process_access_pkey"

DETAIL: Detail redacted as it may contain sensitive data. Specify 'Include Error Detail' in the connection string to include this information.
----------->     (WARNING)  X_AD_Process_Access.ImportNow: [56]Not insertedAD_Process_Access
===========>     (SEVERE)   DB.ExecuteQuery: [56] => 23505: duplicate key value violates unique constraint "ad_process_access_pkey"

DETAIL: Detail redacted as it may contain sensitive data. Specify 'Include Error Detail' in the connection string to include this information.
----------->     (WARNING)  DB.ExecuteQuery: [56]DBExecuteError - 23505: duplicate key value violates unique constraint "ad_process_access_pkey"

DETAIL: Detail redacted as it may contain sensitive data. Specify 'Include Error Detail' in the connection string to include this information.
----------->     (WARNING)  X_AD_Process_Access.ImportNow: [56]Not insertedAD_Process_Access
===========>     (SEVERE)   DB.ExecuteQuery: [56] => 23505: duplicate key value violates unique constraint "ad_process_access_pkey"

DETAIL: Detail redacted as it may contain sensitive data. Specify 'Include Error Detail' in the connection string to include this information.
----------->     (WARNING)  DB.ExecuteQuery: [56]DBExecuteError - 23505: duplicate key value violates unique constraint "ad_process_access_pkey"

DETAIL: Detail redacted as it may contain sensitive data. Specify 'Include Error Detail' in the connection string to include this information.
----------->     (WARNING)  X_AD_Process_Access.ImportNow: [56]Not insertedAD_Process_Access
===========>     (SEVERE)   DB.ExecuteQuery: [56] => 23505: duplicate key value violates unique constraint "ad_process_access_pkey"

DETAIL: Detail redacted as it may contain sensitive data. Specify 'Include Error Detail' in the connection string to include this information.
----------->     (WARNING)  DB.ExecuteQuery: [56]DBExecuteError - 23505: duplicate key value violates unique constraint "ad_process_access_pkey"

DETAIL: Detail redacted as it may contain sensitive data. Specify 'Include Error Detail' in the connection string to include this information.
----------->     (WARNING)  X_AD_Process_Access.ImportNow: [56]Not insertedAD_Process_Access
===========>     (SEVERE)   DB.ExecuteQuery: [56] => 23505: duplicate key value violates unique constraint "ad_process_access_pkey"

DETAIL: Detail redacted as it may contain sensitive data. Specify 'Include Error Detail' in the connection string to include this information.
----------->     (WARNING)  DB.ExecuteQuery: [56]DBExecuteError - 23505: duplicate key value violates unique constraint "ad_process_access_pkey"

DETAIL: Detail redacted as it may contain sensitive data. Specify 'Include Error Detail' in the connection string to include this information.
----------->     (WARNING)  X_AD_Process_Access.ImportNow: [56]Not insertedAD_Process_Access
===========>     (SEVERE)   PostgreHelper.ExecuteReader: [56]42703: column "c_invoice_header_v_id" does not exist

POSITION: 13 [Query DR] SELECT MAX( C_Invoice_Header_v_ID) FROM C_Invoice_Header_v
===========>     (SEVERE)   PostgreHelper.ExecuteReader: [56]42703: column "c_invoice_header_v_id" does not exist

POSITION: 13 [Query DR] SELECT MAX( C_Invoice_Header_v_ID) FROM C_Invoice_Header_v
===========>     (SEVERE)   DB.GetSQLValue: [56]SELECT MAX( C_Invoice_Header_v_ID) FROM C_Invoice_Header_v => 42703: column "c_invoice_header_v_id" does not exist

POSITION: 13
===========>     (SEVERE)   DB.ExecuteQuery: [56] => 23505: duplicate key value violates unique constraint "ad_process_access_pkey"

DETAIL: Detail redacted as it may contain sensitive data. Specify 'Include Error Detail' in the connection string to include this information.
----------->     (WARNING)  DB.ExecuteQuery: [56]DBExecuteError - 23505: duplicate key value violates unique constraint "ad_process_access_pkey"

DETAIL: Detail redacted as it may contain sensitive data. Specify 'Include Error Detail' in the connection string to include this information.
----------->     (WARNING)  X_AD_Process_Access.ImportNow: [56]Not insertedAD_Process_Access
===========>     (SEVERE)   DB.ExecuteQuery: [56] => 23505: duplicate key value violates unique constraint "ad_process_access_pkey"

DETAIL: Detail redacted as it may contain sensitive data. Specify 'Include Error Detail' in the connection string to include this information.
----------->     (WARNING)  DB.ExecuteQuery: [56]DBExecuteError - 23505: duplicate key value violates unique constraint "ad_process_access_pkey"

DETAIL: Detail redacted as it may contain sensitive data. Specify 'Include Error Detail' in the connection string to include this information.
----------->     (WARNING)  X_AD_Process_Access.ImportNow: [56]Not insertedAD_Process_Access
===========>     (SEVERE)   PostgreHelper.ExecuteReader: [56]42P01: relation "dtd001_requisitionsales_v" does not exist

POSITION: 48 [Query DR] SELECT MAX( DTD001_RequisitionSales_V_ID) FROM DTD001_RequisitionSales_V
===========>     (SEVERE)   PostgreHelper.ExecuteReader: [56]42P01: relation "dtd001_requisitionsales_v" does not exist

POSITION: 48 [Query DR] SELECT MAX( DTD001_RequisitionSales_V_ID) FROM DTD001_RequisitionSales_V
===========>     (SEVERE)   DB.GetSQLValue: [56]SELECT MAX( DTD001_RequisitionSales_V_ID) FROM DTD001_RequisitionSales_V => 42P01: relation "dtd001_requisitionsales_v" does not exist

POSITION: 48
===========>     (SEVERE)   DB.ExecuteQuery: [56] => 42P01: sequence "dtd001_requisitionsales_v_seq" does not exist
----------->     (WARNING)  DB.ExecuteQuery: [56]DBExecuteError - 42P01: sequence "dtd001_requisitionsales_v_seq" does not exist
===========>     (SEVERE)   PostgreHelper.ExecuteReader: [56]21000: more than one row returned by a subquery used as an expression [Query DR] SELECT MAX( VARPT_SALESORDER_V_ID) FROM VARPT_SALESORDER_V
===========>     (SEVERE)   PostgreHelper.ExecuteReader: [56]21000: more than one row returned by a subquery used as an expression [Query DR] SELECT MAX( VARPT_SALESORDER_V_ID) FROM VARPT_SALESORDER_V
===========>     (SEVERE)   DB.GetSQLValue: [56]SELECT MAX( VARPT_SALESORDER_V_ID) FROM VARPT_SALESORDER_V => 21000: more than one row returned by a subquery used as an expression
===========>     (SEVERE)   DB.ExecuteQuery: [56] => 42P01: sequence "varpt_salesorder_v_seq" does not exist
----------->     (WARNING)  DB.ExecuteQuery: [56]DBExecuteError - 42P01: sequence "varpt_salesorder_v_seq" does not exist
===========>     (SEVERE)   PostgreHelper.ExecuteReader: [56]42703: column "varpt_salesordertax_v_id" does not exist

POSITION: 13 [Query DR] SELECT MAX( VARPT_SALESORDERTAX_V_ID) FROM VARPT_SALESORDERTAX_V
===========>     (SEVERE)   PostgreHelper.ExecuteReader: [56]42703: column "varpt_salesordertax_v_id" does not exist

POSITION: 13 [Query DR] SELECT MAX( VARPT_SALESORDERTAX_V_ID) FROM VARPT_SALESORDERTAX_V
===========>     (SEVERE)   DB.GetSQLValue: [56]SELECT MAX( VARPT_SALESORDERTAX_V_ID) FROM VARPT_SALESORDERTAX_V => 42703: column "varpt_salesordertax_v_id" does not exist

POSITION: 13
===========>     (SEVERE)   DB.ExecuteQuery: [56] => 42P01: sequence "varpt_salesordertax_v_seq" does not exist
----------->     (WARNING)  DB.ExecuteQuery: [56]DBExecuteError - 42P01: sequence "varpt_salesordertax_v_seq" does not exist
===========>     (SEVERE)   PostgreHelper.ExecuteReader: [56]42703: column "varpt_salesorderline_v_id" does not exist

POSITION: 13 [Query DR] SELECT MAX( VARPT_SALESORDERLINE_V_ID) FROM VARPT_SALESORDERLINE_V
===========>     (SEVERE)   PostgreHelper.ExecuteReader: [56]42703: column "varpt_salesorderline_v_id" does not exist

POSITION: 13 [Query DR] SELECT MAX( VARPT_SALESORDERLINE_V_ID) FROM VARPT_SALESORDERLINE_V
===========>     (SEVERE)   DB.GetSQLValue: [56]SELECT MAX( VARPT_SALESORDERLINE_V_ID) FROM VARPT_SALESORDERLINE_V => 42703: column "varpt_salesorderline_v_id" does not exist

POSITION: 13
===========>     (SEVERE)   DB.ExecuteQuery: [56] => 42P01: sequence "varpt_salesorderline_v_seq" does not exist
----------->     (WARNING)  DB.ExecuteQuery: [56]DBExecuteError - 42P01: sequence "varpt_salesorderline_v_seq" does not exist
===========>     (SEVERE)   DB.ExecuteQuery: [56] => 23505: duplicate key value violates unique constraint "ad_process_access_pkey"

DETAIL: Detail redacted as it may contain sensitive data. Specify 'Include Error Detail' in the connection string to include this information.
----------->     (WARNING)  DB.ExecuteQuery: [56]DBExecuteError - 23505: duplicate key value violates unique constraint "ad_process_access_pkey"

DETAIL: Detail redacted as it may contain sensitive data. Specify 'Include Error Detail' in the connection string to include this information.
----------->     (WARNING)  X_AD_Process_Access.ImportNow: [56]Not insertedAD_Process_Access
===========>     (SEVERE)   DB.ExecuteQuery: [56] => 23505: duplicate key value violates unique constraint "ad_process_access_pkey"

DETAIL: Detail redacted as it may contain sensitive data. Specify 'Include Error Detail' in the connection string to include this information.
----------->     (WARNING)  DB.ExecuteQuery: [56]DBExecuteError - 23505: duplicate key value violates unique constraint "ad_process_access_pkey"

DETAIL: Detail redacted as it may contain sensitive data. Specify 'Include Error Detail' in the connection string to include this information.
----------->     (WARNING)  X_AD_Process_Access.ImportNow: [56]Not insertedAD_Process_Access
===========>     (SEVERE)   DB.ExecuteQuery: [56] => 42P01: sequence "varpt_c_invoiceheader_v_seq" does not exist
----------->     (WARNING)  DB.ExecuteQuery: [56]DBExecuteError - 42P01: sequence "varpt_c_invoiceheader_v_seq" does not exist
===========>     (SEVERE)   PostgreHelper.ExecuteReader: [56]42703: column "varpt_c_invoiceclinec_vw_id" does not exist

POSITION: 13 [Query DR] SELECT MAX( VARPT_C_INVOICECLINEC_VW_ID) FROM VARPT_C_INVOICECLINEC_VW
===========>     (SEVERE)   PostgreHelper.ExecuteReader: [56]42703: column "varpt_c_invoiceclinec_vw_id" does not exist

POSITION: 13 [Query DR] SELECT MAX( VARPT_C_INVOICECLINEC_VW_ID) FROM VARPT_C_INVOICECLINEC_VW
===========>     (SEVERE)   DB.GetSQLValue: [56]SELECT MAX( VARPT_C_INVOICECLINEC_VW_ID) FROM VARPT_C_INVOICECLINEC_VW => 42703: column "varpt_c_invoiceclinec_vw_id" does not exist

POSITION: 13
===========>     (SEVERE)   DB.ExecuteQuery: [56] => 42P01: sequence "varpt_c_invoiceclinec_vw_seq" does not exist
----------->     (WARNING)  DB.ExecuteQuery: [56]DBExecuteError - 42P01: sequence "varpt_c_invoiceclinec_vw_seq" does not exist
===========>     (SEVERE)   PostgreHelper.ExecuteReader: [56]42703: column "varpt_c_invoicectax_v_id" does not exist

POSITION: 13 [Query DR] SELECT MAX( VARPT_C_INVOICECTAX_V_ID) FROM VARPT_C_INVOICECTAX_V
===========>     (SEVERE)   PostgreHelper.ExecuteReader: [56]42703: column "varpt_c_invoicectax_v_id" does not exist

POSITION: 13 [Query DR] SELECT MAX( VARPT_C_INVOICECTAX_V_ID) FROM VARPT_C_INVOICECTAX_V
===========>     (SEVERE)   DB.GetSQLValue: [56]SELECT MAX( VARPT_C_INVOICECTAX_V_ID) FROM VARPT_C_INVOICECTAX_V => 42703: column "varpt_c_invoicectax_v_id" does not exist

POSITION: 13
===========>     (SEVERE)   DB.ExecuteQuery: [56] => 42P01: sequence "varpt_c_invoicectax_v_seq" does not exist
----------->     (WARNING)  DB.ExecuteQuery: [56]DBExecuteError - 42P01: sequence "varpt_c_invoicectax_v_seq" does not exist
===========>     (SEVERE)   DB.ExecuteQuery: [56] => 23505: duplicate key value violates unique constraint "ad_process_access_pkey"

DETAIL: Detail redacted as it may contain sensitive data. Specify 'Include Error Detail' in the connection string to include this information.
----------->     (WARNING)  DB.ExecuteQuery: [56]DBExecuteError - 23505: duplicate key value violates unique constraint "ad_process_access_pkey"

DETAIL: Detail redacted as it may contain sensitive data. Specify 'Include Error Detail' in the connection string to include this information.
----------->     (WARNING)  X_AD_Process_Access.ImportNow: [56]Not insertedAD_Process_Access
===========>     (SEVERE)   DB.ExecuteQuery: [56] => 23505: duplicate key value violates unique constraint "ad_process_access_pkey"

DETAIL: Detail redacted as it may contain sensitive data. Specify 'Include Error Detail' in the connection string to include this information.
----------->     (WARNING)  DB.ExecuteQuery: [56]DBExecuteError - 23505: duplicate key value violates unique constraint "ad_process_access_pkey"

DETAIL: Detail redacted as it may contain sensitive data. Specify 'Include Error Detail' in the connection string to include this information.
----------->     (WARNING)  X_AD_Process_Access.ImportNow: [56]Not insertedAD_Process_Access
===========>     (SEVERE)   DB.ExecuteQuery: [56] => 23505: duplicate key value violates unique constraint "ad_process_access_pkey"

DETAIL: Detail redacted as it may contain sensitive data. Specify 'Include Error Detail' in the connection string to include this information.
----------->     (WARNING)  DB.ExecuteQuery: [56]DBExecuteError - 23505: duplicate key value violates unique constraint "ad_process_access_pkey"

DETAIL: Detail redacted as it may contain sensitive data. Specify 'Include Error Detail' in the connection string to include this information.
----------->     (WARNING)  X_AD_Process_Access.ImportNow: [56]Not insertedAD_Process_Access
===========>     (SEVERE)   DB.ExecuteQuery: [56] => 23505: duplicate key value violates unique constraint "ad_process_access_pkey"

DETAIL: Detail redacted as it may contain sensitive data. Specify 'Include Error Detail' in the connection string to include this information.
----------->     (WARNING)  DB.ExecuteQuery: [56]DBExecuteError - 23505: duplicate key value violates unique constraint "ad_process_access_pkey"

DETAIL: Detail redacted as it may contain sensitive data. Specify 'Include Error Detail' in the connection string to include this information.
----------->     (WARNING)  X_AD_Process_Access.ImportNow: [56]Not insertedAD_Process_Access
===========>     (SEVERE)   DB.ExecuteQuery: [56] => 23505: duplicate key value violates unique constraint "ad_process_access_pkey"

DETAIL: Detail redacted as it may contain sensitive data. Specify 'Include Error Detail' in the connection string to include this information.
----------->     (WARNING)  DB.ExecuteQuery: [56]DBExecuteError - 23505: duplicate key value violates unique constraint "ad_process_access_pkey"

DETAIL: Detail redacted as it may contain sensitive data. Specify 'Include Error Detail' in the connection string to include this information.
----------->     (WARNING)  X_AD_Process_Access.ImportNow: [56]Not insertedAD_Process_Access
===========>     (SEVERE)   DB.ExecuteQuery: [56] => 23505: duplicate key value violates unique constraint "ad_process_access_pkey"

DETAIL: Detail redacted as it may contain sensitive data. Specify 'Include Error Detail' in the connection string to include this information.
----------->     (WARNING)  DB.ExecuteQuery: [56]DBExecuteError - 23505: duplicate key value violates unique constraint "ad_process_access_pkey"

DETAIL: Detail redacted as it may contain sensitive data. Specify 'Include Error Detail' in the connection string to include this information.
----------->     (WARNING)  X_AD_Process_Access.ImportNow: [56]Not insertedAD_Process_Access
===========>     (SEVERE)   DB.ExecuteQuery: [56] => 42P01: sequence "varpt_returntovendor_v_seq" does not exist
----------->     (WARNING)  DB.ExecuteQuery: [56]DBExecuteError - 42P01: sequence "varpt_returntovendor_v_seq" does not exist
===========>     (SEVERE)   PostgreHelper.ExecuteReader: [56]42703: column "varpt_returntovendorline_v_id" does not exist

POSITION: 13 [Query DR] SELECT MAX( VARPT_ReturnToVendorLine_V_ID) FROM VARPT_ReturnToVendorLine_V
===========>     (SEVERE)   PostgreHelper.ExecuteReader: [56]42703: column "varpt_returntovendorline_v_id" does not exist

POSITION: 13 [Query DR] SELECT MAX( VARPT_ReturnToVendorLine_V_ID) FROM VARPT_ReturnToVendorLine_V
===========>     (SEVERE)   DB.GetSQLValue: [56]SELECT MAX( VARPT_ReturnToVendorLine_V_ID) FROM VARPT_ReturnToVendorLine_V => 42703: column "varpt_returntovendorline_v_id" does not exist

POSITION: 13
===========>     (SEVERE)   DB.ExecuteQuery: [56] => 42P01: sequence "varpt_returntovendorline_v_seq" does not exist
----------->     (WARNING)  DB.ExecuteQuery: [56]DBExecuteError - 42P01: sequence "varpt_returntovendorline_v_seq" does not exist
===========>     (SEVERE)   DB.ExecuteQuery: [56] => 23505: duplicate key value violates unique constraint "ad_process_access_pkey"

DETAIL: Detail redacted as it may contain sensitive data. Specify 'Include Error Detail' in the connection string to include this information.
----------->     (WARNING)  DB.ExecuteQuery: [56]DBExecuteError - 23505: duplicate key value violates unique constraint "ad_process_access_pkey"

DETAIL: Detail redacted as it may contain sensitive data. Specify 'Include Error Detail' in the connection string to include this information.
----------->     (WARNING)  X_AD_Process_Access.ImportNow: [56]Not insertedAD_Process_Access
===========>     (SEVERE)   DB.ExecuteQuery: [56] => 23505: duplicate key value violates unique constraint "ad_process_access_pkey"

DETAIL: Detail redacted as it may contain sensitive data. Specify 'Include Error Detail' in the connection string to include this information.
----------->     (WARNING)  DB.ExecuteQuery: [56]DBExecuteError - 23505: duplicate key value violates unique constraint "ad_process_access_pkey"

DETAIL: Detail redacted as it may contain sensitive data. Specify 'Include Error Detail' in the connection string to include this information.
----------->     (WARNING)  X_AD_Process_Access.ImportNow: [56]Not insertedAD_Process_Access
===========>     (SEVERE)   DB.ExecuteQuery: [56] => 42P01: sequence "varpt_blanketpo_v_seq" does not exist
----------->     (WARNING)  DB.ExecuteQuery: [56]DBExecuteError - 42P01: sequence "varpt_blanketpo_v_seq" does not exist
===========>     (SEVERE)   PostgreHelper.ExecuteReader: [56]42703: column "varpt_blanketpoline_v_id" does not exist

POSITION: 13 [Query DR] SELECT MAX( VARPT_BlanketPOLine_V_ID) FROM VARPT_BlanketPOLine_V
===========>     (SEVERE)   PostgreHelper.ExecuteReader: [56]42703: column "varpt_blanketpoline_v_id" does not exist

POSITION: 13 [Query DR] SELECT MAX( VARPT_BlanketPOLine_V_ID) FROM VARPT_BlanketPOLine_V
===========>     (SEVERE)   DB.GetSQLValue: [56]SELECT MAX( VARPT_BlanketPOLine_V_ID) FROM VARPT_BlanketPOLine_V => 42703: column "varpt_blanketpoline_v_id" does not exist

POSITION: 13
===========>     (SEVERE)   DB.ExecuteQuery: [56] => 42P01: sequence "varpt_blanketpoline_v_seq" does not exist
----------->     (WARNING)  DB.ExecuteQuery: [56]DBExecuteError - 42P01: sequence "varpt_blanketpoline_v_seq" does not exist
===========>     (SEVERE)   PostgreHelper.ExecuteReader: [56]42703: column "varpt_blanketpotax_v_id" does not exist

POSITION: 13 [Query DR] SELECT MAX( VARPT_BlanketPOTax_V_ID) FROM VARPT_BlanketPOTax_V
===========>     (SEVERE)   PostgreHelper.ExecuteReader: [56]42703: column "varpt_blanketpotax_v_id" does not exist

POSITION: 13 [Query DR] SELECT MAX( VARPT_BlanketPOTax_V_ID) FROM VARPT_BlanketPOTax_V
===========>     (SEVERE)   DB.GetSQLValue: [56]SELECT MAX( VARPT_BlanketPOTax_V_ID) FROM VARPT_BlanketPOTax_V => 42703: column "varpt_blanketpotax_v_id" does not exist

POSITION: 13
===========>     (SEVERE)   DB.ExecuteQuery: [56] => 42P01: sequence "varpt_blanketpotax_v_seq" does not exist
----------->     (WARNING)  DB.ExecuteQuery: [56]DBExecuteError - 42P01: sequence "varpt_blanketpotax_v_seq" does not exist
===========>     (SEVERE)   DB.ExecuteQuery: [56] => 23505: duplicate key value violates unique constraint "ad_process_access_pkey"

DETAIL: Detail redacted as it may contain sensitive data. Specify 'Include Error Detail' in the connection string to include this information.
----------->     (WARNING)  DB.ExecuteQuery: [56]DBExecuteError - 23505: duplicate key value violates unique constraint "ad_process_access_pkey"

DETAIL: Detail redacted as it may contain sensitive data. Specify 'Include Error Detail' in the connection string to include this information.
----------->     (WARNING)  X_AD_Process_Access.ImportNow: [56]Not insertedAD_Process_Access
===========>     (SEVERE)   DB.ExecuteQuery: [56] => 23505: duplicate key value violates unique constraint "ad_process_access_pkey"

DETAIL: Detail redacted as it may contain sensitive data. Specify 'Include Error Detail' in the connection string to include this information.
----------->     (WARNING)  DB.ExecuteQuery: [56]DBExecuteError - 23505: duplicate key value violates unique constraint "ad_process_access_pkey"

DETAIL: Detail redacted as it may contain sensitive data. Specify 'Include Error Detail' in the connection string to include this information.
----------->     (WARNING)  X_AD_Process_Access.ImportNow: [56]Not insertedAD_Process_Access
===========>     (SEVERE)   DB.ExecuteQuery: [56] => 23505: duplicate key value violates unique constraint "ad_form_access_pkey"

DETAIL: Detail redacted as it may contain sensitive data. Specify 'Include Error Detail' in the connection string to include this information.
----------->     (WARNING)  DB.ExecuteQuery: [56]DBExecuteError - 23505: duplicate key value violates unique constraint "ad_form_access_pkey"

DETAIL: Detail redacted as it may contain sensitive data. Specify 'Include Error Detail' in the connection string to include this information.
----------->     (WARNING)  X_AD_Form_Access.ImportNow: [56]Not insertedAD_Form_Access
===========>     (SEVERE)   DB.ExecuteQuery: [56] => 23505: duplicate key value violates unique constraint "ad_form_access_pkey"

DETAIL: Detail redacted as it may contain sensitive data. Specify 'Include Error Detail' in the connection string to include this information.
----------->     (WARNING)  DB.ExecuteQuery: [56]DBExecuteError - 23505: duplicate key value violates unique constraint "ad_form_access_pkey"

DETAIL: Detail redacted as it may contain sensitive data. Specify 'Include Error Detail' in the connection string to include this information.
----------->     (WARNING)  X_AD_Form_Access.ImportNow: [56]Not insertedAD_Form_Access
===========>     (SEVERE)   DB.ExecuteQuery: [56] => 23505: duplicate key value violates unique constraint "ad_table_pkey"

DETAIL: Detail redacted as it may contain sensitive data. Specify 'Include Error Detail' in the connection string to include this information.
----------->     (WARNING)  DB.ExecuteQuery: [56]DBExecuteError - 23505: duplicate key value violates unique constraint "ad_table_pkey"

DETAIL: Detail redacted as it may contain sensitive data. Specify 'Include Error Detail' in the connection string to include this information.
===========>     (SEVERE)   DB.ExecuteQuery: [56] => 23505: duplicate key value violates unique constraint "gridlayoutitempanel_unique"

DETAIL: Detail redacted as it may contain sensitive data. Specify 'Include Error Detail' in the connection string to include this information.
----------->     (WARNING)  DB.ExecuteQuery: [56]DBExecuteError - 23505: duplicate key value violates unique constraint "gridlayoutitempanel_unique"

DETAIL: Detail redacted as it may contain sensitive data. Specify 'Include Error Detail' in the connection string to include this information.
===========>     (SEVERE)   DB.ExecuteQuery: [56] => 23505: duplicate key value violates unique constraint "gridlayoutitempanel_unique"

DETAIL: Detail redacted as it may contain sensitive data. Specify 'Include Error Detail' in the connection string to include this information.
----------->     (WARNING)  DB.ExecuteQuery: [56]DBExecuteError - 23505: duplicate key value violates unique constraint "gridlayoutitempanel_unique"

DETAIL: Detail redacted as it may contain sensitive data. Specify 'Include Error Detail' in the connection string to include this information.
===========>     (SEVERE)   DB.ExecuteQuery: [56] => 42P01: sequence "dtd001_stockagingreport_v_seq" does not exist
----------->     (WARNING)  DB.ExecuteQuery: [56]DBExecuteError - 42P01: sequence "dtd001_stockagingreport_v_seq" does not exist
===========>     (SEVERE)   DB.ExecuteQuery: [56] => 23505: duplicate key value violates unique constraint "ad_process_access_pkey"

DETAIL: Detail redacted as it may contain sensitive data. Specify 'Include Error Detail' in the connection string to include this information.
----------->     (WARNING)  DB.ExecuteQuery: [56]DBExecuteError - 23505: duplicate key value violates unique constraint "ad_process_access_pkey"

DETAIL: Detail redacted as it may contain sensitive data. Specify 'Include Error Detail' in the connection string to include this information.
----------->     (WARNING)  X_AD_Process_Access.ImportNow: [56]Not insertedAD_Process_Access
===========>     (SEVERE)   DB.ExecuteQuery: [56] => 23505: duplicate key value violates unique constraint "ad_process_access_pkey"

DETAIL: Detail redacted as it may contain sensitive data. Specify 'Include Error Detail' in the connection string to include this information.
----------->     (WARNING)  DB.ExecuteQuery: [56]DBExecuteError - 23505: duplicate key value violates unique constraint "ad_process_access_pkey"

DETAIL: Detail redacted as it may contain sensitive data. Specify 'Include Error Detail' in the connection string to include this information.
----------->     (WARNING)  X_AD_Process_Access.ImportNow: [56]Not insertedAD_Process_Access
===========>     (SEVERE)   DB.ExecuteQuery: [56] => 23505: duplicate key value violates unique constraint "ad_process_access_pkey"

DETAIL: Detail redacted as it may contain sensitive data. Specify 'Include Error Detail' in the connection string to include this information.
----------->     (WARNING)  DB.ExecuteQuery: [56]DBExecuteError - 23505: duplicate key value violates unique constraint "ad_process_access_pkey"

DETAIL: Detail redacted as it may contain sensitive data. Specify 'Include Error Detail' in the connection string to include this information.
----------->     (WARNING)  X_AD_Process_Access.AddWindowToMenu: [56]Not insertedAD_Process_Access
===========>     (SEVERE)   DB.ExecuteQuery: [56] => 23505: duplicate key value violates unique constraint "ad_process_access_pkey"

DETAIL: Detail redacted as it may contain sensitive data. Specify 'Include Error Detail' in the connection string to include this information.
----------->     (WARNING)  DB.ExecuteQuery: [56]DBExecuteError - 23505: duplicate key value violates unique constraint "ad_process_access_pkey"

DETAIL: Detail redacted as it may contain sensitive data. Specify 'Include Error Detail' in the connection string to include this information.
----------->     (WARNING)  X_AD_Process_Access.AddWindowToMenu: [56]Not insertedAD_Process_Access
===========>     (SEVERE)   DB.ExecuteQuery: [56] => 42P01: sequence "dtd001_internalusein_view_seq" does not exist
----------->     (WARNING)  DB.ExecuteQuery: [56]DBExecuteError - 42P01: sequence "dtd001_internalusein_view_seq" does not exist
===========>     (SEVERE)   PostgreHelper.ExecuteReader: [56]42703: column "dtd001_internaluseinl_view_id" does not exist

POSITION: 13 [Query DR] SELECT MAX( DTD001_INTERNALUSEINL_VIEW_ID) FROM DTD001_INTERNALUSEINL_VIEW
===========>     (SEVERE)   PostgreHelper.ExecuteReader: [56]42703: column "dtd001_internaluseinl_view_id" does not exist

POSITION: 13 [Query DR] SELECT MAX( DTD001_INTERNALUSEINL_VIEW_ID) FROM DTD001_INTERNALUSEINL_VIEW
===========>     (SEVERE)   DB.GetSQLValue: [56]SELECT MAX( DTD001_INTERNALUSEINL_VIEW_ID) FROM DTD001_INTERNALUSEINL_VIEW => 42703: column "dtd001_internaluseinl_view_id" does not exist

POSITION: 13
===========>     (SEVERE)   DB.ExecuteQuery: [56] => 42P01: sequence "dtd001_internaluseinl_view_seq" does not exist
----------->     (WARNING)  DB.ExecuteQuery: [56]DBExecuteError - 42P01: sequence "dtd001_internaluseinl_view_seq" does not exist
===========>     (SEVERE)   DB.ExecuteQuery: [56] => 23505: duplicate key value violates unique constraint "ad_process_access_pkey"

DETAIL: Detail redacted as it may contain sensitive data. Specify 'Include Error Detail' in the connection string to include this information.
----------->     (WARNING)  DB.ExecuteQuery: [56]DBExecuteError - 23505: duplicate key value violates unique constraint "ad_process_access_pkey"

DETAIL: Detail redacted as it may contain sensitive data. Specify 'Include Error Detail' in the connection string to include this information.
----------->     (WARNING)  X_AD_Process_Access.ImportNow: [56]Not insertedAD_Process_Access
===========>     (SEVERE)   DB.ExecuteQuery: [56] => 23505: duplicate key value violates unique constraint "ad_process_access_pkey"

DETAIL: Detail redacted as it may contain sensitive data. Specify 'Include Error Detail' in the connection string to include this information.
----------->     (WARNING)  DB.ExecuteQuery: [56]DBExecuteError - 23505: duplicate key value violates unique constraint "ad_process_access_pkey"

DETAIL: Detail redacted as it may contain sensitive data. Specify 'Include Error Detail' in the connection string to include this information.
----------->     (WARNING)  X_AD_Process_Access.ImportNow: [56]Not insertedAD_Process_Access
===========>     (SEVERE)   PostgreHelper.ExecuteReader: [56]42P01: relation "dtd001_packaginglist_v" does not exist

POSITION: 45 [Query DR] SELECT MAX( DTD001_PackagingList_V_ID) FROM DTD001_PackagingList_V
===========>     (SEVERE)   PostgreHelper.ExecuteReader: [56]42P01: relation "dtd001_packaginglist_v" does not exist

POSITION: 45 [Query DR] SELECT MAX( DTD001_PackagingList_V_ID) FROM DTD001_PackagingList_V
===========>     (SEVERE)   DB.GetSQLValue: [56]SELECT MAX( DTD001_PackagingList_V_ID) FROM DTD001_PackagingList_V => 42P01: relation "dtd001_packaginglist_v" does not exist

POSITION: 45
===========>     (SEVERE)   DB.ExecuteQuery: [56] => 42P01: sequence "dtd001_packaginglist_v_seq" does not exist
----------->     (WARNING)  DB.ExecuteQuery: [56]DBExecuteError - 42P01: sequence "dtd001_packaginglist_v_seq" does not exist
===========>     (SEVERE)   PostgreHelper.ExecuteReader: [56]42P01: relation "dtd001_packaging_v" does not exist

POSITION: 41 [Query DR] SELECT MAX( DTD001_Packaging_V_ID) FROM DTD001_Packaging_V
===========>     (SEVERE)   PostgreHelper.ExecuteReader: [56]42P01: relation "dtd001_packaging_v" does not exist

POSITION: 41 [Query DR] SELECT MAX( DTD001_Packaging_V_ID) FROM DTD001_Packaging_V
===========>     (SEVERE)   DB.GetSQLValue: [56]SELECT MAX( DTD001_Packaging_V_ID) FROM DTD001_Packaging_V => 42P01: relation "dtd001_packaging_v" does not exist

POSITION: 41
===========>     (SEVERE)   DB.ExecuteQuery: [56] => 42P01: sequence "dtd001_packaging_v_seq" does not exist
----------->     (WARNING)  DB.ExecuteQuery: [56]DBExecuteError - 42P01: sequence "dtd001_packaging_v_seq" does not exist
===========>     (SEVERE)   PostgreHelper.ExecuteReader: [56]42P01: relation "dtd001_packagingstores_v" does not exist

POSITION: 47 [Query DR] SELECT MAX( DTD001_PackagingStores_V_ID) FROM DTD001_PackagingStores_V
===========>     (SEVERE)   PostgreHelper.ExecuteReader: [56]42P01: relation "dtd001_packagingstores_v" does not exist

POSITION: 47 [Query DR] SELECT MAX( DTD001_PackagingStores_V_ID) FROM DTD001_PackagingStores_V
===========>     (SEVERE)   DB.GetSQLValue: [56]SELECT MAX( DTD001_PackagingStores_V_ID) FROM DTD001_PackagingStores_V => 42P01: relation "dtd001_packagingstores_v" does not exist

POSITION: 47
===========>     (SEVERE)   DB.ExecuteQuery: [56] => 42P01: sequence "dtd001_packagingstores_v_seq" does not exist
----------->     (WARNING)  DB.ExecuteQuery: [56]DBExecuteError - 42P01: sequence "dtd001_packagingstores_v_seq" does not exist
===========>     (SEVERE)   DB.ExecuteQuery: [56] => 23505: duplicate key value violates unique constraint "ad_process_access_pkey"

DETAIL: Detail redacted as it may contain sensitive data. Specify 'Include Error Detail' in the connection string to include this information.
----------->     (WARNING)  DB.ExecuteQuery: [56]DBExecuteError - 23505: duplicate key value violates unique constraint "ad_process_access_pkey"

DETAIL: Detail redacted as it may contain sensitive data. Specify 'Include Error Detail' in the connection string to include this information.
----------->     (WARNING)  X_AD_Process_Access.ImportNow: [56]Not insertedAD_Process_Access
===========>     (SEVERE)   DB.ExecuteQuery: [56] => 23505: duplicate key value violates unique constraint "ad_process_access_pkey"

DETAIL: Detail redacted as it may contain sensitive data. Specify 'Include Error Detail' in the connection string to include this information.
----------->     (WARNING)  DB.ExecuteQuery: [56]DBExecuteError - 23505: duplicate key value violates unique constraint "ad_process_access_pkey"

DETAIL: Detail redacted as it may contain sensitive data. Specify 'Include Error Detail' in the connection string to include this information.
----------->     (WARNING)  X_AD_Process_Access.ImportNow: [56]Not insertedAD_Process_Access
===========>     (SEVERE)   PostgreHelper.ExecuteReader: [56]42P01: relation "dtd001_salesreport_v" does not exist

POSITION: 43 [Query DR] SELECT MAX( DTD001_SALESREPORT_V_ID) FROM DTD001_SALESREPORT_V
===========>     (SEVERE)   PostgreHelper.ExecuteReader: [56]42P01: relation "dtd001_salesreport_v" does not exist

POSITION: 43 [Query DR] SELECT MAX( DTD001_SALESREPORT_V_ID) FROM DTD001_SALESREPORT_V
===========>     (SEVERE)   DB.GetSQLValue: [56]SELECT MAX( DTD001_SALESREPORT_V_ID) FROM DTD001_SALESREPORT_V => 42P01: relation "dtd001_salesreport_v" does not exist

POSITION: 43
===========>     (SEVERE)   DB.ExecuteQuery: [56] => 42P01: sequence "dtd001_salesreport_v_seq" does not exist
----------->     (WARNING)  DB.ExecuteQuery: [56]DBExecuteError - 42P01: sequence "dtd001_salesreport_v_seq" does not exist
===========>     (SEVERE)   DB.ExecuteQuery: [56] => 23505: duplicate key value violates unique constraint "ad_process_access_pkey"

DETAIL: Detail redacted as it may contain sensitive data. Specify 'Include Error Detail' in the connection string to include this information.
----------->     (WARNING)  DB.ExecuteQuery: [56]DBExecuteError - 23505: duplicate key value violates unique constraint "ad_process_access_pkey"

DETAIL: Detail redacted as it may contain sensitive data. Specify 'Include Error Detail' in the connection string to include this information.
----------->     (WARNING)  X_AD_Process_Access.ImportNow: [56]Not insertedAD_Process_Access
===========>     (SEVERE)   DB.ExecuteQuery: [56] => 23505: duplicate key value violates unique constraint "ad_process_access_pkey"

DETAIL: Detail redacted as it may contain sensitive data. Specify 'Include Error Detail' in the connection string to include this information.
----------->     (WARNING)  DB.ExecuteQuery: [56]DBExecuteError - 23505: duplicate key value violates unique constraint "ad_process_access_pkey"

DETAIL: Detail redacted as it may contain sensitive data. Specify 'Include Error Detail' in the connection string to include this information.
----------->     (WARNING)  X_AD_Process_Access.ImportNow: [56]Not insertedAD_Process_Access
===========>     (SEVERE)   DB.ExecuteQuery: [56] => 23505: duplicate key value violates unique constraint "ad_process_access_pkey"

DETAIL: Detail redacted as it may contain sensitive data. Specify 'Include Error Detail' in the connection string to include this information.
----------->     (WARNING)  DB.ExecuteQuery: [56]DBExecuteError - 23505: duplicate key value violates unique constraint "ad_process_access_pkey"

DETAIL: Detail redacted as it may contain sensitive data. Specify 'Include Error Detail' in the connection string to include this information.
----------->     (WARNING)  X_AD_Process_Access.AddWindowToMenu: [56]Not insertedAD_Process_Access
===========>     (SEVERE)   DB.ExecuteQuery: [56] => 23505: duplicate key value violates unique constraint "ad_process_access_pkey"

DETAIL: Detail redacted as it may contain sensitive data. Specify 'Include Error Detail' in the connection string to include this information.
----------->     (WARNING)  DB.ExecuteQuery: [56]DBExecuteError - 23505: duplicate key value violates unique constraint "ad_process_access_pkey"

DETAIL: Detail redacted as it may contain sensitive data. Specify 'Include Error Detail' in the connection string to include this information.
----------->     (WARNING)  X_AD_Process_Access.AddWindowToMenu: [56]Not insertedAD_Process_Access
===========>     (SEVERE)   DB.ExecuteQuery: [56] => 23505: duplicate key value violates unique constraint "ad_process_access_pkey"

DETAIL: Detail redacted as it may contain sensitive data. Specify 'Include Error Detail' in the connection string to include this information.
----------->     (WARNING)  DB.ExecuteQuery: [56]DBExecuteError - 23505: duplicate key value violates unique constraint "ad_process_access_pkey"

DETAIL: Detail redacted as it may contain sensitive data. Specify 'Include Error Detail' in the connection string to include this information.
----------->     (WARNING)  X_AD_Process_Access.ImportNow: [56]Not insertedAD_Process_Access
===========>     (SEVERE)   DB.ExecuteQuery: [56] => 23505: duplicate key value violates unique constraint "ad_process_access_pkey"

DETAIL: Detail redacted as it may contain sensitive data. Specify 'Include Error Detail' in the connection string to include this information.
----------->     (WARNING)  DB.ExecuteQuery: [56]DBExecuteError - 23505: duplicate key value violates unique constraint "ad_process_access_pkey"

DETAIL: Detail redacted as it may contain sensitive data. Specify 'Include Error Detail' in the connection string to include this information.
----------->     (WARNING)  X_AD_Process_Access.ImportNow: [56]Not insertedAD_Process_Access
===========>     (SEVERE)   DB.ExecuteQuery: [56] => 23505: duplicate key value violates unique constraint "ad_process_access_pkey"

DETAIL: Detail redacted as it may contain sensitive data. Specify 'Include Error Detail' in the connection string to include this information.
----------->     (WARNING)  DB.ExecuteQuery: [56]DBExecuteError - 23505: duplicate key value violates unique constraint "ad_process_access_pkey"

DETAIL: Detail redacted as it may contain sensitive data. Specify 'Include Error Detail' in the connection string to include this information.
----------->     (WARNING)  X_AD_Process_Access.ImportNow: [56]Not insertedAD_Process_Access
===========>     (SEVERE)   DB.ExecuteQuery: [56] => 23505: duplicate key value violates unique constraint "ad_process_access_pkey"

DETAIL: Detail redacted as it may contain sensitive data. Specify 'Include Error Detail' in the connection string to include this information.
----------->     (WARNING)  DB.ExecuteQuery: [56]DBExecuteError - 23505: duplicate key value violates unique constraint "ad_process_access_pkey"

DETAIL: Detail redacted as it may contain sensitive data. Specify 'Include Error Detail' in the connection string to include this information.
----------->     (WARNING)  X_AD_Process_Access.ImportNow: [56]Not insertedAD_Process_Access
===========>     (SEVERE)   PostgreHelper.ExecuteReader: [56]42703: column "dtd001_openrequisition_v_id" does not exist

POSITION: 13 [Query DR] SELECT MAX( DTD001_OpenRequisition_V_ID) FROM DTD001_OpenRequisition_V
===========>     (SEVERE)   PostgreHelper.ExecuteReader: [56]42703: column "dtd001_openrequisition_v_id" does not exist

POSITION: 13 [Query DR] SELECT MAX( DTD001_OpenRequisition_V_ID) FROM DTD001_OpenRequisition_V
===========>     (SEVERE)   DB.GetSQLValue: [56]SELECT MAX( DTD001_OpenRequisition_V_ID) FROM DTD001_OpenRequisition_V => 42703: column "dtd001_openrequisition_v_id" does not exist

POSITION: 13
===========>     (SEVERE)   DB.ExecuteQuery: [56] => 42P01: sequence "dtd001_openrequisition_v_seq" does not exist
----------->     (WARNING)  DB.ExecuteQuery: [56]DBExecuteError - 42P01: sequence "dtd001_openrequisition_v_seq" does not exist
===========>     (SEVERE)   DB.ExecuteQuery: [56] => 23505: duplicate key value violates unique constraint "ad_process_access_pkey"

DETAIL: Detail redacted as it may contain sensitive data. Specify 'Include Error Detail' in the connection string to include this information.
----------->     (WARNING)  DB.ExecuteQuery: [56]DBExecuteError - 23505: duplicate key value violates unique constraint "ad_process_access_pkey"

DETAIL: Detail redacted as it may contain sensitive data. Specify 'Include Error Detail' in the connection string to include this information.
----------->     (WARNING)  X_AD_Process_Access.ImportNow: [56]Not insertedAD_Process_Access
===========>     (SEVERE)   DB.ExecuteQuery: [56] => 23505: duplicate key value violates unique constraint "ad_process_access_pkey"

DETAIL: Detail redacted as it may contain sensitive data. Specify 'Include Error Detail' in the connection string to include this information.
----------->     (WARNING)  DB.ExecuteQuery: [56]DBExecuteError - 23505: duplicate key value violates unique constraint "ad_process_access_pkey"

DETAIL: Detail redacted as it may contain sensitive data. Specify 'Include Error Detail' in the connection string to include this information.
----------->     (WARNING)  X_AD_Process_Access.ImportNow: [56]Not insertedAD_Process_Access
===========>     (SEVERE)   DB.ExecuteQuery: [56] => 23505: duplicate key value violates unique constraint "ad_process_access_pkey"

DETAIL: Detail redacted as it may contain sensitive data. Specify 'Include Error Detail' in the connection string to include this information.
----------->     (WARNING)  DB.ExecuteQuery: [56]DBExecuteError - 23505: duplicate key value violates unique constraint "ad_process_access_pkey"

DETAIL: Detail redacted as it may contain sensitive data. Specify 'Include Error Detail' in the connection string to include this information.
----------->     (WARNING)  X_AD_Process_Access.ImportNow: [56]Not insertedAD_Process_Access
===========>     (SEVERE)   DB.ExecuteQuery: [56] => 23505: duplicate key value violates unique constraint "ad_process_access_pkey"

DETAIL: Detail redacted as it may contain sensitive data. Specify 'Include Error Detail' in the connection string to include this information.
----------->     (WARNING)  DB.ExecuteQuery: [56]DBExecuteError - 23505: duplicate key value violates unique constraint "ad_process_access_pkey"

DETAIL: Detail redacted as it may contain sensitive data. Specify 'Include Error Detail' in the connection string to include this information.
----------->     (WARNING)  X_AD_Process_Access.ImportNow: [56]Not insertedAD_Process_Access
===========>     (SEVERE)   DB.ExecuteQuery: [56] => 23505: duplicate key value violates unique constraint "ad_process_access_pkey"

DETAIL: Detail redacted as it may contain sensitive data. Specify 'Include Error Detail' in the connection string to include this information.
----------->     (WARNING)  DB.ExecuteQuery: [56]DBExecuteError - 23505: duplicate key value violates unique constraint "ad_process_access_pkey"

DETAIL: Detail redacted as it may contain sensitive data. Specify 'Include Error Detail' in the connection string to include this information.
----------->     (WARNING)  X_AD_Process_Access.AddWindowToMenu: [56]Not insertedAD_Process_Access
===========>     (SEVERE)   DB.ExecuteQuery: [56] => 23505: duplicate key value violates unique constraint "ad_process_access_pkey"

DETAIL: Detail redacted as it may contain sensitive data. Specify 'Include Error Detail' in the connection string to include this information.
----------->     (WARNING)  DB.ExecuteQuery: [56]DBExecuteError - 23505: duplicate key value violates unique constraint "ad_process_access_pkey"

DETAIL: Detail redacted as it may contain sensitive data. Specify 'Include Error Detail' in the connection string to include this information.
----------->     (WARNING)  X_AD_Process_Access.AddWindowToMenu: [56]Not insertedAD_Process_Access
===========>     (SEVERE)   DB.ExecuteQuery: [56] => 23505: duplicate key value violates unique constraint "ad_process_access_pkey"

DETAIL: Detail redacted as it may contain sensitive data. Specify 'Include Error Detail' in the connection string to include this information.
----------->     (WARNING)  DB.ExecuteQuery: [56]DBExecuteError - 23505: duplicate key value violates unique constraint "ad_process_access_pkey"

DETAIL: Detail redacted as it may contain sensitive data. Specify 'Include Error Detail' in the connection string to include this information.
----------->     (WARNING)  X_AD_Process_Access.ImportNow: [56]Not insertedAD_Process_Access
===========>     (SEVERE)   DB.ExecuteQuery: [56] => 23505: duplicate key value violates unique constraint "ad_process_access_pkey"

DETAIL: Detail redacted as it may contain sensitive data. Specify 'Include Error Detail' in the connection string to include this information.
----------->     (WARNING)  DB.ExecuteQuery: [56]DBExecuteError - 23505: duplicate key value violates unique constraint "ad_process_access_pkey"

DETAIL: Detail redacted as it may contain sensitive data. Specify 'Include Error Detail' in the connection string to include this information.
----------->     (WARNING)  X_AD_Process_Access.ImportNow: [56]Not insertedAD_Process_Access
===========>     (SEVERE)   DB.ExecuteQuery: [56] => 23505: duplicate key value violates unique constraint "ad_process_access_pkey"

DETAIL: Detail redacted as it may contain sensitive data. Specify 'Include Error Detail' in the connection string to include this information.
----------->     (WARNING)  DB.ExecuteQuery: [56]DBExecuteError - 23505: duplicate key value violates unique constraint "ad_process_access_pkey"

DETAIL: Detail redacted as it may contain sensitive data. Specify 'Include Error Detail' in the connection string to include this information.
----------->     (WARNING)  X_AD_Process_Access.AddWindowToMenu: [56]Not insertedAD_Process_Access
===========>     (SEVERE)   DB.ExecuteQuery: [56] => 23505: duplicate key value violates unique constraint "ad_process_access_pkey"

DETAIL: Detail redacted as it may contain sensitive data. Specify 'Include Error Detail' in the connection string to include this information.
----------->     (WARNING)  DB.ExecuteQuery: [56]DBExecuteError - 23505: duplicate key value violates unique constraint "ad_process_access_pkey"

DETAIL: Detail redacted as it may contain sensitive data. Specify 'Include Error Detail' in the connection string to include this information.
----------->     (WARNING)  X_AD_Process_Access.AddWindowToMenu: [56]Not insertedAD_Process_Access
===========>     (SEVERE)   PostgreHelper.ExecuteReader: [56]42703: column "dtd001_inventorymovel_view_id" does not exist

POSITION: 13 [Query DR] SELECT MAX( DTD001_INVENTORYMOVEL_VIEW_ID) FROM DTD001_INVENTORYMOVEL_VIEW
===========>     (SEVERE)   PostgreHelper.ExecuteReader: [56]42703: column "dtd001_inventorymovel_view_id" does not exist

POSITION: 13 [Query DR] SELECT MAX( DTD001_INVENTORYMOVEL_VIEW_ID) FROM DTD001_INVENTORYMOVEL_VIEW
===========>     (SEVERE)   DB.GetSQLValue: [56]SELECT MAX( DTD001_INVENTORYMOVEL_VIEW_ID) FROM DTD001_INVENTORYMOVEL_VIEW => 42703: column "dtd001_inventorymovel_view_id" does not exist

POSITION: 13
===========>     (SEVERE)   DB.ExecuteQuery: [56] => 42P01: sequence "dtd001_inventorymovel_view_seq" does not exist
----------->     (WARNING)  DB.ExecuteQuery: [56]DBExecuteError - 42P01: sequence "dtd001_inventorymovel_view_seq" does not exist
09:43:56.435    (INFO)     CacheMgt.Reset: [56]AD_Ref_Table: #1 (4)
09:43:56.435    (INFO)     CacheMgt.Reset: [56]AD_Ref_Table: #1 (0)
09:43:56.435    (INFO)     CacheMgt.Reset: [56]AD_Ref_Table: #1 (0)
09:43:57.435    (INFO)     CacheMgt.Reset: [56]AD_Ref_Table: #1 (0)
09:43:57.435    (INFO)     CacheMgt.Reset: [56]AD_Ref_Table: #1 (0)
09:43:57.435    (INFO)     CacheMgt.Reset: [56]AD_Ref_Table: #1 (0)
09:43:57.435    (INFO)     CacheMgt.Reset: [56]AD_Ref_Table: #1 (0)
09:43:57.435    (INFO)     CacheMgt.Reset: [56]AD_Ref_Table: #1 (0)
09:43:57.435    (INFO)     CacheMgt.Reset: [56]AD_Ref_Table: #1 (0)
09:43:57.435    (INFO)     CacheMgt.Reset: [56]AD_Ref_Table: #1 (0)
09:43:57.435    (INFO)     CacheMgt.Reset: [56]AD_Ref_Table: #1 (0)
09:43:57.435    (INFO)     CacheMgt.Reset: [56]AD_Ref_Table: #1 (0)
09:43:57.435    (INFO)     CacheMgt.Reset: [56]AD_Ref_Table: #1 (0)
09:43:57.435    (INFO)     CacheMgt.Reset: [56]AD_Ref_Table: #1 (0)
09:43:57.435    (INFO)     CacheMgt.Reset: [56]AD_Ref_Table: #1 (0)
09:43:57.435    (INFO)     CacheMgt.Reset: [56]AD_Ref_Table: #1 (0)
09:43:57.435    (INFO)     CacheMgt.Reset: [56]AD_Ref_Table: #1 (0)
09:43:57.435    (INFO)     CacheMgt.Reset: [56]AD_Ref_Table: #1 (0)
09:43:57.435    (INFO)     CacheMgt.Reset: [56]AD_Ref_Table: #1 (0)
09:43:57.435    (INFO)     CacheMgt.Reset: [56]AD_Ref_Table: #1 (0)
===========>     (SEVERE)   DB.ExecuteQuery: [56] => 23505: duplicate key value violates unique constraint "ad_ref_table_pkey"

DETAIL: Detail redacted as it may contain sensitive data. Specify 'Include Error Detail' in the connection string to include this information.
----------->     (WARNING)  DB.ExecuteQuery: [56]DBExecuteError - 23505: duplicate key value violates unique constraint "ad_ref_table_pkey"

DETAIL: Detail redacted as it may contain sensitive data. Specify 'Include Error Detail' in the connection string to include this information.
----------->     (WARNING)  X_AD_Ref_Table.Add_AD_Ref_Tables: [56]Not insertedAD_Ref_Table
09:43:57.435    (INFO)     CacheMgt.Reset: [56]AD_Ref_Table: #1 (0)
09:43:57.435    (INFO)     CacheMgt.Reset: [56]AD_Ref_Table: #1 (0)
09:43:57.435    (INFO)     CacheMgt.Reset: [56]AD_Ref_Table: #1 (0)
===========>     (SEVERE)   DB.ExecuteQuery: [56] => 23505: duplicate key value violates unique constraint "ad_ref_table_pkey"

DETAIL: Detail redacted as it may contain sensitive data. Specify 'Include Error Detail' in the connection string to include this information.
----------->     (WARNING)  DB.ExecuteQuery: [56]DBExecuteError - 23505: duplicate key value violates unique constraint "ad_ref_table_pkey"

DETAIL: Detail redacted as it may contain sensitive data. Specify 'Include Error Detail' in the connection string to include this information.
----------->     (WARNING)  X_AD_Ref_Table.Add_AD_Ref_Tables: [56]Not insertedAD_Ref_Table
===========>     (SEVERE)   DB.ExecuteQuery: [56] => 0A000: cannot alter type of a column used by a view or rule

DETAIL: Detail redacted as it may contain sensitive data. Specify 'Include Error Detail' in the connection string to include this information.
----------->     (WARNING)  DB.ExecuteQuery: [56]DBExecuteError - 0A000: cannot alter type of a column used by a view or rule

DETAIL: Detail redacted as it may contain sensitive data. Specify 'Include Error Detail' in the connection string to include this information.
===========>     (SEVERE)   DB.ExecuteQuery: [56] => 0A000: cannot alter type of a column used by a view or rule

DETAIL: Detail redacted as it may contain sensitive data. Specify 'Include Error Detail' in the connection string to include this information.
----------->     (WARNING)  DB.ExecuteQuery: [56]DBExecuteError - 0A000: cannot alter type of a column used by a view or rule

DETAIL: Detail redacted as it may contain sensitive data. Specify 'Include Error Detail' in the connection string to include this information.
===========>     (SEVERE)   DB.ExecuteQuery: [56] => 42703: column "y" does not exist

POSITION: 30
----------->     (WARNING)  DB.ExecuteQuery: [56]DBExecuteError - 42703: column "y" does not exist

POSITION: 30
===========>     (SEVERE)   DB.ExecuteQuery: [56] => 42703: column "n" does not exist

POSITION: 34
----------->     (WARNING)  DB.ExecuteQuery: [56]DBExecuteError - 42703: column "n" does not exist

POSITION: 34
===========>     (SEVERE)   DB.ExecuteQuery: [56] => 0A000: cannot alter type of a column used by a view or rule

DETAIL: Detail redacted as it may contain sensitive data. Specify 'Include Error Detail' in the connection string to include this information.
----------->     (WARNING)  DB.ExecuteQuery: [56]DBExecuteError - 0A000: cannot alter type of a column used by a view or rule

DETAIL: Detail redacted as it may contain sensitive data. Specify 'Include Error Detail' in the connection string to include this information.
===========>     (SEVERE)   DB.ExecuteQuery: [56] => 42601: syntax error at or near "=@#"

POSITION: 32
----------->     (WARNING)  DB.ExecuteQuery: [56]DBExecuteError - 42601: syntax error at or near "=@#"

POSITION: 32
===========>     (SEVERE)   DB.ExecuteQuery: [56] => 0A000: cannot alter type of a column used by a view or rule

DETAIL: Detail redacted as it may contain sensitive data. Specify 'Include Error Detail' in the connection string to include this information.
----------->     (WARNING)  DB.ExecuteQuery: [56]DBExecuteError - 0A000: cannot alter type of a column used by a view or rule

DETAIL: Detail redacted as it may contain sensitive data. Specify 'Include Error Detail' in the connection string to include this information.
===========>     (SEVERE)   DB.ExecuteQuery: [56] => 0A000: cannot alter type of a column used by a view or rule

DETAIL: Detail redacted as it may contain sensitive data. Specify 'Include Error Detail' in the connection string to include this information.
----------->     (WARNING)  DB.ExecuteQuery: [56]DBExecuteError - 0A000: cannot alter type of a column used by a view or rule

DETAIL: Detail redacted as it may contain sensitive data. Specify 'Include Error Detail' in the connection string to include this information.
===========>     (SEVERE)   DB.ExecuteQuery: [56] => 0A000: cannot alter type of a column used by a view or rule

DETAIL: Detail redacted as it may contain sensitive data. Specify 'Include Error Detail' in the connection string to include this information.
----------->     (WARNING)  DB.ExecuteQuery: [56]DBExecuteError - 0A000: cannot alter type of a column used by a view or rule

DETAIL: Detail redacted as it may contain sensitive data. Specify 'Include Error Detail' in the connection string to include this information.
===========>     (SEVERE)   DB.ExecuteQuery: [56] => 0A000: cannot alter type of a column used by a view or rule

DETAIL: Detail redacted as it may contain sensitive data. Specify 'Include Error Detail' in the connection string to include this information.
----------->     (WARNING)  DB.ExecuteQuery: [56]DBExecuteError - 0A000: cannot alter type of a column used by a view or rule

DETAIL: Detail redacted as it may contain sensitive data. Specify 'Include Error Detail' in the connection string to include this information.
===========>     (SEVERE)   DB.ExecuteQuery: [56] => 0A000: cannot alter type of a column used by a view or rule

DETAIL: Detail redacted as it may contain sensitive data. Specify 'Include Error Detail' in the connection string to include this information.
----------->     (WARNING)  DB.ExecuteQuery: [56]DBExecuteError - 0A000: cannot alter type of a column used by a view or rule

DETAIL: Detail redacted as it may contain sensitive data. Specify 'Include Error Detail' in the connection string to include this information.
===========>     (SEVERE)   DB.ExecuteQuery: [56] => 0A000: cannot alter type of a column used by a view or rule

DETAIL: Detail redacted as it may contain sensitive data. Specify 'Include Error Detail' in the connection string to include this information.
----------->     (WARNING)  DB.ExecuteQuery: [56]DBExecuteError - 0A000: cannot alter type of a column used by a view or rule

DETAIL: Detail redacted as it may contain sensitive data. Specify 'Include Error Detail' in the connection string to include this information.
----------->     (WARNING)  MColumn.GetSQLDefaultValue: [56]Get sql default: @SQL=SELECT COALESCE(MAX(Line),0)+10 AS DefaultValue FROM C_OrderLine WHERE C_Order_ID=@C_Order_ID@
===========>     (SEVERE)   DB.ExecuteQuery: [56] => 0A000: cannot alter type of a column used by a view or rule

DETAIL: Detail redacted as it may contain sensitive data. Specify 'Include Error Detail' in the connection string to include this information.
----------->     (WARNING)  DB.ExecuteQuery: [56]DBExecuteError - 0A000: cannot alter type of a column used by a view or rule

DETAIL: Detail redacted as it may contain sensitive data. Specify 'Include Error Detail' in the connection string to include this information.
===========>     (SEVERE)   DB.ExecuteQuery: [56] => 42601: syntax error at or near "=@"

POSITION: 28
----------->     (WARNING)  DB.ExecuteQuery: [56]DBExecuteError - 42601: syntax error at or near "=@"

POSITION: 28
===========>     (SEVERE)   DB.ExecuteQuery: [56] => 0A000: cannot alter type of a column used by a view or rule

DETAIL: Detail redacted as it may contain sensitive data. Specify 'Include Error Detail' in the connection string to include this information.
----------->     (WARNING)  DB.ExecuteQuery: [56]DBExecuteError - 0A000: cannot alter type of a column used by a view or rule

DETAIL: Detail redacted as it may contain sensitive data. Specify 'Include Error Detail' in the connection string to include this information.
===========>     (SEVERE)   DB.ExecuteQuery: [56] => 42601: syntax error at or near "=@#"

POSITION: 32
----------->     (WARNING)  DB.ExecuteQuery: [56]DBExecuteError - 42601: syntax error at or near "=@#"

POSITION: 32
===========>     (SEVERE)   DB.ExecuteQuery: [56] => 0A000: cannot alter type of a column used by a view or rule

DETAIL: Detail redacted as it may contain sensitive data. Specify 'Include Error Detail' in the connection string to include this information.
----------->     (WARNING)  DB.ExecuteQuery: [56]DBExecuteError - 0A000: cannot alter type of a column used by a view or rule

DETAIL: Detail redacted as it may contain sensitive data. Specify 'Include Error Detail' in the connection string to include this information.
===========>     (SEVERE)   DB.ExecuteQuery: [56] => 0A000: cannot alter type of a column used by a view or rule

DETAIL: Detail redacted as it may contain sensitive data. Specify 'Include Error Detail' in the connection string to include this information.
----------->     (WARNING)  DB.ExecuteQuery: [56]DBExecuteError - 0A000: cannot alter type of a column used by a view or rule

DETAIL: Detail redacted as it may contain sensitive data. Specify 'Include Error Detail' in the connection string to include this information.
===========>     (SEVERE)   DB.ExecuteQuery: [56] => 42703: column "s" does not exist

POSITION: 34
----------->     (WARNING)  DB.ExecuteQuery: [56]DBExecuteError - 42703: column "s" does not exist

POSITION: 34
===========>     (SEVERE)   DB.ExecuteQuery: [56] => 0A000: cannot alter type of a column used by a view or rule

DETAIL: Detail redacted as it may contain sensitive data. Specify 'Include Error Detail' in the connection string to include this information.
----------->     (WARNING)  DB.ExecuteQuery: [56]DBExecuteError - 0A000: cannot alter type of a column used by a view or rule

DETAIL: Detail redacted as it may contain sensitive data. Specify 'Include Error Detail' in the connection string to include this information.
===========>     (SEVERE)   DB.ExecuteQuery: [56] => 42703: column "y" does not exist

POSITION: 36
----------->     (WARNING)  DB.ExecuteQuery: [56]DBExecuteError - 42703: column "y" does not exist

POSITION: 36
===========>     (SEVERE)   DB.ExecuteQuery: [56] => 0A000: cannot alter type of a column used by a view or rule

DETAIL: Detail redacted as it may contain sensitive data. Specify 'Include Error Detail' in the connection string to include this information.
----------->     (WARNING)  DB.ExecuteQuery: [56]DBExecuteError - 0A000: cannot alter type of a column used by a view or rule

DETAIL: Detail redacted as it may contain sensitive data. Specify 'Include Error Detail' in the connection string to include this information.
===========>     (SEVERE)   DB.ExecuteQuery: [56] => 0A000: cannot alter type of a column used by a view or rule

DETAIL: Detail redacted as it may contain sensitive data. Specify 'Include Error Detail' in the connection string to include this information.
----------->     (WARNING)  DB.ExecuteQuery: [56]DBExecuteError - 0A000: cannot alter type of a column used by a view or rule

DETAIL: Detail redacted as it may contain sensitive data. Specify 'Include Error Detail' in the connection string to include this information.
===========>     (SEVERE)   DB.ExecuteQuery: [56] => 0A000: cannot alter type of a column used by a view or rule

DETAIL: Detail redacted as it may contain sensitive data. Specify 'Include Error Detail' in the connection string to include this information.
----------->     (WARNING)  DB.ExecuteQuery: [56]DBExecuteError - 0A000: cannot alter type of a column used by a view or rule

DETAIL: Detail redacted as it may contain sensitive data. Specify 'Include Error Detail' in the connection string to include this information.
===========>     (SEVERE)   DB.ExecuteQuery: [56] => 0A000: cannot alter type of a column used by a view or rule

DETAIL: Detail redacted as it may contain sensitive data. Specify 'Include Error Detail' in the connection string to include this information.
----------->     (WARNING)  DB.ExecuteQuery: [56]DBExecuteError - 0A000: cannot alter type of a column used by a view or rule

DETAIL: Detail redacted as it may contain sensitive data. Specify 'Include Error Detail' in the connection string to include this information.
===========>     (SEVERE)   DB.ExecuteQuery: [56] => 42703: column "y" does not exist

POSITION: 29
----------->     (WARNING)  DB.ExecuteQuery: [56]DBExecuteError - 42703: column "y" does not exist

POSITION: 29
===========>     (SEVERE)   DB.ExecuteQuery: [56] => 0A000: cannot alter type of a column used by a view or rule

DETAIL: Detail redacted as it may contain sensitive data. Specify 'Include Error Detail' in the connection string to include this information.
----------->     (WARNING)  DB.ExecuteQuery: [56]DBExecuteError - 0A000: cannot alter type of a column used by a view or rule

DETAIL: Detail redacted as it may contain sensitive data. Specify 'Include Error Detail' in the connection string to include this information.
===========>     (SEVERE)   DB.ExecuteQuery: [56] => 0A000: cannot alter type of a column used by a view or rule

DETAIL: Detail redacted as it may contain sensitive data. Specify 'Include Error Detail' in the connection string to include this information.
----------->     (WARNING)  DB.ExecuteQuery: [56]DBExecuteError - 0A000: cannot alter type of a column used by a view or rule

DETAIL: Detail redacted as it may contain sensitive data. Specify 'Include Error Detail' in the connection string to include this information.
===========>     (SEVERE)   DB.ExecuteQuery: [56] => 0A000: cannot alter type of a column used by a view or rule

DETAIL: Detail redacted as it may contain sensitive data. Specify 'Include Error Detail' in the connection string to include this information.
----------->     (WARNING)  DB.ExecuteQuery: [56]DBExecuteError - 0A000: cannot alter type of a column used by a view or rule

DETAIL: Detail redacted as it may contain sensitive data. Specify 'Include Error Detail' in the connection string to include this information.
===========>     (SEVERE)   DB.ExecuteQuery: [56] => 42601: syntax error at or near "=@"

POSITION: 27
----------->     (WARNING)  DB.ExecuteQuery: [56]DBExecuteError - 42601: syntax error at or near "=@"

POSITION: 27
===========>     (SEVERE)   DB.ExecuteQuery: [56] => 0A000: cannot alter type of a column used by a view or rule

DETAIL: Detail redacted as it may contain sensitive data. Specify 'Include Error Detail' in the connection string to include this information.
----------->     (WARNING)  DB.ExecuteQuery: [56]DBExecuteError - 0A000: cannot alter type of a column used by a view or rule

DETAIL: Detail redacted as it may contain sensitive data. Specify 'Include Error Detail' in the connection string to include this information.
===========>     (SEVERE)   DB.ExecuteQuery: [56] => 0A000: cannot alter type of a column used by a view or rule

DETAIL: Detail redacted as it may contain sensitive data. Specify 'Include Error Detail' in the connection string to include this information.
----------->     (WARNING)  DB.ExecuteQuery: [56]DBExecuteError - 0A000: cannot alter type of a column used by a view or rule

DETAIL: Detail redacted as it may contain sensitive data. Specify 'Include Error Detail' in the connection string to include this information.
===========>     (SEVERE)   DB.ExecuteQuery: [56] => 0A000: cannot alter type of a column used by a view or rule

DETAIL: Detail redacted as it may contain sensitive data. Specify 'Include Error Detail' in the connection string to include this information.
----------->     (WARNING)  DB.ExecuteQuery: [56]DBExecuteError - 0A000: cannot alter type of a column used by a view or rule

DETAIL: Detail redacted as it may contain sensitive data. Specify 'Include Error Detail' in the connection string to include this information.
===========>     (SEVERE)   DB.ExecuteQuery: [56] => 0A000: cannot alter type of a column used by a view or rule

DETAIL: Detail redacted as it may contain sensitive data. Specify 'Include Error Detail' in the connection string to include this information.
----------->     (WARNING)  DB.ExecuteQuery: [56]DBExecuteError - 0A000: cannot alter type of a column used by a view or rule

DETAIL: Detail redacted as it may contain sensitive data. Specify 'Include Error Detail' in the connection string to include this information.
===========>     (SEVERE)   DB.ExecuteQuery: [56] => 0A000: cannot alter type of a column used by a view or rule

DETAIL: Detail redacted as it may contain sensitive data. Specify 'Include Error Detail' in the connection string to include this information.
----------->     (WARNING)  DB.ExecuteQuery: [56]DBExecuteError - 0A000: cannot alter type of a column used by a view or rule

DETAIL: Detail redacted as it may contain sensitive data. Specify 'Include Error Detail' in the connection string to include this information.
===========>     (SEVERE)   DB.ExecuteQuery: [56] => 0A000: cannot alter type of a column used by a view or rule

DETAIL: Detail redacted as it may contain sensitive data. Specify 'Include Error Detail' in the connection string to include this information.
----------->     (WARNING)  DB.ExecuteQuery: [56]DBExecuteError - 0A000: cannot alter type of a column used by a view or rule

DETAIL: Detail redacted as it may contain sensitive data. Specify 'Include Error Detail' in the connection string to include this information.
===========>     (SEVERE)   DB.ExecuteQuery: [56] => 0A000: cannot alter type of a column used by a view or rule

DETAIL: Detail redacted as it may contain sensitive data. Specify 'Include Error Detail' in the connection string to include this information.
----------->     (WARNING)  DB.ExecuteQuery: [56]DBExecuteError - 0A000: cannot alter type of a column used by a view or rule

DETAIL: Detail redacted as it may contain sensitive data. Specify 'Include Error Detail' in the connection string to include this information.
===========>     (SEVERE)   DB.ExecuteQuery: [56] => 0A000: cannot alter type of a column used by a view or rule

DETAIL: Detail redacted as it may contain sensitive data. Specify 'Include Error Detail' in the connection string to include this information.
----------->     (WARNING)  DB.ExecuteQuery: [56]DBExecuteError - 0A000: cannot alter type of a column used by a view or rule

DETAIL: Detail redacted as it may contain sensitive data. Specify 'Include Error Detail' in the connection string to include this information.
===========>     (SEVERE)   DB.ExecuteQuery: [56] => 0A000: cannot alter type of a column used by a view or rule

DETAIL: Detail redacted as it may contain sensitive data. Specify 'Include Error Detail' in the connection string to include this information.
----------->     (WARNING)  DB.ExecuteQuery: [56]DBExecuteError - 0A000: cannot alter type of a column used by a view or rule

DETAIL: Detail redacted as it may contain sensitive data. Specify 'Include Error Detail' in the connection string to include this information.
===========>     (SEVERE)   DB.ExecuteQuery: [56] => 0A000: cannot alter type of a column used by a view or rule

DETAIL: Detail redacted as it may contain sensitive data. Specify 'Include Error Detail' in the connection string to include this information.
----------->     (WARNING)  DB.ExecuteQuery: [56]DBExecuteError - 0A000: cannot alter type of a column used by a view or rule

DETAIL: Detail redacted as it may contain sensitive data. Specify 'Include Error Detail' in the connection string to include this information.
===========>     (SEVERE)   DB.ExecuteQuery: [56] => 0A000: cannot alter type of a column used by a view or rule

DETAIL: Detail redacted as it may contain sensitive data. Specify 'Include Error Detail' in the connection string to include this information.
----------->     (WARNING)  DB.ExecuteQuery: [56]DBExecuteError - 0A000: cannot alter type of a column used by a view or rule

DETAIL: Detail redacted as it may contain sensitive data. Specify 'Include Error Detail' in the connection string to include this information.
===========>     (SEVERE)   DB.ExecuteQuery: [56] => 0A000: cannot alter type of a column used by a view or rule

DETAIL: Detail redacted as it may contain sensitive data. Specify 'Include Error Detail' in the connection string to include this information.
----------->     (WARNING)  DB.ExecuteQuery: [56]DBExecuteError - 0A000: cannot alter type of a column used by a view or rule

DETAIL: Detail redacted as it may contain sensitive data. Specify 'Include Error Detail' in the connection string to include this information.
===========>     (SEVERE)   DB.ExecuteQuery: [56] => 0A000: cannot alter type of a column used by a view or rule

DETAIL: Detail redacted as it may contain sensitive data. Specify 'Include Error Detail' in the connection string to include this information.
----------->     (WARNING)  DB.ExecuteQuery: [56]DBExecuteError - 0A000: cannot alter type of a column used by a view or rule

DETAIL: Detail redacted as it may contain sensitive data. Specify 'Include Error Detail' in the connection string to include this information.
===========>     (SEVERE)   DB.ExecuteQuery: [56] => 0A000: cannot alter type of a column used by a view or rule

DETAIL: Detail redacted as it may contain sensitive data. Specify 'Include Error Detail' in the connection string to include this information.
----------->     (WARNING)  DB.ExecuteQuery: [56]DBExecuteError - 0A000: cannot alter type of a column used by a view or rule

DETAIL: Detail redacted as it may contain sensitive data. Specify 'Include Error Detail' in the connection string to include this information.
===========>     (SEVERE)   DB.ExecuteQuery: [56] => 0A000: cannot alter type of a column used by a view or rule

DETAIL: Detail redacted as it may contain sensitive data. Specify 'Include Error Detail' in the connection string to include this information.
----------->     (WARNING)  DB.ExecuteQuery: [56]DBExecuteError - 0A000: cannot alter type of a column used by a view or rule

DETAIL: Detail redacted as it may contain sensitive data. Specify 'Include Error Detail' in the connection string to include this information.
===========>     (SEVERE)   DB.ExecuteQuery: [56] => 0A000: cannot alter type of a column used by a view or rule

DETAIL: Detail redacted as it may contain sensitive data. Specify 'Include Error Detail' in the connection string to include this information.
----------->     (WARNING)  DB.ExecuteQuery: [56]DBExecuteError - 0A000: cannot alter type of a column used by a view or rule

DETAIL: Detail redacted as it may contain sensitive data. Specify 'Include Error Detail' in the connection string to include this information.
===========>     (SEVERE)   DB.ExecuteQuery: [56] => 42703: column "co" does not exist

POSITION: 30
----------->     (WARNING)  DB.ExecuteQuery: [56]DBExecuteError - 42703: column "co" does not exist

POSITION: 30
----------->     (WARNING)  MColumn.GetSQLDefaultValue: [56]Get sql default: @SQL=SELECT NVL(MAX(Line),0)+10 AS DefaultValue FROM M_InventoryLine WHERE M_Inventory_ID=@M_Inventory_ID@
===========>     (SEVERE)   DB.ExecuteQuery: [56] => 0A000: cannot alter type of a column used by a view or rule

DETAIL: Detail redacted as it may contain sensitive data. Specify 'Include Error Detail' in the connection string to include this information.
----------->     (WARNING)  DB.ExecuteQuery: [56]DBExecuteError - 0A000: cannot alter type of a column used by a view or rule

DETAIL: Detail redacted as it may contain sensitive data. Specify 'Include Error Detail' in the connection string to include this information.
===========>     (SEVERE)   DB.ExecuteQuery: [56] => 0A000: cannot alter type of a column used by a view or rule

DETAIL: Detail redacted as it may contain sensitive data. Specify 'Include Error Detail' in the connection string to include this information.
----------->     (WARNING)  DB.ExecuteQuery: [56]DBExecuteError - 0A000: cannot alter type of a column used by a view or rule

DETAIL: Detail redacted as it may contain sensitive data. Specify 'Include Error Detail' in the connection string to include this information.
===========>     (SEVERE)   DB.ExecuteQuery: [56] => 0A000: cannot alter type of a column used by a view or rule

DETAIL: Detail redacted as it may contain sensitive data. Specify 'Include Error Detail' in the connection string to include this information.
----------->     (WARNING)  DB.ExecuteQuery: [56]DBExecuteError - 0A000: cannot alter type of a column used by a view or rule

DETAIL: Detail redacted as it may contain sensitive data. Specify 'Include Error Detail' in the connection string to include this information.
===========>     (SEVERE)   DB.ExecuteQuery: [56] => 0A000: cannot alter type of a column used by a view or rule

DETAIL: Detail redacted as it may contain sensitive data. Specify 'Include Error Detail' in the connection string to include this information.
----------->     (WARNING)  DB.ExecuteQuery: [56]DBExecuteError - 0A000: cannot alter type of a column used by a view or rule

DETAIL: Detail redacted as it may contain sensitive data. Specify 'Include Error Detail' in the connection string to include this information.
===========>     (SEVERE)   DB.ExecuteQuery: [56] => 0A000: cannot alter type of a column used by a view or rule

DETAIL: Detail redacted as it may contain sensitive data. Specify 'Include Error Detail' in the connection string to include this information.
----------->     (WARNING)  DB.ExecuteQuery: [56]DBExecuteError - 0A000: cannot alter type of a column used by a view or rule

DETAIL: Detail redacted as it may contain sensitive data. Specify 'Include Error Detail' in the connection string to include this information.
===========>     (SEVERE)   DB.ExecuteQuery: [56] => 42703: column "y" does not exist

POSITION: 37
----------->     (WARNING)  DB.ExecuteQuery: [56]DBExecuteError - 42703: column "y" does not exist

POSITION: 37
===========>     (SEVERE)   DB.ExecuteQuery: [56] => 0A000: cannot alter type of a column used by a view or rule

DETAIL: Detail redacted as it may contain sensitive data. Specify 'Include Error Detail' in the connection string to include this information.
----------->     (WARNING)  DB.ExecuteQuery: [56]DBExecuteError - 0A000: cannot alter type of a column used by a view or rule

DETAIL: Detail redacted as it may contain sensitive data. Specify 'Include Error Detail' in the connection string to include this information.
===========>     (SEVERE)   DB.ExecuteQuery: [56] => 42601: syntax error at or near "=@#"

POSITION: 35
----------->     (WARNING)  DB.ExecuteQuery: [56]DBExecuteError - 42601: syntax error at or near "=@#"

POSITION: 35
===========>     (SEVERE)   DB.ExecuteQuery: [56] => 0A000: cannot alter type of a column used by a view or rule

DETAIL: Detail redacted as it may contain sensitive data. Specify 'Include Error Detail' in the connection string to include this information.
----------->     (WARNING)  DB.ExecuteQuery: [56]DBExecuteError - 0A000: cannot alter type of a column used by a view or rule

DETAIL: Detail redacted as it may contain sensitive data. Specify 'Include Error Detail' in the connection string to include this information.
===========>     (SEVERE)   DB.ExecuteQuery: [56] => 0A000: cannot alter type of a column used by a view or rule

DETAIL: Detail redacted as it may contain sensitive data. Specify 'Include Error Detail' in the connection string to include this information.
----------->     (WARNING)  DB.ExecuteQuery: [56]DBExecuteError - 0A000: cannot alter type of a column used by a view or rule

DETAIL: Detail redacted as it may contain sensitive data. Specify 'Include Error Detail' in the connection string to include this information.
===========>     (SEVERE)   DB.ExecuteQuery: [56] => 0A000: cannot alter type of a column used by a view or rule

DETAIL: Detail redacted as it may contain sensitive data. Specify 'Include Error Detail' in the connection string to include this information.
----------->     (WARNING)  DB.ExecuteQuery: [56]DBExecuteError - 0A000: cannot alter type of a column used by a view or rule

DETAIL: Detail redacted as it may contain sensitive data. Specify 'Include Error Detail' in the connection string to include this information.
===========>     (SEVERE)   DB.ExecuteQuery: [56] => 0A000: cannot alter type of a column used by a view or rule

DETAIL: Detail redacted as it may contain sensitive data. Specify 'Include Error Detail' in the connection string to include this information.
----------->     (WARNING)  DB.ExecuteQuery: [56]DBExecuteError - 0A000: cannot alter type of a column used by a view or rule

DETAIL: Detail redacted as it may contain sensitive data. Specify 'Include Error Detail' in the connection string to include this information.
===========>     (SEVERE)   DB.ExecuteQuery: [56] => 42601: syntax error at or near "=@"

POSITION: 33
----------->     (WARNING)  DB.ExecuteQuery: [56]DBExecuteError - 42601: syntax error at or near "=@"

POSITION: 33
===========>     (SEVERE)   DB.ExecuteQuery: [56] => 0A000: cannot alter type of a column used by a view or rule

DETAIL: Detail redacted as it may contain sensitive data. Specify 'Include Error Detail' in the connection string to include this information.
----------->     (WARNING)  DB.ExecuteQuery: [56]DBExecuteError - 0A000: cannot alter type of a column used by a view or rule

DETAIL: Detail redacted as it may contain sensitive data. Specify 'Include Error Detail' in the connection string to include this information.
===========>     (SEVERE)   DB.ExecuteQuery: [56] => 42601: syntax error at or near "=@#"

POSITION: 29
----------->     (WARNING)  DB.ExecuteQuery: [56]DBExecuteError - 42601: syntax error at or near "=@#"

POSITION: 29
===========>     (SEVERE)   DB.ExecuteQuery: [56] => 0A000: cannot alter type of a column used by a view or rule

DETAIL: Detail redacted as it may contain sensitive data. Specify 'Include Error Detail' in the connection string to include this information.
----------->     (WARNING)  DB.ExecuteQuery: [56]DBExecuteError - 0A000: cannot alter type of a column used by a view or rule

DETAIL: Detail redacted as it may contain sensitive data. Specify 'Include Error Detail' in the connection string to include this information.
===========>     (SEVERE)   DB.ExecuteQuery: [56] => 42601: syntax error at or near "=@#"

POSITION: 30
----------->     (WARNING)  DB.ExecuteQuery: [56]DBExecuteError - 42601: syntax error at or near "=@#"

POSITION: 30
===========>     (SEVERE)   DB.ExecuteQuery: [56] => 0A000: cannot alter type of a column used by a view or rule

DETAIL: Detail redacted as it may contain sensitive data. Specify 'Include Error Detail' in the connection string to include this information.
----------->     (WARNING)  DB.ExecuteQuery: [56]DBExecuteError - 0A000: cannot alter type of a column used by a view or rule

DETAIL: Detail redacted as it may contain sensitive data. Specify 'Include Error Detail' in the connection string to include this information.
===========>     (SEVERE)   DB.ExecuteQuery: [56] => 0A000: cannot alter type of a column used by a view or rule

DETAIL: Detail redacted as it may contain sensitive data. Specify 'Include Error Detail' in the connection string to include this information.
----------->     (WARNING)  DB.ExecuteQuery: [56]DBExecuteError - 0A000: cannot alter type of a column used by a view or rule

DETAIL: Detail redacted as it may contain sensitive data. Specify 'Include Error Detail' in the connection string to include this information.
===========>     (SEVERE)   DB.ExecuteQuery: [56] => 0A000: cannot alter type of a column used by a view or rule

DETAIL: Detail redacted as it may contain sensitive data. Specify 'Include Error Detail' in the connection string to include this information.
----------->     (WARNING)  DB.ExecuteQuery: [56]DBExecuteError - 0A000: cannot alter type of a column used by a view or rule

DETAIL: Detail redacted as it may contain sensitive data. Specify 'Include Error Detail' in the connection string to include this information.
===========>     (SEVERE)   DB.ExecuteQuery: [56] => 42703: column "y" does not exist

POSITION: 28
----------->     (WARNING)  DB.ExecuteQuery: [56]DBExecuteError - 42703: column "y" does not exist

POSITION: 28
===========>     (SEVERE)   DB.ExecuteQuery: [56] => 0A000: cannot alter type of a column used by a view or rule

DETAIL: Detail redacted as it may contain sensitive data. Specify 'Include Error Detail' in the connection string to include this information.
----------->     (WARNING)  DB.ExecuteQuery: [56]DBExecuteError - 0A000: cannot alter type of a column used by a view or rule

DETAIL: Detail redacted as it may contain sensitive data. Specify 'Include Error Detail' in the connection string to include this information.
===========>     (SEVERE)   DB.ExecuteQuery: [56] => 0A000: cannot alter type of a column used by a view or rule

DETAIL: Detail redacted as it may contain sensitive data. Specify 'Include Error Detail' in the connection string to include this information.
----------->     (WARNING)  DB.ExecuteQuery: [56]DBExecuteError - 0A000: cannot alter type of a column used by a view or rule

DETAIL: Detail redacted as it may contain sensitive data. Specify 'Include Error Detail' in the connection string to include this information.
===========>     (SEVERE)   DB.ExecuteQuery: [56] => 42703: column "p" does not exist

POSITION: 36
----------->     (WARNING)  DB.ExecuteQuery: [56]DBExecuteError - 42703: column "p" does not exist

POSITION: 36
===========>     (SEVERE)   DB.ExecuteQuery: [56] => 0A000: cannot alter type of a column used by a view or rule

DETAIL: Detail redacted as it may contain sensitive data. Specify 'Include Error Detail' in the connection string to include this information.
----------->     (WARNING)  DB.ExecuteQuery: [56]DBExecuteError - 0A000: cannot alter type of a column used by a view or rule

DETAIL: Detail redacted as it may contain sensitive data. Specify 'Include Error Detail' in the connection string to include this information.
===========>     (SEVERE)   DB.ExecuteQuery: [56] => 0A000: cannot alter type of a column used by a view or rule

DETAIL: Detail redacted as it may contain sensitive data. Specify 'Include Error Detail' in the connection string to include this information.
----------->     (WARNING)  DB.ExecuteQuery: [56]DBExecuteError - 0A000: cannot alter type of a column used by a view or rule

DETAIL: Detail redacted as it may contain sensitive data. Specify 'Include Error Detail' in the connection string to include this information.
===========>     (SEVERE)   DB.ExecuteQuery: [56] => 0A000: cannot alter type of a column used by a view or rule

DETAIL: Detail redacted as it may contain sensitive data. Specify 'Include Error Detail' in the connection string to include this information.
----------->     (WARNING)  DB.ExecuteQuery: [56]DBExecuteError - 0A000: cannot alter type of a column used by a view or rule

DETAIL: Detail redacted as it may contain sensitive data. Specify 'Include Error Detail' in the connection string to include this information.
===========>     (SEVERE)   DB.ExecuteQuery: [56] => 0A000: cannot alter type of a column used by a view or rule

DETAIL: Detail redacted as it may contain sensitive data. Specify 'Include Error Detail' in the connection string to include this information.
----------->     (WARNING)  DB.ExecuteQuery: [56]DBExecuteError - 0A000: cannot alter type of a column used by a view or rule

DETAIL: Detail redacted as it may contain sensitive data. Specify 'Include Error Detail' in the connection string to include this information.
===========>     (SEVERE)   DB.ExecuteQuery: [56] => 0A000: cannot alter type of a column used by a view or rule

DETAIL: Detail redacted as it may contain sensitive data. Specify 'Include Error Detail' in the connection string to include this information.
----------->     (WARNING)  DB.ExecuteQuery: [56]DBExecuteError - 0A000: cannot alter type of a column used by a view or rule

DETAIL: Detail redacted as it may contain sensitive data. Specify 'Include Error Detail' in the connection string to include this information.
===========>     (SEVERE)   DB.ExecuteQuery: [56] => 42703: column "y" does not exist

POSITION: 34
----------->     (WARNING)  DB.ExecuteQuery: [56]DBExecuteError - 42703: column "y" does not exist

POSITION: 34
===========>     (SEVERE)   DB.ExecuteQuery: [56] => 0A000: cannot alter type of a column used by a view or rule

DETAIL: Detail redacted as it may contain sensitive data. Specify 'Include Error Detail' in the connection string to include this information.
----------->     (WARNING)  DB.ExecuteQuery: [56]DBExecuteError - 0A000: cannot alter type of a column used by a view or rule

DETAIL: Detail redacted as it may contain sensitive data. Specify 'Include Error Detail' in the connection string to include this information.
===========>     (SEVERE)   DB.ExecuteQuery: [56] => 0A000: cannot alter type of a column used by a view or rule

DETAIL: Detail redacted as it may contain sensitive data. Specify 'Include Error Detail' in the connection string to include this information.
----------->     (WARNING)  DB.ExecuteQuery: [56]DBExecuteError - 0A000: cannot alter type of a column used by a view or rule

DETAIL: Detail redacted as it may contain sensitive data. Specify 'Include Error Detail' in the connection string to include this information.
===========>     (SEVERE)   DB.ExecuteQuery: [56] => 42703: column "n" does not exist

POSITION: 44
----------->     (WARNING)  DB.ExecuteQuery: [56]DBExecuteError - 42703: column "n" does not exist

POSITION: 44
===========>     (SEVERE)   DB.ExecuteQuery: [56] => 0A000: cannot alter type of a column used by a view or rule

DETAIL: Detail redacted as it may contain sensitive data. Specify 'Include Error Detail' in the connection string to include this information.
----------->     (WARNING)  DB.ExecuteQuery: [56]DBExecuteError - 0A000: cannot alter type of a column used by a view or rule

DETAIL: Detail redacted as it may contain sensitive data. Specify 'Include Error Detail' in the connection string to include this information.
===========>     (SEVERE)   DB.ExecuteQuery: [56] => 0A000: cannot alter type of a column used by a view or rule

DETAIL: Detail redacted as it may contain sensitive data. Specify 'Include Error Detail' in the connection string to include this information.
----------->     (WARNING)  DB.ExecuteQuery: [56]DBExecuteError - 0A000: cannot alter type of a column used by a view or rule

DETAIL: Detail redacted as it may contain sensitive data. Specify 'Include Error Detail' in the connection string to include this information.
===========>     (SEVERE)   DB.ExecuteQuery: [56] => 0A000: cannot alter type of a column used by a view or rule

DETAIL: Detail redacted as it may contain sensitive data. Specify 'Include Error Detail' in the connection string to include this information.
----------->     (WARNING)  DB.ExecuteQuery: [56]DBExecuteError - 0A000: cannot alter type of a column used by a view or rule

DETAIL: Detail redacted as it may contain sensitive data. Specify 'Include Error Detail' in the connection string to include this information.
===========>     (SEVERE)   DB.ExecuteQuery: [56] => 0A000: cannot alter type of a column used by a view or rule

DETAIL: Detail redacted as it may contain sensitive data. Specify 'Include Error Detail' in the connection string to include this information.
----------->     (WARNING)  DB.ExecuteQuery: [56]DBExecuteError - 0A000: cannot alter type of a column used by a view or rule

DETAIL: Detail redacted as it may contain sensitive data. Specify 'Include Error Detail' in the connection string to include this information.
===========>     (SEVERE)   DB.ExecuteQuery: [56] => 0A000: cannot alter type of a column used by a view or rule

DETAIL: Detail redacted as it may contain sensitive data. Specify 'Include Error Detail' in the connection string to include this information.
----------->     (WARNING)  DB.ExecuteQuery: [56]DBExecuteError - 0A000: cannot alter type of a column used by a view or rule

DETAIL: Detail redacted as it may contain sensitive data. Specify 'Include Error Detail' in the connection string to include this information.
===========>     (SEVERE)   DB.ExecuteQuery: [56] => 0A000: cannot alter type of a column used by a view or rule

DETAIL: Detail redacted as it may contain sensitive data. Specify 'Include Error Detail' in the connection string to include this information.
----------->     (WARNING)  DB.ExecuteQuery: [56]DBExecuteError - 0A000: cannot alter type of a column used by a view or rule

DETAIL: Detail redacted as it may contain sensitive data. Specify 'Include Error Detail' in the connection string to include this information.
===========>     (SEVERE)   DB.ExecuteQuery: [56] => 0A000: cannot alter type of a column used by a view or rule

DETAIL: Detail redacted as it may contain sensitive data. Specify 'Include Error Detail' in the connection string to include this information.
----------->     (WARNING)  DB.ExecuteQuery: [56]DBExecuteError - 0A000: cannot alter type of a column used by a view or rule

DETAIL: Detail redacted as it may contain sensitive data. Specify 'Include Error Detail' in the connection string to include this information.
===========>     (SEVERE)   DB.ExecuteQuery: [56] => 0A000: cannot alter type of a column used by a view or rule

DETAIL: Detail redacted as it may contain sensitive data. Specify 'Include Error Detail' in the connection string to include this information.
----------->     (WARNING)  DB.ExecuteQuery: [56]DBExecuteError - 0A000: cannot alter type of a column used by a view or rule

DETAIL: Detail redacted as it may contain sensitive data. Specify 'Include Error Detail' in the connection string to include this information.
===========>     (SEVERE)   DB.ExecuteQuery: [56] => 0A000: cannot alter type of a column used by a view or rule

DETAIL: Detail redacted as it may contain sensitive data. Specify 'Include Error Detail' in the connection string to include this information.
----------->     (WARNING)  DB.ExecuteQuery: [56]DBExecuteError - 0A000: cannot alter type of a column used by a view or rule

DETAIL: Detail redacted as it may contain sensitive data. Specify 'Include Error Detail' in the connection string to include this information.
===========>     (SEVERE)   DB.ExecuteQuery: [56] => 0A000: cannot alter type of a column used by a view or rule

DETAIL: Detail redacted as it may contain sensitive data. Specify 'Include Error Detail' in the connection string to include this information.
----------->     (WARNING)  DB.ExecuteQuery: [56]DBExecuteError - 0A000: cannot alter type of a column used by a view or rule

DETAIL: Detail redacted as it may contain sensitive data. Specify 'Include Error Detail' in the connection string to include this information.
===========>     (SEVERE)   DB.ExecuteQuery: [56] => 0A000: cannot alter type of a column used by a view or rule

DETAIL: Detail redacted as it may contain sensitive data. Specify 'Include Error Detail' in the connection string to include this information.
----------->     (WARNING)  DB.ExecuteQuery: [56]DBExecuteError - 0A000: cannot alter type of a column used by a view or rule

DETAIL: Detail redacted as it may contain sensitive data. Specify 'Include Error Detail' in the connection string to include this information.
===========>     (SEVERE)   DB.ExecuteQuery: [56] => 0A000: cannot alter type of a column used by a view or rule

DETAIL: Detail redacted as it may contain sensitive data. Specify 'Include Error Detail' in the connection string to include this information.
----------->     (WARNING)  DB.ExecuteQuery: [56]DBExecuteError - 0A000: cannot alter type of a column used by a view or rule

DETAIL: Detail redacted as it may contain sensitive data. Specify 'Include Error Detail' in the connection string to include this information.
===========>     (SEVERE)   DB.ExecuteQuery: [56] => 0A000: cannot alter type of a column used by a view or rule

DETAIL: Detail redacted as it may contain sensitive data. Specify 'Include Error Detail' in the connection string to include this information.
----------->     (WARNING)  DB.ExecuteQuery: [56]DBExecuteError - 0A000: cannot alter type of a column used by a view or rule

DETAIL: Detail redacted as it may contain sensitive data. Specify 'Include Error Detail' in the connection string to include this information.
===========>     (SEVERE)   DB.ExecuteQuery: [56] => 0A000: cannot alter type of a column used by a view or rule

DETAIL: Detail redacted as it may contain sensitive data. Specify 'Include Error Detail' in the connection string to include this information.
----------->     (WARNING)  DB.ExecuteQuery: [56]DBExecuteError - 0A000: cannot alter type of a column used by a view or rule

DETAIL: Detail redacted as it may contain sensitive data. Specify 'Include Error Detail' in the connection string to include this information.
===========>     (SEVERE)   DB.ExecuteQuery: [56] => 0A000: cannot alter type of a column used by a view or rule

DETAIL: Detail redacted as it may contain sensitive data. Specify 'Include Error Detail' in the connection string to include this information.
----------->     (WARNING)  DB.ExecuteQuery: [56]DBExecuteError - 0A000: cannot alter type of a column used by a view or rule

DETAIL: Detail redacted as it may contain sensitive data. Specify 'Include Error Detail' in the connection string to include this information.
===========>     (SEVERE)   DB.ExecuteQuery: [56] => 42601: syntax error at or near "=@#"

POSITION: 31
----------->     (WARNING)  DB.ExecuteQuery: [56]DBExecuteError - 42601: syntax error at or near "=@#"

POSITION: 31
===========>     (SEVERE)   DB.ExecuteQuery: [56] => 0A000: cannot alter type of a column used by a view or rule

DETAIL: Detail redacted as it may contain sensitive data. Specify 'Include Error Detail' in the connection string to include this information.
----------->     (WARNING)  DB.ExecuteQuery: [56]DBExecuteError - 0A000: cannot alter type of a column used by a view or rule

DETAIL: Detail redacted as it may contain sensitive data. Specify 'Include Error Detail' in the connection string to include this information.
===========>     (SEVERE)   DB.ExecuteQuery: [56] => 0A000: cannot alter type of a column used by a view or rule

DETAIL: Detail redacted as it may contain sensitive data. Specify 'Include Error Detail' in the connection string to include this information.
----------->     (WARNING)  DB.ExecuteQuery: [56]DBExecuteError - 0A000: cannot alter type of a column used by a view or rule

DETAIL: Detail redacted as it may contain sensitive data. Specify 'Include Error Detail' in the connection string to include this information.
===========>     (SEVERE)   DB.ExecuteQuery: [56] => 42703: column "n" does not exist

POSITION: 37
----------->     (WARNING)  DB.ExecuteQuery: [56]DBExecuteError - 42703: column "n" does not exist

POSITION: 37
===========>     (SEVERE)   DB.ExecuteQuery: [56] => 0A000: cannot alter type of a column used by a view or rule

DETAIL: Detail redacted as it may contain sensitive data. Specify 'Include Error Detail' in the connection string to include this information.
----------->     (WARNING)  DB.ExecuteQuery: [56]DBExecuteError - 0A000: cannot alter type of a column used by a view or rule

DETAIL: Detail redacted as it may contain sensitive data. Specify 'Include Error Detail' in the connection string to include this information.
===========>     (SEVERE)   DB.ExecuteQuery: [56] => 0A000: cannot alter type of a column used by a view or rule

DETAIL: Detail redacted as it may contain sensitive data. Specify 'Include Error Detail' in the connection string to include this information.
----------->     (WARNING)  DB.ExecuteQuery: [56]DBExecuteError - 0A000: cannot alter type of a column used by a view or rule

DETAIL: Detail redacted as it may contain sensitive data. Specify 'Include Error Detail' in the connection string to include this information.
===========>     (SEVERE)   DB.ExecuteQuery: [56] => 42601: syntax error at or near "=@"

POSITION: 40
----------->     (WARNING)  DB.ExecuteQuery: [56]DBExecuteError - 42601: syntax error at or near "=@"

POSITION: 40
===========>     (SEVERE)   DB.ExecuteQuery: [56] => 0A000: cannot alter type of a column used by a view or rule

DETAIL: Detail redacted as it may contain sensitive data. Specify 'Include Error Detail' in the connection string to include this information.
----------->     (WARNING)  DB.ExecuteQuery: [56]DBExecuteError - 0A000: cannot alter type of a column used by a view or rule

DETAIL: Detail redacted as it may contain sensitive data. Specify 'Include Error Detail' in the connection string to include this information.
===========>     (SEVERE)   DB.ExecuteQuery: [56] => 42601: syntax error at or near "=@"

POSITION: 37
----------->     (WARNING)  DB.ExecuteQuery: [56]DBExecuteError - 42601: syntax error at or near "=@"

POSITION: 37
===========>     (SEVERE)   DB.ExecuteQuery: [56] => 0A000: cannot alter type of a column used by a view or rule

DETAIL: Detail redacted as it may contain sensitive data. Specify 'Include Error Detail' in the connection string to include this information.
----------->     (WARNING)  DB.ExecuteQuery: [56]DBExecuteError - 0A000: cannot alter type of a column used by a view or rule

DETAIL: Detail redacted as it may contain sensitive data. Specify 'Include Error Detail' in the connection string to include this information.
===========>     (SEVERE)   DB.ExecuteQuery: [56] => 0A000: cannot alter type of a column used by a view or rule

DETAIL: Detail redacted as it may contain sensitive data. Specify 'Include Error Detail' in the connection string to include this information.
----------->     (WARNING)  DB.ExecuteQuery: [56]DBExecuteError - 0A000: cannot alter type of a column used by a view or rule

DETAIL: Detail redacted as it may contain sensitive data. Specify 'Include Error Detail' in the connection string to include this information.
===========>     (SEVERE)   DB.ExecuteQuery: [56] => 0A000: cannot alter type of a column used by a view or rule

DETAIL: Detail redacted as it may contain sensitive data. Specify 'Include Error Detail' in the connection string to include this information.
----------->     (WARNING)  DB.ExecuteQuery: [56]DBExecuteError - 0A000: cannot alter type of a column used by a view or rule

DETAIL: Detail redacted as it may contain sensitive data. Specify 'Include Error Detail' in the connection string to include this information.
===========>     (SEVERE)   DB.ExecuteQuery: [56] => 42601: syntax error at or near "=@"

POSITION: 36
----------->     (WARNING)  DB.ExecuteQuery: [56]DBExecuteError - 42601: syntax error at or near "=@"

POSITION: 36
===========>     (SEVERE)   DB.ExecuteQuery: [56] => 0A000: cannot alter type of a column used by a view or rule

DETAIL: Detail redacted as it may contain sensitive data. Specify 'Include Error Detail' in the connection string to include this information.
----------->     (WARNING)  DB.ExecuteQuery: [56]DBExecuteError - 0A000: cannot alter type of a column used by a view or rule

DETAIL: Detail redacted as it may contain sensitive data. Specify 'Include Error Detail' in the connection string to include this information.
===========>     (SEVERE)   DB.ExecuteQuery: [56] => 0A000: cannot alter type of a column used by a view or rule

DETAIL: Detail redacted as it may contain sensitive data. Specify 'Include Error Detail' in the connection string to include this information.
----------->     (WARNING)  DB.ExecuteQuery: [56]DBExecuteError - 0A000: cannot alter type of a column used by a view or rule

DETAIL: Detail redacted as it may contain sensitive data. Specify 'Include Error Detail' in the connection string to include this information.
===========>     (SEVERE)   DB.ExecuteQuery: [56] => 0A000: cannot alter type of a column used by a view or rule

DETAIL: Detail redacted as it may contain sensitive data. Specify 'Include Error Detail' in the connection string to include this information.
----------->     (WARNING)  DB.ExecuteQuery: [56]DBExecuteError - 0A000: cannot alter type of a column used by a view or rule

DETAIL: Detail redacted as it may contain sensitive data. Specify 'Include Error Detail' in the connection string to include this information.
===========>     (SEVERE)   DB.ExecuteQuery: [56] => 0A000: cannot alter type of a column used by a view or rule

DETAIL: Detail redacted as it may contain sensitive data. Specify 'Include Error Detail' in the connection string to include this information.
----------->     (WARNING)  DB.ExecuteQuery: [56]DBExecuteError - 0A000: cannot alter type of a column used by a view or rule

DETAIL: Detail redacted as it may contain sensitive data. Specify 'Include Error Detail' in the connection string to include this information.
===========>     (SEVERE)   DB.ExecuteQuery: [56] => 0A000: cannot alter type of a column used by a view or rule

DETAIL: Detail redacted as it may contain sensitive data. Specify 'Include Error Detail' in the connection string to include this information.
----------->     (WARNING)  DB.ExecuteQuery: [56]DBExecuteError - 0A000: cannot alter type of a column used by a view or rule

DETAIL: Detail redacted as it may contain sensitive data. Specify 'Include Error Detail' in the connection string to include this information.
===========>     (SEVERE)   DB.ExecuteQuery: [56] => 0A000: cannot alter type of a column used by a view or rule

DETAIL: Detail redacted as it may contain sensitive data. Specify 'Include Error Detail' in the connection string to include this information.
----------->     (WARNING)  DB.ExecuteQuery: [56]DBExecuteError - 0A000: cannot alter type of a column used by a view or rule

DETAIL: Detail redacted as it may contain sensitive data. Specify 'Include Error Detail' in the connection string to include this information.
===========>     (SEVERE)   DB.ExecuteQuery: [56] => 0A000: cannot alter type of a column used by a view or rule

DETAIL: Detail redacted as it may contain sensitive data. Specify 'Include Error Detail' in the connection string to include this information.
----------->     (WARNING)  DB.ExecuteQuery: [56]DBExecuteError - 0A000: cannot alter type of a column used by a view or rule

DETAIL: Detail redacted as it may contain sensitive data. Specify 'Include Error Detail' in the connection string to include this information.
===========>     (SEVERE)   DB.ExecuteQuery: [56] => 0A000: cannot alter type of a column used by a view or rule

DETAIL: Detail redacted as it may contain sensitive data. Specify 'Include Error Detail' in the connection string to include this information.
----------->     (WARNING)  DB.ExecuteQuery: [56]DBExecuteError - 0A000: cannot alter type of a column used by a view or rule

DETAIL: Detail redacted as it may contain sensitive data. Specify 'Include Error Detail' in the connection string to include this information.
===========>     (SEVERE)   DB.ExecuteQuery: [56] => 0A000: cannot alter type of a column used by a view or rule

DETAIL: Detail redacted as it may contain sensitive data. Specify 'Include Error Detail' in the connection string to include this information.
----------->     (WARNING)  DB.ExecuteQuery: [56]DBExecuteError - 0A000: cannot alter type of a column used by a view or rule

DETAIL: Detail redacted as it may contain sensitive data. Specify 'Include Error Detail' in the connection string to include this information.
===========>     (SEVERE)   DB.ExecuteQuery: [56] => 42601: syntax error at or near "=@#"

POSITION: 28
----------->     (WARNING)  DB.ExecuteQuery: [56]DBExecuteError - 42601: syntax error at or near "=@#"

POSITION: 28
===========>     (SEVERE)   DB.ExecuteQuery: [56] => 0A000: cannot alter type of a column used by a view or rule

DETAIL: Detail redacted as it may contain sensitive data. Specify 'Include Error Detail' in the connection string to include this information.
----------->     (WARNING)  DB.ExecuteQuery: [56]DBExecuteError - 0A000: cannot alter type of a column used by a view or rule

DETAIL: Detail redacted as it may contain sensitive data. Specify 'Include Error Detail' in the connection string to include this information.
===========>     (SEVERE)   DB.ExecuteQuery: [56] => 42601: syntax error at or near "=@#"

POSITION: 32
----------->     (WARNING)  DB.ExecuteQuery: [56]DBExecuteError - 42601: syntax error at or near "=@#"

POSITION: 32
===========>     (SEVERE)   DB.ExecuteQuery: [56] => 0A000: cannot alter type of a column used by a view or rule

DETAIL: Detail redacted as it may contain sensitive data. Specify 'Include Error Detail' in the connection string to include this information.
----------->     (WARNING)  DB.ExecuteQuery: [56]DBExecuteError - 0A000: cannot alter type of a column used by a view or rule

DETAIL: Detail redacted as it may contain sensitive data. Specify 'Include Error Detail' in the connection string to include this information.
===========>     (SEVERE)   DB.ExecuteQuery: [56] => 0A000: cannot alter type of a column used by a view or rule

DETAIL: Detail redacted as it may contain sensitive data. Specify 'Include Error Detail' in the connection string to include this information.
----------->     (WARNING)  DB.ExecuteQuery: [56]DBExecuteError - 0A000: cannot alter type of a column used by a view or rule

DETAIL: Detail redacted as it may contain sensitive data. Specify 'Include Error Detail' in the connection string to include this information.
===========>     (SEVERE)   DB.ExecuteQuery: [56] => 0A000: cannot alter type of a column used by a view or rule

DETAIL: Detail redacted as it may contain sensitive data. Specify 'Include Error Detail' in the connection string to include this information.
----------->     (WARNING)  DB.ExecuteQuery: [56]DBExecuteError - 0A000: cannot alter type of a column used by a view or rule

DETAIL: Detail redacted as it may contain sensitive data. Specify 'Include Error Detail' in the connection string to include this information.
===========>     (SEVERE)   DB.ExecuteQuery: [56] => 0A000: cannot alter type of a column used by a view or rule

DETAIL: Detail redacted as it may contain sensitive data. Specify 'Include Error Detail' in the connection string to include this information.
----------->     (WARNING)  DB.ExecuteQuery: [56]DBExecuteError - 0A000: cannot alter type of a column used by a view or rule

DETAIL: Detail redacted as it may contain sensitive data. Specify 'Include Error Detail' in the connection string to include this information.
===========>     (SEVERE)   DB.ExecuteQuery: [56] => 0A000: cannot alter type of a column used by a view or rule

DETAIL: Detail redacted as it may contain sensitive data. Specify 'Include Error Detail' in the connection string to include this information.
----------->     (WARNING)  DB.ExecuteQuery: [56]DBExecuteError - 0A000: cannot alter type of a column used by a view or rule

DETAIL: Detail redacted as it may contain sensitive data. Specify 'Include Error Detail' in the connection string to include this information.
===========>     (SEVERE)   DB.ExecuteQuery: [56] => 0A000: cannot alter type of a column used by a view or rule

DETAIL: Detail redacted as it may contain sensitive data. Specify 'Include Error Detail' in the connection string to include this information.
----------->     (WARNING)  DB.ExecuteQuery: [56]DBExecuteError - 0A000: cannot alter type of a column used by a view or rule

DETAIL: Detail redacted as it may contain sensitive data. Specify 'Include Error Detail' in the connection string to include this information.
===========>     (SEVERE)   DB.ExecuteQuery: [56] => 42601: syntax error at or near "=@"

POSITION: 36
----------->     (WARNING)  DB.ExecuteQuery: [56]DBExecuteError - 42601: syntax error at or near "=@"

POSITION: 36
===========>     (SEVERE)   DB.ExecuteQuery: [56] => 0A000: cannot alter type of a column used by a view or rule

DETAIL: Detail redacted as it may contain sensitive data. Specify 'Include Error Detail' in the connection string to include this information.
----------->     (WARNING)  DB.ExecuteQuery: [56]DBExecuteError - 0A000: cannot alter type of a column used by a view or rule

DETAIL: Detail redacted as it may contain sensitive data. Specify 'Include Error Detail' in the connection string to include this information.
===========>     (SEVERE)   DB.ExecuteQuery: [56] => 0A000: cannot alter type of a column used by a view or rule

DETAIL: Detail redacted as it may contain sensitive data. Specify 'Include Error Detail' in the connection string to include this information.
----------->     (WARNING)  DB.ExecuteQuery: [56]DBExecuteError - 0A000: cannot alter type of a column used by a view or rule

DETAIL: Detail redacted as it may contain sensitive data. Specify 'Include Error Detail' in the connection string to include this information.
===========>     (SEVERE)   DB.ExecuteQuery: [56] => 0A000: cannot alter type of a column used by a view or rule

DETAIL: Detail redacted as it may contain sensitive data. Specify 'Include Error Detail' in the connection string to include this information.
----------->     (WARNING)  DB.ExecuteQuery: [56]DBExecuteError - 0A000: cannot alter type of a column used by a view or rule

DETAIL: Detail redacted as it may contain sensitive data. Specify 'Include Error Detail' in the connection string to include this information.
----------->     (WARNING)  MColumn.GetSQLDefaultValue: [56]Get sql default: @SQL=SELECT NVL(MAX(Line),0)+10 AS DefaultValue FROM M_InOutLine WHERE M_InOut_ID=@M_InOut_ID@
===========>     (SEVERE)   DB.ExecuteQuery: [56] => 0A000: cannot alter type of a column used by a view or rule

DETAIL: Detail redacted as it may contain sensitive data. Specify 'Include Error Detail' in the connection string to include this information.
----------->     (WARNING)  DB.ExecuteQuery: [56]DBExecuteError - 0A000: cannot alter type of a column used by a view or rule

DETAIL: Detail redacted as it may contain sensitive data. Specify 'Include Error Detail' in the connection string to include this information.
===========>     (SEVERE)   DB.ExecuteQuery: [56] => 42601: syntax error at or near "=@"

POSITION: 28
----------->     (WARNING)  DB.ExecuteQuery: [56]DBExecuteError - 42601: syntax error at or near "=@"

POSITION: 28
===========>     (SEVERE)   DB.ExecuteQuery: [56] => 0A000: cannot alter type of a column used by a view or rule

DETAIL: Detail redacted as it may contain sensitive data. Specify 'Include Error Detail' in the connection string to include this information.
----------->     (WARNING)  DB.ExecuteQuery: [56]DBExecuteError - 0A000: cannot alter type of a column used by a view or rule

DETAIL: Detail redacted as it may contain sensitive data. Specify 'Include Error Detail' in the connection string to include this information.
===========>     (SEVERE)   DB.ExecuteQuery: [56] => 0A000: cannot alter type of a column used by a view or rule

DETAIL: Detail redacted as it may contain sensitive data. Specify 'Include Error Detail' in the connection string to include this information.
----------->     (WARNING)  DB.ExecuteQuery: [56]DBExecuteError - 0A000: cannot alter type of a column used by a view or rule

DETAIL: Detail redacted as it may contain sensitive data. Specify 'Include Error Detail' in the connection string to include this information.
===========>     (SEVERE)   DB.ExecuteQuery: [56] => 0A000: cannot alter type of a column used by a view or rule

DETAIL: Detail redacted as it may contain sensitive data. Specify 'Include Error Detail' in the connection string to include this information.
----------->     (WARNING)  DB.ExecuteQuery: [56]DBExecuteError - 0A000: cannot alter type of a column used by a view or rule

DETAIL: Detail redacted as it may contain sensitive data. Specify 'Include Error Detail' in the connection string to include this information.
===========>     (SEVERE)   DB.ExecuteQuery: [56] => 42703: column "n" does not exist

POSITION: 30
----------->     (WARNING)  DB.ExecuteQuery: [56]DBExecuteError - 42703: column "n" does not exist

POSITION: 30
===========>     (SEVERE)   DB.ExecuteQuery: [56] => 0A000: cannot alter type of a column used by a view or rule

DETAIL: Detail redacted as it may contain sensitive data. Specify 'Include Error Detail' in the connection string to include this information.
----------->     (WARNING)  DB.ExecuteQuery: [56]DBExecuteError - 0A000: cannot alter type of a column used by a view or rule

DETAIL: Detail redacted as it may contain sensitive data. Specify 'Include Error Detail' in the connection string to include this information.
===========>     (SEVERE)   DB.ExecuteQuery: [56] => 0A000: cannot alter type of a column used by a view or rule

DETAIL: Detail redacted as it may contain sensitive data. Specify 'Include Error Detail' in the connection string to include this information.
----------->     (WARNING)  DB.ExecuteQuery: [56]DBExecuteError - 0A000: cannot alter type of a column used by a view or rule

DETAIL: Detail redacted as it may contain sensitive data. Specify 'Include Error Detail' in the connection string to include this information.
===========>     (SEVERE)   DB.ExecuteQuery: [56] => 0A000: cannot alter type of a column used by a view or rule

DETAIL: Detail redacted as it may contain sensitive data. Specify 'Include Error Detail' in the connection string to include this information.
----------->     (WARNING)  DB.ExecuteQuery: [56]DBExecuteError - 0A000: cannot alter type of a column used by a view or rule

DETAIL: Detail redacted as it may contain sensitive data. Specify 'Include Error Detail' in the connection string to include this information.
===========>     (SEVERE)   DB.ExecuteQuery: [56] => 0A000: cannot alter type of a column used by a view or rule

DETAIL: Detail redacted as it may contain sensitive data. Specify 'Include Error Detail' in the connection string to include this information.
----------->     (WARNING)  DB.ExecuteQuery: [56]DBExecuteError - 0A000: cannot alter type of a column used by a view or rule

DETAIL: Detail redacted as it may contain sensitive data. Specify 'Include Error Detail' in the connection string to include this information.
===========>     (SEVERE)   DB.ExecuteQuery: [56] => 0A000: cannot alter type of a column used by a view or rule

DETAIL: Detail redacted as it may contain sensitive data. Specify 'Include Error Detail' in the connection string to include this information.
----------->     (WARNING)  DB.ExecuteQuery: [56]DBExecuteError - 0A000: cannot alter type of a column used by a view or rule

DETAIL: Detail redacted as it may contain sensitive data. Specify 'Include Error Detail' in the connection string to include this information.
===========>     (SEVERE)   DB.ExecuteQuery: [56] => 0A000: cannot alter type of a column used by a view or rule

DETAIL: Detail redacted as it may contain sensitive data. Specify 'Include Error Detail' in the connection string to include this information.
----------->     (WARNING)  DB.ExecuteQuery: [56]DBExecuteError - 0A000: cannot alter type of a column used by a view or rule

DETAIL: Detail redacted as it may contain sensitive data. Specify 'Include Error Detail' in the connection string to include this information.
===========>     (SEVERE)   DB.ExecuteQuery: [56] => 0A000: cannot alter type of a column used by a view or rule

DETAIL: Detail redacted as it may contain sensitive data. Specify 'Include Error Detail' in the connection string to include this information.
----------->     (WARNING)  DB.ExecuteQuery: [56]DBExecuteError - 0A000: cannot alter type of a column used by a view or rule

DETAIL: Detail redacted as it may contain sensitive data. Specify 'Include Error Detail' in the connection string to include this information.
===========>     (SEVERE)   DB.ExecuteQuery: [56] => 42601: syntax error at or near "=*"

POSITION: 33
----------->     (WARNING)  DB.ExecuteQuery: [56]DBExecuteError - 42601: syntax error at or near "=*"

POSITION: 33
===========>     (SEVERE)   DB.ExecuteQuery: [56] => 0A000: cannot alter type of a column used by a view or rule

DETAIL: Detail redacted as it may contain sensitive data. Specify 'Include Error Detail' in the connection string to include this information.
----------->     (WARNING)  DB.ExecuteQuery: [56]DBExecuteError - 0A000: cannot alter type of a column used by a view or rule

DETAIL: Detail redacted as it may contain sensitive data. Specify 'Include Error Detail' in the connection string to include this information.
===========>     (SEVERE)   DB.ExecuteQuery: [56] => 42601: syntax error at or near "=@#"

POSITION: 31
----------->     (WARNING)  DB.ExecuteQuery: [56]DBExecuteError - 42601: syntax error at or near "=@#"

POSITION: 31
===========>     (SEVERE)   DB.ExecuteQuery: [56] => 0A000: cannot alter type of a column used by a view or rule

DETAIL: Detail redacted as it may contain sensitive data. Specify 'Include Error Detail' in the connection string to include this information.
----------->     (WARNING)  DB.ExecuteQuery: [56]DBExecuteError - 0A000: cannot alter type of a column used by a view or rule

DETAIL: Detail redacted as it may contain sensitive data. Specify 'Include Error Detail' in the connection string to include this information.
===========>     (SEVERE)   DB.ExecuteQuery: [56] => 0A000: cannot alter type of a column used by a view or rule

DETAIL: Detail redacted as it may contain sensitive data. Specify 'Include Error Detail' in the connection string to include this information.
----------->     (WARNING)  DB.ExecuteQuery: [56]DBExecuteError - 0A000: cannot alter type of a column used by a view or rule

DETAIL: Detail redacted as it may contain sensitive data. Specify 'Include Error Detail' in the connection string to include this information.
===========>     (SEVERE)   DB.ExecuteQuery: [56] => 42601: syntax error at or near "=@"

POSITION: 39
----------->     (WARNING)  DB.ExecuteQuery: [56]DBExecuteError - 42601: syntax error at or near "=@"

POSITION: 39
===========>     (SEVERE)   DB.ExecuteQuery: [56] => 0A000: cannot alter type of a column used by a view or rule

DETAIL: Detail redacted as it may contain sensitive data. Specify 'Include Error Detail' in the connection string to include this information.
----------->     (WARNING)  DB.ExecuteQuery: [56]DBExecuteError - 0A000: cannot alter type of a column used by a view or rule

DETAIL: Detail redacted as it may contain sensitive data. Specify 'Include Error Detail' in the connection string to include this information.
===========>     (SEVERE)   DB.ExecuteQuery: [56] => 0A000: cannot alter type of a column used by a view or rule

DETAIL: Detail redacted as it may contain sensitive data. Specify 'Include Error Detail' in the connection string to include this information.
----------->     (WARNING)  DB.ExecuteQuery: [56]DBExecuteError - 0A000: cannot alter type of a column used by a view or rule

DETAIL: Detail redacted as it may contain sensitive data. Specify 'Include Error Detail' in the connection string to include this information.
===========>     (SEVERE)   DB.ExecuteQuery: [56] => 42601: syntax error at or near "=@#"

POSITION: 34
----------->     (WARNING)  DB.ExecuteQuery: [56]DBExecuteError - 42601: syntax error at or near "=@#"

POSITION: 34
===========>     (SEVERE)   DB.ExecuteQuery: [56] => 0A000: cannot alter type of a column used by a view or rule

DETAIL: Detail redacted as it may contain sensitive data. Specify 'Include Error Detail' in the connection string to include this information.
----------->     (WARNING)  DB.ExecuteQuery: [56]DBExecuteError - 0A000: cannot alter type of a column used by a view or rule

DETAIL: Detail redacted as it may contain sensitive data. Specify 'Include Error Detail' in the connection string to include this information.
===========>     (SEVERE)   DB.ExecuteQuery: [56] => 0A000: cannot alter type of a column used by a view or rule

DETAIL: Detail redacted as it may contain sensitive data. Specify 'Include Error Detail' in the connection string to include this information.
----------->     (WARNING)  DB.ExecuteQuery: [56]DBExecuteError - 0A000: cannot alter type of a column used by a view or rule

DETAIL: Detail redacted as it may contain sensitive data. Specify 'Include Error Detail' in the connection string to include this information.
===========>     (SEVERE)   DB.ExecuteQuery: [56] => 42601: syntax error at or near "=@#"

POSITION: 32
----------->     (WARNING)  DB.ExecuteQuery: [56]DBExecuteError - 42601: syntax error at or near "=@#"

POSITION: 32
===========>     (SEVERE)   DB.ExecuteQuery: [56] => 0A000: cannot alter type of a column used by a view or rule

DETAIL: Detail redacted as it may contain sensitive data. Specify 'Include Error Detail' in the connection string to include this information.
----------->     (WARNING)  DB.ExecuteQuery: [56]DBExecuteError - 0A000: cannot alter type of a column used by a view or rule

DETAIL: Detail redacted as it may contain sensitive data. Specify 'Include Error Detail' in the connection string to include this information.
===========>     (SEVERE)   DB.ExecuteQuery: [56] => 0A000: cannot alter type of a column used by a view or rule

DETAIL: Detail redacted as it may contain sensitive data. Specify 'Include Error Detail' in the connection string to include this information.
----------->     (WARNING)  DB.ExecuteQuery: [56]DBExecuteError - 0A000: cannot alter type of a column used by a view or rule

DETAIL: Detail redacted as it may contain sensitive data. Specify 'Include Error Detail' in the connection string to include this information.
===========>     (SEVERE)   DB.ExecuteQuery: [56] => 42601: syntax error at or near "=@"

POSITION: 34
----------->     (WARNING)  DB.ExecuteQuery: [56]DBExecuteError - 42601: syntax error at or near "=@"

POSITION: 34
===========>     (SEVERE)   DB.ExecuteQuery: [56] => 0A000: cannot alter type of a column used by a view or rule

DETAIL: Detail redacted as it may contain sensitive data. Specify 'Include Error Detail' in the connection string to include this information.
----------->     (WARNING)  DB.ExecuteQuery: [56]DBExecuteError - 0A000: cannot alter type of a column used by a view or rule

DETAIL: Detail redacted as it may contain sensitive data. Specify 'Include Error Detail' in the connection string to include this information.
===========>     (SEVERE)   DB.ExecuteQuery: [56] => 0A000: cannot alter type of a column used by a view or rule

DETAIL: Detail redacted as it may contain sensitive data. Specify 'Include Error Detail' in the connection string to include this information.
----------->     (WARNING)  DB.ExecuteQuery: [56]DBExecuteError - 0A000: cannot alter type of a column used by a view or rule

DETAIL: Detail redacted as it may contain sensitive data. Specify 'Include Error Detail' in the connection string to include this information.
===========>     (SEVERE)   DB.ExecuteQuery: [56] => 0A000: cannot alter type of a column used by a view or rule

DETAIL: Detail redacted as it may contain sensitive data. Specify 'Include Error Detail' in the connection string to include this information.
----------->     (WARNING)  DB.ExecuteQuery: [56]DBExecuteError - 0A000: cannot alter type of a column used by a view or rule

DETAIL: Detail redacted as it may contain sensitive data. Specify 'Include Error Detail' in the connection string to include this information.
===========>     (SEVERE)   DB.ExecuteQuery: [56] => 42601: syntax error at or near "=@#"

POSITION: 36
----------->     (WARNING)  DB.ExecuteQuery: [56]DBExecuteError - 42601: syntax error at or near "=@#"

POSITION: 36
===========>     (SEVERE)   DB.ExecuteQuery: [56] => 0A000: cannot alter type of a column used by a view or rule

DETAIL: Detail redacted as it may contain sensitive data. Specify 'Include Error Detail' in the connection string to include this information.
----------->     (WARNING)  DB.ExecuteQuery: [56]DBExecuteError - 0A000: cannot alter type of a column used by a view or rule

DETAIL: Detail redacted as it may contain sensitive data. Specify 'Include Error Detail' in the connection string to include this information.
===========>     (SEVERE)   DB.ExecuteQuery: [56] => 42601: syntax error at or near "=@#"

POSITION: 33
----------->     (WARNING)  DB.ExecuteQuery: [56]DBExecuteError - 42601: syntax error at or near "=@#"

POSITION: 33
===========>     (SEVERE)   DB.ExecuteQuery: [56] => 42703: column "y" does not exist

POSITION: 33
----------->     (WARNING)  DB.ExecuteQuery: [56]DBExecuteError - 42703: column "y" does not exist

POSITION: 33
===========>     (SEVERE)   DB.ExecuteQuery: [56] => 0A000: cannot alter type of a column used by a view or rule

DETAIL: Detail redacted as it may contain sensitive data. Specify 'Include Error Detail' in the connection string to include this information.
----------->     (WARNING)  DB.ExecuteQuery: [56]DBExecuteError - 0A000: cannot alter type of a column used by a view or rule

DETAIL: Detail redacted as it may contain sensitive data. Specify 'Include Error Detail' in the connection string to include this information.
===========>     (SEVERE)   DB.ExecuteQuery: [56] => 0A000: cannot alter type of a column used by a view or rule

DETAIL: Detail redacted as it may contain sensitive data. Specify 'Include Error Detail' in the connection string to include this information.
----------->     (WARNING)  DB.ExecuteQuery: [56]DBExecuteError - 0A000: cannot alter type of a column used by a view or rule

DETAIL: Detail redacted as it may contain sensitive data. Specify 'Include Error Detail' in the connection string to include this information.
===========>     (SEVERE)   DB.ExecuteQuery: [56] => 0A000: cannot alter type of a column used by a view or rule

DETAIL: Detail redacted as it may contain sensitive data. Specify 'Include Error Detail' in the connection string to include this information.
----------->     (WARNING)  DB.ExecuteQuery: [56]DBExecuteError - 0A000: cannot alter type of a column used by a view or rule

DETAIL: Detail redacted as it may contain sensitive data. Specify 'Include Error Detail' in the connection string to include this information.
===========>     (SEVERE)   DB.ExecuteQuery: [56] => 42601: syntax error at or near "=@"

POSITION: 36
----------->     (WARNING)  DB.ExecuteQuery: [56]DBExecuteError - 42601: syntax error at or near "=@"

POSITION: 36
===========>     (SEVERE)   DB.ExecuteQuery: [56] => 0A000: cannot alter type of a column used by a view or rule

DETAIL: Detail redacted as it may contain sensitive data. Specify 'Include Error Detail' in the connection string to include this information.
----------->     (WARNING)  DB.ExecuteQuery: [56]DBExecuteError - 0A000: cannot alter type of a column used by a view or rule

DETAIL: Detail redacted as it may contain sensitive data. Specify 'Include Error Detail' in the connection string to include this information.
===========>     (SEVERE)   DB.ExecuteQuery: [56] => 42601: syntax error at or near "=@"

POSITION: 37
----------->     (WARNING)  DB.ExecuteQuery: [56]DBExecuteError - 42601: syntax error at or near "=@"

POSITION: 37
===========>     (SEVERE)   DB.ExecuteQuery: [56] => 0A000: cannot alter type of a column used by a view or rule

DETAIL: Detail redacted as it may contain sensitive data. Specify 'Include Error Detail' in the connection string to include this information.
----------->     (WARNING)  DB.ExecuteQuery: [56]DBExecuteError - 0A000: cannot alter type of a column used by a view or rule

DETAIL: Detail redacted as it may contain sensitive data. Specify 'Include Error Detail' in the connection string to include this information.
===========>     (SEVERE)   DB.ExecuteQuery: [56] => 0A000: cannot alter type of a column used by a view or rule

DETAIL: Detail redacted as it may contain sensitive data. Specify 'Include Error Detail' in the connection string to include this information.
----------->     (WARNING)  DB.ExecuteQuery: [56]DBExecuteError - 0A000: cannot alter type of a column used by a view or rule

DETAIL: Detail redacted as it may contain sensitive data. Specify 'Include Error Detail' in the connection string to include this information.
===========>     (SEVERE)   DB.ExecuteQuery: [56] => 0A000: cannot alter type of a column used by a view or rule

DETAIL: Detail redacted as it may contain sensitive data. Specify 'Include Error Detail' in the connection string to include this information.
----------->     (WARNING)  DB.ExecuteQuery: [56]DBExecuteError - 0A000: cannot alter type of a column used by a view or rule

DETAIL: Detail redacted as it may contain sensitive data. Specify 'Include Error Detail' in the connection string to include this information.
===========>     (SEVERE)   DB.ExecuteQuery: [56] => 0A000: cannot alter type of a column used by a view or rule

DETAIL: Detail redacted as it may contain sensitive data. Specify 'Include Error Detail' in the connection string to include this information.
----------->     (WARNING)  DB.ExecuteQuery: [56]DBExecuteError - 0A000: cannot alter type of a column used by a view or rule

DETAIL: Detail redacted as it may contain sensitive data. Specify 'Include Error Detail' in the connection string to include this information.
===========>     (SEVERE)   DB.ExecuteQuery: [56] => 0A000: cannot alter type of a column used by a view or rule

DETAIL: Detail redacted as it may contain sensitive data. Specify 'Include Error Detail' in the connection string to include this information.
----------->     (WARNING)  DB.ExecuteQuery: [56]DBExecuteError - 0A000: cannot alter type of a column used by a view or rule

DETAIL: Detail redacted as it may contain sensitive data. Specify 'Include Error Detail' in the connection string to include this information.
===========>     (SEVERE)   DB.ExecuteQuery: [56] => 0A000: cannot alter type of a column used by a view or rule

DETAIL: Detail redacted as it may contain sensitive data. Specify 'Include Error Detail' in the connection string to include this information.
----------->     (WARNING)  DB.ExecuteQuery: [56]DBExecuteError - 0A000: cannot alter type of a column used by a view or rule

DETAIL: Detail redacted as it may contain sensitive data. Specify 'Include Error Detail' in the connection string to include this information.
===========>     (SEVERE)   DB.ExecuteQuery: [56] => 42601: syntax error at or near "=@#"

POSITION: 35
----------->     (WARNING)  DB.ExecuteQuery: [56]DBExecuteError - 42601: syntax error at or near "=@#"

POSITION: 35
===========>     (SEVERE)   DB.ExecuteQuery: [56] => 0A000: cannot alter type of a column used by a view or rule

DETAIL: Detail redacted as it may contain sensitive data. Specify 'Include Error Detail' in the connection string to include this information.
----------->     (WARNING)  DB.ExecuteQuery: [56]DBExecuteError - 0A000: cannot alter type of a column used by a view or rule

DETAIL: Detail redacted as it may contain sensitive data. Specify 'Include Error Detail' in the connection string to include this information.
===========>     (SEVERE)   DB.ExecuteQuery: [56] => 42601: syntax error at or near "=@"

POSITION: 34
----------->     (WARNING)  DB.ExecuteQuery: [56]DBExecuteError - 42601: syntax error at or near "=@"

POSITION: 34
===========>     (SEVERE)   DB.ExecuteQuery: [56] => 42703: column "y" does not exist

POSITION: 31
----------->     (WARNING)  DB.ExecuteQuery: [56]DBExecuteError - 42703: column "y" does not exist

POSITION: 31
===========>     (SEVERE)   DB.ExecuteQuery: [56] => 0A000: cannot alter type of a column used by a view or rule

DETAIL: Detail redacted as it may contain sensitive data. Specify 'Include Error Detail' in the connection string to include this information.
----------->     (WARNING)  DB.ExecuteQuery: [56]DBExecuteError - 0A000: cannot alter type of a column used by a view or rule

DETAIL: Detail redacted as it may contain sensitive data. Specify 'Include Error Detail' in the connection string to include this information.
===========>     (SEVERE)   DB.ExecuteQuery: [56] => 42601: syntax error at or near "=@#"

POSITION: 31
----------->     (WARNING)  DB.ExecuteQuery: [56]DBExecuteError - 42601: syntax error at or near "=@#"

POSITION: 31
===========>     (SEVERE)   DB.ExecuteQuery: [56] => 0A000: cannot alter type of a column used by a view or rule

DETAIL: Detail redacted as it may contain sensitive data. Specify 'Include Error Detail' in the connection string to include this information.
----------->     (WARNING)  DB.ExecuteQuery: [56]DBExecuteError - 0A000: cannot alter type of a column used by a view or rule

DETAIL: Detail redacted as it may contain sensitive data. Specify 'Include Error Detail' in the connection string to include this information.
===========>     (SEVERE)   DB.ExecuteQuery: [56] => 42601: syntax error at or near "=@"

POSITION: 37
----------->     (WARNING)  DB.ExecuteQuery: [56]DBExecuteError - 42601: syntax error at or near "=@"

POSITION: 37
===========>     (SEVERE)   DB.ExecuteQuery: [56] => 0A000: cannot alter type of a column used by a view or rule

DETAIL: Detail redacted as it may contain sensitive data. Specify 'Include Error Detail' in the connection string to include this information.
----------->     (WARNING)  DB.ExecuteQuery: [56]DBExecuteError - 0A000: cannot alter type of a column used by a view or rule

DETAIL: Detail redacted as it may contain sensitive data. Specify 'Include Error Detail' in the connection string to include this information.
===========>     (SEVERE)   DB.ExecuteQuery: [56] => 42601: syntax error at or near "=@#"

POSITION: 29
----------->     (WARNING)  DB.ExecuteQuery: [56]DBExecuteError - 42601: syntax error at or near "=@#"

POSITION: 29
===========>     (SEVERE)   DB.ExecuteQuery: [56] => 0A000: cannot alter type of a column used by a view or rule

DETAIL: Detail redacted as it may contain sensitive data. Specify 'Include Error Detail' in the connection string to include this information.
----------->     (WARNING)  DB.ExecuteQuery: [56]DBExecuteError - 0A000: cannot alter type of a column used by a view or rule

DETAIL: Detail redacted as it may contain sensitive data. Specify 'Include Error Detail' in the connection string to include this information.
===========>     (SEVERE)   DB.ExecuteQuery: [56] => 42703: column "a" does not exist

POSITION: 33
----------->     (WARNING)  DB.ExecuteQuery: [56]DBExecuteError - 42703: column "a" does not exist

POSITION: 33
===========>     (SEVERE)   DB.ExecuteQuery: [56] => 0A000: cannot alter type of a column used by a view or rule

DETAIL: Detail redacted as it may contain sensitive data. Specify 'Include Error Detail' in the connection string to include this information.
----------->     (WARNING)  DB.ExecuteQuery: [56]DBExecuteError - 0A000: cannot alter type of a column used by a view or rule

DETAIL: Detail redacted as it may contain sensitive data. Specify 'Include Error Detail' in the connection string to include this information.
===========>     (SEVERE)   DB.ExecuteQuery: [56] => 0A000: cannot alter type of a column used by a view or rule

DETAIL: Detail redacted as it may contain sensitive data. Specify 'Include Error Detail' in the connection string to include this information.
----------->     (WARNING)  DB.ExecuteQuery: [56]DBExecuteError - 0A000: cannot alter type of a column used by a view or rule

DETAIL: Detail redacted as it may contain sensitive data. Specify 'Include Error Detail' in the connection string to include this information.
===========>     (SEVERE)   DB.ExecuteQuery: [56] => 42703: column "y" does not exist

POSITION: 33
----------->     (WARNING)  DB.ExecuteQuery: [56]DBExecuteError - 42703: column "y" does not exist

POSITION: 33
===========>     (SEVERE)   DB.ExecuteQuery: [56] => 0A000: cannot alter type of a column used by a view or rule

DETAIL: Detail redacted as it may contain sensitive data. Specify 'Include Error Detail' in the connection string to include this information.
----------->     (WARNING)  DB.ExecuteQuery: [56]DBExecuteError - 0A000: cannot alter type of a column used by a view or rule

DETAIL: Detail redacted as it may contain sensitive data. Specify 'Include Error Detail' in the connection string to include this information.
===========>     (SEVERE)   DB.ExecuteQuery: [56] => 0A000: cannot alter type of a column used by a view or rule

DETAIL: Detail redacted as it may contain sensitive data. Specify 'Include Error Detail' in the connection string to include this information.
----------->     (WARNING)  DB.ExecuteQuery: [56]DBExecuteError - 0A000: cannot alter type of a column used by a view or rule

DETAIL: Detail redacted as it may contain sensitive data. Specify 'Include Error Detail' in the connection string to include this information.
===========>     (SEVERE)   DB.ExecuteQuery: [56] => 0A000: cannot alter type of a column used by a view or rule

DETAIL: Detail redacted as it may contain sensitive data. Specify 'Include Error Detail' in the connection string to include this information.
----------->     (WARNING)  DB.ExecuteQuery: [56]DBExecuteError - 0A000: cannot alter type of a column used by a view or rule

DETAIL: Detail redacted as it may contain sensitive data. Specify 'Include Error Detail' in the connection string to include this information.
===========>     (SEVERE)   DB.ExecuteQuery: [56] => 0A000: cannot alter type of a column used by a view or rule

DETAIL: Detail redacted as it may contain sensitive data. Specify 'Include Error Detail' in the connection string to include this information.
----------->     (WARNING)  DB.ExecuteQuery: [56]DBExecuteError - 0A000: cannot alter type of a column used by a view or rule

DETAIL: Detail redacted as it may contain sensitive data. Specify 'Include Error Detail' in the connection string to include this information.
===========>     (SEVERE)   DB.ExecuteQuery: [56] => 0A000: cannot alter type of a column used by a view or rule

DETAIL: Detail redacted as it may contain sensitive data. Specify 'Include Error Detail' in the connection string to include this information.
----------->     (WARNING)  DB.ExecuteQuery: [56]DBExecuteError - 0A000: cannot alter type of a column used by a view or rule

DETAIL: Detail redacted as it may contain sensitive data. Specify 'Include Error Detail' in the connection string to include this information.
===========>     (SEVERE)   DB.ExecuteQuery: [56] => 0A000: cannot alter type of a column used by a view or rule

DETAIL: Detail redacted as it may contain sensitive data. Specify 'Include Error Detail' in the connection string to include this information.
----------->     (WARNING)  DB.ExecuteQuery: [56]DBExecuteError - 0A000: cannot alter type of a column used by a view or rule

DETAIL: Detail redacted as it may contain sensitive data. Specify 'Include Error Detail' in the connection string to include this information.
===========>     (SEVERE)   DB.ExecuteQuery: [56] => 0A000: cannot alter type of a column used by a view or rule

DETAIL: Detail redacted as it may contain sensitive data. Specify 'Include Error Detail' in the connection string to include this information.
----------->     (WARNING)  DB.ExecuteQuery: [56]DBExecuteError - 0A000: cannot alter type of a column used by a view or rule

DETAIL: Detail redacted as it may contain sensitive data. Specify 'Include Error Detail' in the connection string to include this information.
===========>     (SEVERE)   DB.ExecuteQuery: [56] => 0A000: cannot alter type of a column used by a view or rule

DETAIL: Detail redacted as it may contain sensitive data. Specify 'Include Error Detail' in the connection string to include this information.
----------->     (WARNING)  DB.ExecuteQuery: [56]DBExecuteError - 0A000: cannot alter type of a column used by a view or rule

DETAIL: Detail redacted as it may contain sensitive data. Specify 'Include Error Detail' in the connection string to include this information.
===========>     (SEVERE)   DB.ExecuteQuery: [56] => 0A000: cannot alter type of a column used by a view or rule

DETAIL: Detail redacted as it may contain sensitive data. Specify 'Include Error Detail' in the connection string to include this information.
----------->     (WARNING)  DB.ExecuteQuery: [56]DBExecuteError - 0A000: cannot alter type of a column used by a view or rule

DETAIL: Detail redacted as it may contain sensitive data. Specify 'Include Error Detail' in the connection string to include this information.
===========>     (SEVERE)   DB.ExecuteQuery: [56] => 42601: syntax error at or near "=@#"

POSITION: 43
----------->     (WARNING)  DB.ExecuteQuery: [56]DBExecuteError - 42601: syntax error at or near "=@#"

POSITION: 43
===========>     (SEVERE)   DB.ExecuteQuery: [56] => 0A000: cannot alter type of a column used by a view or rule

DETAIL: Detail redacted as it may contain sensitive data. Specify 'Include Error Detail' in the connection string to include this information.
----------->     (WARNING)  DB.ExecuteQuery: [56]DBExecuteError - 0A000: cannot alter type of a column used by a view or rule

DETAIL: Detail redacted as it may contain sensitive data. Specify 'Include Error Detail' in the connection string to include this information.
===========>     (SEVERE)   DB.ExecuteQuery: [56] => 0A000: cannot alter type of a column used by a view or rule

DETAIL: Detail redacted as it may contain sensitive data. Specify 'Include Error Detail' in the connection string to include this information.
----------->     (WARNING)  DB.ExecuteQuery: [56]DBExecuteError - 0A000: cannot alter type of a column used by a view or rule

DETAIL: Detail redacted as it may contain sensitive data. Specify 'Include Error Detail' in the connection string to include this information.
===========>     (SEVERE)   DB.ExecuteQuery: [56] => 42601: syntax error at or near "=@#"

POSITION: 34
----------->     (WARNING)  DB.ExecuteQuery: [56]DBExecuteError - 42601: syntax error at or near "=@#"

POSITION: 34
===========>     (SEVERE)   DB.ExecuteQuery: [56] => 42601: syntax error at or near "=@"

POSITION: 39
----------->     (WARNING)  DB.ExecuteQuery: [56]DBExecuteError - 42601: syntax error at or near "=@"

POSITION: 39
===========>     (SEVERE)   DB.ExecuteQuery: [56] => 42601: syntax error at or near "=@"

POSITION: 36
----------->     (WARNING)  DB.ExecuteQuery: [56]DBExecuteError - 42601: syntax error at or near "=@"

POSITION: 36
===========>     (SEVERE)   DB.ExecuteQuery: [56] => 0A000: cannot alter type of a column used by a view or rule

DETAIL: Detail redacted as it may contain sensitive data. Specify 'Include Error Detail' in the connection string to include this information.
----------->     (WARNING)  DB.ExecuteQuery: [56]DBExecuteError - 0A000: cannot alter type of a column used by a view or rule

DETAIL: Detail redacted as it may contain sensitive data. Specify 'Include Error Detail' in the connection string to include this information.
===========>     (SEVERE)   DB.ExecuteQuery: [56] => 0A000: cannot alter type of a column used by a view or rule

DETAIL: Detail redacted as it may contain sensitive data. Specify 'Include Error Detail' in the connection string to include this information.
----------->     (WARNING)  DB.ExecuteQuery: [56]DBExecuteError - 0A000: cannot alter type of a column used by a view or rule

DETAIL: Detail redacted as it may contain sensitive data. Specify 'Include Error Detail' in the connection string to include this information.
===========>     (SEVERE)   DB.ExecuteQuery: [56] => 42703: column "y" does not exist

POSITION: 32
----------->     (WARNING)  DB.ExecuteQuery: [56]DBExecuteError - 42703: column "y" does not exist

POSITION: 32
===========>     (SEVERE)   DB.ExecuteQuery: [56] => 42601: syntax error at or near "=@"

POSITION: 39
----------->     (WARNING)  DB.ExecuteQuery: [56]DBExecuteError - 42601: syntax error at or near "=@"

POSITION: 39
===========>     (SEVERE)   DB.ExecuteQuery: [56] => 0A000: cannot alter type of a column used by a view or rule

DETAIL: Detail redacted as it may contain sensitive data. Specify 'Include Error Detail' in the connection string to include this information.
----------->     (WARNING)  DB.ExecuteQuery: [56]DBExecuteError - 0A000: cannot alter type of a column used by a view or rule

DETAIL: Detail redacted as it may contain sensitive data. Specify 'Include Error Detail' in the connection string to include this information.
===========>     (SEVERE)   DB.ExecuteQuery: [56] => 42601: syntax error at or near "=@#"

POSITION: 36
----------->     (WARNING)  DB.ExecuteQuery: [56]DBExecuteError - 42601: syntax error at or near "=@#"

POSITION: 36
===========>     (SEVERE)   DB.ExecuteQuery: [56] => 0A000: cannot alter type of a column used by a view or rule

DETAIL: Detail redacted as it may contain sensitive data. Specify 'Include Error Detail' in the connection string to include this information.
----------->     (WARNING)  DB.ExecuteQuery: [56]DBExecuteError - 0A000: cannot alter type of a column used by a view or rule

DETAIL: Detail redacted as it may contain sensitive data. Specify 'Include Error Detail' in the connection string to include this information.
===========>     (SEVERE)   DB.ExecuteQuery: [56] => 42601: syntax error at or near "=@"

POSITION: 31
----------->     (WARNING)  DB.ExecuteQuery: [56]DBExecuteError - 42601: syntax error at or near "=@"

POSITION: 31
===========>     (SEVERE)   DB.ExecuteQuery: [56] => 0A000: cannot alter type of a column used by a view or rule

DETAIL: Detail redacted as it may contain sensitive data. Specify 'Include Error Detail' in the connection string to include this information.
----------->     (WARNING)  DB.ExecuteQuery: [56]DBExecuteError - 0A000: cannot alter type of a column used by a view or rule

DETAIL: Detail redacted as it may contain sensitive data. Specify 'Include Error Detail' in the connection string to include this information.
===========>     (SEVERE)   DB.ExecuteQuery: [56] => 0A000: cannot alter type of a column used by a view or rule

DETAIL: Detail redacted as it may contain sensitive data. Specify 'Include Error Detail' in the connection string to include this information.
----------->     (WARNING)  DB.ExecuteQuery: [56]DBExecuteError - 0A000: cannot alter type of a column used by a view or rule

DETAIL: Detail redacted as it may contain sensitive data. Specify 'Include Error Detail' in the connection string to include this information.
===========>     (SEVERE)   DB.ExecuteQuery: [56] => 0A000: cannot alter type of a column used by a view or rule

DETAIL: Detail redacted as it may contain sensitive data. Specify 'Include Error Detail' in the connection string to include this information.
----------->     (WARNING)  DB.ExecuteQuery: [56]DBExecuteError - 0A000: cannot alter type of a column used by a view or rule

DETAIL: Detail redacted as it may contain sensitive data. Specify 'Include Error Detail' in the connection string to include this information.
===========>     (SEVERE)   DB.ExecuteQuery: [56] => 0A000: cannot alter type of a column used by a view or rule

DETAIL: Detail redacted as it may contain sensitive data. Specify 'Include Error Detail' in the connection string to include this information.
----------->     (WARNING)  DB.ExecuteQuery: [56]DBExecuteError - 0A000: cannot alter type of a column used by a view or rule

DETAIL: Detail redacted as it may contain sensitive data. Specify 'Include Error Detail' in the connection string to include this information.
===========>     (SEVERE)   DB.ExecuteQuery: [56] => 42703: column "y" does not exist

POSITION: 31
----------->     (WARNING)  DB.ExecuteQuery: [56]DBExecuteError - 42703: column "y" does not exist

POSITION: 31
===========>     (SEVERE)   DB.ExecuteQuery: [56] => 0A000: cannot alter type of a column used by a view or rule

DETAIL: Detail redacted as it may contain sensitive data. Specify 'Include Error Detail' in the connection string to include this information.
----------->     (WARNING)  DB.ExecuteQuery: [56]DBExecuteError - 0A000: cannot alter type of a column used by a view or rule

DETAIL: Detail redacted as it may contain sensitive data. Specify 'Include Error Detail' in the connection string to include this information.
===========>     (SEVERE)   DB.ExecuteQuery: [56] => 0A000: cannot alter type of a column used by a view or rule

DETAIL: Detail redacted as it may contain sensitive data. Specify 'Include Error Detail' in the connection string to include this information.
----------->     (WARNING)  DB.ExecuteQuery: [56]DBExecuteError - 0A000: cannot alter type of a column used by a view or rule

DETAIL: Detail redacted as it may contain sensitive data. Specify 'Include Error Detail' in the connection string to include this information.
===========>     (SEVERE)   DB.ExecuteQuery: [56] => 0A000: cannot alter type of a column used by a view or rule

DETAIL: Detail redacted as it may contain sensitive data. Specify 'Include Error Detail' in the connection string to include this information.
----------->     (WARNING)  DB.ExecuteQuery: [56]DBExecuteError - 0A000: cannot alter type of a column used by a view or rule

DETAIL: Detail redacted as it may contain sensitive data. Specify 'Include Error Detail' in the connection string to include this information.
===========>     (SEVERE)   DB.ExecuteQuery: [56] => 0A000: cannot alter type of a column used by a view or rule

DETAIL: Detail redacted as it may contain sensitive data. Specify 'Include Error Detail' in the connection string to include this information.
----------->     (WARNING)  DB.ExecuteQuery: [56]DBExecuteError - 0A000: cannot alter type of a column used by a view or rule

DETAIL: Detail redacted as it may contain sensitive data. Specify 'Include Error Detail' in the connection string to include this information.
===========>     (SEVERE)   DB.ExecuteQuery: [56] => 0A000: cannot alter type of a column used by a view or rule

DETAIL: Detail redacted as it may contain sensitive data. Specify 'Include Error Detail' in the connection string to include this information.
----------->     (WARNING)  DB.ExecuteQuery: [56]DBExecuteError - 0A000: cannot alter type of a column used by a view or rule

DETAIL: Detail redacted as it may contain sensitive data. Specify 'Include Error Detail' in the connection string to include this information.
===========>     (SEVERE)   DB.ExecuteQuery: [56] => 42703: column "y" does not exist

POSITION: 31
----------->     (WARNING)  DB.ExecuteQuery: [56]DBExecuteError - 42703: column "y" does not exist

POSITION: 31
===========>     (SEVERE)   DB.ExecuteQuery: [56] => 0A000: cannot alter type of a column used by a view or rule

DETAIL: Detail redacted as it may contain sensitive data. Specify 'Include Error Detail' in the connection string to include this information.
----------->     (WARNING)  DB.ExecuteQuery: [56]DBExecuteError - 0A000: cannot alter type of a column used by a view or rule

DETAIL: Detail redacted as it may contain sensitive data. Specify 'Include Error Detail' in the connection string to include this information.
===========>     (SEVERE)   DB.ExecuteQuery: [56] => 0A000: cannot alter type of a column used by a view or rule

DETAIL: Detail redacted as it may contain sensitive data. Specify 'Include Error Detail' in the connection string to include this information.
----------->     (WARNING)  DB.ExecuteQuery: [56]DBExecuteError - 0A000: cannot alter type of a column used by a view or rule

DETAIL: Detail redacted as it may contain sensitive data. Specify 'Include Error Detail' in the connection string to include this information.
===========>     (SEVERE)   DB.ExecuteQuery: [56] => 42601: syntax error at or near "=@#"

POSITION: 31
----------->     (WARNING)  DB.ExecuteQuery: [56]DBExecuteError - 42601: syntax error at or near "=@#"

POSITION: 31
===========>     (SEVERE)   DB.ExecuteQuery: [56] => 0A000: cannot alter type of a column used by a view or rule

DETAIL: Detail redacted as it may contain sensitive data. Specify 'Include Error Detail' in the connection string to include this information.
----------->     (WARNING)  DB.ExecuteQuery: [56]DBExecuteError - 0A000: cannot alter type of a column used by a view or rule

DETAIL: Detail redacted as it may contain sensitive data. Specify 'Include Error Detail' in the connection string to include this information.
===========>     (SEVERE)   DB.ExecuteQuery: [56] => 0A000: cannot alter type of a column used by a view or rule

DETAIL: Detail redacted as it may contain sensitive data. Specify 'Include Error Detail' in the connection string to include this information.
----------->     (WARNING)  DB.ExecuteQuery: [56]DBExecuteError - 0A000: cannot alter type of a column used by a view or rule

DETAIL: Detail redacted as it may contain sensitive data. Specify 'Include Error Detail' in the connection string to include this information.
===========>     (SEVERE)   DB.ExecuteQuery: [56] => 42601: syntax error at or near "=@#"

POSITION: 32
----------->     (WARNING)  DB.ExecuteQuery: [56]DBExecuteError - 42601: syntax error at or near "=@#"

POSITION: 32
===========>     (SEVERE)   DB.ExecuteQuery: [56] => 0A000: cannot alter type of a column used by a view or rule

DETAIL: Detail redacted as it may contain sensitive data. Specify 'Include Error Detail' in the connection string to include this information.
----------->     (WARNING)  DB.ExecuteQuery: [56]DBExecuteError - 0A000: cannot alter type of a column used by a view or rule

DETAIL: Detail redacted as it may contain sensitive data. Specify 'Include Error Detail' in the connection string to include this information.
===========>     (SEVERE)   DB.ExecuteQuery: [56] => 42601: syntax error at or near "=@#"

POSITION: 35
----------->     (WARNING)  DB.ExecuteQuery: [56]DBExecuteError - 42601: syntax error at or near "=@#"

POSITION: 35
===========>     (SEVERE)   DB.ExecuteQuery: [56] => 42601: syntax error at or near "=@"

POSITION: 36
----------->     (WARNING)  DB.ExecuteQuery: [56]DBExecuteError - 42601: syntax error at or near "=@"

POSITION: 36
===========>     (SEVERE)   DB.ExecuteQuery: [56] => 42601: syntax error at or near "=@"

POSITION: 33
----------->     (WARNING)  DB.ExecuteQuery: [56]DBExecuteError - 42601: syntax error at or near "=@"

POSITION: 33
===========>     (SEVERE)   DB.ExecuteQuery: [56] => 0A000: cannot alter type of a column used by a view or rule

DETAIL: Detail redacted as it may contain sensitive data. Specify 'Include Error Detail' in the connection string to include this information.
----------->     (WARNING)  DB.ExecuteQuery: [56]DBExecuteError - 0A000: cannot alter type of a column used by a view or rule

DETAIL: Detail redacted as it may contain sensitive data. Specify 'Include Error Detail' in the connection string to include this information.
===========>     (SEVERE)   DB.ExecuteQuery: [56] => 0A000: cannot alter type of a column used by a view or rule

DETAIL: Detail redacted as it may contain sensitive data. Specify 'Include Error Detail' in the connection string to include this information.
----------->     (WARNING)  DB.ExecuteQuery: [56]DBExecuteError - 0A000: cannot alter type of a column used by a view or rule

DETAIL: Detail redacted as it may contain sensitive data. Specify 'Include Error Detail' in the connection string to include this information.
===========>     (SEVERE)   DB.ExecuteQuery: [56] => 0A000: cannot alter type of a column used by a view or rule

DETAIL: Detail redacted as it may contain sensitive data. Specify 'Include Error Detail' in the connection string to include this information.
----------->     (WARNING)  DB.ExecuteQuery: [56]DBExecuteError - 0A000: cannot alter type of a column used by a view or rule

DETAIL: Detail redacted as it may contain sensitive data. Specify 'Include Error Detail' in the connection string to include this information.
===========>     (SEVERE)   DB.ExecuteQuery: [56] => 0A000: cannot alter type of a column used by a view or rule

DETAIL: Detail redacted as it may contain sensitive data. Specify 'Include Error Detail' in the connection string to include this information.
----------->     (WARNING)  DB.ExecuteQuery: [56]DBExecuteError - 0A000: cannot alter type of a column used by a view or rule

DETAIL: Detail redacted as it may contain sensitive data. Specify 'Include Error Detail' in the connection string to include this information.
===========>     (SEVERE)   DB.ExecuteQuery: [56] => 42601: syntax error at or near "=@#"

POSITION: 31
----------->     (WARNING)  DB.ExecuteQuery: [56]DBExecuteError - 42601: syntax error at or near "=@#"

POSITION: 31
===========>     (SEVERE)   DB.ExecuteQuery: [56] => 0A000: cannot alter type of a column used by a view or rule

DETAIL: Detail redacted as it may contain sensitive data. Specify 'Include Error Detail' in the connection string to include this information.
----------->     (WARNING)  DB.ExecuteQuery: [56]DBExecuteError - 0A000: cannot alter type of a column used by a view or rule

DETAIL: Detail redacted as it may contain sensitive data. Specify 'Include Error Detail' in the connection string to include this information.
===========>     (SEVERE)   DB.ExecuteQuery: [56] => 42601: syntax error at or near "=@"

POSITION: 31
----------->     (WARNING)  DB.ExecuteQuery: [56]DBExecuteError - 42601: syntax error at or near "=@"

POSITION: 31
===========>     (SEVERE)   DB.ExecuteQuery: [56] => 42601: syntax error at or near "=@"

POSITION: 34
----------->     (WARNING)  DB.ExecuteQuery: [56]DBExecuteError - 42601: syntax error at or near "=@"

POSITION: 34
===========>     (SEVERE)   DB.ExecuteQuery: [56] => 0A000: cannot alter type of a column used by a view or rule

DETAIL: Detail redacted as it may contain sensitive data. Specify 'Include Error Detail' in the connection string to include this information.
----------->     (WARNING)  DB.ExecuteQuery: [56]DBExecuteError - 0A000: cannot alter type of a column used by a view or rule

DETAIL: Detail redacted as it may contain sensitive data. Specify 'Include Error Detail' in the connection string to include this information.
===========>     (SEVERE)   DB.ExecuteQuery: [56] => 42703: column "y" does not exist

POSITION: 29
----------->     (WARNING)  DB.ExecuteQuery: [56]DBExecuteError - 42703: column "y" does not exist

POSITION: 29
===========>     (SEVERE)   DB.ExecuteQuery: [56] => 0A000: cannot alter type of a column used by a view or rule

DETAIL: Detail redacted as it may contain sensitive data. Specify 'Include Error Detail' in the connection string to include this information.
----------->     (WARNING)  DB.ExecuteQuery: [56]DBExecuteError - 0A000: cannot alter type of a column used by a view or rule

DETAIL: Detail redacted as it may contain sensitive data. Specify 'Include Error Detail' in the connection string to include this information.
===========>     (SEVERE)   DB.ExecuteQuery: [56] => 0A000: cannot alter type of a column used by a view or rule

DETAIL: Detail redacted as it may contain sensitive data. Specify 'Include Error Detail' in the connection string to include this information.
----------->     (WARNING)  DB.ExecuteQuery: [56]DBExecuteError - 0A000: cannot alter type of a column used by a view or rule

DETAIL: Detail redacted as it may contain sensitive data. Specify 'Include Error Detail' in the connection string to include this information.
===========>     (SEVERE)   DB.ExecuteQuery: [56] => 0A000: cannot alter type of a column used by a view or rule

DETAIL: Detail redacted as it may contain sensitive data. Specify 'Include Error Detail' in the connection string to include this information.
----------->     (WARNING)  DB.ExecuteQuery: [56]DBExecuteError - 0A000: cannot alter type of a column used by a view or rule

DETAIL: Detail redacted as it may contain sensitive data. Specify 'Include Error Detail' in the connection string to include this information.
===========>     (SEVERE)   DB.ExecuteQuery: [56] => 0A000: cannot alter type of a column used by a view or rule

DETAIL: Detail redacted as it may contain sensitive data. Specify 'Include Error Detail' in the connection string to include this information.
----------->     (WARNING)  DB.ExecuteQuery: [56]DBExecuteError - 0A000: cannot alter type of a column used by a view or rule

DETAIL: Detail redacted as it may contain sensitive data. Specify 'Include Error Detail' in the connection string to include this information.
===========>     (SEVERE)   DB.ExecuteQuery: [56] => 0A000: cannot alter type of a column used by a view or rule

DETAIL: Detail redacted as it may contain sensitive data. Specify 'Include Error Detail' in the connection string to include this information.
----------->     (WARNING)  DB.ExecuteQuery: [56]DBExecuteError - 0A000: cannot alter type of a column used by a view or rule

DETAIL: Detail redacted as it may contain sensitive data. Specify 'Include Error Detail' in the connection string to include this information.
===========>     (SEVERE)   DB.ExecuteQuery: [56] => 0A000: cannot alter type of a column used by a view or rule

DETAIL: Detail redacted as it may contain sensitive data. Specify 'Include Error Detail' in the connection string to include this information.
----------->     (WARNING)  DB.ExecuteQuery: [56]DBExecuteError - 0A000: cannot alter type of a column used by a view or rule

DETAIL: Detail redacted as it may contain sensitive data. Specify 'Include Error Detail' in the connection string to include this information.
===========>     (SEVERE)   DB.ExecuteQuery: [56] => 42703: column "y" does not exist

POSITION: 33
----------->     (WARNING)  DB.ExecuteQuery: [56]DBExecuteError - 42703: column "y" does not exist

POSITION: 33
===========>     (SEVERE)   DB.ExecuteQuery: [56] => 0A000: cannot alter type of a column used by a view or rule

DETAIL: Detail redacted as it may contain sensitive data. Specify 'Include Error Detail' in the connection string to include this information.
----------->     (WARNING)  DB.ExecuteQuery: [56]DBExecuteError - 0A000: cannot alter type of a column used by a view or rule

DETAIL: Detail redacted as it may contain sensitive data. Specify 'Include Error Detail' in the connection string to include this information.
===========>     (SEVERE)   DB.ExecuteQuery: [56] => 42703: column "y" does not exist

POSITION: 31
----------->     (WARNING)  DB.ExecuteQuery: [56]DBExecuteError - 42703: column "y" does not exist

POSITION: 31
===========>     (SEVERE)   DB.ExecuteQuery: [56] => 42601: syntax error at or near "=@"

POSITION: 36
----------->     (WARNING)  DB.ExecuteQuery: [56]DBExecuteError - 42601: syntax error at or near "=@"

POSITION: 36
===========>     (SEVERE)   DB.ExecuteQuery: [56] => 0A000: cannot alter type of a column used by a view or rule

DETAIL: Detail redacted as it may contain sensitive data. Specify 'Include Error Detail' in the connection string to include this information.
----------->     (WARNING)  DB.ExecuteQuery: [56]DBExecuteError - 0A000: cannot alter type of a column used by a view or rule

DETAIL: Detail redacted as it may contain sensitive data. Specify 'Include Error Detail' in the connection string to include this information.
===========>     (SEVERE)   DB.ExecuteQuery: [56] => 0A000: cannot alter type of a column used by a view or rule

DETAIL: Detail redacted as it may contain sensitive data. Specify 'Include Error Detail' in the connection string to include this information.
----------->     (WARNING)  DB.ExecuteQuery: [56]DBExecuteError - 0A000: cannot alter type of a column used by a view or rule

DETAIL: Detail redacted as it may contain sensitive data. Specify 'Include Error Detail' in the connection string to include this information.
===========>     (SEVERE)   DB.ExecuteQuery: [56] => 42601: syntax error at or near "=@#"

POSITION: 34
----------->     (WARNING)  DB.ExecuteQuery: [56]DBExecuteError - 42601: syntax error at or near "=@#"

POSITION: 34
===========>     (SEVERE)   DB.ExecuteQuery: [56] => 0A000: cannot alter type of a column used by a view or rule

DETAIL: Detail redacted as it may contain sensitive data. Specify 'Include Error Detail' in the connection string to include this information.
----------->     (WARNING)  DB.ExecuteQuery: [56]DBExecuteError - 0A000: cannot alter type of a column used by a view or rule

DETAIL: Detail redacted as it may contain sensitive data. Specify 'Include Error Detail' in the connection string to include this information.
===========>     (SEVERE)   DB.ExecuteQuery: [56] => 42601: syntax error at or near "=@#"

POSITION: 29
----------->     (WARNING)  DB.ExecuteQuery: [56]DBExecuteError - 42601: syntax error at or near "=@#"

POSITION: 29
===========>     (SEVERE)   DB.ExecuteQuery: [56] => 0A000: cannot alter type of a column used by a view or rule

DETAIL: Detail redacted as it may contain sensitive data. Specify 'Include Error Detail' in the connection string to include this information.
----------->     (WARNING)  DB.ExecuteQuery: [56]DBExecuteError - 0A000: cannot alter type of a column used by a view or rule

DETAIL: Detail redacted as it may contain sensitive data. Specify 'Include Error Detail' in the connection string to include this information.
===========>     (SEVERE)   DB.ExecuteQuery: [56] => 42601: syntax error at or near "=@#"

POSITION: 40
----------->     (WARNING)  DB.ExecuteQuery: [56]DBExecuteError - 42601: syntax error at or near "=@#"

POSITION: 40
===========>     (SEVERE)   DB.ExecuteQuery: [56] => 42703: column "y" does not exist

POSITION: 36
----------->     (WARNING)  DB.ExecuteQuery: [56]DBExecuteError - 42703: column "y" does not exist

POSITION: 36
===========>     (SEVERE)   DB.ExecuteQuery: [56] => 0A000: cannot alter type of a column used by a view or rule

DETAIL: Detail redacted as it may contain sensitive data. Specify 'Include Error Detail' in the connection string to include this information.
----------->     (WARNING)  DB.ExecuteQuery: [56]DBExecuteError - 0A000: cannot alter type of a column used by a view or rule

DETAIL: Detail redacted as it may contain sensitive data. Specify 'Include Error Detail' in the connection string to include this information.
===========>     (SEVERE)   DB.ExecuteQuery: [56] => 42703: column "y" does not exist

POSITION: 33
----------->     (WARNING)  DB.ExecuteQuery: [56]DBExecuteError - 42703: column "y" does not exist

POSITION: 33
===========>     (SEVERE)   DB.ExecuteQuery: [56] => 0A000: cannot alter type of a column used by a view or rule

DETAIL: Detail redacted as it may contain sensitive data. Specify 'Include Error Detail' in the connection string to include this information.
----------->     (WARNING)  DB.ExecuteQuery: [56]DBExecuteError - 0A000: cannot alter type of a column used by a view or rule

DETAIL: Detail redacted as it may contain sensitive data. Specify 'Include Error Detail' in the connection string to include this information.
===========>     (SEVERE)   DB.ExecuteQuery: [56] => 42703: column "y" does not exist

POSITION: 29
----------->     (WARNING)  DB.ExecuteQuery: [56]DBExecuteError - 42703: column "y" does not exist

POSITION: 29
===========>     (SEVERE)   DB.ExecuteQuery: [56] => 0A000: cannot alter type of a column used by a view or rule

DETAIL: Detail redacted as it may contain sensitive data. Specify 'Include Error Detail' in the connection string to include this information.
----------->     (WARNING)  DB.ExecuteQuery: [56]DBExecuteError - 0A000: cannot alter type of a column used by a view or rule

DETAIL: Detail redacted as it may contain sensitive data. Specify 'Include Error Detail' in the connection string to include this information.
===========>     (SEVERE)   DB.ExecuteQuery: [56] => 0A000: cannot alter type of a column used by a view or rule

DETAIL: Detail redacted as it may contain sensitive data. Specify 'Include Error Detail' in the connection string to include this information.
----------->     (WARNING)  DB.ExecuteQuery: [56]DBExecuteError - 0A000: cannot alter type of a column used by a view or rule

DETAIL: Detail redacted as it may contain sensitive data. Specify 'Include Error Detail' in the connection string to include this information.
===========>     (SEVERE)   DB.ExecuteQuery: [56] => 42601: syntax error at or near "=@#"

POSITION: 32
----------->     (WARNING)  DB.ExecuteQuery: [56]DBExecuteError - 42601: syntax error at or near "=@#"

POSITION: 32
===========>     (SEVERE)   DB.ExecuteQuery: [56] => 0A000: cannot alter type of a column used by a view or rule

DETAIL: Detail redacted as it may contain sensitive data. Specify 'Include Error Detail' in the connection string to include this information.
----------->     (WARNING)  DB.ExecuteQuery: [56]DBExecuteError - 0A000: cannot alter type of a column used by a view or rule

DETAIL: Detail redacted as it may contain sensitive data. Specify 'Include Error Detail' in the connection string to include this information.
===========>     (SEVERE)   DB.ExecuteQuery: [56] => 0A000: cannot alter type of a column used by a view or rule

DETAIL: Detail redacted as it may contain sensitive data. Specify 'Include Error Detail' in the connection string to include this information.
----------->     (WARNING)  DB.ExecuteQuery: [56]DBExecuteError - 0A000: cannot alter type of a column used by a view or rule

DETAIL: Detail redacted as it may contain sensitive data. Specify 'Include Error Detail' in the connection string to include this information.
===========>     (SEVERE)   DB.ExecuteQuery: [56] => 0A000: cannot alter type of a column used by a view or rule

DETAIL: Detail redacted as it may contain sensitive data. Specify 'Include Error Detail' in the connection string to include this information.
----------->     (WARNING)  DB.ExecuteQuery: [56]DBExecuteError - 0A000: cannot alter type of a column used by a view or rule

DETAIL: Detail redacted as it may contain sensitive data. Specify 'Include Error Detail' in the connection string to include this information.
===========>     (SEVERE)   DB.ExecuteQuery: [56] => 0A000: cannot alter type of a column used by a view or rule

DETAIL: Detail redacted as it may contain sensitive data. Specify 'Include Error Detail' in the connection string to include this information.
----------->     (WARNING)  DB.ExecuteQuery: [56]DBExecuteError - 0A000: cannot alter type of a column used by a view or rule

DETAIL: Detail redacted as it may contain sensitive data. Specify 'Include Error Detail' in the connection string to include this information.
===========>     (SEVERE)   DB.ExecuteQuery: [56] => 42601: syntax error at or near "=@#"

POSITION: 33
----------->     (WARNING)  DB.ExecuteQuery: [56]DBExecuteError - 42601: syntax error at or near "=@#"

POSITION: 33
===========>     (SEVERE)   DB.ExecuteQuery: [56] => 0A000: cannot alter type of a column used by a view or rule

DETAIL: Detail redacted as it may contain sensitive data. Specify 'Include Error Detail' in the connection string to include this information.
----------->     (WARNING)  DB.ExecuteQuery: [56]DBExecuteError - 0A000: cannot alter type of a column used by a view or rule

DETAIL: Detail redacted as it may contain sensitive data. Specify 'Include Error Detail' in the connection string to include this information.
===========>     (SEVERE)   DB.ExecuteQuery: [56] => 0A000: cannot alter type of a column used by a view or rule

DETAIL: Detail redacted as it may contain sensitive data. Specify 'Include Error Detail' in the connection string to include this information.
----------->     (WARNING)  DB.ExecuteQuery: [56]DBExecuteError - 0A000: cannot alter type of a column used by a view or rule

DETAIL: Detail redacted as it may contain sensitive data. Specify 'Include Error Detail' in the connection string to include this information.
===========>     (SEVERE)   DB.ExecuteQuery: [56] => 42703: column "y" does not exist

POSITION: 32
----------->     (WARNING)  DB.ExecuteQuery: [56]DBExecuteError - 42703: column "y" does not exist

POSITION: 32
===========>     (SEVERE)   DB.ExecuteQuery: [56] => 0A000: cannot alter type of a column used by a view or rule

DETAIL: Detail redacted as it may contain sensitive data. Specify 'Include Error Detail' in the connection string to include this information.
----------->     (WARNING)  DB.ExecuteQuery: [56]DBExecuteError - 0A000: cannot alter type of a column used by a view or rule

DETAIL: Detail redacted as it may contain sensitive data. Specify 'Include Error Detail' in the connection string to include this information.
===========>     (SEVERE)   DB.ExecuteQuery: [56] => 0A000: cannot alter type of a column used by a view or rule

DETAIL: Detail redacted as it may contain sensitive data. Specify 'Include Error Detail' in the connection string to include this information.
----------->     (WARNING)  DB.ExecuteQuery: [56]DBExecuteError - 0A000: cannot alter type of a column used by a view or rule

DETAIL: Detail redacted as it may contain sensitive data. Specify 'Include Error Detail' in the connection string to include this information.
===========>     (SEVERE)   DB.ExecuteQuery: [56] => 42703: column "y" does not exist

POSITION: 33
----------->     (WARNING)  DB.ExecuteQuery: [56]DBExecuteError - 42703: column "y" does not exist

POSITION: 33
===========>     (SEVERE)   DB.ExecuteQuery: [56] => 0A000: cannot alter type of a column used by a view or rule

DETAIL: Detail redacted as it may contain sensitive data. Specify 'Include Error Detail' in the connection string to include this information.
----------->     (WARNING)  DB.ExecuteQuery: [56]DBExecuteError - 0A000: cannot alter type of a column used by a view or rule

DETAIL: Detail redacted as it may contain sensitive data. Specify 'Include Error Detail' in the connection string to include this information.
===========>     (SEVERE)   DB.ExecuteQuery: [56] => 42703: column "y" does not exist

POSITION: 40
----------->     (WARNING)  DB.ExecuteQuery: [56]DBExecuteError - 42703: column "y" does not exist

POSITION: 40
===========>     (SEVERE)   DB.ExecuteQuery: [56] => 0A000: cannot alter type of a column used by a view or rule

DETAIL: Detail redacted as it may contain sensitive data. Specify 'Include Error Detail' in the connection string to include this information.
----------->     (WARNING)  DB.ExecuteQuery: [56]DBExecuteError - 0A000: cannot alter type of a column used by a view or rule

DETAIL: Detail redacted as it may contain sensitive data. Specify 'Include Error Detail' in the connection string to include this information.
===========>     (SEVERE)   DB.ExecuteQuery: [56] => 42601: syntax error at or near "=@#"

POSITION: 36
----------->     (WARNING)  DB.ExecuteQuery: [56]DBExecuteError - 42601: syntax error at or near "=@#"

POSITION: 36
===========>     (SEVERE)   DB.ExecuteQuery: [56] => 0A000: cannot alter type of a column used by a view or rule

DETAIL: Detail redacted as it may contain sensitive data. Specify 'Include Error Detail' in the connection string to include this information.
----------->     (WARNING)  DB.ExecuteQuery: [56]DBExecuteError - 0A000: cannot alter type of a column used by a view or rule

DETAIL: Detail redacted as it may contain sensitive data. Specify 'Include Error Detail' in the connection string to include this information.
===========>     (SEVERE)   DB.ExecuteQuery: [56] => 42601: syntax error at or near "=@#"

POSITION: 33
----------->     (WARNING)  DB.ExecuteQuery: [56]DBExecuteError - 42601: syntax error at or near "=@#"

POSITION: 33
===========>     (SEVERE)   DB.ExecuteQuery: [56] => 0A000: cannot alter type of a column used by a view or rule

DETAIL: Detail redacted as it may contain sensitive data. Specify 'Include Error Detail' in the connection string to include this information.
----------->     (WARNING)  DB.ExecuteQuery: [56]DBExecuteError - 0A000: cannot alter type of a column used by a view or rule

DETAIL: Detail redacted as it may contain sensitive data. Specify 'Include Error Detail' in the connection string to include this information.
===========>     (SEVERE)   DB.ExecuteQuery: [56] => 0A000: cannot alter type of a column used by a view or rule

DETAIL: Detail redacted as it may contain sensitive data. Specify 'Include Error Detail' in the connection string to include this information.
----------->     (WARNING)  DB.ExecuteQuery: [56]DBExecuteError - 0A000: cannot alter type of a column used by a view or rule

DETAIL: Detail redacted as it may contain sensitive data. Specify 'Include Error Detail' in the connection string to include this information.
===========>     (SEVERE)   DB.ExecuteQuery: [56] => 0A000: cannot alter type of a column used by a view or rule

DETAIL: Detail redacted as it may contain sensitive data. Specify 'Include Error Detail' in the connection string to include this information.
----------->     (WARNING)  DB.ExecuteQuery: [56]DBExecuteError - 0A000: cannot alter type of a column used by a view or rule

DETAIL: Detail redacted as it may contain sensitive data. Specify 'Include Error Detail' in the connection string to include this information.
===========>     (SEVERE)   DB.ExecuteQuery: [56] => 0A000: cannot alter type of a column used by a view or rule

DETAIL: Detail redacted as it may contain sensitive data. Specify 'Include Error Detail' in the connection string to include this information.
----------->     (WARNING)  DB.ExecuteQuery: [56]DBExecuteError - 0A000: cannot alter type of a column used by a view or rule

DETAIL: Detail redacted as it may contain sensitive data. Specify 'Include Error Detail' in the connection string to include this information.
===========>     (SEVERE)   DB.ExecuteQuery: [56] => 42703: column "n" does not exist

POSITION: 36
----------->     (WARNING)  DB.ExecuteQuery: [56]DBExecuteError - 42703: column "n" does not exist

POSITION: 36
===========>     (SEVERE)   DB.ExecuteQuery: [56] => 0A000: cannot alter type of a column used by a view or rule

DETAIL: Detail redacted as it may contain sensitive data. Specify 'Include Error Detail' in the connection string to include this information.
----------->     (WARNING)  DB.ExecuteQuery: [56]DBExecuteError - 0A000: cannot alter type of a column used by a view or rule

DETAIL: Detail redacted as it may contain sensitive data. Specify 'Include Error Detail' in the connection string to include this information.
===========>     (SEVERE)   DB.ExecuteQuery: [56] => 0A000: cannot alter type of a column used by a view or rule

DETAIL: Detail redacted as it may contain sensitive data. Specify 'Include Error Detail' in the connection string to include this information.
----------->     (WARNING)  DB.ExecuteQuery: [56]DBExecuteError - 0A000: cannot alter type of a column used by a view or rule

DETAIL: Detail redacted as it may contain sensitive data. Specify 'Include Error Detail' in the connection string to include this information.
===========>     (SEVERE)   DB.ExecuteQuery: [56] => 0A000: cannot alter type of a column used by a view or rule

DETAIL: Detail redacted as it may contain sensitive data. Specify 'Include Error Detail' in the connection string to include this information.
----------->     (WARNING)  DB.ExecuteQuery: [56]DBExecuteError - 0A000: cannot alter type of a column used by a view or rule

DETAIL: Detail redacted as it may contain sensitive data. Specify 'Include Error Detail' in the connection string to include this information.
===========>     (SEVERE)   DB.ExecuteQuery: [56] => 0A000: cannot alter type of a column used by a view or rule

DETAIL: Detail redacted as it may contain sensitive data. Specify 'Include Error Detail' in the connection string to include this information.
----------->     (WARNING)  DB.ExecuteQuery: [56]DBExecuteError - 0A000: cannot alter type of a column used by a view or rule

DETAIL: Detail redacted as it may contain sensitive data. Specify 'Include Error Detail' in the connection string to include this information.
===========>     (SEVERE)   DB.ExecuteQuery: [56] => 0A000: cannot alter type of a column used by a view or rule

DETAIL: Detail redacted as it may contain sensitive data. Specify 'Include Error Detail' in the connection string to include this information.
----------->     (WARNING)  DB.ExecuteQuery: [56]DBExecuteError - 0A000: cannot alter type of a column used by a view or rule

DETAIL: Detail redacted as it may contain sensitive data. Specify 'Include Error Detail' in the connection string to include this information.
===========>     (SEVERE)   DB.ExecuteQuery: [56] => 0A000: cannot alter type of a column used by a view or rule

DETAIL: Detail redacted as it may contain sensitive data. Specify 'Include Error Detail' in the connection string to include this information.
----------->     (WARNING)  DB.ExecuteQuery: [56]DBExecuteError - 0A000: cannot alter type of a column used by a view or rule

DETAIL: Detail redacted as it may contain sensitive data. Specify 'Include Error Detail' in the connection string to include this information.
===========>     (SEVERE)   DB.ExecuteQuery: [56] => 0A000: cannot alter type of a column used by a view or rule

DETAIL: Detail redacted as it may contain sensitive data. Specify 'Include Error Detail' in the connection string to include this information.
----------->     (WARNING)  DB.ExecuteQuery: [56]DBExecuteError - 0A000: cannot alter type of a column used by a view or rule

DETAIL: Detail redacted as it may contain sensitive data. Specify 'Include Error Detail' in the connection string to include this information.
===========>     (SEVERE)   DB.ExecuteQuery: [56] => 0A000: cannot alter type of a column used by a view or rule

DETAIL: Detail redacted as it may contain sensitive data. Specify 'Include Error Detail' in the connection string to include this information.
----------->     (WARNING)  DB.ExecuteQuery: [56]DBExecuteError - 0A000: cannot alter type of a column used by a view or rule

DETAIL: Detail redacted as it may contain sensitive data. Specify 'Include Error Detail' in the connection string to include this information.
===========>     (SEVERE)   DB.ExecuteQuery: [56] => 42703: column "s" does not exist

POSITION: 32
----------->     (WARNING)  DB.ExecuteQuery: [56]DBExecuteError - 42703: column "s" does not exist

POSITION: 32
----------->     (WARNING)  MColumn.GetSQLDefaultValue: [56]Get sql default: @SQL=SELECT NVL(MAX(Line),0)+10 AS DefaultValue FROM M_MovementLine WHERE M_Movement_ID=@M_Movement_ID@
===========>     (SEVERE)   DB.ExecuteQuery: [56] => 0A000: cannot alter type of a column used by a view or rule

DETAIL: Detail redacted as it may contain sensitive data. Specify 'Include Error Detail' in the connection string to include this information.
----------->     (WARNING)  DB.ExecuteQuery: [56]DBExecuteError - 0A000: cannot alter type of a column used by a view or rule

DETAIL: Detail redacted as it may contain sensitive data. Specify 'Include Error Detail' in the connection string to include this information.
===========>     (SEVERE)   DB.ExecuteQuery: [56] => 42601: syntax error at or near "=@"

POSITION: 31
----------->     (WARNING)  DB.ExecuteQuery: [56]DBExecuteError - 42601: syntax error at or near "=@"

POSITION: 31
===========>     (SEVERE)   DB.ExecuteQuery: [56] => 0A000: cannot alter type of a column used by a view or rule

DETAIL: Detail redacted as it may contain sensitive data. Specify 'Include Error Detail' in the connection string to include this information.
----------->     (WARNING)  DB.ExecuteQuery: [56]DBExecuteError - 0A000: cannot alter type of a column used by a view or rule

DETAIL: Detail redacted as it may contain sensitive data. Specify 'Include Error Detail' in the connection string to include this information.
===========>     (SEVERE)   DB.ExecuteQuery: [56] => 0A000: cannot alter type of a column used by a view or rule

DETAIL: Detail redacted as it may contain sensitive data. Specify 'Include Error Detail' in the connection string to include this information.
----------->     (WARNING)  DB.ExecuteQuery: [56]DBExecuteError - 0A000: cannot alter type of a column used by a view or rule

DETAIL: Detail redacted as it may contain sensitive data. Specify 'Include Error Detail' in the connection string to include this information.
===========>     (SEVERE)   DB.ExecuteQuery: [56] => 42703: column "n" does not exist

POSITION: 46
----------->     (WARNING)  DB.ExecuteQuery: [56]DBExecuteError - 42703: column "n" does not exist

POSITION: 46
===========>     (SEVERE)   DB.ExecuteQuery: [56] => 0A000: cannot alter type of a column used by a view or rule

DETAIL: Detail redacted as it may contain sensitive data. Specify 'Include Error Detail' in the connection string to include this information.
----------->     (WARNING)  DB.ExecuteQuery: [56]DBExecuteError - 0A000: cannot alter type of a column used by a view or rule

DETAIL: Detail redacted as it may contain sensitive data. Specify 'Include Error Detail' in the connection string to include this information.
===========>     (SEVERE)   DB.ExecuteQuery: [56] => 0A000: cannot alter type of a column used by a view or rule

DETAIL: Detail redacted as it may contain sensitive data. Specify 'Include Error Detail' in the connection string to include this information.
----------->     (WARNING)  DB.ExecuteQuery: [56]DBExecuteError - 0A000: cannot alter type of a column used by a view or rule

DETAIL: Detail redacted as it may contain sensitive data. Specify 'Include Error Detail' in the connection string to include this information.
===========>     (SEVERE)   DB.ExecuteQuery: [56] => 0A000: cannot alter type of a column used by a view or rule

DETAIL: Detail redacted as it may contain sensitive data. Specify 'Include Error Detail' in the connection string to include this information.
----------->     (WARNING)  DB.ExecuteQuery: [56]DBExecuteError - 0A000: cannot alter type of a column used by a view or rule

DETAIL: Detail redacted as it may contain sensitive data. Specify 'Include Error Detail' in the connection string to include this information.
===========>     (SEVERE)   DB.ExecuteQuery: [56] => 42703: column "co" does not exist

POSITION: 33
----------->     (WARNING)  DB.ExecuteQuery: [56]DBExecuteError - 42703: column "co" does not exist

POSITION: 33
===========>     (SEVERE)   DB.ExecuteQuery: [56] => 0A000: cannot alter type of a column used by a view or rule

DETAIL: Detail redacted as it may contain sensitive data. Specify 'Include Error Detail' in the connection string to include this information.
----------->     (WARNING)  DB.ExecuteQuery: [56]DBExecuteError - 0A000: cannot alter type of a column used by a view or rule

DETAIL: Detail redacted as it may contain sensitive data. Specify 'Include Error Detail' in the connection string to include this information.
===========>     (SEVERE)   DB.ExecuteQuery: [56] => 0A000: cannot alter type of a column used by a view or rule

DETAIL: Detail redacted as it may contain sensitive data. Specify 'Include Error Detail' in the connection string to include this information.
----------->     (WARNING)  DB.ExecuteQuery: [56]DBExecuteError - 0A000: cannot alter type of a column used by a view or rule

DETAIL: Detail redacted as it may contain sensitive data. Specify 'Include Error Detail' in the connection string to include this information.
===========>     (SEVERE)   DB.ExecuteQuery: [56] => 0A000: cannot alter type of a column used by a view or rule

DETAIL: Detail redacted as it may contain sensitive data. Specify 'Include Error Detail' in the connection string to include this information.
----------->     (WARNING)  DB.ExecuteQuery: [56]DBExecuteError - 0A000: cannot alter type of a column used by a view or rule

DETAIL: Detail redacted as it may contain sensitive data. Specify 'Include Error Detail' in the connection string to include this information.
===========>     (SEVERE)   DB.ExecuteQuery: [56] => 42703: column "co" does not exist

POSITION: 34
----------->     (WARNING)  DB.ExecuteQuery: [56]DBExecuteError - 42703: column "co" does not exist

POSITION: 34
===========>     (SEVERE)   DB.ExecuteQuery: [56] => 0A000: cannot alter type of a column used by a view or rule

DETAIL: Detail redacted as it may contain sensitive data. Specify 'Include Error Detail' in the connection string to include this information.
----------->     (WARNING)  DB.ExecuteQuery: [56]DBExecuteError - 0A000: cannot alter type of a column used by a view or rule

DETAIL: Detail redacted as it may contain sensitive data. Specify 'Include Error Detail' in the connection string to include this information.
===========>     (SEVERE)   DB.ExecuteQuery: [56] => 42703: column "dr" does not exist

POSITION: 34
----------->     (WARNING)  DB.ExecuteQuery: [56]DBExecuteError - 42703: column "dr" does not exist

POSITION: 34
===========>     (SEVERE)   DB.ExecuteQuery: [56] => 0A000: cannot alter type of a column used by a view or rule

DETAIL: Detail redacted as it may contain sensitive data. Specify 'Include Error Detail' in the connection string to include this information.
----------->     (WARNING)  DB.ExecuteQuery: [56]DBExecuteError - 0A000: cannot alter type of a column used by a view or rule

DETAIL: Detail redacted as it may contain sensitive data. Specify 'Include Error Detail' in the connection string to include this information.
===========>     (SEVERE)   DB.ExecuteQuery: [56] => 42601: syntax error at or near "=@#"

POSITION: 35
----------->     (WARNING)  DB.ExecuteQuery: [56]DBExecuteError - 42601: syntax error at or near "=@#"

POSITION: 35
===========>     (SEVERE)   DB.ExecuteQuery: [56] => 0A000: cannot alter type of a column used by a view or rule

DETAIL: Detail redacted as it may contain sensitive data. Specify 'Include Error Detail' in the connection string to include this information.
----------->     (WARNING)  DB.ExecuteQuery: [56]DBExecuteError - 0A000: cannot alter type of a column used by a view or rule

DETAIL: Detail redacted as it may contain sensitive data. Specify 'Include Error Detail' in the connection string to include this information.
===========>     (SEVERE)   DB.ExecuteQuery: [56] => 42703: column "y" does not exist

POSITION: 45
----------->     (WARNING)  DB.ExecuteQuery: [56]DBExecuteError - 42703: column "y" does not exist

POSITION: 45
===========>     (SEVERE)   DB.ExecuteQuery: [56] => 0A000: cannot alter type of a column used by a view or rule

DETAIL: Detail redacted as it may contain sensitive data. Specify 'Include Error Detail' in the connection string to include this information.
----------->     (WARNING)  DB.ExecuteQuery: [56]DBExecuteError - 0A000: cannot alter type of a column used by a view or rule

DETAIL: Detail redacted as it may contain sensitive data. Specify 'Include Error Detail' in the connection string to include this information.
===========>     (SEVERE)   DB.ExecuteQuery: [56] => 0A000: cannot alter type of a column used by a view or rule

DETAIL: Detail redacted as it may contain sensitive data. Specify 'Include Error Detail' in the connection string to include this information.
----------->     (WARNING)  DB.ExecuteQuery: [56]DBExecuteError - 0A000: cannot alter type of a column used by a view or rule

DETAIL: Detail redacted as it may contain sensitive data. Specify 'Include Error Detail' in the connection string to include this information.
===========>     (SEVERE)   DB.ExecuteQuery: [56] => 0A000: cannot alter type of a column used by a view or rule

DETAIL: Detail redacted as it may contain sensitive data. Specify 'Include Error Detail' in the connection string to include this information.
----------->     (WARNING)  DB.ExecuteQuery: [56]DBExecuteError - 0A000: cannot alter type of a column used by a view or rule

DETAIL: Detail redacted as it may contain sensitive data. Specify 'Include Error Detail' in the connection string to include this information.
===========>     (SEVERE)   DB.ExecuteQuery: [56] => 0A000: cannot alter type of a column used by a view or rule

DETAIL: Detail redacted as it may contain sensitive data. Specify 'Include Error Detail' in the connection string to include this information.
----------->     (WARNING)  DB.ExecuteQuery: [56]DBExecuteError - 0A000: cannot alter type of a column used by a view or rule

DETAIL: Detail redacted as it may contain sensitive data. Specify 'Include Error Detail' in the connection string to include this information.
===========>     (SEVERE)   DB.ExecuteQuery: [56] => 0A000: cannot alter type of a column used by a view or rule

DETAIL: Detail redacted as it may contain sensitive data. Specify 'Include Error Detail' in the connection string to include this information.
----------->     (WARNING)  DB.ExecuteQuery: [56]DBExecuteError - 0A000: cannot alter type of a column used by a view or rule

DETAIL: Detail redacted as it may contain sensitive data. Specify 'Include Error Detail' in the connection string to include this information.
===========>     (SEVERE)   DB.ExecuteQuery: [56] => 0A000: cannot alter type of a column used by a view or rule

DETAIL: Detail redacted as it may contain sensitive data. Specify 'Include Error Detail' in the connection string to include this information.
----------->     (WARNING)  DB.ExecuteQuery: [56]DBExecuteError - 0A000: cannot alter type of a column used by a view or rule

DETAIL: Detail redacted as it may contain sensitive data. Specify 'Include Error Detail' in the connection string to include this information.
===========>     (SEVERE)   DB.ExecuteQuery: [56] => 42703: column "co" does not exist

POSITION: 36
----------->     (WARNING)  DB.ExecuteQuery: [56]DBExecuteError - 42703: column "co" does not exist

POSITION: 36
===========>     (SEVERE)   DB.ExecuteQuery: [56] => 0A000: cannot alter type of a column used by a view or rule

DETAIL: Detail redacted as it may contain sensitive data. Specify 'Include Error Detail' in the connection string to include this information.
----------->     (WARNING)  DB.ExecuteQuery: [56]DBExecuteError - 0A000: cannot alter type of a column used by a view or rule

DETAIL: Detail redacted as it may contain sensitive data. Specify 'Include Error Detail' in the connection string to include this information.
===========>     (SEVERE)   DB.ExecuteQuery: [56] => 42703: column "y" does not exist

POSITION: 39
----------->     (WARNING)  DB.ExecuteQuery: [56]DBExecuteError - 42703: column "y" does not exist

POSITION: 39
===========>     (SEVERE)   DB.ExecuteQuery: [56] => 0A000: cannot alter type of a column used by a view or rule

DETAIL: Detail redacted as it may contain sensitive data. Specify 'Include Error Detail' in the connection string to include this information.
----------->     (WARNING)  DB.ExecuteQuery: [56]DBExecuteError - 0A000: cannot alter type of a column used by a view or rule

DETAIL: Detail redacted as it may contain sensitive data. Specify 'Include Error Detail' in the connection string to include this information.
===========>     (SEVERE)   DB.ExecuteQuery: [56] => 0A000: cannot alter type of a column used by a view or rule

DETAIL: Detail redacted as it may contain sensitive data. Specify 'Include Error Detail' in the connection string to include this information.
----------->     (WARNING)  DB.ExecuteQuery: [56]DBExecuteError - 0A000: cannot alter type of a column used by a view or rule

DETAIL: Detail redacted as it may contain sensitive data. Specify 'Include Error Detail' in the connection string to include this information.
===========>     (SEVERE)   DB.ExecuteQuery: [56] => 0A000: cannot alter type of a column used by a view or rule

DETAIL: Detail redacted as it may contain sensitive data. Specify 'Include Error Detail' in the connection string to include this information.
----------->     (WARNING)  DB.ExecuteQuery: [56]DBExecuteError - 0A000: cannot alter type of a column used by a view or rule

DETAIL: Detail redacted as it may contain sensitive data. Specify 'Include Error Detail' in the connection string to include this information.
===========>     (SEVERE)   DB.ExecuteQuery: [56] => 0A000: cannot alter type of a column used by a view or rule

DETAIL: Detail redacted as it may contain sensitive data. Specify 'Include Error Detail' in the connection string to include this information.
----------->     (WARNING)  DB.ExecuteQuery: [56]DBExecuteError - 0A000: cannot alter type of a column used by a view or rule

DETAIL: Detail redacted as it may contain sensitive data. Specify 'Include Error Detail' in the connection string to include this information.
===========>     (SEVERE)   DB.ExecuteQuery: [56] => 0A000: cannot alter type of a column used by a view or rule

DETAIL: Detail redacted as it may contain sensitive data. Specify 'Include Error Detail' in the connection string to include this information.
----------->     (WARNING)  DB.ExecuteQuery: [56]DBExecuteError - 0A000: cannot alter type of a column used by a view or rule

DETAIL: Detail redacted as it may contain sensitive data. Specify 'Include Error Detail' in the connection string to include this information.
===========>     (SEVERE)   DB.ExecuteQuery: [56] => 0A000: cannot alter type of a column used by a view or rule

DETAIL: Detail redacted as it may contain sensitive data. Specify 'Include Error Detail' in the connection string to include this information.
----------->     (WARNING)  DB.ExecuteQuery: [56]DBExecuteError - 0A000: cannot alter type of a column used by a view or rule

DETAIL: Detail redacted as it may contain sensitive data. Specify 'Include Error Detail' in the connection string to include this information.
===========>     (SEVERE)   DB.ExecuteQuery: [56] => 0A000: cannot alter type of a column used by a view or rule

DETAIL: Detail redacted as it may contain sensitive data. Specify 'Include Error Detail' in the connection string to include this information.
----------->     (WARNING)  DB.ExecuteQuery: [56]DBExecuteError - 0A000: cannot alter type of a column used by a view or rule

DETAIL: Detail redacted as it may contain sensitive data. Specify 'Include Error Detail' in the connection string to include this information.
===========>     (SEVERE)   DB.ExecuteQuery: [56] => 0A000: cannot alter type of a column used by a view or rule

DETAIL: Detail redacted as it may contain sensitive data. Specify 'Include Error Detail' in the connection string to include this information.
----------->     (WARNING)  DB.ExecuteQuery: [56]DBExecuteError - 0A000: cannot alter type of a column used by a view or rule

DETAIL: Detail redacted as it may contain sensitive data. Specify 'Include Error Detail' in the connection string to include this information.
===========>     (SEVERE)   DB.ExecuteQuery: [56] => 0A000: cannot alter type of a column used by a view or rule

DETAIL: Detail redacted as it may contain sensitive data. Specify 'Include Error Detail' in the connection string to include this information.
----------->     (WARNING)  DB.ExecuteQuery: [56]DBExecuteError - 0A000: cannot alter type of a column used by a view or rule

DETAIL: Detail redacted as it may contain sensitive data. Specify 'Include Error Detail' in the connection string to include this information.
===========>     (SEVERE)   DB.ExecuteQuery: [56] => 0A000: cannot alter type of a column used by a view or rule

DETAIL: Detail redacted as it may contain sensitive data. Specify 'Include Error Detail' in the connection string to include this information.
----------->     (WARNING)  DB.ExecuteQuery: [56]DBExecuteError - 0A000: cannot alter type of a column used by a view or rule

DETAIL: Detail redacted as it may contain sensitive data. Specify 'Include Error Detail' in the connection string to include this information.
===========>     (SEVERE)   DB.ExecuteQuery: [56] => 0A000: cannot alter type of a column used by a view or rule

DETAIL: Detail redacted as it may contain sensitive data. Specify 'Include Error Detail' in the connection string to include this information.
----------->     (WARNING)  DB.ExecuteQuery: [56]DBExecuteError - 0A000: cannot alter type of a column used by a view or rule

DETAIL: Detail redacted as it may contain sensitive data. Specify 'Include Error Detail' in the connection string to include this information.
===========>     (SEVERE)   DB.ExecuteQuery: [56] => 0A000: cannot alter type of a column used by a view or rule

DETAIL: Detail redacted as it may contain sensitive data. Specify 'Include Error Detail' in the connection string to include this information.
----------->     (WARNING)  DB.ExecuteQuery: [56]DBExecuteError - 0A000: cannot alter type of a column used by a view or rule

DETAIL: Detail redacted as it may contain sensitive data. Specify 'Include Error Detail' in the connection string to include this information.
===========>     (SEVERE)   DB.ExecuteQuery: [56] => 42703: column "n" does not exist

POSITION: 32
----------->     (WARNING)  DB.ExecuteQuery: [56]DBExecuteError - 42703: column "n" does not exist

POSITION: 32
===========>     (SEVERE)   DB.ExecuteQuery: [56] => 0A000: cannot alter type of a column used by a view or rule

DETAIL: Detail redacted as it may contain sensitive data. Specify 'Include Error Detail' in the connection string to include this information.
----------->     (WARNING)  DB.ExecuteQuery: [56]DBExecuteError - 0A000: cannot alter type of a column used by a view or rule

DETAIL: Detail redacted as it may contain sensitive data. Specify 'Include Error Detail' in the connection string to include this information.
===========>     (SEVERE)   DB.ExecuteQuery: [56] => 0A000: cannot alter type of a column used by a view or rule

DETAIL: Detail redacted as it may contain sensitive data. Specify 'Include Error Detail' in the connection string to include this information.
----------->     (WARNING)  DB.ExecuteQuery: [56]DBExecuteError - 0A000: cannot alter type of a column used by a view or rule

DETAIL: Detail redacted as it may contain sensitive data. Specify 'Include Error Detail' in the connection string to include this information.
===========>     (SEVERE)   DB.ExecuteQuery: [56] => 0A000: cannot alter type of a column used by a view or rule

DETAIL: Detail redacted as it may contain sensitive data. Specify 'Include Error Detail' in the connection string to include this information.
----------->     (WARNING)  DB.ExecuteQuery: [56]DBExecuteError - 0A000: cannot alter type of a column used by a view or rule

DETAIL: Detail redacted as it may contain sensitive data. Specify 'Include Error Detail' in the connection string to include this information.
===========>     (SEVERE)   DB.ExecuteQuery: [56] => 42703: column "y" does not exist

POSITION: 38
----------->     (WARNING)  DB.ExecuteQuery: [56]DBExecuteError - 42703: column "y" does not exist

POSITION: 38
===========>     (SEVERE)   DB.ExecuteQuery: [56] => 0A000: cannot alter type of a column used by a view or rule

DETAIL: Detail redacted as it may contain sensitive data. Specify 'Include Error Detail' in the connection string to include this information.
----------->     (WARNING)  DB.ExecuteQuery: [56]DBExecuteError - 0A000: cannot alter type of a column used by a view or rule

DETAIL: Detail redacted as it may contain sensitive data. Specify 'Include Error Detail' in the connection string to include this information.
===========>     (SEVERE)   DB.ExecuteQuery: [56] => 0A000: cannot alter type of a column used by a view or rule

DETAIL: Detail redacted as it may contain sensitive data. Specify 'Include Error Detail' in the connection string to include this information.
----------->     (WARNING)  DB.ExecuteQuery: [56]DBExecuteError - 0A000: cannot alter type of a column used by a view or rule

DETAIL: Detail redacted as it may contain sensitive data. Specify 'Include Error Detail' in the connection string to include this information.
===========>     (SEVERE)   DB.ExecuteQuery: [56] => 42703: column "n" does not exist

POSITION: 38
----------->     (WARNING)  DB.ExecuteQuery: [56]DBExecuteError - 42703: column "n" does not exist

POSITION: 38
===========>     (SEVERE)   DB.ExecuteQuery: [56] => 0A000: cannot alter type of a column used by a view or rule

DETAIL: Detail redacted as it may contain sensitive data. Specify 'Include Error Detail' in the connection string to include this information.
----------->     (WARNING)  DB.ExecuteQuery: [56]DBExecuteError - 0A000: cannot alter type of a column used by a view or rule

DETAIL: Detail redacted as it may contain sensitive data. Specify 'Include Error Detail' in the connection string to include this information.
----------->     (WARNING)  MColumn.GetSQLDefaultValue: [56]Get sql default: @SQL=SELECT COALESCE(MAX(Line),0)+10 AS DefaultValue FROM M_RequisitionLine WHERE M_Requisition_ID=@M_Requisition_ID@
===========>     (SEVERE)   DB.ExecuteQuery: [56] => 0A000: cannot alter type of a column used by a view or rule

DETAIL: Detail redacted as it may contain sensitive data. Specify 'Include Error Detail' in the connection string to include this information.
----------->     (WARNING)  DB.ExecuteQuery: [56]DBExecuteError - 0A000: cannot alter type of a column used by a view or rule

DETAIL: Detail redacted as it may contain sensitive data. Specify 'Include Error Detail' in the connection string to include this information.
===========>     (SEVERE)   DB.ExecuteQuery: [56] => 42601: syntax error at or near "=@"

POSITION: 34
----------->     (WARNING)  DB.ExecuteQuery: [56]DBExecuteError - 42601: syntax error at or near "=@"

POSITION: 34
===========>     (SEVERE)   DB.ExecuteQuery: [56] => 0A000: cannot alter type of a column used by a view or rule

DETAIL: Detail redacted as it may contain sensitive data. Specify 'Include Error Detail' in the connection string to include this information.
----------->     (WARNING)  DB.ExecuteQuery: [56]DBExecuteError - 0A000: cannot alter type of a column used by a view or rule

DETAIL: Detail redacted as it may contain sensitive data. Specify 'Include Error Detail' in the connection string to include this information.
===========>     (SEVERE)   DB.ExecuteQuery: [56] => 0A000: cannot alter type of a column used by a view or rule

DETAIL: Detail redacted as it may contain sensitive data. Specify 'Include Error Detail' in the connection string to include this information.
----------->     (WARNING)  DB.ExecuteQuery: [56]DBExecuteError - 0A000: cannot alter type of a column used by a view or rule

DETAIL: Detail redacted as it may contain sensitive data. Specify 'Include Error Detail' in the connection string to include this information.
===========>     (SEVERE)   DB.ExecuteQuery: [56] => 0A000: cannot alter type of a column used by a view or rule

DETAIL: Detail redacted as it may contain sensitive data. Specify 'Include Error Detail' in the connection string to include this information.
----------->     (WARNING)  DB.ExecuteQuery: [56]DBExecuteError - 0A000: cannot alter type of a column used by a view or rule

DETAIL: Detail redacted as it may contain sensitive data. Specify 'Include Error Detail' in the connection string to include this information.
===========>     (SEVERE)   DB.ExecuteQuery: [56] => 0A000: cannot alter type of a column used by a view or rule

DETAIL: Detail redacted as it may contain sensitive data. Specify 'Include Error Detail' in the connection string to include this information.
----------->     (WARNING)  DB.ExecuteQuery: [56]DBExecuteError - 0A000: cannot alter type of a column used by a view or rule

DETAIL: Detail redacted as it may contain sensitive data. Specify 'Include Error Detail' in the connection string to include this information.
===========>     (SEVERE)   DB.ExecuteQuery: [56] => 0A000: cannot alter type of a column used by a view or rule

DETAIL: Detail redacted as it may contain sensitive data. Specify 'Include Error Detail' in the connection string to include this information.
----------->     (WARNING)  DB.ExecuteQuery: [56]DBExecuteError - 0A000: cannot alter type of a column used by a view or rule

DETAIL: Detail redacted as it may contain sensitive data. Specify 'Include Error Detail' in the connection string to include this information.
===========>     (SEVERE)   DB.ExecuteQuery: [56] => 0A000: cannot alter type of a column used by a view or rule

DETAIL: Detail redacted as it may contain sensitive data. Specify 'Include Error Detail' in the connection string to include this information.
----------->     (WARNING)  DB.ExecuteQuery: [56]DBExecuteError - 0A000: cannot alter type of a column used by a view or rule

DETAIL: Detail redacted as it may contain sensitive data. Specify 'Include Error Detail' in the connection string to include this information.
===========>     (SEVERE)   DB.ExecuteQuery: [56] => 42703: column "d" does not exist

POSITION: 42
----------->     (WARNING)  DB.ExecuteQuery: [56]DBExecuteError - 42703: column "d" does not exist

POSITION: 42
===========>     (SEVERE)   DB.ExecuteQuery: [56] => 0A000: cannot alter type of a column used by a view or rule

DETAIL: Detail redacted as it may contain sensitive data. Specify 'Include Error Detail' in the connection string to include this information.
----------->     (WARNING)  DB.ExecuteQuery: [56]DBExecuteError - 0A000: cannot alter type of a column used by a view or rule

DETAIL: Detail redacted as it may contain sensitive data. Specify 'Include Error Detail' in the connection string to include this information.
===========>     (SEVERE)   DB.ExecuteQuery: [56] => 0A000: cannot alter type of a column used by a view or rule

DETAIL: Detail redacted as it may contain sensitive data. Specify 'Include Error Detail' in the connection string to include this information.
----------->     (WARNING)  DB.ExecuteQuery: [56]DBExecuteError - 0A000: cannot alter type of a column used by a view or rule

DETAIL: Detail redacted as it may contain sensitive data. Specify 'Include Error Detail' in the connection string to include this information.
===========>     (SEVERE)   DB.ExecuteQuery: [56] => 42601: syntax error at or near "=@"

POSITION: 33
----------->     (WARNING)  DB.ExecuteQuery: [56]DBExecuteError - 42601: syntax error at or near "=@"

POSITION: 33
===========>     (SEVERE)   DB.ExecuteQuery: [56] => 0A000: cannot alter type of a column used by a view or rule

DETAIL: Detail redacted as it may contain sensitive data. Specify 'Include Error Detail' in the connection string to include this information.
----------->     (WARNING)  DB.ExecuteQuery: [56]DBExecuteError - 0A000: cannot alter type of a column used by a view or rule

DETAIL: Detail redacted as it may contain sensitive data. Specify 'Include Error Detail' in the connection string to include this information.
===========>     (SEVERE)   DB.ExecuteQuery: [56] => 42703: column "i" does not exist

POSITION: 36
----------->     (WARNING)  DB.ExecuteQuery: [56]DBExecuteError - 42703: column "i" does not exist

POSITION: 36
===========>     (SEVERE)   DB.ExecuteQuery: [56] => 0A000: cannot alter type of a column used by a view or rule

DETAIL: Detail redacted as it may contain sensitive data. Specify 'Include Error Detail' in the connection string to include this information.
----------->     (WARNING)  DB.ExecuteQuery: [56]DBExecuteError - 0A000: cannot alter type of a column used by a view or rule

DETAIL: Detail redacted as it may contain sensitive data. Specify 'Include Error Detail' in the connection string to include this information.
===========>     (SEVERE)   DB.ExecuteQuery: [56] => 0A000: cannot alter type of a column used by a view or rule

DETAIL: Detail redacted as it may contain sensitive data. Specify 'Include Error Detail' in the connection string to include this information.
----------->     (WARNING)  DB.ExecuteQuery: [56]DBExecuteError - 0A000: cannot alter type of a column used by a view or rule

DETAIL: Detail redacted as it may contain sensitive data. Specify 'Include Error Detail' in the connection string to include this information.
===========>     (SEVERE)   DB.ExecuteQuery: [56] => 0A000: cannot alter type of a column used by a view or rule

DETAIL: Detail redacted as it may contain sensitive data. Specify 'Include Error Detail' in the connection string to include this information.
----------->     (WARNING)  DB.ExecuteQuery: [56]DBExecuteError - 0A000: cannot alter type of a column used by a view or rule

DETAIL: Detail redacted as it may contain sensitive data. Specify 'Include Error Detail' in the connection string to include this information.
===========>     (SEVERE)   DB.ExecuteQuery: [56] => 0A000: cannot alter type of a column used by a view or rule

DETAIL: Detail redacted as it may contain sensitive data. Specify 'Include Error Detail' in the connection string to include this information.
----------->     (WARNING)  DB.ExecuteQuery: [56]DBExecuteError - 0A000: cannot alter type of a column used by a view or rule

DETAIL: Detail redacted as it may contain sensitive data. Specify 'Include Error Detail' in the connection string to include this information.
===========>     (SEVERE)   DB.ExecuteQuery: [56] => 0A000: cannot alter type of a column used by a view or rule

DETAIL: Detail redacted as it may contain sensitive data. Specify 'Include Error Detail' in the connection string to include this information.
----------->     (WARNING)  DB.ExecuteQuery: [56]DBExecuteError - 0A000: cannot alter type of a column used by a view or rule

DETAIL: Detail redacted as it may contain sensitive data. Specify 'Include Error Detail' in the connection string to include this information.
===========>     (SEVERE)   DB.ExecuteQuery: [56] => 42703: column "y" does not exist

POSITION: 36
----------->     (WARNING)  DB.ExecuteQuery: [56]DBExecuteError - 42703: column "y" does not exist

POSITION: 36
===========>     (SEVERE)   DB.ExecuteQuery: [56] => 0A000: cannot alter type of a column used by a view or rule

DETAIL: Detail redacted as it may contain sensitive data. Specify 'Include Error Detail' in the connection string to include this information.
----------->     (WARNING)  DB.ExecuteQuery: [56]DBExecuteError - 0A000: cannot alter type of a column used by a view or rule

DETAIL: Detail redacted as it may contain sensitive data. Specify 'Include Error Detail' in the connection string to include this information.
===========>     (SEVERE)   DB.ExecuteQuery: [56] => 0A000: cannot alter type of a column used by a view or rule

DETAIL: Detail redacted as it may contain sensitive data. Specify 'Include Error Detail' in the connection string to include this information.
----------->     (WARNING)  DB.ExecuteQuery: [56]DBExecuteError - 0A000: cannot alter type of a column used by a view or rule

DETAIL: Detail redacted as it may contain sensitive data. Specify 'Include Error Detail' in the connection string to include this information.
===========>     (SEVERE)   DB.ExecuteQuery: [56] => 0A000: cannot alter type of a column used by a view or rule

DETAIL: Detail redacted as it may contain sensitive data. Specify 'Include Error Detail' in the connection string to include this information.
----------->     (WARNING)  DB.ExecuteQuery: [56]DBExecuteError - 0A000: cannot alter type of a column used by a view or rule

DETAIL: Detail redacted as it may contain sensitive data. Specify 'Include Error Detail' in the connection string to include this information.
===========>     (SEVERE)   DB.ExecuteQuery: [56] => 0A000: cannot alter type of a column used by a view or rule

DETAIL: Detail redacted as it may contain sensitive data. Specify 'Include Error Detail' in the connection string to include this information.
----------->     (WARNING)  DB.ExecuteQuery: [56]DBExecuteError - 0A000: cannot alter type of a column used by a view or rule

DETAIL: Detail redacted as it may contain sensitive data. Specify 'Include Error Detail' in the connection string to include this information.
===========>     (SEVERE)   DB.ExecuteQuery: [56] => 0A000: cannot alter type of a column used by a view or rule

DETAIL: Detail redacted as it may contain sensitive data. Specify 'Include Error Detail' in the connection string to include this information.
----------->     (WARNING)  DB.ExecuteQuery: [56]DBExecuteError - 0A000: cannot alter type of a column used by a view or rule

DETAIL: Detail redacted as it may contain sensitive data. Specify 'Include Error Detail' in the connection string to include this information.
===========>     (SEVERE)   DB.ExecuteQuery: [56] => 0A000: cannot alter type of a column used by a view or rule

DETAIL: Detail redacted as it may contain sensitive data. Specify 'Include Error Detail' in the connection string to include this information.
----------->     (WARNING)  DB.ExecuteQuery: [56]DBExecuteError - 0A000: cannot alter type of a column used by a view or rule

DETAIL: Detail redacted as it may contain sensitive data. Specify 'Include Error Detail' in the connection string to include this information.
===========>     (SEVERE)   DB.ExecuteQuery: [56] => 0A000: cannot alter type of a column used by a view or rule

DETAIL: Detail redacted as it may contain sensitive data. Specify 'Include Error Detail' in the connection string to include this information.
----------->     (WARNING)  DB.ExecuteQuery: [56]DBExecuteError - 0A000: cannot alter type of a column used by a view or rule

DETAIL: Detail redacted as it may contain sensitive data. Specify 'Include Error Detail' in the connection string to include this information.
===========>     (SEVERE)   DB.ExecuteQuery: [56] => 0A000: cannot alter type of a column used by a view or rule

DETAIL: Detail redacted as it may contain sensitive data. Specify 'Include Error Detail' in the connection string to include this information.
----------->     (WARNING)  DB.ExecuteQuery: [56]DBExecuteError - 0A000: cannot alter type of a column used by a view or rule

DETAIL: Detail redacted as it may contain sensitive data. Specify 'Include Error Detail' in the connection string to include this information.
===========>     (SEVERE)   DB.ExecuteQuery: [56] => 42703: column "dr" does not exist

POSITION: 33
----------->     (WARNING)  DB.ExecuteQuery: [56]DBExecuteError - 42703: column "dr" does not exist

POSITION: 33
===========>     (SEVERE)   DB.ExecuteQuery: [56] => 0A000: cannot alter type of a column used by a view or rule

DETAIL: Detail redacted as it may contain sensitive data. Specify 'Include Error Detail' in the connection string to include this information.
----------->     (WARNING)  DB.ExecuteQuery: [56]DBExecuteError - 0A000: cannot alter type of a column used by a view or rule

DETAIL: Detail redacted as it may contain sensitive data. Specify 'Include Error Detail' in the connection string to include this information.
===========>     (SEVERE)   DB.ExecuteQuery: [56] => 0A000: cannot alter type of a column used by a view or rule

DETAIL: Detail redacted as it may contain sensitive data. Specify 'Include Error Detail' in the connection string to include this information.
----------->     (WARNING)  DB.ExecuteQuery: [56]DBExecuteError - 0A000: cannot alter type of a column used by a view or rule

DETAIL: Detail redacted as it may contain sensitive data. Specify 'Include Error Detail' in the connection string to include this information.
===========>     (SEVERE)   DB.ExecuteQuery: [56] => 0A000: cannot alter type of a column used by a view or rule

DETAIL: Detail redacted as it may contain sensitive data. Specify 'Include Error Detail' in the connection string to include this information.
----------->     (WARNING)  DB.ExecuteQuery: [56]DBExecuteError - 0A000: cannot alter type of a column used by a view or rule

DETAIL: Detail redacted as it may contain sensitive data. Specify 'Include Error Detail' in the connection string to include this information.
===========>     (SEVERE)   DB.ExecuteQuery: [56] => 0A000: cannot alter type of a column used by a view or rule

DETAIL: Detail redacted as it may contain sensitive data. Specify 'Include Error Detail' in the connection string to include this information.
----------->     (WARNING)  DB.ExecuteQuery: [56]DBExecuteError - 0A000: cannot alter type of a column used by a view or rule

DETAIL: Detail redacted as it may contain sensitive data. Specify 'Include Error Detail' in the connection string to include this information.
===========>     (SEVERE)   DB.ExecuteQuery: [56] => 42601: syntax error at or near "=@#"

POSITION: 38
----------->     (WARNING)  DB.ExecuteQuery: [56]DBExecuteError - 42601: syntax error at or near "=@#"

POSITION: 38
===========>     (SEVERE)   DB.ExecuteQuery: [56] => 42703: column "f" does not exist

POSITION: 40
----------->     (WARNING)  DB.ExecuteQuery: [56]DBExecuteError - 42703: column "f" does not exist

POSITION: 40
===========>     (SEVERE)   DB.ExecuteQuery: [56] => 0A000: cannot alter type of a column used by a view or rule

DETAIL: Detail redacted as it may contain sensitive data. Specify 'Include Error Detail' in the connection string to include this information.
----------->     (WARNING)  DB.ExecuteQuery: [56]DBExecuteError - 0A000: cannot alter type of a column used by a view or rule

DETAIL: Detail redacted as it may contain sensitive data. Specify 'Include Error Detail' in the connection string to include this information.
===========>     (SEVERE)   DB.ExecuteQuery: [56] => 42703: column "y" does not exist

POSITION: 35
----------->     (WARNING)  DB.ExecuteQuery: [56]DBExecuteError - 42703: column "y" does not exist

POSITION: 35
===========>     (SEVERE)   DB.ExecuteQuery: [56] => 0A000: cannot alter type of a column used by a view or rule

DETAIL: Detail redacted as it may contain sensitive data. Specify 'Include Error Detail' in the connection string to include this information.
----------->     (WARNING)  DB.ExecuteQuery: [56]DBExecuteError - 0A000: cannot alter type of a column used by a view or rule

DETAIL: Detail redacted as it may contain sensitive data. Specify 'Include Error Detail' in the connection string to include this information.
===========>     (SEVERE)   DB.ExecuteQuery: [56] => 42703: column "n" does not exist

POSITION: 36
----------->     (WARNING)  DB.ExecuteQuery: [56]DBExecuteError - 42703: column "n" does not exist

POSITION: 36
===========>     (SEVERE)   DB.ExecuteQuery: [56] => 0A000: cannot alter type of a column used by a view or rule

DETAIL: Detail redacted as it may contain sensitive data. Specify 'Include Error Detail' in the connection string to include this information.
----------->     (WARNING)  DB.ExecuteQuery: [56]DBExecuteError - 0A000: cannot alter type of a column used by a view or rule

DETAIL: Detail redacted as it may contain sensitive data. Specify 'Include Error Detail' in the connection string to include this information.
===========>     (SEVERE)   DB.ExecuteQuery: [56] => 0A000: cannot alter type of a column used by a view or rule

DETAIL: Detail redacted as it may contain sensitive data. Specify 'Include Error Detail' in the connection string to include this information.
----------->     (WARNING)  DB.ExecuteQuery: [56]DBExecuteError - 0A000: cannot alter type of a column used by a view or rule

DETAIL: Detail redacted as it may contain sensitive data. Specify 'Include Error Detail' in the connection string to include this information.
===========>     (SEVERE)   DB.ExecuteQuery: [56] => 42601: syntax error at or near "=@"

POSITION: 42
----------->     (WARNING)  DB.ExecuteQuery: [56]DBExecuteError - 42601: syntax error at or near "=@"

POSITION: 42
===========>     (SEVERE)   DB.ExecuteQuery: [56] => 0A000: cannot alter type of a column used by a view or rule

DETAIL: Detail redacted as it may contain sensitive data. Specify 'Include Error Detail' in the connection string to include this information.
----------->     (WARNING)  DB.ExecuteQuery: [56]DBExecuteError - 0A000: cannot alter type of a column used by a view or rule

DETAIL: Detail redacted as it may contain sensitive data. Specify 'Include Error Detail' in the connection string to include this information.
===========>     (SEVERE)   DB.ExecuteQuery: [56] => 0A000: cannot alter type of a column used by a view or rule

DETAIL: Detail redacted as it may contain sensitive data. Specify 'Include Error Detail' in the connection string to include this information.
----------->     (WARNING)  DB.ExecuteQuery: [56]DBExecuteError - 0A000: cannot alter type of a column used by a view or rule

DETAIL: Detail redacted as it may contain sensitive data. Specify 'Include Error Detail' in the connection string to include this information.
===========>     (SEVERE)   DB.ExecuteQuery: [56] => 42703: column "n" does not exist

POSITION: 34
----------->     (WARNING)  DB.ExecuteQuery: [56]DBExecuteError - 42703: column "n" does not exist

POSITION: 34
===========>     (SEVERE)   DB.ExecuteQuery: [56] => 42703: column "n" does not exist

POSITION: 38
----------->     (WARNING)  DB.ExecuteQuery: [56]DBExecuteError - 42703: column "n" does not exist

POSITION: 38
===========>     (SEVERE)   DB.ExecuteQuery: [56] => 0A000: cannot alter type of a column used by a view or rule

DETAIL: Detail redacted as it may contain sensitive data. Specify 'Include Error Detail' in the connection string to include this information.
----------->     (WARNING)  DB.ExecuteQuery: [56]DBExecuteError - 0A000: cannot alter type of a column used by a view or rule

DETAIL: Detail redacted as it may contain sensitive data. Specify 'Include Error Detail' in the connection string to include this information.
===========>     (SEVERE)   DB.ExecuteQuery: [56] => 0A000: cannot alter type of a column used by a view or rule

DETAIL: Detail redacted as it may contain sensitive data. Specify 'Include Error Detail' in the connection string to include this information.
----------->     (WARNING)  DB.ExecuteQuery: [56]DBExecuteError - 0A000: cannot alter type of a column used by a view or rule

DETAIL: Detail redacted as it may contain sensitive data. Specify 'Include Error Detail' in the connection string to include this information.
===========>     (SEVERE)   DB.ExecuteQuery: [56] => 42703: column "y" does not exist

POSITION: 35
----------->     (WARNING)  DB.ExecuteQuery: [56]DBExecuteError - 42703: column "y" does not exist

POSITION: 35
===========>     (SEVERE)   DB.ExecuteQuery: [56] => 0A000: cannot alter type of a column used by a view or rule

DETAIL: Detail redacted as it may contain sensitive data. Specify 'Include Error Detail' in the connection string to include this information.
----------->     (WARNING)  DB.ExecuteQuery: [56]DBExecuteError - 0A000: cannot alter type of a column used by a view or rule

DETAIL: Detail redacted as it may contain sensitive data. Specify 'Include Error Detail' in the connection string to include this information.
===========>     (SEVERE)   DB.ExecuteQuery: [56] => 42703: column "y" does not exist

POSITION: 31
----------->     (WARNING)  DB.ExecuteQuery: [56]DBExecuteError - 42703: column "y" does not exist

POSITION: 31
===========>     (SEVERE)   DB.ExecuteQuery: [56] => 0A000: cannot alter type of a column used by a view or rule

DETAIL: Detail redacted as it may contain sensitive data. Specify 'Include Error Detail' in the connection string to include this information.
----------->     (WARNING)  DB.ExecuteQuery: [56]DBExecuteError - 0A000: cannot alter type of a column used by a view or rule

DETAIL: Detail redacted as it may contain sensitive data. Specify 'Include Error Detail' in the connection string to include this information.
===========>     (SEVERE)   DB.ExecuteQuery: [56] => 0A000: cannot alter type of a column used by a view or rule

DETAIL: Detail redacted as it may contain sensitive data. Specify 'Include Error Detail' in the connection string to include this information.
----------->     (WARNING)  DB.ExecuteQuery: [56]DBExecuteError - 0A000: cannot alter type of a column used by a view or rule

DETAIL: Detail redacted as it may contain sensitive data. Specify 'Include Error Detail' in the connection string to include this information.
===========>     (SEVERE)   DB.ExecuteQuery: [56] => 0A000: cannot alter type of a column used by a view or rule

DETAIL: Detail redacted as it may contain sensitive data. Specify 'Include Error Detail' in the connection string to include this information.
----------->     (WARNING)  DB.ExecuteQuery: [56]DBExecuteError - 0A000: cannot alter type of a column used by a view or rule

DETAIL: Detail redacted as it may contain sensitive data. Specify 'Include Error Detail' in the connection string to include this information.
===========>     (SEVERE)   DB.ExecuteQuery: [56] => 0A000: cannot alter type of a column used by a view or rule

DETAIL: Detail redacted as it may contain sensitive data. Specify 'Include Error Detail' in the connection string to include this information.
----------->     (WARNING)  DB.ExecuteQuery: [56]DBExecuteError - 0A000: cannot alter type of a column used by a view or rule

DETAIL: Detail redacted as it may contain sensitive data. Specify 'Include Error Detail' in the connection string to include this information.
===========>     (SEVERE)   DB.ExecuteQuery: [56] => 0A000: cannot alter type of a column used by a view or rule

DETAIL: Detail redacted as it may contain sensitive data. Specify 'Include Error Detail' in the connection string to include this information.
----------->     (WARNING)  DB.ExecuteQuery: [56]DBExecuteError - 0A000: cannot alter type of a column used by a view or rule

DETAIL: Detail redacted as it may contain sensitive data. Specify 'Include Error Detail' in the connection string to include this information.
===========>     (SEVERE)   DB.ExecuteQuery: [56] => 42703: column "n" does not exist

POSITION: 35
----------->     (WARNING)  DB.ExecuteQuery: [56]DBExecuteError - 42703: column "n" does not exist

POSITION: 35
===========>     (SEVERE)   DB.ExecuteQuery: [56] => 0A000: cannot alter type of a column used by a view or rule

DETAIL: Detail redacted as it may contain sensitive data. Specify 'Include Error Detail' in the connection string to include this information.
----------->     (WARNING)  DB.ExecuteQuery: [56]DBExecuteError - 0A000: cannot alter type of a column used by a view or rule

DETAIL: Detail redacted as it may contain sensitive data. Specify 'Include Error Detail' in the connection string to include this information.
===========>     (SEVERE)   DB.ExecuteQuery: [56] => 0A000: cannot alter type of a column used by a view or rule

DETAIL: Detail redacted as it may contain sensitive data. Specify 'Include Error Detail' in the connection string to include this information.
----------->     (WARNING)  DB.ExecuteQuery: [56]DBExecuteError - 0A000: cannot alter type of a column used by a view or rule

DETAIL: Detail redacted as it may contain sensitive data. Specify 'Include Error Detail' in the connection string to include this information.
===========>     (SEVERE)   DB.ExecuteQuery: [56] => 0A000: cannot alter type of a column used by a view or rule

DETAIL: Detail redacted as it may contain sensitive data. Specify 'Include Error Detail' in the connection string to include this information.
----------->     (WARNING)  DB.ExecuteQuery: [56]DBExecuteError - 0A000: cannot alter type of a column used by a view or rule

DETAIL: Detail redacted as it may contain sensitive data. Specify 'Include Error Detail' in the connection string to include this information.
===========>     (SEVERE)   DB.ExecuteQuery: [56] => 0A000: cannot alter type of a column used by a view or rule

DETAIL: Detail redacted as it may contain sensitive data. Specify 'Include Error Detail' in the connection string to include this information.
----------->     (WARNING)  DB.ExecuteQuery: [56]DBExecuteError - 0A000: cannot alter type of a column used by a view or rule

DETAIL: Detail redacted as it may contain sensitive data. Specify 'Include Error Detail' in the connection string to include this information.
===========>     (SEVERE)   DB.ExecuteQuery: [56] => 0A000: cannot alter type of a column used by a view or rule

DETAIL: Detail redacted as it may contain sensitive data. Specify 'Include Error Detail' in the connection string to include this information.
----------->     (WARNING)  DB.ExecuteQuery: [56]DBExecuteError - 0A000: cannot alter type of a column used by a view or rule

DETAIL: Detail redacted as it may contain sensitive data. Specify 'Include Error Detail' in the connection string to include this information.
===========>     (SEVERE)   DB.ExecuteQuery: [56] => 0A000: cannot alter type of a column used by a view or rule

DETAIL: Detail redacted as it may contain sensitive data. Specify 'Include Error Detail' in the connection string to include this information.
----------->     (WARNING)  DB.ExecuteQuery: [56]DBExecuteError - 0A000: cannot alter type of a column used by a view or rule

DETAIL: Detail redacted as it may contain sensitive data. Specify 'Include Error Detail' in the connection string to include this information.
===========>     (SEVERE)   DB.ExecuteQuery: [56] => 0A000: cannot alter type of a column used by a view or rule

DETAIL: Detail redacted as it may contain sensitive data. Specify 'Include Error Detail' in the connection string to include this information.
----------->     (WARNING)  DB.ExecuteQuery: [56]DBExecuteError - 0A000: cannot alter type of a column used by a view or rule

DETAIL: Detail redacted as it may contain sensitive data. Specify 'Include Error Detail' in the connection string to include this information.
===========>     (SEVERE)   DB.ExecuteQuery: [56] => 0A000: cannot alter type of a column used by a view or rule

DETAIL: Detail redacted as it may contain sensitive data. Specify 'Include Error Detail' in the connection string to include this information.
----------->     (WARNING)  DB.ExecuteQuery: [56]DBExecuteError - 0A000: cannot alter type of a column used by a view or rule

DETAIL: Detail redacted as it may contain sensitive data. Specify 'Include Error Detail' in the connection string to include this information.
===========>     (SEVERE)   DB.ExecuteQuery: [56] => 0A000: cannot alter type of a column used by a view or rule

DETAIL: Detail redacted as it may contain sensitive data. Specify 'Include Error Detail' in the connection string to include this information.
----------->     (WARNING)  DB.ExecuteQuery: [56]DBExecuteError - 0A000: cannot alter type of a column used by a view or rule

DETAIL: Detail redacted as it may contain sensitive data. Specify 'Include Error Detail' in the connection string to include this information.
===========>     (SEVERE)   DB.ExecuteQuery: [56] => 42601: syntax error at or near "=@#"

POSITION: 32
----------->     (WARNING)  DB.ExecuteQuery: [56]DBExecuteError - 42601: syntax error at or near "=@#"

POSITION: 32
===========>     (SEVERE)   DB.ExecuteQuery: [56] => 0A000: cannot alter type of a column used by a view or rule

DETAIL: Detail redacted as it may contain sensitive data. Specify 'Include Error Detail' in the connection string to include this information.
----------->     (WARNING)  DB.ExecuteQuery: [56]DBExecuteError - 0A000: cannot alter type of a column used by a view or rule

DETAIL: Detail redacted as it may contain sensitive data. Specify 'Include Error Detail' in the connection string to include this information.
===========>     (SEVERE)   DB.ExecuteQuery: [56] => 0A000: cannot alter type of a column used by a view or rule

DETAIL: Detail redacted as it may contain sensitive data. Specify 'Include Error Detail' in the connection string to include this information.
----------->     (WARNING)  DB.ExecuteQuery: [56]DBExecuteError - 0A000: cannot alter type of a column used by a view or rule

DETAIL: Detail redacted as it may contain sensitive data. Specify 'Include Error Detail' in the connection string to include this information.
===========>     (SEVERE)   DB.ExecuteQuery: [56] => 42703: column "n" does not exist

POSITION: 33
----------->     (WARNING)  DB.ExecuteQuery: [56]DBExecuteError - 42703: column "n" does not exist

POSITION: 33
===========>     (SEVERE)   DB.ExecuteQuery: [56] => 0A000: cannot alter type of a column used by a view or rule

DETAIL: Detail redacted as it may contain sensitive data. Specify 'Include Error Detail' in the connection string to include this information.
----------->     (WARNING)  DB.ExecuteQuery: [56]DBExecuteError - 0A000: cannot alter type of a column used by a view or rule

DETAIL: Detail redacted as it may contain sensitive data. Specify 'Include Error Detail' in the connection string to include this information.
===========>     (SEVERE)   DB.ExecuteQuery: [56] => 42703: column "y" does not exist

POSITION: 34
----------->     (WARNING)  DB.ExecuteQuery: [56]DBExecuteError - 42703: column "y" does not exist

POSITION: 34
===========>     (SEVERE)   DB.ExecuteQuery: [56] => 0A000: cannot alter type of a column used by a view or rule

DETAIL: Detail redacted as it may contain sensitive data. Specify 'Include Error Detail' in the connection string to include this information.
----------->     (WARNING)  DB.ExecuteQuery: [56]DBExecuteError - 0A000: cannot alter type of a column used by a view or rule

DETAIL: Detail redacted as it may contain sensitive data. Specify 'Include Error Detail' in the connection string to include this information.
===========>     (SEVERE)   DB.ExecuteQuery: [56] => 0A000: cannot alter type of a column used by a view or rule

DETAIL: Detail redacted as it may contain sensitive data. Specify 'Include Error Detail' in the connection string to include this information.
----------->     (WARNING)  DB.ExecuteQuery: [56]DBExecuteError - 0A000: cannot alter type of a column used by a view or rule

DETAIL: Detail redacted as it may contain sensitive data. Specify 'Include Error Detail' in the connection string to include this information.
===========>     (SEVERE)   DB.ExecuteQuery: [56] => 0A000: cannot alter type of a column used by a view or rule

DETAIL: Detail redacted as it may contain sensitive data. Specify 'Include Error Detail' in the connection string to include this information.
----------->     (WARNING)  DB.ExecuteQuery: [56]DBExecuteError - 0A000: cannot alter type of a column used by a view or rule

DETAIL: Detail redacted as it may contain sensitive data. Specify 'Include Error Detail' in the connection string to include this information.
===========>     (SEVERE)   DB.ExecuteQuery: [56] => 0A000: cannot alter type of a column used by a view or rule

DETAIL: Detail redacted as it may contain sensitive data. Specify 'Include Error Detail' in the connection string to include this information.
----------->     (WARNING)  DB.ExecuteQuery: [56]DBExecuteError - 0A000: cannot alter type of a column used by a view or rule

DETAIL: Detail redacted as it may contain sensitive data. Specify 'Include Error Detail' in the connection string to include this information.
===========>     (SEVERE)   DB.ExecuteQuery: [56] => 42601: syntax error at or near "=@"

POSITION: 39
----------->     (WARNING)  DB.ExecuteQuery: [56]DBExecuteError - 42601: syntax error at or near "=@"

POSITION: 39
===========>     (SEVERE)   DB.ExecuteQuery: [56] => 0A000: cannot alter type of a column used by a view or rule

DETAIL: Detail redacted as it may contain sensitive data. Specify 'Include Error Detail' in the connection string to include this information.
----------->     (WARNING)  DB.ExecuteQuery: [56]DBExecuteError - 0A000: cannot alter type of a column used by a view or rule

DETAIL: Detail redacted as it may contain sensitive data. Specify 'Include Error Detail' in the connection string to include this information.
===========>     (SEVERE)   DB.ExecuteQuery: [56] => 42703: column "i" does not exist

POSITION: 34
----------->     (WARNING)  DB.ExecuteQuery: [56]DBExecuteError - 42703: column "i" does not exist

POSITION: 34
===========>     (SEVERE)   DB.ExecuteQuery: [56] => 0A000: cannot alter type of a column used by a view or rule

DETAIL: Detail redacted as it may contain sensitive data. Specify 'Include Error Detail' in the connection string to include this information.
----------->     (WARNING)  DB.ExecuteQuery: [56]DBExecuteError - 0A000: cannot alter type of a column used by a view or rule

DETAIL: Detail redacted as it may contain sensitive data. Specify 'Include Error Detail' in the connection string to include this information.
===========>     (SEVERE)   DB.ExecuteQuery: [56] => 42703: column "dr" does not exist

POSITION: 30
----------->     (WARNING)  DB.ExecuteQuery: [56]DBExecuteError - 42703: column "dr" does not exist

POSITION: 30
===========>     (SEVERE)   DB.ExecuteQuery: [56] => 0A000: cannot alter type of a column used by a view or rule

DETAIL: Detail redacted as it may contain sensitive data. Specify 'Include Error Detail' in the connection string to include this information.
----------->     (WARNING)  DB.ExecuteQuery: [56]DBExecuteError - 0A000: cannot alter type of a column used by a view or rule

DETAIL: Detail redacted as it may contain sensitive data. Specify 'Include Error Detail' in the connection string to include this information.
===========>     (SEVERE)   DB.ExecuteQuery: [56] => 0A000: cannot alter type of a column used by a view or rule

DETAIL: Detail redacted as it may contain sensitive data. Specify 'Include Error Detail' in the connection string to include this information.
----------->     (WARNING)  DB.ExecuteQuery: [56]DBExecuteError - 0A000: cannot alter type of a column used by a view or rule

DETAIL: Detail redacted as it may contain sensitive data. Specify 'Include Error Detail' in the connection string to include this information.
===========>     (SEVERE)   DB.ExecuteQuery: [56] => 0A000: cannot alter type of a column used by a view or rule

DETAIL: Detail redacted as it may contain sensitive data. Specify 'Include Error Detail' in the connection string to include this information.
----------->     (WARNING)  DB.ExecuteQuery: [56]DBExecuteError - 0A000: cannot alter type of a column used by a view or rule

DETAIL: Detail redacted as it may contain sensitive data. Specify 'Include Error Detail' in the connection string to include this information.
===========>     (SEVERE)   DB.ExecuteQuery: [56] => 42601: syntax error at or near "=@"

POSITION: 38
----------->     (WARNING)  DB.ExecuteQuery: [56]DBExecuteError - 42601: syntax error at or near "=@"

POSITION: 38
===========>     (SEVERE)   DB.ExecuteQuery: [56] => 0A000: cannot alter type of a column used by a view or rule

DETAIL: Detail redacted as it may contain sensitive data. Specify 'Include Error Detail' in the connection string to include this information.
----------->     (WARNING)  DB.ExecuteQuery: [56]DBExecuteError - 0A000: cannot alter type of a column used by a view or rule

DETAIL: Detail redacted as it may contain sensitive data. Specify 'Include Error Detail' in the connection string to include this information.
===========>     (SEVERE)   DB.ExecuteQuery: [56] => 0A000: cannot alter type of a column used by a view or rule

DETAIL: Detail redacted as it may contain sensitive data. Specify 'Include Error Detail' in the connection string to include this information.
----------->     (WARNING)  DB.ExecuteQuery: [56]DBExecuteError - 0A000: cannot alter type of a column used by a view or rule

DETAIL: Detail redacted as it may contain sensitive data. Specify 'Include Error Detail' in the connection string to include this information.
===========>     (SEVERE)   DB.ExecuteQuery: [56] => 0A000: cannot alter type of a column used by a view or rule

DETAIL: Detail redacted as it may contain sensitive data. Specify 'Include Error Detail' in the connection string to include this information.
----------->     (WARNING)  DB.ExecuteQuery: [56]DBExecuteError - 0A000: cannot alter type of a column used by a view or rule

DETAIL: Detail redacted as it may contain sensitive data. Specify 'Include Error Detail' in the connection string to include this information.
===========>     (SEVERE)   DB.ExecuteQuery: [56] => 42601: syntax error at or near "=@#"

POSITION: 33
----------->     (WARNING)  DB.ExecuteQuery: [56]DBExecuteError - 42601: syntax error at or near "=@#"

POSITION: 33
===========>     (SEVERE)   DB.ExecuteQuery: [56] => 0A000: cannot alter type of a column used by a view or rule

DETAIL: Detail redacted as it may contain sensitive data. Specify 'Include Error Detail' in the connection string to include this information.
----------->     (WARNING)  DB.ExecuteQuery: [56]DBExecuteError - 0A000: cannot alter type of a column used by a view or rule

DETAIL: Detail redacted as it may contain sensitive data. Specify 'Include Error Detail' in the connection string to include this information.
===========>     (SEVERE)   DB.ExecuteQuery: [56] => 0A000: cannot alter type of a column used by a view or rule

DETAIL: Detail redacted as it may contain sensitive data. Specify 'Include Error Detail' in the connection string to include this information.
----------->     (WARNING)  DB.ExecuteQuery: [56]DBExecuteError - 0A000: cannot alter type of a column used by a view or rule

DETAIL: Detail redacted as it may contain sensitive data. Specify 'Include Error Detail' in the connection string to include this information.
===========>     (SEVERE)   DB.ExecuteQuery: [56] => 0A000: cannot alter type of a column used by a view or rule

DETAIL: Detail redacted as it may contain sensitive data. Specify 'Include Error Detail' in the connection string to include this information.
----------->     (WARNING)  DB.ExecuteQuery: [56]DBExecuteError - 0A000: cannot alter type of a column used by a view or rule

DETAIL: Detail redacted as it may contain sensitive data. Specify 'Include Error Detail' in the connection string to include this information.
===========>     (SEVERE)   DB.ExecuteQuery: [56] => 0A000: cannot alter type of a column used by a view or rule

DETAIL: Detail redacted as it may contain sensitive data. Specify 'Include Error Detail' in the connection string to include this information.
----------->     (WARNING)  DB.ExecuteQuery: [56]DBExecuteError - 0A000: cannot alter type of a column used by a view or rule

DETAIL: Detail redacted as it may contain sensitive data. Specify 'Include Error Detail' in the connection string to include this information.
===========>     (SEVERE)   DB.ExecuteQuery: [56] => 42601: syntax error at or near "=@"

POSITION: 35
----------->     (WARNING)  DB.ExecuteQuery: [56]DBExecuteError - 42601: syntax error at or near "=@"

POSITION: 35
===========>     (SEVERE)   DB.ExecuteQuery: [56] => 0A000: cannot alter type of a column used by a view or rule

DETAIL: Detail redacted as it may contain sensitive data. Specify 'Include Error Detail' in the connection string to include this information.
----------->     (WARNING)  DB.ExecuteQuery: [56]DBExecuteError - 0A000: cannot alter type of a column used by a view or rule

DETAIL: Detail redacted as it may contain sensitive data. Specify 'Include Error Detail' in the connection string to include this information.
===========>     (SEVERE)   DB.ExecuteQuery: [56] => 0A000: cannot alter type of a column used by a view or rule

DETAIL: Detail redacted as it may contain sensitive data. Specify 'Include Error Detail' in the connection string to include this information.
----------->     (WARNING)  DB.ExecuteQuery: [56]DBExecuteError - 0A000: cannot alter type of a column used by a view or rule

DETAIL: Detail redacted as it may contain sensitive data. Specify 'Include Error Detail' in the connection string to include this information.
===========>     (SEVERE)   DB.ExecuteQuery: [56] => 0A000: cannot alter type of a column used by a view or rule

DETAIL: Detail redacted as it may contain sensitive data. Specify 'Include Error Detail' in the connection string to include this information.
----------->     (WARNING)  DB.ExecuteQuery: [56]DBExecuteError - 0A000: cannot alter type of a column used by a view or rule

DETAIL: Detail redacted as it may contain sensitive data. Specify 'Include Error Detail' in the connection string to include this information.
===========>     (SEVERE)   DB.ExecuteQuery: [56] => 0A000: cannot alter type of a column used by a view or rule

DETAIL: Detail redacted as it may contain sensitive data. Specify 'Include Error Detail' in the connection string to include this information.
----------->     (WARNING)  DB.ExecuteQuery: [56]DBExecuteError - 0A000: cannot alter type of a column used by a view or rule

DETAIL: Detail redacted as it may contain sensitive data. Specify 'Include Error Detail' in the connection string to include this information.
===========>     (SEVERE)   DB.ExecuteQuery: [56] => 0A000: cannot alter type of a column used by a view or rule

DETAIL: Detail redacted as it may contain sensitive data. Specify 'Include Error Detail' in the connection string to include this information.
----------->     (WARNING)  DB.ExecuteQuery: [56]DBExecuteError - 0A000: cannot alter type of a column used by a view or rule

DETAIL: Detail redacted as it may contain sensitive data. Specify 'Include Error Detail' in the connection string to include this information.
===========>     (SEVERE)   DB.ExecuteQuery: [56] => 0A000: cannot alter type of a column used by a view or rule

DETAIL: Detail redacted as it may contain sensitive data. Specify 'Include Error Detail' in the connection string to include this information.
----------->     (WARNING)  DB.ExecuteQuery: [56]DBExecuteError - 0A000: cannot alter type of a column used by a view or rule

DETAIL: Detail redacted as it may contain sensitive data. Specify 'Include Error Detail' in the connection string to include this information.
===========>     (SEVERE)   DB.ExecuteQuery: [56] => 0A000: cannot alter type of a column used by a view or rule

DETAIL: Detail redacted as it may contain sensitive data. Specify 'Include Error Detail' in the connection string to include this information.
----------->     (WARNING)  DB.ExecuteQuery: [56]DBExecuteError - 0A000: cannot alter type of a column used by a view or rule

DETAIL: Detail redacted as it may contain sensitive data. Specify 'Include Error Detail' in the connection string to include this information.
===========>     (SEVERE)   DB.ExecuteQuery: [56] => 0A000: cannot alter type of a column used by a view or rule

DETAIL: Detail redacted as it may contain sensitive data. Specify 'Include Error Detail' in the connection string to include this information.
----------->     (WARNING)  DB.ExecuteQuery: [56]DBExecuteError - 0A000: cannot alter type of a column used by a view or rule

DETAIL: Detail redacted as it may contain sensitive data. Specify 'Include Error Detail' in the connection string to include this information.
===========>     (SEVERE)   DB.ExecuteQuery: [56] => 0A000: cannot alter type of a column used by a view or rule

DETAIL: Detail redacted as it may contain sensitive data. Specify 'Include Error Detail' in the connection string to include this information.
----------->     (WARNING)  DB.ExecuteQuery: [56]DBExecuteError - 0A000: cannot alter type of a column used by a view or rule

DETAIL: Detail redacted as it may contain sensitive data. Specify 'Include Error Detail' in the connection string to include this information.
===========>     (SEVERE)   DB.ExecuteQuery: [56] => 0A000: cannot alter type of a column used by a view or rule

DETAIL: Detail redacted as it may contain sensitive data. Specify 'Include Error Detail' in the connection string to include this information.
----------->     (WARNING)  DB.ExecuteQuery: [56]DBExecuteError - 0A000: cannot alter type of a column used by a view or rule

DETAIL: Detail redacted as it may contain sensitive data. Specify 'Include Error Detail' in the connection string to include this information.
===========>     (SEVERE)   DB.ExecuteQuery: [56] => 0A000: cannot alter type of a column used by a view or rule

DETAIL: Detail redacted as it may contain sensitive data. Specify 'Include Error Detail' in the connection string to include this information.
----------->     (WARNING)  DB.ExecuteQuery: [56]DBExecuteError - 0A000: cannot alter type of a column used by a view or rule

DETAIL: Detail redacted as it may contain sensitive data. Specify 'Include Error Detail' in the connection string to include this information.
===========>     (SEVERE)   DB.ExecuteQuery: [56] => 42703: column "dr" does not exist

POSITION: 36
----------->     (WARNING)  DB.ExecuteQuery: [56]DBExecuteError - 42703: column "dr" does not exist

POSITION: 36
===========>     (SEVERE)   DB.ExecuteQuery: [56] => 0A000: cannot alter type of a column used by a view or rule

DETAIL: Detail redacted as it may contain sensitive data. Specify 'Include Error Detail' in the connection string to include this information.
----------->     (WARNING)  DB.ExecuteQuery: [56]DBExecuteError - 0A000: cannot alter type of a column used by a view or rule

DETAIL: Detail redacted as it may contain sensitive data. Specify 'Include Error Detail' in the connection string to include this information.
===========>     (SEVERE)   DB.ExecuteQuery: [56] => 0A000: cannot alter type of a column used by a view or rule

DETAIL: Detail redacted as it may contain sensitive data. Specify 'Include Error Detail' in the connection string to include this information.
----------->     (WARNING)  DB.ExecuteQuery: [56]DBExecuteError - 0A000: cannot alter type of a column used by a view or rule

DETAIL: Detail redacted as it may contain sensitive data. Specify 'Include Error Detail' in the connection string to include this information.
===========>     (SEVERE)   DB.ExecuteQuery: [56] => 0A000: cannot alter type of a column used by a view or rule

DETAIL: Detail redacted as it may contain sensitive data. Specify 'Include Error Detail' in the connection string to include this information.
----------->     (WARNING)  DB.ExecuteQuery: [56]DBExecuteError - 0A000: cannot alter type of a column used by a view or rule

DETAIL: Detail redacted as it may contain sensitive data. Specify 'Include Error Detail' in the connection string to include this information.
===========>     (SEVERE)   DB.ExecuteQuery: [56] => 0A000: cannot alter type of a column used by a view or rule

DETAIL: Detail redacted as it may contain sensitive data. Specify 'Include Error Detail' in the connection string to include this information.
----------->     (WARNING)  DB.ExecuteQuery: [56]DBExecuteError - 0A000: cannot alter type of a column used by a view or rule

DETAIL: Detail redacted as it may contain sensitive data. Specify 'Include Error Detail' in the connection string to include this information.
===========>     (SEVERE)   DB.ExecuteQuery: [56] => 0A000: cannot alter type of a column used by a view or rule

DETAIL: Detail redacted as it may contain sensitive data. Specify 'Include Error Detail' in the connection string to include this information.
----------->     (WARNING)  DB.ExecuteQuery: [56]DBExecuteError - 0A000: cannot alter type of a column used by a view or rule

DETAIL: Detail redacted as it may contain sensitive data. Specify 'Include Error Detail' in the connection string to include this information.
===========>     (SEVERE)   DB.ExecuteQuery: [56] => 0A000: cannot alter type of a column used by a view or rule

DETAIL: Detail redacted as it may contain sensitive data. Specify 'Include Error Detail' in the connection string to include this information.
----------->     (WARNING)  DB.ExecuteQuery: [56]DBExecuteError - 0A000: cannot alter type of a column used by a view or rule

DETAIL: Detail redacted as it may contain sensitive data. Specify 'Include Error Detail' in the connection string to include this information.
===========>     (SEVERE)   DB.ExecuteQuery: [56] => 0A000: cannot alter type of a column used by a view or rule

DETAIL: Detail redacted as it may contain sensitive data. Specify 'Include Error Detail' in the connection string to include this information.
----------->     (WARNING)  DB.ExecuteQuery: [56]DBExecuteError - 0A000: cannot alter type of a column used by a view or rule

DETAIL: Detail redacted as it may contain sensitive data. Specify 'Include Error Detail' in the connection string to include this information.
===========>     (SEVERE)   DB.ExecuteQuery: [56] => 0A000: cannot alter type of a column used by a view or rule

DETAIL: Detail redacted as it may contain sensitive data. Specify 'Include Error Detail' in the connection string to include this information.
----------->     (WARNING)  DB.ExecuteQuery: [56]DBExecuteError - 0A000: cannot alter type of a column used by a view or rule

DETAIL: Detail redacted as it may contain sensitive data. Specify 'Include Error Detail' in the connection string to include this information.
===========>     (SEVERE)   DB.ExecuteQuery: [56] => 0A000: cannot alter type of a column used by a view or rule

DETAIL: Detail redacted as it may contain sensitive data. Specify 'Include Error Detail' in the connection string to include this information.
----------->     (WARNING)  DB.ExecuteQuery: [56]DBExecuteError - 0A000: cannot alter type of a column used by a view or rule

DETAIL: Detail redacted as it may contain sensitive data. Specify 'Include Error Detail' in the connection string to include this information.
===========>     (SEVERE)   DB.ExecuteQuery: [56] => 0A000: cannot alter type of a column used by a view or rule

DETAIL: Detail redacted as it may contain sensitive data. Specify 'Include Error Detail' in the connection string to include this information.
----------->     (WARNING)  DB.ExecuteQuery: [56]DBExecuteError - 0A000: cannot alter type of a column used by a view or rule

DETAIL: Detail redacted as it may contain sensitive data. Specify 'Include Error Detail' in the connection string to include this information.
===========>     (SEVERE)   DB.ExecuteQuery: [56] => 0A000: cannot alter type of a column used by a view or rule

DETAIL: Detail redacted as it may contain sensitive data. Specify 'Include Error Detail' in the connection string to include this information.
----------->     (WARNING)  DB.ExecuteQuery: [56]DBExecuteError - 0A000: cannot alter type of a column used by a view or rule

DETAIL: Detail redacted as it may contain sensitive data. Specify 'Include Error Detail' in the connection string to include this information.
===========>     (SEVERE)   DB.ExecuteQuery: [56] => 0A000: cannot alter type of a column used by a view or rule

DETAIL: Detail redacted as it may contain sensitive data. Specify 'Include Error Detail' in the connection string to include this information.
----------->     (WARNING)  DB.ExecuteQuery: [56]DBExecuteError - 0A000: cannot alter type of a column used by a view or rule

DETAIL: Detail redacted as it may contain sensitive data. Specify 'Include Error Detail' in the connection string to include this information.
===========>     (SEVERE)   DB.ExecuteQuery: [56] => 42601: syntax error at or near "=@#"

POSITION: 40
----------->     (WARNING)  DB.ExecuteQuery: [56]DBExecuteError - 42601: syntax error at or near "=@#"

POSITION: 40
===========>     (SEVERE)   DB.ExecuteQuery: [56] => 42703: column "y" does not exist

POSITION: 47
----------->     (WARNING)  DB.ExecuteQuery: [56]DBExecuteError - 42703: column "y" does not exist

POSITION: 47
===========>     (SEVERE)   DB.ExecuteQuery: [56] => 0A000: cannot alter type of a column used by a view or rule

DETAIL: Detail redacted as it may contain sensitive data. Specify 'Include Error Detail' in the connection string to include this information.
----------->     (WARNING)  DB.ExecuteQuery: [56]DBExecuteError - 0A000: cannot alter type of a column used by a view or rule

DETAIL: Detail redacted as it may contain sensitive data. Specify 'Include Error Detail' in the connection string to include this information.
===========>     (SEVERE)   DB.ExecuteQuery: [56] => 0A000: cannot alter type of a column used by a view or rule

DETAIL: Detail redacted as it may contain sensitive data. Specify 'Include Error Detail' in the connection string to include this information.
----------->     (WARNING)  DB.ExecuteQuery: [56]DBExecuteError - 0A000: cannot alter type of a column used by a view or rule

DETAIL: Detail redacted as it may contain sensitive data. Specify 'Include Error Detail' in the connection string to include this information.
===========>     (SEVERE)   DB.ExecuteQuery: [56] => 0A000: cannot alter type of a column used by a view or rule

DETAIL: Detail redacted as it may contain sensitive data. Specify 'Include Error Detail' in the connection string to include this information.
----------->     (WARNING)  DB.ExecuteQuery: [56]DBExecuteError - 0A000: cannot alter type of a column used by a view or rule

DETAIL: Detail redacted as it may contain sensitive data. Specify 'Include Error Detail' in the connection string to include this information.
===========>     (SEVERE)   DB.ExecuteQuery: [56] => 0A000: cannot alter type of a column used by a view or rule

DETAIL: Detail redacted as it may contain sensitive data. Specify 'Include Error Detail' in the connection string to include this information.
----------->     (WARNING)  DB.ExecuteQuery: [56]DBExecuteError - 0A000: cannot alter type of a column used by a view or rule

DETAIL: Detail redacted as it may contain sensitive data. Specify 'Include Error Detail' in the connection string to include this information.
===========>     (SEVERE)   DB.ExecuteQuery: [56] => 42601: syntax error at or near "=@#"

POSITION: 43
----------->     (WARNING)  DB.ExecuteQuery: [56]DBExecuteError - 42601: syntax error at or near "=@#"

POSITION: 43
===========>     (SEVERE)   DB.ExecuteQuery: [56] => 0A000: cannot alter type of a column used by a view or rule

DETAIL: Detail redacted as it may contain sensitive data. Specify 'Include Error Detail' in the connection string to include this information.
----------->     (WARNING)  DB.ExecuteQuery: [56]DBExecuteError - 0A000: cannot alter type of a column used by a view or rule

DETAIL: Detail redacted as it may contain sensitive data. Specify 'Include Error Detail' in the connection string to include this information.
===========>     (SEVERE)   DB.ExecuteQuery: [56] => 0A000: cannot alter type of a column used by a view or rule

DETAIL: Detail redacted as it may contain sensitive data. Specify 'Include Error Detail' in the connection string to include this information.
----------->     (WARNING)  DB.ExecuteQuery: [56]DBExecuteError - 0A000: cannot alter type of a column used by a view or rule

DETAIL: Detail redacted as it may contain sensitive data. Specify 'Include Error Detail' in the connection string to include this information.
===========>     (SEVERE)   DB.ExecuteQuery: [56] => 0A000: cannot alter type of a column used by a view or rule

DETAIL: Detail redacted as it may contain sensitive data. Specify 'Include Error Detail' in the connection string to include this information.
----------->     (WARNING)  DB.ExecuteQuery: [56]DBExecuteError - 0A000: cannot alter type of a column used by a view or rule

DETAIL: Detail redacted as it may contain sensitive data. Specify 'Include Error Detail' in the connection string to include this information.
===========>     (SEVERE)   DB.ExecuteQuery: [56] => 0A000: cannot alter type of a column used by a view or rule

DETAIL: Detail redacted as it may contain sensitive data. Specify 'Include Error Detail' in the connection string to include this information.
----------->     (WARNING)  DB.ExecuteQuery: [56]DBExecuteError - 0A000: cannot alter type of a column used by a view or rule

DETAIL: Detail redacted as it may contain sensitive data. Specify 'Include Error Detail' in the connection string to include this information.
===========>     (SEVERE)   DB.ExecuteQuery: [56] => 0A000: cannot alter type of a column used by a view or rule

DETAIL: Detail redacted as it may contain sensitive data. Specify 'Include Error Detail' in the connection string to include this information.
----------->     (WARNING)  DB.ExecuteQuery: [56]DBExecuteError - 0A000: cannot alter type of a column used by a view or rule

DETAIL: Detail redacted as it may contain sensitive data. Specify 'Include Error Detail' in the connection string to include this information.
===========>     (SEVERE)   DB.ExecuteQuery: [56] => 0A000: cannot alter type of a column used by a view or rule

DETAIL: Detail redacted as it may contain sensitive data. Specify 'Include Error Detail' in the connection string to include this information.
----------->     (WARNING)  DB.ExecuteQuery: [56]DBExecuteError - 0A000: cannot alter type of a column used by a view or rule

DETAIL: Detail redacted as it may contain sensitive data. Specify 'Include Error Detail' in the connection string to include this information.
===========>     (SEVERE)   DB.ExecuteQuery: [56] => 0A000: cannot alter type of a column used by a view or rule

DETAIL: Detail redacted as it may contain sensitive data. Specify 'Include Error Detail' in the connection string to include this information.
----------->     (WARNING)  DB.ExecuteQuery: [56]DBExecuteError - 0A000: cannot alter type of a column used by a view or rule

DETAIL: Detail redacted as it may contain sensitive data. Specify 'Include Error Detail' in the connection string to include this information.
===========>     (SEVERE)   DB.ExecuteQuery: [56] => 0A000: cannot alter type of a column used by a view or rule

DETAIL: Detail redacted as it may contain sensitive data. Specify 'Include Error Detail' in the connection string to include this information.
----------->     (WARNING)  DB.ExecuteQuery: [56]DBExecuteError - 0A000: cannot alter type of a column used by a view or rule

DETAIL: Detail redacted as it may contain sensitive data. Specify 'Include Error Detail' in the connection string to include this information.
===========>     (SEVERE)   DB.ExecuteQuery: [56] => 42703: column "y" does not exist

POSITION: 43
----------->     (WARNING)  DB.ExecuteQuery: [56]DBExecuteError - 42703: column "y" does not exist

POSITION: 43
===========>     (SEVERE)   DB.ExecuteQuery: [56] => 0A000: cannot alter type of a column used by a view or rule

DETAIL: Detail redacted as it may contain sensitive data. Specify 'Include Error Detail' in the connection string to include this information.
----------->     (WARNING)  DB.ExecuteQuery: [56]DBExecuteError - 0A000: cannot alter type of a column used by a view or rule

DETAIL: Detail redacted as it may contain sensitive data. Specify 'Include Error Detail' in the connection string to include this information.
===========>     (SEVERE)   DB.ExecuteQuery: [56] => 0A000: cannot alter type of a column used by a view or rule

DETAIL: Detail redacted as it may contain sensitive data. Specify 'Include Error Detail' in the connection string to include this information.
----------->     (WARNING)  DB.ExecuteQuery: [56]DBExecuteError - 0A000: cannot alter type of a column used by a view or rule

DETAIL: Detail redacted as it may contain sensitive data. Specify 'Include Error Detail' in the connection string to include this information.
===========>     (SEVERE)   DB.ExecuteQuery: [56] => 0A000: cannot alter type of a column used by a view or rule

DETAIL: Detail redacted as it may contain sensitive data. Specify 'Include Error Detail' in the connection string to include this information.
----------->     (WARNING)  DB.ExecuteQuery: [56]DBExecuteError - 0A000: cannot alter type of a column used by a view or rule

DETAIL: Detail redacted as it may contain sensitive data. Specify 'Include Error Detail' in the connection string to include this information.
===========>     (SEVERE)   DB.ExecuteQuery: [56] => 0A000: cannot alter type of a column used by a view or rule

DETAIL: Detail redacted as it may contain sensitive data. Specify 'Include Error Detail' in the connection string to include this information.
----------->     (WARNING)  DB.ExecuteQuery: [56]DBExecuteError - 0A000: cannot alter type of a column used by a view or rule

DETAIL: Detail redacted as it may contain sensitive data. Specify 'Include Error Detail' in the connection string to include this information.
===========>     (SEVERE)   DB.ExecuteQuery: [56] => 0A000: cannot alter type of a column used by a view or rule

DETAIL: Detail redacted as it may contain sensitive data. Specify 'Include Error Detail' in the connection string to include this information.
----------->     (WARNING)  DB.ExecuteQuery: [56]DBExecuteError - 0A000: cannot alter type of a column used by a view or rule

DETAIL: Detail redacted as it may contain sensitive data. Specify 'Include Error Detail' in the connection string to include this information.
===========>     (SEVERE)   DB.ExecuteQuery: [56] => 0A000: cannot alter type of a column used by a view or rule

DETAIL: Detail redacted as it may contain sensitive data. Specify 'Include Error Detail' in the connection string to include this information.
----------->     (WARNING)  DB.ExecuteQuery: [56]DBExecuteError - 0A000: cannot alter type of a column used by a view or rule

DETAIL: Detail redacted as it may contain sensitive data. Specify 'Include Error Detail' in the connection string to include this information.
===========>     (SEVERE)   DB.ExecuteQuery: [56] => 0A000: cannot alter type of a column used by a view or rule

DETAIL: Detail redacted as it may contain sensitive data. Specify 'Include Error Detail' in the connection string to include this information.
----------->     (WARNING)  DB.ExecuteQuery: [56]DBExecuteError - 0A000: cannot alter type of a column used by a view or rule

DETAIL: Detail redacted as it may contain sensitive data. Specify 'Include Error Detail' in the connection string to include this information.
===========>     (SEVERE)   DB.ExecuteQuery: [56] => 42703: column "y" does not exist

POSITION: 39
----------->     (WARNING)  DB.ExecuteQuery: [56]DBExecuteError - 42703: column "y" does not exist

POSITION: 39
===========>     (SEVERE)   DB.ExecuteQuery: [56] => 0A000: cannot alter type of a column used by a view or rule

DETAIL: Detail redacted as it may contain sensitive data. Specify 'Include Error Detail' in the connection string to include this information.
----------->     (WARNING)  DB.ExecuteQuery: [56]DBExecuteError - 0A000: cannot alter type of a column used by a view or rule

DETAIL: Detail redacted as it may contain sensitive data. Specify 'Include Error Detail' in the connection string to include this information.
===========>     (SEVERE)   DB.ExecuteQuery: [56] => 42703: column "y" does not exist

POSITION: 47
----------->     (WARNING)  DB.ExecuteQuery: [56]DBExecuteError - 42703: column "y" does not exist

POSITION: 47
===========>     (SEVERE)   DB.ExecuteQuery: [56] => 0A000: cannot alter type of a column used by a view or rule

DETAIL: Detail redacted as it may contain sensitive data. Specify 'Include Error Detail' in the connection string to include this information.
----------->     (WARNING)  DB.ExecuteQuery: [56]DBExecuteError - 0A000: cannot alter type of a column used by a view or rule

DETAIL: Detail redacted as it may contain sensitive data. Specify 'Include Error Detail' in the connection string to include this information.
===========>     (SEVERE)   DB.ExecuteQuery: [56] => 0A000: cannot alter type of a column used by a view or rule

DETAIL: Detail redacted as it may contain sensitive data. Specify 'Include Error Detail' in the connection string to include this information.
----------->     (WARNING)  DB.ExecuteQuery: [56]DBExecuteError - 0A000: cannot alter type of a column used by a view or rule

DETAIL: Detail redacted as it may contain sensitive data. Specify 'Include Error Detail' in the connection string to include this information.
===========>     (SEVERE)   DB.ExecuteQuery: [56] => 42601: syntax error at or near "=@#"

POSITION: 39
----------->     (WARNING)  DB.ExecuteQuery: [56]DBExecuteError - 42601: syntax error at or near "=@#"

POSITION: 39
===========>     (SEVERE)   DB.ExecuteQuery: [56] => 0A000: cannot alter type of a column used by a view or rule

DETAIL: Detail redacted as it may contain sensitive data. Specify 'Include Error Detail' in the connection string to include this information.
----------->     (WARNING)  DB.ExecuteQuery: [56]DBExecuteError - 0A000: cannot alter type of a column used by a view or rule

DETAIL: Detail redacted as it may contain sensitive data. Specify 'Include Error Detail' in the connection string to include this information.
===========>     (SEVERE)   DB.ExecuteQuery: [56] => 0A000: cannot alter type of a column used by a view or rule

DETAIL: Detail redacted as it may contain sensitive data. Specify 'Include Error Detail' in the connection string to include this information.
----------->     (WARNING)  DB.ExecuteQuery: [56]DBExecuteError - 0A000: cannot alter type of a column used by a view or rule

DETAIL: Detail redacted as it may contain sensitive data. Specify 'Include Error Detail' in the connection string to include this information.
===========>     (SEVERE)   DB.ExecuteQuery: [56] => 0A000: cannot alter type of a column used by a view or rule

DETAIL: Detail redacted as it may contain sensitive data. Specify 'Include Error Detail' in the connection string to include this information.
----------->     (WARNING)  DB.ExecuteQuery: [56]DBExecuteError - 0A000: cannot alter type of a column used by a view or rule

DETAIL: Detail redacted as it may contain sensitive data. Specify 'Include Error Detail' in the connection string to include this information.
===========>     (SEVERE)   DB.ExecuteQuery: [56] => 0A000: cannot alter type of a column used by a view or rule

DETAIL: Detail redacted as it may contain sensitive data. Specify 'Include Error Detail' in the connection string to include this information.
----------->     (WARNING)  DB.ExecuteQuery: [56]DBExecuteError - 0A000: cannot alter type of a column used by a view or rule

DETAIL: Detail redacted as it may contain sensitive data. Specify 'Include Error Detail' in the connection string to include this information.
===========>     (SEVERE)   DB.ExecuteQuery: [56] => 42601: syntax error at or near "=@#"

POSITION: 43
----------->     (WARNING)  DB.ExecuteQuery: [56]DBExecuteError - 42601: syntax error at or near "=@#"

POSITION: 43
===========>     (SEVERE)   DB.ExecuteQuery: [56] => 42601: syntax error at or near "=@#"

POSITION: 46
----------->     (WARNING)  DB.ExecuteQuery: [56]DBExecuteError - 42601: syntax error at or near "=@#"

POSITION: 46
===========>     (SEVERE)   DB.ExecuteQuery: [56] => 42601: syntax error at or near "=@#"

POSITION: 42
----------->     (WARNING)  DB.ExecuteQuery: [56]DBExecuteError - 42601: syntax error at or near "=@#"

POSITION: 42
===========>     (SEVERE)   DB.ExecuteQuery: [56] => 0A000: cannot alter type of a column used by a view or rule

DETAIL: Detail redacted as it may contain sensitive data. Specify 'Include Error Detail' in the connection string to include this information.
----------->     (WARNING)  DB.ExecuteQuery: [56]DBExecuteError - 0A000: cannot alter type of a column used by a view or rule

DETAIL: Detail redacted as it may contain sensitive data. Specify 'Include Error Detail' in the connection string to include this information.
===========>     (SEVERE)   DB.ExecuteQuery: [56] => 0A000: cannot alter type of a column used by a view or rule

DETAIL: Detail redacted as it may contain sensitive data. Specify 'Include Error Detail' in the connection string to include this information.
----------->     (WARNING)  DB.ExecuteQuery: [56]DBExecuteError - 0A000: cannot alter type of a column used by a view or rule

DETAIL: Detail redacted as it may contain sensitive data. Specify 'Include Error Detail' in the connection string to include this information.
===========>     (SEVERE)   DB.ExecuteQuery: [56] => 0A000: cannot alter type of a column used by a view or rule

DETAIL: Detail redacted as it may contain sensitive data. Specify 'Include Error Detail' in the connection string to include this information.
----------->     (WARNING)  DB.ExecuteQuery: [56]DBExecuteError - 0A000: cannot alter type of a column used by a view or rule

DETAIL: Detail redacted as it may contain sensitive data. Specify 'Include Error Detail' in the connection string to include this information.
===========>     (SEVERE)   DB.ExecuteQuery: [56] => 0A000: cannot alter type of a column used by a view or rule

DETAIL: Detail redacted as it may contain sensitive data. Specify 'Include Error Detail' in the connection string to include this information.
----------->     (WARNING)  DB.ExecuteQuery: [56]DBExecuteError - 0A000: cannot alter type of a column used by a view or rule

DETAIL: Detail redacted as it may contain sensitive data. Specify 'Include Error Detail' in the connection string to include this information.
===========>     (SEVERE)   DB.ExecuteQuery: [56] => 0A000: cannot alter type of a column used by a view or rule

DETAIL: Detail redacted as it may contain sensitive data. Specify 'Include Error Detail' in the connection string to include this information.
----------->     (WARNING)  DB.ExecuteQuery: [56]DBExecuteError - 0A000: cannot alter type of a column used by a view or rule

DETAIL: Detail redacted as it may contain sensitive data. Specify 'Include Error Detail' in the connection string to include this information.
===========>     (SEVERE)   DB.ExecuteQuery: [56] => 0A000: cannot alter type of a column used by a view or rule

DETAIL: Detail redacted as it may contain sensitive data. Specify 'Include Error Detail' in the connection string to include this information.
----------->     (WARNING)  DB.ExecuteQuery: [56]DBExecuteError - 0A000: cannot alter type of a column used by a view or rule

DETAIL: Detail redacted as it may contain sensitive data. Specify 'Include Error Detail' in the connection string to include this information.
===========>     (SEVERE)   DB.ExecuteQuery: [56] => 0A000: cannot alter type of a column used by a view or rule

DETAIL: Detail redacted as it may contain sensitive data. Specify 'Include Error Detail' in the connection string to include this information.
----------->     (WARNING)  DB.ExecuteQuery: [56]DBExecuteError - 0A000: cannot alter type of a column used by a view or rule

DETAIL: Detail redacted as it may contain sensitive data. Specify 'Include Error Detail' in the connection string to include this information.
===========>     (SEVERE)   DB.ExecuteQuery: [56] => 0A000: cannot alter type of a column used by a view or rule

DETAIL: Detail redacted as it may contain sensitive data. Specify 'Include Error Detail' in the connection string to include this information.
----------->     (WARNING)  DB.ExecuteQuery: [56]DBExecuteError - 0A000: cannot alter type of a column used by a view or rule

DETAIL: Detail redacted as it may contain sensitive data. Specify 'Include Error Detail' in the connection string to include this information.
===========>     (SEVERE)   DB.ExecuteQuery: [56] => 0A000: cannot alter type of a column used by a view or rule

DETAIL: Detail redacted as it may contain sensitive data. Specify 'Include Error Detail' in the connection string to include this information.
----------->     (WARNING)  DB.ExecuteQuery: [56]DBExecuteError - 0A000: cannot alter type of a column used by a view or rule

DETAIL: Detail redacted as it may contain sensitive data. Specify 'Include Error Detail' in the connection string to include this information.
===========>     (SEVERE)   DB.ExecuteQuery: [56] => 0A000: cannot alter type of a column used by a view or rule

DETAIL: Detail redacted as it may contain sensitive data. Specify 'Include Error Detail' in the connection string to include this information.
----------->     (WARNING)  DB.ExecuteQuery: [56]DBExecuteError - 0A000: cannot alter type of a column used by a view or rule

DETAIL: Detail redacted as it may contain sensitive data. Specify 'Include Error Detail' in the connection string to include this information.
===========>     (SEVERE)   DB.ExecuteQuery: [56] => 0A000: cannot alter type of a column used by a view or rule

DETAIL: Detail redacted as it may contain sensitive data. Specify 'Include Error Detail' in the connection string to include this information.
----------->     (WARNING)  DB.ExecuteQuery: [56]DBExecuteError - 0A000: cannot alter type of a column used by a view or rule

DETAIL: Detail redacted as it may contain sensitive data. Specify 'Include Error Detail' in the connection string to include this information.
===========>     (SEVERE)   DB.ExecuteQuery: [56] => 42601: syntax error at or near "=@#"

POSITION: 50
----------->     (WARNING)  DB.ExecuteQuery: [56]DBExecuteError - 42601: syntax error at or near "=@#"

POSITION: 50
===========>     (SEVERE)   DB.ExecuteQuery: [56] => 42601: syntax error at or near "=@#"

POSITION: 47
----------->     (WARNING)  DB.ExecuteQuery: [56]DBExecuteError - 42601: syntax error at or near "=@#"

POSITION: 47
===========>     (SEVERE)   DB.ExecuteQuery: [56] => 0A000: cannot alter type of a column used by a view or rule

DETAIL: Detail redacted as it may contain sensitive data. Specify 'Include Error Detail' in the connection string to include this information.
----------->     (WARNING)  DB.ExecuteQuery: [56]DBExecuteError - 0A000: cannot alter type of a column used by a view or rule

DETAIL: Detail redacted as it may contain sensitive data. Specify 'Include Error Detail' in the connection string to include this information.
===========>     (SEVERE)   DB.ExecuteQuery: [56] => 0A000: cannot alter type of a column used by a view or rule

DETAIL: Detail redacted as it may contain sensitive data. Specify 'Include Error Detail' in the connection string to include this information.
----------->     (WARNING)  DB.ExecuteQuery: [56]DBExecuteError - 0A000: cannot alter type of a column used by a view or rule

DETAIL: Detail redacted as it may contain sensitive data. Specify 'Include Error Detail' in the connection string to include this information.
===========>     (SEVERE)   DB.ExecuteQuery: [56] => 0A000: cannot alter type of a column used by a view or rule

DETAIL: Detail redacted as it may contain sensitive data. Specify 'Include Error Detail' in the connection string to include this information.
----------->     (WARNING)  DB.ExecuteQuery: [56]DBExecuteError - 0A000: cannot alter type of a column used by a view or rule

DETAIL: Detail redacted as it may contain sensitive data. Specify 'Include Error Detail' in the connection string to include this information.
===========>     (SEVERE)   DB.ExecuteQuery: [56] => 0A000: cannot alter type of a column used by a view or rule

DETAIL: Detail redacted as it may contain sensitive data. Specify 'Include Error Detail' in the connection string to include this information.
----------->     (WARNING)  DB.ExecuteQuery: [56]DBExecuteError - 0A000: cannot alter type of a column used by a view or rule

DETAIL: Detail redacted as it may contain sensitive data. Specify 'Include Error Detail' in the connection string to include this information.
===========>     (SEVERE)   DB.ExecuteQuery: [56] => 0A000: cannot alter type of a column used by a view or rule

DETAIL: Detail redacted as it may contain sensitive data. Specify 'Include Error Detail' in the connection string to include this information.
----------->     (WARNING)  DB.ExecuteQuery: [56]DBExecuteError - 0A000: cannot alter type of a column used by a view or rule

DETAIL: Detail redacted as it may contain sensitive data. Specify 'Include Error Detail' in the connection string to include this information.
===========>     (SEVERE)   DB.ExecuteQuery: [56] => 42601: syntax error at or near "=@#"

POSITION: 46
----------->     (WARNING)  DB.ExecuteQuery: [56]DBExecuteError - 42601: syntax error at or near "=@#"

POSITION: 46
===========>     (SEVERE)   DB.ExecuteQuery: [56] => 42601: syntax error at or near "=@#"

POSITION: 43
----------->     (WARNING)  DB.ExecuteQuery: [56]DBExecuteError - 42601: syntax error at or near "=@#"

POSITION: 43
===========>     (SEVERE)   DB.ExecuteQuery: [56] => 0A000: cannot alter type of a column used by a view or rule

DETAIL: Detail redacted as it may contain sensitive data. Specify 'Include Error Detail' in the connection string to include this information.
----------->     (WARNING)  DB.ExecuteQuery: [56]DBExecuteError - 0A000: cannot alter type of a column used by a view or rule

DETAIL: Detail redacted as it may contain sensitive data. Specify 'Include Error Detail' in the connection string to include this information.
===========>     (SEVERE)   DB.ExecuteQuery: [56] => 0A000: cannot alter type of a column used by a view or rule

DETAIL: Detail redacted as it may contain sensitive data. Specify 'Include Error Detail' in the connection string to include this information.
----------->     (WARNING)  DB.ExecuteQuery: [56]DBExecuteError - 0A000: cannot alter type of a column used by a view or rule

DETAIL: Detail redacted as it may contain sensitive data. Specify 'Include Error Detail' in the connection string to include this information.
===========>     (SEVERE)   DB.ExecuteQuery: [56] => 0A000: cannot alter type of a column used by a view or rule

DETAIL: Detail redacted as it may contain sensitive data. Specify 'Include Error Detail' in the connection string to include this information.
----------->     (WARNING)  DB.ExecuteQuery: [56]DBExecuteError - 0A000: cannot alter type of a column used by a view or rule

DETAIL: Detail redacted as it may contain sensitive data. Specify 'Include Error Detail' in the connection string to include this information.
===========>     (SEVERE)   DB.ExecuteQuery: [56] => 0A000: cannot alter type of a column used by a view or rule

DETAIL: Detail redacted as it may contain sensitive data. Specify 'Include Error Detail' in the connection string to include this information.
----------->     (WARNING)  DB.ExecuteQuery: [56]DBExecuteError - 0A000: cannot alter type of a column used by a view or rule

DETAIL: Detail redacted as it may contain sensitive data. Specify 'Include Error Detail' in the connection string to include this information.
===========>     (SEVERE)   DB.ExecuteQuery: [56] => 0A000: cannot alter type of a column used by a view or rule

DETAIL: Detail redacted as it may contain sensitive data. Specify 'Include Error Detail' in the connection string to include this information.
----------->     (WARNING)  DB.ExecuteQuery: [56]DBExecuteError - 0A000: cannot alter type of a column used by a view or rule

DETAIL: Detail redacted as it may contain sensitive data. Specify 'Include Error Detail' in the connection string to include this information.
===========>     (SEVERE)   DB.ExecuteQuery: [56] => 0A000: cannot alter type of a column used by a view or rule

DETAIL: Detail redacted as it may contain sensitive data. Specify 'Include Error Detail' in the connection string to include this information.
----------->     (WARNING)  DB.ExecuteQuery: [56]DBExecuteError - 0A000: cannot alter type of a column used by a view or rule

DETAIL: Detail redacted as it may contain sensitive data. Specify 'Include Error Detail' in the connection string to include this information.
===========>     (SEVERE)   DB.ExecuteQuery: [56] => 42703: column "n" does not exist

POSITION: 28
----------->     (WARNING)  DB.ExecuteQuery: [56]DBExecuteError - 42703: column "n" does not exist

POSITION: 28
===========>     (SEVERE)   DB.ExecuteQuery: [56] => 0A000: cannot alter type of a column used by a view or rule

DETAIL: Detail redacted as it may contain sensitive data. Specify 'Include Error Detail' in the connection string to include this information.
----------->     (WARNING)  DB.ExecuteQuery: [56]DBExecuteError - 0A000: cannot alter type of a column used by a view or rule

DETAIL: Detail redacted as it may contain sensitive data. Specify 'Include Error Detail' in the connection string to include this information.
===========>     (SEVERE)   DB.ExecuteQuery: [56] => 0A000: cannot alter type of a column used by a view or rule

DETAIL: Detail redacted as it may contain sensitive data. Specify 'Include Error Detail' in the connection string to include this information.
----------->     (WARNING)  DB.ExecuteQuery: [56]DBExecuteError - 0A000: cannot alter type of a column used by a view or rule

DETAIL: Detail redacted as it may contain sensitive data. Specify 'Include Error Detail' in the connection string to include this information.
===========>     (SEVERE)   DB.ExecuteQuery: [56] => 0A000: cannot alter type of a column used by a view or rule

DETAIL: Detail redacted as it may contain sensitive data. Specify 'Include Error Detail' in the connection string to include this information.
----------->     (WARNING)  DB.ExecuteQuery: [56]DBExecuteError - 0A000: cannot alter type of a column used by a view or rule

DETAIL: Detail redacted as it may contain sensitive data. Specify 'Include Error Detail' in the connection string to include this information.
===========>     (SEVERE)   DB.ExecuteQuery: [56] => 42703: column "n" does not exist

POSITION: 37
----------->     (WARNING)  DB.ExecuteQuery: [56]DBExecuteError - 42703: column "n" does not exist

POSITION: 37
===========>     (SEVERE)   DB.ExecuteQuery: [56] => 0A000: cannot alter type of a column used by a view or rule

DETAIL: Detail redacted as it may contain sensitive data. Specify 'Include Error Detail' in the connection string to include this information.
----------->     (WARNING)  DB.ExecuteQuery: [56]DBExecuteError - 0A000: cannot alter type of a column used by a view or rule

DETAIL: Detail redacted as it may contain sensitive data. Specify 'Include Error Detail' in the connection string to include this information.
===========>     (SEVERE)   DB.ExecuteQuery: [56] => 42703: column "n" does not exist

POSITION: 41
----------->     (WARNING)  DB.ExecuteQuery: [56]DBExecuteError - 42703: column "n" does not exist

POSITION: 41
===========>     (SEVERE)   DB.ExecuteQuery: [56] => 0A000: cannot alter type of a column used by a view or rule

DETAIL: Detail redacted as it may contain sensitive data. Specify 'Include Error Detail' in the connection string to include this information.
----------->     (WARNING)  DB.ExecuteQuery: [56]DBExecuteError - 0A000: cannot alter type of a column used by a view or rule

DETAIL: Detail redacted as it may contain sensitive data. Specify 'Include Error Detail' in the connection string to include this information.
===========>     (SEVERE)   DB.ExecuteQuery: [56] => 42703: column "n" does not exist

POSITION: 37
----------->     (WARNING)  DB.ExecuteQuery: [56]DBExecuteError - 42703: column "n" does not exist

POSITION: 37
===========>     (SEVERE)   DB.ExecuteQuery: [56] => 0A000: cannot alter type of a column used by a view or rule

DETAIL: Detail redacted as it may contain sensitive data. Specify 'Include Error Detail' in the connection string to include this information.
----------->     (WARNING)  DB.ExecuteQuery: [56]DBExecuteError - 0A000: cannot alter type of a column used by a view or rule

DETAIL: Detail redacted as it may contain sensitive data. Specify 'Include Error Detail' in the connection string to include this information.
===========>     (SEVERE)   DB.ExecuteQuery: [56] => 42601: syntax error at or near "=@#"

POSITION: 34
----------->     (WARNING)  DB.ExecuteQuery: [56]DBExecuteError - 42601: syntax error at or near "=@#"

POSITION: 34
===========>     (SEVERE)   DB.ExecuteQuery: [56] => 0A000: cannot alter type of a column used by a view or rule

DETAIL: Detail redacted as it may contain sensitive data. Specify 'Include Error Detail' in the connection string to include this information.
----------->     (WARNING)  DB.ExecuteQuery: [56]DBExecuteError - 0A000: cannot alter type of a column used by a view or rule

DETAIL: Detail redacted as it may contain sensitive data. Specify 'Include Error Detail' in the connection string to include this information.
===========>     (SEVERE)   DB.ExecuteQuery: [56] => 42703: column "n" does not exist

POSITION: 39
----------->     (WARNING)  DB.ExecuteQuery: [56]DBExecuteError - 42703: column "n" does not exist

POSITION: 39
===========>     (SEVERE)   DB.ExecuteQuery: [56] => 0A000: cannot alter type of a column used by a view or rule

DETAIL: Detail redacted as it may contain sensitive data. Specify 'Include Error Detail' in the connection string to include this information.
----------->     (WARNING)  DB.ExecuteQuery: [56]DBExecuteError - 0A000: cannot alter type of a column used by a view or rule

DETAIL: Detail redacted as it may contain sensitive data. Specify 'Include Error Detail' in the connection string to include this information.
===========>     (SEVERE)   DB.ExecuteQuery: [56] => 0A000: cannot alter type of a column used by a view or rule

DETAIL: Detail redacted as it may contain sensitive data. Specify 'Include Error Detail' in the connection string to include this information.
----------->     (WARNING)  DB.ExecuteQuery: [56]DBExecuteError - 0A000: cannot alter type of a column used by a view or rule

DETAIL: Detail redacted as it may contain sensitive data. Specify 'Include Error Detail' in the connection string to include this information.
===========>     (SEVERE)   DB.ExecuteQuery: [56] => 0A000: cannot alter type of a column used by a view or rule

DETAIL: Detail redacted as it may contain sensitive data. Specify 'Include Error Detail' in the connection string to include this information.
----------->     (WARNING)  DB.ExecuteQuery: [56]DBExecuteError - 0A000: cannot alter type of a column used by a view or rule

DETAIL: Detail redacted as it may contain sensitive data. Specify 'Include Error Detail' in the connection string to include this information.
===========>     (SEVERE)   DB.ExecuteQuery: [56] => 0A000: cannot alter type of a column used by a view or rule

DETAIL: Detail redacted as it may contain sensitive data. Specify 'Include Error Detail' in the connection string to include this information.
----------->     (WARNING)  DB.ExecuteQuery: [56]DBExecuteError - 0A000: cannot alter type of a column used by a view or rule

DETAIL: Detail redacted as it may contain sensitive data. Specify 'Include Error Detail' in the connection string to include this information.
===========>     (SEVERE)   DB.ExecuteQuery: [56] => 42703: column "n" does not exist

POSITION: 50
----------->     (WARNING)  DB.ExecuteQuery: [56]DBExecuteError - 42703: column "n" does not exist

POSITION: 50
===========>     (SEVERE)   DB.ExecuteQuery: [56] => 0A000: cannot alter type of a column used by a view or rule

DETAIL: Detail redacted as it may contain sensitive data. Specify 'Include Error Detail' in the connection string to include this information.
----------->     (WARNING)  DB.ExecuteQuery: [56]DBExecuteError - 0A000: cannot alter type of a column used by a view or rule

DETAIL: Detail redacted as it may contain sensitive data. Specify 'Include Error Detail' in the connection string to include this information.
===========>     (SEVERE)   DB.ExecuteQuery: [56] => 0A000: cannot alter type of a column used by a view or rule

DETAIL: Detail redacted as it may contain sensitive data. Specify 'Include Error Detail' in the connection string to include this information.
----------->     (WARNING)  DB.ExecuteQuery: [56]DBExecuteError - 0A000: cannot alter type of a column used by a view or rule

DETAIL: Detail redacted as it may contain sensitive data. Specify 'Include Error Detail' in the connection string to include this information.
===========>     (SEVERE)   DB.ExecuteQuery: [56] => 0A000: cannot alter type of a column used by a view or rule

DETAIL: Detail redacted as it may contain sensitive data. Specify 'Include Error Detail' in the connection string to include this information.
----------->     (WARNING)  DB.ExecuteQuery: [56]DBExecuteError - 0A000: cannot alter type of a column used by a view or rule

DETAIL: Detail redacted as it may contain sensitive data. Specify 'Include Error Detail' in the connection string to include this information.
===========>     (SEVERE)   DB.ExecuteQuery: [56] => 42703: column "y" does not exist

POSITION: 43
----------->     (WARNING)  DB.ExecuteQuery: [56]DBExecuteError - 42703: column "y" does not exist

POSITION: 43
===========>     (SEVERE)   DB.ExecuteQuery: [56] => 42809: "dtd001_inventorymove_view" is not a view
----------->     (WARNING)  DB.ExecuteQuery: [56]DBExecuteError - 42809: "dtd001_inventorymove_view" is not a view
===========>     (SEVERE)   DB.ExecuteQuery: [56] => 42704: index "m_inventoryline_productlocattr" does not exist
----------->     (WARNING)  DB.ExecuteQuery: [56]DBExecuteError - 42704: index "m_inventoryline_productlocattr" does not exist
===========>     (SEVERE)   DB.ExecuteQuery: [56] => 42703: column "AD_CLIENT_ID" does not exist
----------->     (WARNING)  DB.ExecuteQuery: [56]DBExecuteError - 42703: column "AD_CLIENT_ID" does not exist
===========>     (SEVERE)   DB.ExecuteQuery: [56] => 42601: syntax error at or near "AS"

POSITION: 93
----------->     (WARNING)  DB.ExecuteQuery: [56]DBExecuteError - 42601: syntax error at or near "AS"

POSITION: 93
===========>     (SEVERE)   DB.ExecuteQuery: [56] => 42601: syntax error at or near "modify"

POSITION: 23
----------->     (WARNING)  DB.ExecuteQuery: [56]DBExecuteError - 42601: syntax error at or near "modify"

POSITION: 23
===========>     (SEVERE)   DB.ExecuteQuery: [56] => 42883: operator does not exist: timestamp with time zone - integer

POSITION: 1404
----------->     (WARNING)  DB.ExecuteQuery: [56]DBExecuteError - 42883: operator does not exist: timestamp with time zone - integer

POSITION: 1404
===========>     (SEVERE)   DB.ExecuteQuery: [56]System.ArgumentOutOfRangeException: Index and length must refer to a location within the string.
Parameter name: length
   at System.String.Substring(Int32 startIndex, Int32 length)
   at VAdvantage.DataBase.DB_PostgreSQL.ConvertStatement(String oraStatement)
   at CoreLibrary.DataBase.DB.ConvertSqlQuery(String sql)
   at VAdvantage.SqlExec.ExecuteQuery.ExecuteNonQuery(String sql, SqlParameter[] arrParam)
   at CoreLibrary.DataBase.DB.ExecuteQuery(String sql, SqlParameter[] param, Trx trx, Boolean ignoreError, Boolean throwError)
===========>     (SEVERE)   DB.ExecuteQuery: [56] => 42601: subquery in FROM must have an alias

POSITION: 536
----------->     (WARNING)  DB.ExecuteQuery: [56]DBExecuteError - 42601: subquery in FROM must have an alias

POSITION: 536
===========>     (SEVERE)   DB.ExecuteQuery: [56] => 42P16: multiple primary keys for table "m_replenish" are not allowed
----------->     (WARNING)  DB.ExecuteQuery: [56]DBExecuteError - 42P16: multiple primary keys for table "m_replenish" are not allowed
===========>     (SEVERE)   DB.ExecuteQuery: [56] => 42P16: multiple primary keys for table "t_replenish" are not allowed
----------->     (WARNING)  DB.ExecuteQuery: [56]DBExecuteError - 42P16: multiple primary keys for table "t_replenish" are not allowed
===========>     (SEVERE)   DB.ExecuteQuery: [56] => 42P16: cannot change name of view column "dateordered" to "description"
----------->     (WARNING)  DB.ExecuteQuery: [56]DBExecuteError - 42P16: cannot change name of view column "dateordered" to "description"
===========>     (SEVERE)   DB.ExecuteQuery: [56] => 42P16: cannot change name of view column "dtd001_itemcode" to "line"
----------->     (WARNING)  DB.ExecuteQuery: [56]DBExecuteError - 42P16: cannot change name of view column "dtd001_itemcode" to "line"
===========>     (SEVERE)   DB.ExecuteQuery: [56] => 42P16: cannot change name of view column "dtd001_h_datereq" to "c_incoterm_id"
----------->     (WARNING)  DB.ExecuteQuery: [56]DBExecuteError - 42P16: cannot change name of view column "dtd001_h_datereq" to "c_incoterm_id"
===========>     (SEVERE)   DB.ExecuteQuery: [56] => 42P16: cannot change name of view column "dtd001_productname" to "line"
----------->     (WARNING)  DB.ExecuteQuery: [56]DBExecuteError - 42P16: cannot change name of view column "dtd001_productname" to "line"
===========>     (SEVERE)   DB.ExecuteQuery: [56] => 42P07: relation "dtd001_salesorderreqoem_v" already exists
----------->     (WARNING)  DB.ExecuteQuery: [56]DBExecuteError - 42P07: relation "dtd001_salesorderreqoem_v" already exists
===========>     (SEVERE)   DB.ExecuteQuery: [56] => 42P01: view "dtd001_materialtransferprint_v" does not exist
----------->     (WARNING)  DB.ExecuteQuery: [56]DBExecuteError - 42P01: view "dtd001_materialtransferprint_v" does not exist
===========>     (SEVERE)   DB.ExecuteQuery: [56] => 23505: duplicate key value violates unique constraint "ad_process_access_pkey"

DETAIL: Detail redacted as it may contain sensitive data. Specify 'Include Error Detail' in the connection string to include this information.
----------->     (WARNING)  DB.ExecuteQuery: [56]DBExecuteError - 23505: duplicate key value violates unique constraint "ad_process_access_pkey"

DETAIL: Detail redacted as it may contain sensitive data. Specify 'Include Error Detail' in the connection string to include this information.
----------->     (WARNING)  X_AD_Process_Access.ImportNow: [56]Not insertedAD_Process_Access
===========>     (SEVERE)   DB.ExecuteQuery: [56] => 23505: duplicate key value violates unique constraint "ad_process_access_pkey"

DETAIL: Detail redacted as it may contain sensitive data. Specify 'Include Error Detail' in the connection string to include this information.
----------->     (WARNING)  DB.ExecuteQuery: [56]DBExecuteError - 23505: duplicate key value violates unique constraint "ad_process_access_pkey"

DETAIL: Detail redacted as it may contain sensitive data. Specify 'Include Error Detail' in the connection string to include this information.
----------->     (WARNING)  X_AD_Process_Access.ImportNow: [56]Not insertedAD_Process_Access
===========>     (SEVERE)   PostgreHelper.ExecuteReader: [56]42703: column "dtd01_openrequisitionmaterialinventory_v_id" does not exist

POSITION: 13 [Query DR] SELECT MAX( DTD01_OpenRequisitionMaterialInventory_V_ID) FROM DTD01_OpenRequisitionMaterialInventory_V
===========>     (SEVERE)   PostgreHelper.ExecuteReader: [56]42703: column "dtd01_openrequisitionmaterialinventory_v_id" does not exist

POSITION: 13 [Query DR] SELECT MAX( DTD01_OpenRequisitionMaterialInventory_V_ID) FROM DTD01_OpenRequisitionMaterialInventory_V
===========>     (SEVERE)   DB.GetSQLValue: [56]SELECT MAX( DTD01_OpenRequisitionMaterialInventory_V_ID) FROM DTD01_OpenRequisitionMaterialInventory_V => 42703: column "dtd01_openrequisitionmaterialinventory_v_id" does not exist

POSITION: 13
===========>     (SEVERE)   DB.ExecuteQuery: [56] => 42P01: sequence "dtd01_openrequisitionmaterialinventory_v_seq" does not exist
----------->     (WARNING)  DB.ExecuteQuery: [56]DBExecuteError - 42P01: sequence "dtd01_openrequisitionmaterialinventory_v_seq" does not exist
===========>     (SEVERE)   DB.ExecuteQuery: [56] => 23505: duplicate key value violates unique constraint "rc_kpi_pkey"

DETAIL: Detail redacted as it may contain sensitive data. Specify 'Include Error Detail' in the connection string to include this information.
----------->     (WARNING)  DB.ExecuteQuery: [56]DBExecuteError - 23505: duplicate key value violates unique constraint "rc_kpi_pkey"

DETAIL: Detail redacted as it may contain sensitive data. Specify 'Include Error Detail' in the connection string to include this information.
===========>     (SEVERE)   DB.ExecuteQuery: [56] => 23505: duplicate key value violates unique constraint "pk1000831"

DETAIL: Detail redacted as it may contain sensitive data. Specify 'Include Error Detail' in the connection string to include this information.
----------->     (WARNING)  DB.ExecuteQuery: [56]DBExecuteError - 23505: duplicate key value violates unique constraint "pk1000831"

DETAIL: Detail redacted as it may contain sensitive data. Specify 'Include Error Detail' in the connection string to include this information.
===========>     (SEVERE)   DB.ExecuteQuery: [56] => VISDBERRORCOLUMN: VALUE,AD_REFERENCE_ID
----------->     (WARNING)  DB.ExecuteQuery: [56]DBExecuteError - VISDBERRORCOLUMN: VALUE,AD_REFERENCE_ID
===========>     (SEVERE)   DB.ExecuteQuery: [56] => VISDBERRORCOLUMN: VALUE,AD_REFERENCE_ID
----------->     (WARNING)  DB.ExecuteQuery: [56]DBExecuteError - VISDBERRORCOLUMN: VALUE,AD_REFERENCE_ID
===========>     (SEVERE)   DB.ExecuteQuery: [56] => VISDBERRORCOLUMN: VALUE,AD_REFERENCE_ID
----------->     (WARNING)  DB.ExecuteQuery: [56]DBExecuteError - VISDBERRORCOLUMN: VALUE,AD_REFERENCE_ID
===========>     (SEVERE)   DB.ExecuteQuery: [56] => VISDBERRORCOLUMN: VALUE,AD_REFERENCE_ID
----------->     (WARNING)  DB.ExecuteQuery: [56]DBExecuteError - VISDBERRORCOLUMN: VALUE,AD_REFERENCE_ID
===========>     (SEVERE)   DB.ExecuteQuery: [56] => 23505: duplicate key value violates unique constraint "ad_process_access_pkey"

DETAIL: Detail redacted as it may contain sensitive data. Specify 'Include Error Detail' in the connection string to include this information.
----------->     (WARNING)  DB.ExecuteQuery: [56]DBExecuteError - 23505: duplicate key value violates unique constraint "ad_process_access_pkey"

DETAIL: Detail redacted as it may contain sensitive data. Specify 'Include Error Detail' in the connection string to include this information.
----------->     (WARNING)  X_AD_Process_Access.ImportNow: [56]Not insertedAD_Process_Access
===========>     (SEVERE)   DB.ExecuteQuery: [56] => 23505: duplicate key value violates unique constraint "ad_process_access_pkey"

DETAIL: Detail redacted as it may contain sensitive data. Specify 'Include Error Detail' in the connection string to include this information.
----------->     (WARNING)  DB.ExecuteQuery: [56]DBExecuteError - 23505: duplicate key value violates unique constraint "ad_process_access_pkey"

DETAIL: Detail redacted as it may contain sensitive data. Specify 'Include Error Detail' in the connection string to include this information.
----------->     (WARNING)  X_AD_Process_Access.ImportNow: [56]Not insertedAD_Process_Access
===========>     (SEVERE)   DB.ExecuteQuery: [56] => 23505: duplicate key value violates unique constraint "ad_form_access_pkey"

DETAIL: Detail redacted as it may contain sensitive data. Specify 'Include Error Detail' in the connection string to include this information.
----------->     (WARNING)  DB.ExecuteQuery: [56]DBExecuteError - 23505: duplicate key value violates unique constraint "ad_form_access_pkey"

DETAIL: Detail redacted as it may contain sensitive data. Specify 'Include Error Detail' in the connection string to include this information.
----------->     (WARNING)  X_AD_Form_Access.ImportNow: [56]Not insertedAD_Form_Access
===========>     (SEVERE)   DB.ExecuteQuery: [56] => 23505: duplicate key value violates unique constraint "ad_form_access_pkey"

DETAIL: Detail redacted as it may contain sensitive data. Specify 'Include Error Detail' in the connection string to include this information.
----------->     (WARNING)  DB.ExecuteQuery: [56]DBExecuteError - 23505: duplicate key value violates unique constraint "ad_form_access_pkey"

DETAIL: Detail redacted as it may contain sensitive data. Specify 'Include Error Detail' in the connection string to include this information.
----------->     (WARNING)  X_AD_Form_Access.ImportNow: [56]Not insertedAD_Form_Access
===========>     (SEVERE)   DB.ExecuteQuery: [56] => 23505: duplicate key value violates unique constraint "ad_form_access_pkey"

DETAIL: Detail redacted as it may contain sensitive data. Specify 'Include Error Detail' in the connection string to include this information.
----------->     (WARNING)  DB.ExecuteQuery: [56]DBExecuteError - 23505: duplicate key value violates unique constraint "ad_form_access_pkey"

DETAIL: Detail redacted as it may contain sensitive data. Specify 'Include Error Detail' in the connection string to include this information.
----------->     (WARNING)  X_AD_Form_Access.ImportNow: [56]Not insertedAD_Form_Access
===========>     (SEVERE)   DB.ExecuteQuery: [56] => 23505: duplicate key value violates unique constraint "ad_form_access_pkey"

DETAIL: Detail redacted as it may contain sensitive data. Specify 'Include Error Detail' in the connection string to include this information.
----------->     (WARNING)  DB.ExecuteQuery: [56]DBExecuteError - 23505: duplicate key value violates unique constraint "ad_form_access_pkey"

DETAIL: Detail redacted as it may contain sensitive data. Specify 'Include Error Detail' in the connection string to include this information.
----------->     (WARNING)  X_AD_Form_Access.ImportNow: [56]Not insertedAD_Form_Access
===========>     (SEVERE)   DB.ExecuteQuery: [56] => 23505: duplicate key value violates unique constraint "ad_form_access_pkey"

DETAIL: Detail redacted as it may contain sensitive data. Specify 'Include Error Detail' in the connection string to include this information.
----------->     (WARNING)  DB.ExecuteQuery: [56]DBExecuteError - 23505: duplicate key value violates unique constraint "ad_form_access_pkey"

DETAIL: Detail redacted as it may contain sensitive data. Specify 'Include Error Detail' in the connection string to include this information.
----------->     (WARNING)  X_AD_Form_Access.ImportNow: [56]Not insertedAD_Form_Access
===========>     (SEVERE)   DB.ExecuteQuery: [56] => 23505: duplicate key value violates unique constraint "ad_form_access_pkey"

DETAIL: Detail redacted as it may contain sensitive data. Specify 'Include Error Detail' in the connection string to include this information.
----------->     (WARNING)  DB.ExecuteQuery: [56]DBExecuteError - 23505: duplicate key value violates unique constraint "ad_form_access_pkey"

DETAIL: Detail redacted as it may contain sensitive data. Specify 'Include Error Detail' in the connection string to include this information.
----------->     (WARNING)  X_AD_Form_Access.ImportNow: [56]Not insertedAD_Form_Access
===========>     (SEVERE)   DB.ExecuteQuery: [56] => 23505: duplicate key value violates unique constraint "ad_form_access_pkey"

DETAIL: Detail redacted as it may contain sensitive data. Specify 'Include Error Detail' in the connection string to include this information.
----------->     (WARNING)  DB.ExecuteQuery: [56]DBExecuteError - 23505: duplicate key value violates unique constraint "ad_form_access_pkey"

DETAIL: Detail redacted as it may contain sensitive data. Specify 'Include Error Detail' in the connection string to include this information.
----------->     (WARNING)  X_AD_Form_Access.ImportNow: [56]Not insertedAD_Form_Access
===========>     (SEVERE)   DB.ExecuteQuery: [56] => 23505: duplicate key value violates unique constraint "ad_form_access_pkey"

DETAIL: Detail redacted as it may contain sensitive data. Specify 'Include Error Detail' in the connection string to include this information.
----------->     (WARNING)  DB.ExecuteQuery: [56]DBExecuteError - 23505: duplicate key value violates unique constraint "ad_form_access_pkey"

DETAIL: Detail redacted as it may contain sensitive data. Specify 'Include Error Detail' in the connection string to include this information.
----------->     (WARNING)  X_AD_Form_Access.ImportNow: [56]Not insertedAD_Form_Access
===========>     (SEVERE)   DB.ExecuteQuery: [56] => 23505: duplicate key value violates unique constraint "ad_form_access_pkey"

DETAIL: Detail redacted as it may contain sensitive data. Specify 'Include Error Detail' in the connection string to include this information.
----------->     (WARNING)  DB.ExecuteQuery: [56]DBExecuteError - 23505: duplicate key value violates unique constraint "ad_form_access_pkey"

DETAIL: Detail redacted as it may contain sensitive data. Specify 'Include Error Detail' in the connection string to include this information.
----------->     (WARNING)  X_AD_Form_Access.ImportNow: [56]Not insertedAD_Form_Access
===========>     (SEVERE)   DB.ExecuteQuery: [56] => 23505: duplicate key value violates unique constraint "ad_form_access_pkey"

DETAIL: Detail redacted as it may contain sensitive data. Specify 'Include Error Detail' in the connection string to include this information.
----------->     (WARNING)  DB.ExecuteQuery: [56]DBExecuteError - 23505: duplicate key value violates unique constraint "ad_form_access_pkey"

DETAIL: Detail redacted as it may contain sensitive data. Specify 'Include Error Detail' in the connection string to include this information.
----------->     (WARNING)  X_AD_Form_Access.ImportNow: [56]Not insertedAD_Form_Access
===========>     (SEVERE)   DB.ExecuteQuery: [56] => 23505: duplicate key value violates unique constraint "ad_form_access_pkey"

DETAIL: Detail redacted as it may contain sensitive data. Specify 'Include Error Detail' in the connection string to include this information.
----------->     (WARNING)  DB.ExecuteQuery: [56]DBExecuteError - 23505: duplicate key value violates unique constraint "ad_form_access_pkey"

DETAIL: Detail redacted as it may contain sensitive data. Specify 'Include Error Detail' in the connection string to include this information.
----------->     (WARNING)  X_AD_Form_Access.ImportNow: [56]Not insertedAD_Form_Access
===========>     (SEVERE)   DB.ExecuteQuery: [56] => 23505: duplicate key value violates unique constraint "ad_form_access_pkey"

DETAIL: Detail redacted as it may contain sensitive data. Specify 'Include Error Detail' in the connection string to include this information.
----------->     (WARNING)  DB.ExecuteQuery: [56]DBExecuteError - 23505: duplicate key value violates unique constraint "ad_form_access_pkey"

DETAIL: Detail redacted as it may contain sensitive data. Specify 'Include Error Detail' in the connection string to include this information.
----------->     (WARNING)  X_AD_Form_Access.ImportNow: [56]Not insertedAD_Form_Access
===========>     (SEVERE)   DB.ExecuteQuery: [56] => 23505: duplicate key value violates unique constraint "ad_form_access_pkey"

DETAIL: Detail redacted as it may contain sensitive data. Specify 'Include Error Detail' in the connection string to include this information.
----------->     (WARNING)  DB.ExecuteQuery: [56]DBExecuteError - 23505: duplicate key value violates unique constraint "ad_form_access_pkey"

DETAIL: Detail redacted as it may contain sensitive data. Specify 'Include Error Detail' in the connection string to include this information.
----------->     (WARNING)  X_AD_Form_Access.ImportNow: [56]Not insertedAD_Form_Access
===========>     (SEVERE)   DB.ExecuteQuery: [56] => 23505: duplicate key value violates unique constraint "ad_form_access_pkey"

DETAIL: Detail redacted as it may contain sensitive data. Specify 'Include Error Detail' in the connection string to include this information.
----------->     (WARNING)  DB.ExecuteQuery: [56]DBExecuteError - 23505: duplicate key value violates unique constraint "ad_form_access_pkey"

DETAIL: Detail redacted as it may contain sensitive data. Specify 'Include Error Detail' in the connection string to include this information.
----------->     (WARNING)  X_AD_Form_Access.ImportNow: [56]Not insertedAD_Form_Access
===========>     (SEVERE)   DB.ExecuteQuery: [56] => 23505: duplicate key value violates unique constraint "ad_process_access_pkey"

DETAIL: Detail redacted as it may contain sensitive data. Specify 'Include Error Detail' in the connection string to include this information.
----------->     (WARNING)  DB.ExecuteQuery: [56]DBExecuteError - 23505: duplicate key value violates unique constraint "ad_process_access_pkey"

DETAIL: Detail redacted as it may contain sensitive data. Specify 'Include Error Detail' in the connection string to include this information.
----------->     (WARNING)  X_AD_Process_Access.ImportNow: [56]Not insertedAD_Process_Access
===========>     (SEVERE)   DB.ExecuteQuery: [56] => 23505: duplicate key value violates unique constraint "ad_process_access_pkey"

DETAIL: Detail redacted as it may contain sensitive data. Specify 'Include Error Detail' in the connection string to include this information.
----------->     (WARNING)  DB.ExecuteQuery: [56]DBExecuteError - 23505: duplicate key value violates unique constraint "ad_process_access_pkey"

DETAIL: Detail redacted as it may contain sensitive data. Specify 'Include Error Detail' in the connection string to include this information.
----------->     (WARNING)  X_AD_Process_Access.ImportNow: [56]Not insertedAD_Process_Access
===========>     (SEVERE)   DB.ExecuteQuery: [56] => 23505: duplicate key value violates unique constraint "ad_process_access_pkey"

DETAIL: Detail redacted as it may contain sensitive data. Specify 'Include Error Detail' in the connection string to include this information.
----------->     (WARNING)  DB.ExecuteQuery: [56]DBExecuteError - 23505: duplicate key value violates unique constraint "ad_process_access_pkey"

DETAIL: Detail redacted as it may contain sensitive data. Specify 'Include Error Detail' in the connection string to include this information.
----------->     (WARNING)  X_AD_Process_Access.ImportNow: [56]Not insertedAD_Process_Access
===========>     (SEVERE)   DB.ExecuteQuery: [56] => 23505: duplicate key value violates unique constraint "ad_process_access_pkey"

DETAIL: Detail redacted as it may contain sensitive data. Specify 'Include Error Detail' in the connection string to include this information.
----------->     (WARNING)  DB.ExecuteQuery: [56]DBExecuteError - 23505: duplicate key value violates unique constraint "ad_process_access_pkey"

DETAIL: Detail redacted as it may contain sensitive data. Specify 'Include Error Detail' in the connection string to include this information.
----------->     (WARNING)  X_AD_Process_Access.ImportNow: [56]Not insertedAD_Process_Access
===========>     (SEVERE)   DB.ExecuteQuery: [56] => 23505: duplicate key value violates unique constraint "ad_process_access_pkey"

DETAIL: Detail redacted as it may contain sensitive data. Specify 'Include Error Detail' in the connection string to include this information.
----------->     (WARNING)  DB.ExecuteQuery: [56]DBExecuteError - 23505: duplicate key value violates unique constraint "ad_process_access_pkey"

DETAIL: Detail redacted as it may contain sensitive data. Specify 'Include Error Detail' in the connection string to include this information.
----------->     (WARNING)  X_AD_Process_Access.ImportNow: [56]Not insertedAD_Process_Access
===========>     (SEVERE)   DB.ExecuteQuery: [56] => 23505: duplicate key value violates unique constraint "ad_process_access_pkey"

DETAIL: Detail redacted as it may contain sensitive data. Specify 'Include Error Detail' in the connection string to include this information.
----------->     (WARNING)  DB.ExecuteQuery: [56]DBExecuteError - 23505: duplicate key value violates unique constraint "ad_process_access_pkey"

DETAIL: Detail redacted as it may contain sensitive data. Specify 'Include Error Detail' in the connection string to include this information.
----------->     (WARNING)  X_AD_Process_Access.ImportNow: [56]Not insertedAD_Process_Access
===========>     (SEVERE)   DB.ExecuteQuery: [56] => 23505: duplicate key value violates unique constraint "ad_process_access_pkey"

DETAIL: Detail redacted as it may contain sensitive data. Specify 'Include Error Detail' in the connection string to include this information.
----------->     (WARNING)  DB.ExecuteQuery: [56]DBExecuteError - 23505: duplicate key value violates unique constraint "ad_process_access_pkey"

DETAIL: Detail redacted as it may contain sensitive data. Specify 'Include Error Detail' in the connection string to include this information.
----------->     (WARNING)  X_AD_Process_Access.ImportNow: [56]Not insertedAD_Process_Access
===========>     (SEVERE)   DB.ExecuteQuery: [56] => 23505: duplicate key value violates unique constraint "ad_process_access_pkey"

DETAIL: Detail redacted as it may contain sensitive data. Specify 'Include Error Detail' in the connection string to include this information.
----------->     (WARNING)  DB.ExecuteQuery: [56]DBExecuteError - 23505: duplicate key value violates unique constraint "ad_process_access_pkey"

DETAIL: Detail redacted as it may contain sensitive data. Specify 'Include Error Detail' in the connection string to include this information.
----------->     (WARNING)  X_AD_Process_Access.ImportNow: [56]Not insertedAD_Process_Access
===========>     (SEVERE)   DB.ExecuteQuery: [56] => 23505: duplicate key value violates unique constraint "ad_process_access_pkey"

DETAIL: Detail redacted as it may contain sensitive data. Specify 'Include Error Detail' in the connection string to include this information.
----------->     (WARNING)  DB.ExecuteQuery: [56]DBExecuteError - 23505: duplicate key value violates unique constraint "ad_process_access_pkey"

DETAIL: Detail redacted as it may contain sensitive data. Specify 'Include Error Detail' in the connection string to include this information.
----------->     (WARNING)  X_AD_Process_Access.ImportNow: [56]Not insertedAD_Process_Access
===========>     (SEVERE)   DB.ExecuteQuery: [56] => 23505: duplicate key value violates unique constraint "ad_process_access_pkey"

DETAIL: Detail redacted as it may contain sensitive data. Specify 'Include Error Detail' in the connection string to include this information.
----------->     (WARNING)  DB.ExecuteQuery: [56]DBExecuteError - 23505: duplicate key value violates unique constraint "ad_process_access_pkey"

DETAIL: Detail redacted as it may contain sensitive data. Specify 'Include Error Detail' in the connection string to include this information.
----------->     (WARNING)  X_AD_Process_Access.ImportNow: [56]Not insertedAD_Process_Access
===========>     (SEVERE)   DB.ExecuteQuery: [56] => 23505: duplicate key value violates unique constraint "ad_process_access_pkey"

DETAIL: Detail redacted as it may contain sensitive data. Specify 'Include Error Detail' in the connection string to include this information.
----------->     (WARNING)  DB.ExecuteQuery: [56]DBExecuteError - 23505: duplicate key value violates unique constraint "ad_process_access_pkey"

DETAIL: Detail redacted as it may contain sensitive data. Specify 'Include Error Detail' in the connection string to include this information.
----------->     (WARNING)  X_AD_Process_Access.ImportNow: [56]Not insertedAD_Process_Access
===========>     (SEVERE)   DB.ExecuteQuery: [56] => 23505: duplicate key value violates unique constraint "ad_process_access_pkey"

DETAIL: Detail redacted as it may contain sensitive data. Specify 'Include Error Detail' in the connection string to include this information.
----------->     (WARNING)  DB.ExecuteQuery: [56]DBExecuteError - 23505: duplicate key value violates unique constraint "ad_process_access_pkey"

DETAIL: Detail redacted as it may contain sensitive data. Specify 'Include Error Detail' in the connection string to include this information.
----------->     (WARNING)  X_AD_Process_Access.ImportNow: [56]Not insertedAD_Process_Access
===========>     (SEVERE)   DB.ExecuteQuery: [56] => 23505: duplicate key value violates unique constraint "ad_process_access_pkey"

DETAIL: Detail redacted as it may contain sensitive data. Specify 'Include Error Detail' in the connection string to include this information.
----------->     (WARNING)  DB.ExecuteQuery: [56]DBExecuteError - 23505: duplicate key value violates unique constraint "ad_process_access_pkey"

DETAIL: Detail redacted as it may contain sensitive data. Specify 'Include Error Detail' in the connection string to include this information.
----------->     (WARNING)  X_AD_Process_Access.ImportNow: [56]Not insertedAD_Process_Access
===========>     (SEVERE)   DB.ExecuteQuery: [56] => 23505: duplicate key value violates unique constraint "ad_process_access_pkey"

DETAIL: Detail redacted as it may contain sensitive data. Specify 'Include Error Detail' in the connection string to include this information.
----------->     (WARNING)  DB.ExecuteQuery: [56]DBExecuteError - 23505: duplicate key value violates unique constraint "ad_process_access_pkey"

DETAIL: Detail redacted as it may contain sensitive data. Specify 'Include Error Detail' in the connection string to include this information.
----------->     (WARNING)  X_AD_Process_Access.ImportNow: [56]Not insertedAD_Process_Access
===========>     (SEVERE)   DB.ExecuteQuery: [56] => 23505: duplicate key value violates unique constraint "ad_process_access_pkey"

DETAIL: Detail redacted as it may contain sensitive data. Specify 'Include Error Detail' in the connection string to include this information.
----------->     (WARNING)  DB.ExecuteQuery: [56]DBExecuteError - 23505: duplicate key value violates unique constraint "ad_process_access_pkey"

DETAIL: Detail redacted as it may contain sensitive data. Specify 'Include Error Detail' in the connection string to include this information.
----------->     (WARNING)  X_AD_Process_Access.ImportNow: [56]Not insertedAD_Process_Access
===========>     (SEVERE)   DB.ExecuteQuery: [56] => 23505: duplicate key value violates unique constraint "ad_process_access_pkey"

DETAIL: Detail redacted as it may contain sensitive data. Specify 'Include Error Detail' in the connection string to include this information.
----------->     (WARNING)  DB.ExecuteQuery: [56]DBExecuteError - 23505: duplicate key value violates unique constraint "ad_process_access_pkey"

DETAIL: Detail redacted as it may contain sensitive data. Specify 'Include Error Detail' in the connection string to include this information.
----------->     (WARNING)  X_AD_Process_Access.ImportNow: [56]Not insertedAD_Process_Access
===========>     (SEVERE)   DB.ExecuteQuery: [56] => 23505: duplicate key value violates unique constraint "ad_process_access_pkey"

DETAIL: Detail redacted as it may contain sensitive data. Specify 'Include Error Detail' in the connection string to include this information.
----------->     (WARNING)  DB.ExecuteQuery: [56]DBExecuteError - 23505: duplicate key value violates unique constraint "ad_process_access_pkey"

DETAIL: Detail redacted as it may contain sensitive data. Specify 'Include Error Detail' in the connection string to include this information.
----------->     (WARNING)  X_AD_Process_Access.ImportNow: [56]Not insertedAD_Process_Access
===========>     (SEVERE)   DB.ExecuteQuery: [56] => 23505: duplicate key value violates unique constraint "ad_process_access_pkey"

DETAIL: Detail redacted as it may contain sensitive data. Specify 'Include Error Detail' in the connection string to include this information.
----------->     (WARNING)  DB.ExecuteQuery: [56]DBExecuteError - 23505: duplicate key value violates unique constraint "ad_process_access_pkey"

DETAIL: Detail redacted as it may contain sensitive data. Specify 'Include Error Detail' in the connection string to include this information.
----------->     (WARNING)  X_AD_Process_Access.ImportNow: [56]Not insertedAD_Process_Access
===========>     (SEVERE)   DB.ExecuteQuery: [56] => 23505: duplicate key value violates unique constraint "ad_process_access_pkey"

DETAIL: Detail redacted as it may contain sensitive data. Specify 'Include Error Detail' in the connection string to include this information.
----------->     (WARNING)  DB.ExecuteQuery: [56]DBExecuteError - 23505: duplicate key value violates unique constraint "ad_process_access_pkey"

DETAIL: Detail redacted as it may contain sensitive data. Specify 'Include Error Detail' in the connection string to include this information.
----------->     (WARNING)  X_AD_Process_Access.ImportNow: [56]Not insertedAD_Process_Access
===========>     (SEVERE)   DB.ExecuteQuery: [56] => 23505: duplicate key value violates unique constraint "ad_process_access_pkey"

DETAIL: Detail redacted as it may contain sensitive data. Specify 'Include Error Detail' in the connection string to include this information.
----------->     (WARNING)  DB.ExecuteQuery: [56]DBExecuteError - 23505: duplicate key value violates unique constraint "ad_process_access_pkey"

DETAIL: Detail redacted as it may contain sensitive data. Specify 'Include Error Detail' in the connection string to include this information.
----------->     (WARNING)  X_AD_Process_Access.ImportNow: [56]Not insertedAD_Process_Access
===========>     (SEVERE)   DB.ExecuteQuery: [56] => 23505: duplicate key value violates unique constraint "ad_process_access_pkey"

DETAIL: Detail redacted as it may contain sensitive data. Specify 'Include Error Detail' in the connection string to include this information.
----------->     (WARNING)  DB.ExecuteQuery: [56]DBExecuteError - 23505: duplicate key value violates unique constraint "ad_process_access_pkey"

DETAIL: Detail redacted as it may contain sensitive data. Specify 'Include Error Detail' in the connection string to include this information.
----------->     (WARNING)  X_AD_Process_Access.ImportNow: [56]Not insertedAD_Process_Access
===========>     (SEVERE)   DB.ExecuteQuery: [56] => 23505: duplicate key value violates unique constraint "ad_process_access_pkey"

DETAIL: Detail redacted as it may contain sensitive data. Specify 'Include Error Detail' in the connection string to include this information.
----------->     (WARNING)  DB.ExecuteQuery: [56]DBExecuteError - 23505: duplicate key value violates unique constraint "ad_process_access_pkey"

DETAIL: Detail redacted as it may contain sensitive data. Specify 'Include Error Detail' in the connection string to include this information.
----------->     (WARNING)  X_AD_Process_Access.ImportNow: [56]Not insertedAD_Process_Access
===========>     (SEVERE)   DB.ExecuteQuery: [56] => 23505: duplicate key value violates unique constraint "ad_workflow_access_pkey"

DETAIL: Detail redacted as it may contain sensitive data. Specify 'Include Error Detail' in the connection string to include this information.
----------->     (WARNING)  DB.ExecuteQuery: [56]DBExecuteError - 23505: duplicate key value violates unique constraint "ad_workflow_access_pkey"

DETAIL: Detail redacted as it may contain sensitive data. Specify 'Include Error Detail' in the connection string to include this information.
----------->     (WARNING)  X_AD_Workflow_Access.ImportNow: [56]Not insertedAD_Workflow_Access
===========>     (SEVERE)   DB.ExecuteQuery: [56] => 23505: duplicate key value violates unique constraint "ad_workflow_access_pkey"

DETAIL: Detail redacted as it may contain sensitive data. Specify 'Include Error Detail' in the connection string to include this information.
----------->     (WARNING)  DB.ExecuteQuery: [56]DBExecuteError - 23505: duplicate key value violates unique constraint "ad_workflow_access_pkey"

DETAIL: Detail redacted as it may contain sensitive data. Specify 'Include Error Detail' in the connection string to include this information.
----------->     (WARNING)  X_AD_Workflow_Access.ImportNow: [56]Not insertedAD_Workflow_Access
===========>     (SEVERE)   DB.ExecuteQuery: [56] => 23505: duplicate key value violates unique constraint "ad_process_access_pkey"

DETAIL: Detail redacted as it may contain sensitive data. Specify 'Include Error Detail' in the connection string to include this information.
----------->     (WARNING)  DB.ExecuteQuery: [56]DBExecuteError - 23505: duplicate key value violates unique constraint "ad_process_access_pkey"

DETAIL: Detail redacted as it may contain sensitive data. Specify 'Include Error Detail' in the connection string to include this information.
----------->     (WARNING)  X_AD_Process_Access.ImportNow: [56]Not insertedAD_Process_Access
===========>     (SEVERE)   DB.ExecuteQuery: [56] => 23505: duplicate key value violates unique constraint "ad_process_access_pkey"

DETAIL: Detail redacted as it may contain sensitive data. Specify 'Include Error Detail' in the connection string to include this information.
----------->     (WARNING)  DB.ExecuteQuery: [56]DBExecuteError - 23505: duplicate key value violates unique constraint "ad_process_access_pkey"

DETAIL: Detail redacted as it may contain sensitive data. Specify 'Include Error Detail' in the connection string to include this information.
----------->     (WARNING)  X_AD_Process_Access.ImportNow: [56]Not insertedAD_Process_Access
===========>     (SEVERE)   DB.ExecuteQuery: [56] => 23505: duplicate key value violates unique constraint "ad_process_access_pkey"

DETAIL: Detail redacted as it may contain sensitive data. Specify 'Include Error Detail' in the connection string to include this information.
----------->     (WARNING)  DB.ExecuteQuery: [56]DBExecuteError - 23505: duplicate key value violates unique constraint "ad_process_access_pkey"

DETAIL: Detail redacted as it may contain sensitive data. Specify 'Include Error Detail' in the connection string to include this information.
----------->     (WARNING)  X_AD_Process_Access.ImportNow: [56]Not insertedAD_Process_Access
===========>     (SEVERE)   DB.ExecuteQuery: [56] => 23505: duplicate key value violates unique constraint "ad_process_access_pkey"

DETAIL: Detail redacted as it may contain sensitive data. Specify 'Include Error Detail' in the connection string to include this information.
----------->     (WARNING)  DB.ExecuteQuery: [56]DBExecuteError - 23505: duplicate key value violates unique constraint "ad_process_access_pkey"

DETAIL: Detail redacted as it may contain sensitive data. Specify 'Include Error Detail' in the connection string to include this information.
----------->     (WARNING)  X_AD_Process_Access.ImportNow: [56]Not insertedAD_Process_Access
===========>     (SEVERE)   DB.ExecuteQuery: [56] => 42703: column "binarydata" of relation "ad_message" does not exist

POSITION: 23
----------->     (WARNING)  DB.ExecuteQuery: [56]DBExecuteError - 42703: column "binarydata" of relation "ad_message" does not exist

POSITION: 23
===========>     (SEVERE)   DB.ExecuteQuery: [56] => 23505: duplicate key value violates unique constraint "ad_process_access_pkey"

DETAIL: Detail redacted as it may contain sensitive data. Specify 'Include Error Detail' in the connection string to include this information.
----------->     (WARNING)  DB.ExecuteQuery: [56]DBExecuteError - 23505: duplicate key value violates unique constraint "ad_process_access_pkey"

DETAIL: Detail redacted as it may contain sensitive data. Specify 'Include Error Detail' in the connection string to include this information.
----------->     (WARNING)  X_AD_Process_Access.ImportNow: [56]Not insertedAD_Process_Access
===========>     (SEVERE)   DB.ExecuteQuery: [56] => 23505: duplicate key value violates unique constraint "ad_process_access_pkey"

DETAIL: Detail redacted as it may contain sensitive data. Specify 'Include Error Detail' in the connection string to include this information.
----------->     (WARNING)  DB.ExecuteQuery: [56]DBExecuteError - 23505: duplicate key value violates unique constraint "ad_process_access_pkey"

DETAIL: Detail redacted as it may contain sensitive data. Specify 'Include Error Detail' in the connection string to include this information.
----------->     (WARNING)  X_AD_Process_Access.ImportNow: [56]Not insertedAD_Process_Access
===========>     (SEVERE)   DB.ExecuteQuery: [56] => 23505: duplicate key value violates unique constraint "ad_process_access_pkey"

DETAIL: Detail redacted as it may contain sensitive data. Specify 'Include Error Detail' in the connection string to include this information.
----------->     (WARNING)  DB.ExecuteQuery: [56]DBExecuteError - 23505: duplicate key value violates unique constraint "ad_process_access_pkey"

DETAIL: Detail redacted as it may contain sensitive data. Specify 'Include Error Detail' in the connection string to include this information.
----------->     (WARNING)  X_AD_Process_Access.ImportNow: [56]Not insertedAD_Process_Access
===========>     (SEVERE)   DB.ExecuteQuery: [56] => 23505: duplicate key value violates unique constraint "ad_process_access_pkey"

DETAIL: Detail redacted as it may contain sensitive data. Specify 'Include Error Detail' in the connection string to include this information.
----------->     (WARNING)  DB.ExecuteQuery: [56]DBExecuteError - 23505: duplicate key value violates unique constraint "ad_process_access_pkey"

DETAIL: Detail redacted as it may contain sensitive data. Specify 'Include Error Detail' in the connection string to include this information.
----------->     (WARNING)  X_AD_Process_Access.ImportNow: [56]Not insertedAD_Process_Access
===========>     (SEVERE)   DB.ExecuteQuery: [56] => 23505: duplicate key value violates unique constraint "ad_process_access_pkey"

DETAIL: Detail redacted as it may contain sensitive data. Specify 'Include Error Detail' in the connection string to include this information.
----------->     (WARNING)  DB.ExecuteQuery: [56]DBExecuteError - 23505: duplicate key value violates unique constraint "ad_process_access_pkey"

DETAIL: Detail redacted as it may contain sensitive data. Specify 'Include Error Detail' in the connection string to include this information.
----------->     (WARNING)  X_AD_Process_Access.ImportNow: [56]Not insertedAD_Process_Access
===========>     (SEVERE)   DB.ExecuteQuery: [56] => 23505: duplicate key value violates unique constraint "ad_process_access_pkey"

DETAIL: Detail redacted as it may contain sensitive data. Specify 'Include Error Detail' in the connection string to include this information.
----------->     (WARNING)  DB.ExecuteQuery: [56]DBExecuteError - 23505: duplicate key value violates unique constraint "ad_process_access_pkey"

DETAIL: Detail redacted as it may contain sensitive data. Specify 'Include Error Detail' in the connection string to include this information.
----------->     (WARNING)  X_AD_Process_Access.ImportNow: [56]Not insertedAD_Process_Access
===========>     (SEVERE)   DB.ExecuteQuery: [56] => 0A000: cannot alter type of a column used by a view or rule

DETAIL: Detail redacted as it may contain sensitive data. Specify 'Include Error Detail' in the connection string to include this information.
----------->     (WARNING)  DB.ExecuteQuery: [56]DBExecuteError - 0A000: cannot alter type of a column used by a view or rule

DETAIL: Detail redacted as it may contain sensitive data. Specify 'Include Error Detail' in the connection string to include this information.
===========>     (SEVERE)   DB.ExecuteQuery: [56] => 0A000: cannot alter type of a column used by a view or rule

DETAIL: Detail redacted as it may contain sensitive data. Specify 'Include Error Detail' in the connection string to include this information.
----------->     (WARNING)  DB.ExecuteQuery: [56]DBExecuteError - 0A000: cannot alter type of a column used by a view or rule

DETAIL: Detail redacted as it may contain sensitive data. Specify 'Include Error Detail' in the connection string to include this information.
===========>     (SEVERE)   DB.ExecuteQuery: [56] => 0A000: cannot alter type of a column used by a view or rule

DETAIL: Detail redacted as it may contain sensitive data. Specify 'Include Error Detail' in the connection string to include this information.
----------->     (WARNING)  DB.ExecuteQuery: [56]DBExecuteError - 0A000: cannot alter type of a column used by a view or rule

DETAIL: Detail redacted as it may contain sensitive data. Specify 'Include Error Detail' in the connection string to include this information.
===========>     (SEVERE)   DB.ExecuteQuery: [56] => 0A000: cannot alter type of a column used by a view or rule

DETAIL: Detail redacted as it may contain sensitive data. Specify 'Include Error Detail' in the connection string to include this information.
----------->     (WARNING)  DB.ExecuteQuery: [56]DBExecuteError - 0A000: cannot alter type of a column used by a view or rule

DETAIL: Detail redacted as it may contain sensitive data. Specify 'Include Error Detail' in the connection string to include this information.
===========>     (SEVERE)   DB.ExecuteQuery: [56] => 0A000: cannot alter type of a column used by a view or rule

DETAIL: Detail redacted as it may contain sensitive data. Specify 'Include Error Detail' in the connection string to include this information.
----------->     (WARNING)  DB.ExecuteQuery: [56]DBExecuteError - 0A000: cannot alter type of a column used by a view or rule

DETAIL: Detail redacted as it may contain sensitive data. Specify 'Include Error Detail' in the connection string to include this information.
===========>     (SEVERE)   DB.ExecuteQuery: [56] => 0A000: cannot alter type of a column used by a view or rule

DETAIL: Detail redacted as it may contain sensitive data. Specify 'Include Error Detail' in the connection string to include this information.
----------->     (WARNING)  DB.ExecuteQuery: [56]DBExecuteError - 0A000: cannot alter type of a column used by a view or rule

DETAIL: Detail redacted as it may contain sensitive data. Specify 'Include Error Detail' in the connection string to include this information.
===========>     (SEVERE)   DB.ExecuteQuery: [56] => 0A000: cannot alter type of a column used by a view or rule

DETAIL: Detail redacted as it may contain sensitive data. Specify 'Include Error Detail' in the connection string to include this information.
----------->     (WARNING)  DB.ExecuteQuery: [56]DBExecuteError - 0A000: cannot alter type of a column used by a view or rule

DETAIL: Detail redacted as it may contain sensitive data. Specify 'Include Error Detail' in the connection string to include this information.
===========>     (SEVERE)   DB.ExecuteQuery: [56] => 0A000: cannot alter type of a column used by a view or rule

DETAIL: Detail redacted as it may contain sensitive data. Specify 'Include Error Detail' in the connection string to include this information.
----------->     (WARNING)  DB.ExecuteQuery: [56]DBExecuteError - 0A000: cannot alter type of a column used by a view or rule

DETAIL: Detail redacted as it may contain sensitive data. Specify 'Include Error Detail' in the connection string to include this information.
===========>     (SEVERE)   DB.ExecuteQuery: [56] => 0A000: cannot alter type of a column used by a view or rule

DETAIL: Detail redacted as it may contain sensitive data. Specify 'Include Error Detail' in the connection string to include this information.
----------->     (WARNING)  DB.ExecuteQuery: [56]DBExecuteError - 0A000: cannot alter type of a column used by a view or rule

DETAIL: Detail redacted as it may contain sensitive data. Specify 'Include Error Detail' in the connection string to include this information.
===========>     (SEVERE)   DB.ExecuteQuery: [56] => 0A000: cannot alter type of a column used by a view or rule

DETAIL: Detail redacted as it may contain sensitive data. Specify 'Include Error Detail' in the connection string to include this information.
----------->     (WARNING)  DB.ExecuteQuery: [56]DBExecuteError - 0A000: cannot alter type of a column used by a view or rule

DETAIL: Detail redacted as it may contain sensitive data. Specify 'Include Error Detail' in the connection string to include this information.
===========>     (SEVERE)   DB.ExecuteQuery: [56] => 0A000: cannot alter type of a column used by a view or rule

DETAIL: Detail redacted as it may contain sensitive data. Specify 'Include Error Detail' in the connection string to include this information.
----------->     (WARNING)  DB.ExecuteQuery: [56]DBExecuteError - 0A000: cannot alter type of a column used by a view or rule

DETAIL: Detail redacted as it may contain sensitive data. Specify 'Include Error Detail' in the connection string to include this information.
===========>     (SEVERE)   DB.ExecuteQuery: [56] => 0A000: cannot alter type of a column used by a view or rule

DETAIL: Detail redacted as it may contain sensitive data. Specify 'Include Error Detail' in the connection string to include this information.
----------->     (WARNING)  DB.ExecuteQuery: [56]DBExecuteError - 0A000: cannot alter type of a column used by a view or rule

DETAIL: Detail redacted as it may contain sensitive data. Specify 'Include Error Detail' in the connection string to include this information.
===========>     (SEVERE)   DB.ExecuteQuery: [56] => 0A000: cannot alter type of a column used by a view or rule

DETAIL: Detail redacted as it may contain sensitive data. Specify 'Include Error Detail' in the connection string to include this information.
----------->     (WARNING)  DB.ExecuteQuery: [56]DBExecuteError - 0A000: cannot alter type of a column used by a view or rule

DETAIL: Detail redacted as it may contain sensitive data. Specify 'Include Error Detail' in the connection string to include this information.
===========>     (SEVERE)   DB.ExecuteQuery: [56] => 0A000: cannot alter type of a column used by a view or rule

DETAIL: Detail redacted as it may contain sensitive data. Specify 'Include Error Detail' in the connection string to include this information.
----------->     (WARNING)  DB.ExecuteQuery: [56]DBExecuteError - 0A000: cannot alter type of a column used by a view or rule

DETAIL: Detail redacted as it may contain sensitive data. Specify 'Include Error Detail' in the connection string to include this information.
===========>     (SEVERE)   DB.ExecuteQuery: [56] => 0A000: cannot alter type of a column used by a view or rule

DETAIL: Detail redacted as it may contain sensitive data. Specify 'Include Error Detail' in the connection string to include this information.
----------->     (WARNING)  DB.ExecuteQuery: [56]DBExecuteError - 0A000: cannot alter type of a column used by a view or rule

DETAIL: Detail redacted as it may contain sensitive data. Specify 'Include Error Detail' in the connection string to include this information.
===========>     (SEVERE)   DB.ExecuteQuery: [56] => 0A000: cannot alter type of a column used by a view or rule

DETAIL: Detail redacted as it may contain sensitive data. Specify 'Include Error Detail' in the connection string to include this information.
----------->     (WARNING)  DB.ExecuteQuery: [56]DBExecuteError - 0A000: cannot alter type of a column used by a view or rule

DETAIL: Detail redacted as it may contain sensitive data. Specify 'Include Error Detail' in the connection string to include this information.
===========>     (SEVERE)   DB.ExecuteQuery: [56] => 0A000: cannot alter type of a column used by a view or rule

DETAIL: Detail redacted as it may contain sensitive data. Specify 'Include Error Detail' in the connection string to include this information.
----------->     (WARNING)  DB.ExecuteQuery: [56]DBExecuteError - 0A000: cannot alter type of a column used by a view or rule

DETAIL: Detail redacted as it may contain sensitive data. Specify 'Include Error Detail' in the connection string to include this information.
===========>     (SEVERE)   DB.ExecuteQuery: [56] => 0A000: cannot alter type of a column used by a view or rule

DETAIL: Detail redacted as it may contain sensitive data. Specify 'Include Error Detail' in the connection string to include this information.
----------->     (WARNING)  DB.ExecuteQuery: [56]DBExecuteError - 0A000: cannot alter type of a column used by a view or rule

DETAIL: Detail redacted as it may contain sensitive data. Specify 'Include Error Detail' in the connection string to include this information.
===========>     (SEVERE)   DB.ExecuteQuery: [56] => 0A000: cannot alter type of a column used by a view or rule

DETAIL: Detail redacted as it may contain sensitive data. Specify 'Include Error Detail' in the connection string to include this information.
----------->     (WARNING)  DB.ExecuteQuery: [56]DBExecuteError - 0A000: cannot alter type of a column used by a view or rule

DETAIL: Detail redacted as it may contain sensitive data. Specify 'Include Error Detail' in the connection string to include this information.
===========>     (SEVERE)   DB.ExecuteQuery: [56] => 0A000: cannot alter type of a column used by a view or rule

DETAIL: Detail redacted as it may contain sensitive data. Specify 'Include Error Detail' in the connection string to include this information.
----------->     (WARNING)  DB.ExecuteQuery: [56]DBExecuteError - 0A000: cannot alter type of a column used by a view or rule

DETAIL: Detail redacted as it may contain sensitive data. Specify 'Include Error Detail' in the connection string to include this information.
===========>     (SEVERE)   DB.ExecuteQuery: [56] => 0A000: cannot alter type of a column used by a view or rule

DETAIL: Detail redacted as it may contain sensitive data. Specify 'Include Error Detail' in the connection string to include this information.
----------->     (WARNING)  DB.ExecuteQuery: [56]DBExecuteError - 0A000: cannot alter type of a column used by a view or rule

DETAIL: Detail redacted as it may contain sensitive data. Specify 'Include Error Detail' in the connection string to include this information.
===========>     (SEVERE)   DB.ExecuteQuery: [56] => 0A000: cannot alter type of a column used by a view or rule

DETAIL: Detail redacted as it may contain sensitive data. Specify 'Include Error Detail' in the connection string to include this information.
----------->     (WARNING)  DB.ExecuteQuery: [56]DBExecuteError - 0A000: cannot alter type of a column used by a view or rule

DETAIL: Detail redacted as it may contain sensitive data. Specify 'Include Error Detail' in the connection string to include this information.
09:45:01.451    (INFO)     Env.Reset: [56]finalCall=False
09:45:01.451    (INFO)     CacheMgt.Reset: [56]#20 (5898)
09:45:02.452    (INFO)     Trx.Start: [56]**** VISPRO_ModIns638760303020279550System.Random
09:45:02.452    (INFO)     Trx.Commit: [56]**C** VISPRO_ModIns638760303020279550System.Random
