*** 3/8/2026 8:44:07 AM VAdvantage Log  ***
08:44:07.447    (INFO)     MRole.Get: [27]AD_Role_ID=0, AD_User_ID=100, reload=True
08:44:07.447    (INFO)     MRole.Get: [27]MRole[0,System Administrator,UserLevel=S  ,AD_Client_ID=0,AD_Org_ID=0]
08:44:07.447    (INFO)     MTree.Load: [27]AD_Tree_ID=121, AD_User_ID=100, Editable=False, OnClient=True
===========>     (SEVERE)   MTree.LoadNodes: [27]Nodes w/o parent - adding to root - System.Collections.Generic.List`1[VAdvantage.Classes.VTreeNode]
===========>     (SEVERE)   PostgreHelper.ExecuteDataset: [27]42703: column a.basedon does not exist

POSITION: 183 [Query D] =>SELECT a.*, r.AD_Table_ID 
                       FROM AD_Alert a
                       INNER JOIN AD_AlertRule r ON (a.AD_Alert_ID = r.AD_Alert_ID)
                       WHERE a.BasedOn='E' AND a.IsActive='Y' AND a.IsValid='Y' 
                         AND r.AD_Table_ID = 566
                       AND a.AD_Client_ID=0 AND COALESCE(a.AD_Org_ID,0)=0 ORDER BY a.AD_Client_ID
----------->     (WARNING)  PushNotification.SendNotificationToUser: [27]PushNotif - Module VA074_ is not installed!
08:45:23.452    (INFO)     Trx.Start: [27]**** VISPRO_ModIns639085563233653651System.Random
08:45:23.452    (INFO)     Trx.Commit: [27]**C** VISPRO_ModIns639085563233653651System.Random
===========>     (SEVERE)   DB.ExecuteQuery: [45] => 42601: syntax error at or near "AS"

POSITION: 46
----------->     (WARNING)  DB.ExecuteQuery: [45]DBExecuteError - 42601: syntax error at or near "AS"

POSITION: 46
===========>     (SEVERE)   DB.ExecuteQuery: [45] => 42601: syntax error at or near "FRPT_ALTERSEQCOL"

POSITION: 8
----------->     (WARNING)  DB.ExecuteQuery: [45]DBExecuteError - 42601: syntax error at or near "FRPT_ALTERSEQCOL"

POSITION: 8
===========>     (SEVERE)   DB.ExecuteQuery: [45] => 42P01: view "frpt_acctstmt_v" does not exist
----------->     (WARNING)  DB.ExecuteQuery: [45]DBExecuteError - 42P01: view "frpt_acctstmt_v" does not exist
===========>     (SEVERE)   DB.ExecuteQuery: [45] => 42601: syntax error at or near "AS"

POSITION: 52
----------->     (WARNING)  DB.ExecuteQuery: [45]DBExecuteError - 42601: syntax error at or near "AS"

POSITION: 52
08:47:43.474    (INFO)     MChangeLog.FillChangeLog: [45]#10
===========>     (SEVERE)   PostgreHelper.ExecuteDataset: [45]42703: column a.basedon does not exist

POSITION: 183 [Query D] =>SELECT a.*, r.AD_Table_ID 
                       FROM AD_Alert a
                       INNER JOIN AD_AlertRule r ON (a.AD_Alert_ID = r.AD_Alert_ID)
                       WHERE a.BasedOn='E' AND a.IsActive='Y' AND a.IsValid='Y' 
                         AND r.AD_Table_ID = 116
                       AND a.AD_Client_ID=0 AND COALESCE(a.AD_Org_ID,0)=0 ORDER BY a.AD_Client_ID
===========>     (SEVERE)   DB.ExecuteQuery: [45] => 23505: duplicate key value violates unique constraint "ad_form_access_pkey"

DETAIL: Detail redacted as it may contain sensitive data. Specify 'Include Error Detail' in the connection string to include this information.
----------->     (WARNING)  DB.ExecuteQuery: [45]DBExecuteError - 23505: duplicate key value violates unique constraint "ad_form_access_pkey"

DETAIL: Detail redacted as it may contain sensitive data. Specify 'Include Error Detail' in the connection string to include this information.
----------->     (WARNING)  X_AD_Form_Access.AddWindowToMenu: [45]Not insertedAD_Form_Access
===========>     (SEVERE)   DB.ExecuteQuery: [45] => 23505: duplicate key value violates unique constraint "ad_form_access_pkey"

DETAIL: Detail redacted as it may contain sensitive data. Specify 'Include Error Detail' in the connection string to include this information.
----------->     (WARNING)  DB.ExecuteQuery: [45]DBExecuteError - 23505: duplicate key value violates unique constraint "ad_form_access_pkey"

DETAIL: Detail redacted as it may contain sensitive data. Specify 'Include Error Detail' in the connection string to include this information.
----------->     (WARNING)  X_AD_Form_Access.AddWindowToMenu: [45]Not insertedAD_Form_Access
===========>     (SEVERE)   DB.ExecuteQuery: [45] => 23505: duplicate key value violates unique constraint "ad_form_access_pkey"

DETAIL: Detail redacted as it may contain sensitive data. Specify 'Include Error Detail' in the connection string to include this information.
----------->     (WARNING)  DB.ExecuteQuery: [45]DBExecuteError - 23505: duplicate key value violates unique constraint "ad_form_access_pkey"

DETAIL: Detail redacted as it may contain sensitive data. Specify 'Include Error Detail' in the connection string to include this information.
----------->     (WARNING)  X_AD_Form_Access.AddWindowToMenu: [45]Not insertedAD_Form_Access
===========>     (SEVERE)   DB.ExecuteQuery: [45] => 23505: duplicate key value violates unique constraint "ad_form_access_pkey"

DETAIL: Detail redacted as it may contain sensitive data. Specify 'Include Error Detail' in the connection string to include this information.
----------->     (WARNING)  DB.ExecuteQuery: [45]DBExecuteError - 23505: duplicate key value violates unique constraint "ad_form_access_pkey"

DETAIL: Detail redacted as it may contain sensitive data. Specify 'Include Error Detail' in the connection string to include this information.
----------->     (WARNING)  X_AD_Form_Access.AddWindowToMenu: [45]Not insertedAD_Form_Access
===========>     (SEVERE)   DB.ExecuteQuery: [45] => 23505: duplicate key value violates unique constraint "ad_form_access_pkey"

DETAIL: Detail redacted as it may contain sensitive data. Specify 'Include Error Detail' in the connection string to include this information.
----------->     (WARNING)  DB.ExecuteQuery: [45]DBExecuteError - 23505: duplicate key value violates unique constraint "ad_form_access_pkey"

DETAIL: Detail redacted as it may contain sensitive data. Specify 'Include Error Detail' in the connection string to include this information.
----------->     (WARNING)  X_AD_Form_Access.AddWindowToMenu: [45]Not insertedAD_Form_Access
===========>     (SEVERE)   DB.ExecuteQuery: [45] => 23505: duplicate key value violates unique constraint "ad_form_access_pkey"

DETAIL: Detail redacted as it may contain sensitive data. Specify 'Include Error Detail' in the connection string to include this information.
----------->     (WARNING)  DB.ExecuteQuery: [45]DBExecuteError - 23505: duplicate key value violates unique constraint "ad_form_access_pkey"

DETAIL: Detail redacted as it may contain sensitive data. Specify 'Include Error Detail' in the connection string to include this information.
----------->     (WARNING)  X_AD_Form_Access.AddWindowToMenu: [45]Not insertedAD_Form_Access
===========>     (SEVERE)   DB.ExecuteQuery: [45] => 23505: duplicate key value violates unique constraint "ad_form_access_pkey"

DETAIL: Detail redacted as it may contain sensitive data. Specify 'Include Error Detail' in the connection string to include this information.
----------->     (WARNING)  DB.ExecuteQuery: [45]DBExecuteError - 23505: duplicate key value violates unique constraint "ad_form_access_pkey"

DETAIL: Detail redacted as it may contain sensitive data. Specify 'Include Error Detail' in the connection string to include this information.
----------->     (WARNING)  X_AD_Form_Access.AddWindowToMenu: [45]Not insertedAD_Form_Access
===========>     (SEVERE)   DB.ExecuteQuery: [45] => 23505: duplicate key value violates unique constraint "ad_form_access_pkey"

DETAIL: Detail redacted as it may contain sensitive data. Specify 'Include Error Detail' in the connection string to include this information.
----------->     (WARNING)  DB.ExecuteQuery: [45]DBExecuteError - 23505: duplicate key value violates unique constraint "ad_form_access_pkey"

DETAIL: Detail redacted as it may contain sensitive data. Specify 'Include Error Detail' in the connection string to include this information.
----------->     (WARNING)  X_AD_Form_Access.AddWindowToMenu: [45]Not insertedAD_Form_Access
===========>     (SEVERE)   DB.ExecuteQuery: [45] => 23505: duplicate key value violates unique constraint "ad_form_access_pkey"

DETAIL: Detail redacted as it may contain sensitive data. Specify 'Include Error Detail' in the connection string to include this information.
----------->     (WARNING)  DB.ExecuteQuery: [45]DBExecuteError - 23505: duplicate key value violates unique constraint "ad_form_access_pkey"

DETAIL: Detail redacted as it may contain sensitive data. Specify 'Include Error Detail' in the connection string to include this information.
----------->     (WARNING)  X_AD_Form_Access.AddWindowToMenu: [45]Not insertedAD_Form_Access
===========>     (SEVERE)   DB.ExecuteQuery: [45] => 23505: duplicate key value violates unique constraint "ad_form_access_pkey"

DETAIL: Detail redacted as it may contain sensitive data. Specify 'Include Error Detail' in the connection string to include this information.
----------->     (WARNING)  DB.ExecuteQuery: [45]DBExecuteError - 23505: duplicate key value violates unique constraint "ad_form_access_pkey"

DETAIL: Detail redacted as it may contain sensitive data. Specify 'Include Error Detail' in the connection string to include this information.
----------->     (WARNING)  X_AD_Form_Access.AddWindowToMenu: [45]Not insertedAD_Form_Access
===========>     (SEVERE)   PostgreHelper.ExecuteDataset: [45]42703: column a.basedon does not exist

POSITION: 183 [Query D] =>SELECT a.*, r.AD_Table_ID 
                       FROM AD_Alert a
                       INNER JOIN AD_AlertRule r ON (a.AD_Alert_ID = r.AD_Alert_ID)
                       WHERE a.BasedOn='E' AND a.IsActive='Y' AND a.IsValid='Y' 
                         AND r.AD_Table_ID = 378
                       AND a.AD_Client_ID=0 AND COALESCE(a.AD_Org_ID,0)=0 ORDER BY a.AD_Client_ID
===========>     (SEVERE)   DB.ExecuteQuery: [45] => 23505: duplicate key value violates unique constraint "ad_form_access_pkey"

DETAIL: Detail redacted as it may contain sensitive data. Specify 'Include Error Detail' in the connection string to include this information.
----------->     (WARNING)  DB.ExecuteQuery: [45]DBExecuteError - 23505: duplicate key value violates unique constraint "ad_form_access_pkey"

DETAIL: Detail redacted as it may contain sensitive data. Specify 'Include Error Detail' in the connection string to include this information.
----------->     (WARNING)  X_AD_Form_Access.AddWindowToMenu: [45]Not insertedAD_Form_Access
===========>     (SEVERE)   DB.ExecuteQuery: [45] => 23505: duplicate key value violates unique constraint "ad_form_access_pkey"

DETAIL: Detail redacted as it may contain sensitive data. Specify 'Include Error Detail' in the connection string to include this information.
----------->     (WARNING)  DB.ExecuteQuery: [45]DBExecuteError - 23505: duplicate key value violates unique constraint "ad_form_access_pkey"

DETAIL: Detail redacted as it may contain sensitive data. Specify 'Include Error Detail' in the connection string to include this information.
----------->     (WARNING)  X_AD_Form_Access.AddWindowToMenu: [45]Not insertedAD_Form_Access
===========>     (SEVERE)   PostgreHelper.ExecuteDataset: [45]42703: column a.basedon does not exist

POSITION: 183 [Query D] =>SELECT a.*, r.AD_Table_ID 
                       FROM AD_Alert a
                       INNER JOIN AD_AlertRule r ON (a.AD_Alert_ID = r.AD_Alert_ID)
                       WHERE a.BasedOn='E' AND a.IsActive='Y' AND a.IsValid='Y' 
                         AND r.AD_Table_ID = 201
                       AND a.AD_Client_ID=0 AND COALESCE(a.AD_Org_ID,0)=0 ORDER BY a.AD_Client_ID
===========>     (SEVERE)   PostgreHelper.ExecuteReader: [45]42P01: relation "frpt_group" does not exist

POSITION: 33 [Query DR] SELECT MAX( FRPT_Group_ID) FROM FRPT_Group
===========>     (SEVERE)   PostgreHelper.ExecuteReader: [45]42P01: relation "frpt_group" does not exist

POSITION: 33 [Query DR] SELECT MAX( FRPT_Group_ID) FROM FRPT_Group
===========>     (SEVERE)   DB.GetSQLValue: [45]SELECT MAX( FRPT_Group_ID) FROM FRPT_Group => 42P01: relation "frpt_group" does not exist

POSITION: 33
===========>     (SEVERE)   PostgreHelper.ExecuteDataset: [45]42703: column a.basedon does not exist

POSITION: 183 [Query D] =>SELECT a.*, r.AD_Table_ID 
                       FROM AD_Alert a
                       INNER JOIN AD_AlertRule r ON (a.AD_Alert_ID = r.AD_Alert_ID)
                       WHERE a.BasedOn='E' AND a.IsActive='Y' AND a.IsValid='Y' 
                         AND r.AD_Table_ID = 115
                       AND a.AD_Client_ID=0 AND COALESCE(a.AD_Org_ID,0)=0 ORDER BY a.AD_Client_ID
===========>     (SEVERE)   DB.ExecuteQuery: [45] => 42P01: sequence "frpt_group_seq" does not exist
----------->     (WARNING)  DB.ExecuteQuery: [45]DBExecuteError - 42P01: sequence "frpt_group_seq" does not exist
===========>     (SEVERE)   PostgreHelper.ExecuteReader: [45]42P01: relation "frpt_subgroupline" does not exist

POSITION: 40 [Query DR] SELECT MAX( FRPT_SubGroupLine_ID) FROM FRPT_SubGroupLine
===========>     (SEVERE)   PostgreHelper.ExecuteReader: [45]42P01: relation "frpt_subgroupline" does not exist

POSITION: 40 [Query DR] SELECT MAX( FRPT_SubGroupLine_ID) FROM FRPT_SubGroupLine
===========>     (SEVERE)   DB.GetSQLValue: [45]SELECT MAX( FRPT_SubGroupLine_ID) FROM FRPT_SubGroupLine => 42P01: relation "frpt_subgroupline" does not exist

POSITION: 40
===========>     (SEVERE)   DB.ExecuteQuery: [45] => 42P01: sequence "frpt_subgroupline_seq" does not exist
----------->     (WARNING)  DB.ExecuteQuery: [45]DBExecuteError - 42P01: sequence "frpt_subgroupline_seq" does not exist
===========>     (SEVERE)   PostgreHelper.ExecuteReader: [45]42P01: relation "frpt_subgroup" does not exist

POSITION: 36 [Query DR] SELECT MAX( FRPT_SubGroup_ID) FROM FRPT_SubGroup
===========>     (SEVERE)   PostgreHelper.ExecuteReader: [45]42P01: relation "frpt_subgroup" does not exist

POSITION: 36 [Query DR] SELECT MAX( FRPT_SubGroup_ID) FROM FRPT_SubGroup
===========>     (SEVERE)   DB.GetSQLValue: [45]SELECT MAX( FRPT_SubGroup_ID) FROM FRPT_SubGroup => 42P01: relation "frpt_subgroup" does not exist

POSITION: 36
===========>     (SEVERE)   DB.ExecuteQuery: [45] => 42P01: sequence "frpt_subgroup_seq" does not exist
----------->     (WARNING)  DB.ExecuteQuery: [45]DBExecuteError - 42P01: sequence "frpt_subgroup_seq" does not exist
===========>     (SEVERE)   PostgreHelper.ExecuteReader: [45]42P01: relation "frpt_reportdisplaysetting" does not exist

POSITION: 48 [Query DR] SELECT MAX( FRPT_ReportDisplaySetting_ID) FROM FRPT_ReportDisplaySetting
===========>     (SEVERE)   PostgreHelper.ExecuteReader: [45]42P01: relation "frpt_reportdisplaysetting" does not exist

POSITION: 48 [Query DR] SELECT MAX( FRPT_ReportDisplaySetting_ID) FROM FRPT_ReportDisplaySetting
===========>     (SEVERE)   DB.GetSQLValue: [45]SELECT MAX( FRPT_ReportDisplaySetting_ID) FROM FRPT_ReportDisplaySetting => 42P01: relation "frpt_reportdisplaysetting" does not exist

POSITION: 48
===========>     (SEVERE)   DB.ExecuteQuery: [45] => 42P01: sequence "frpt_reportdisplaysetting_seq" does not exist
----------->     (WARNING)  DB.ExecuteQuery: [45]DBExecuteError - 42P01: sequence "frpt_reportdisplaysetting_seq" does not exist
===========>     (SEVERE)   DB.ExecuteQuery: [45] => 22001: value too long for type character varying(50)
----------->     (WARNING)  DB.ExecuteQuery: [45]DBExecuteError - 22001: value too long for type character varying(50)
===========>     (SEVERE)   DB.ExecuteQuery: [45] => 22001: value too long for type character varying(50)
----------->     (WARNING)  DB.ExecuteQuery: [45]DBExecuteError - 22001: value too long for type character varying(50)
===========>     (SEVERE)   PostgreHelper.ExecuteReader: [45]42P01: relation "frpt_entitycondition" does not exist

POSITION: 43 [Query DR] SELECT MAX( FRPT_EntityCondition_ID) FROM FRPT_EntityCondition
===========>     (SEVERE)   PostgreHelper.ExecuteReader: [45]42P01: relation "frpt_entitycondition" does not exist

POSITION: 43 [Query DR] SELECT MAX( FRPT_EntityCondition_ID) FROM FRPT_EntityCondition
===========>     (SEVERE)   DB.GetSQLValue: [45]SELECT MAX( FRPT_EntityCondition_ID) FROM FRPT_EntityCondition => 42P01: relation "frpt_entitycondition" does not exist

POSITION: 43
===========>     (SEVERE)   DB.ExecuteQuery: [45] => 42P01: sequence "frpt_entitycondition_seq" does not exist
----------->     (WARNING)  DB.ExecuteQuery: [45]DBExecuteError - 42P01: sequence "frpt_entitycondition_seq" does not exist
===========>     (SEVERE)   PostgreHelper.ExecuteReader: [45]42P01: relation "frpt_entity" does not exist

POSITION: 34 [Query DR] SELECT MAX( FRPT_Entity_ID) FROM FRPT_Entity
===========>     (SEVERE)   PostgreHelper.ExecuteReader: [45]42P01: relation "frpt_entity" does not exist

POSITION: 34 [Query DR] SELECT MAX( FRPT_Entity_ID) FROM FRPT_Entity
===========>     (SEVERE)   DB.GetSQLValue: [45]SELECT MAX( FRPT_Entity_ID) FROM FRPT_Entity => 42P01: relation "frpt_entity" does not exist

POSITION: 34
===========>     (SEVERE)   DB.ExecuteQuery: [45] => 42P01: sequence "frpt_entity_seq" does not exist
----------->     (WARNING)  DB.ExecuteQuery: [45]DBExecuteError - 42P01: sequence "frpt_entity_seq" does not exist
===========>     (SEVERE)   PostgreHelper.ExecuteReader: [45]42P01: relation "frpt_bp_customer_acct" does not exist

POSITION: 44 [Query DR] SELECT MAX( FRPT_BP_Customer_Acct_ID) FROM FRPT_BP_Customer_Acct
===========>     (SEVERE)   PostgreHelper.ExecuteReader: [45]42P01: relation "frpt_bp_customer_acct" does not exist

POSITION: 44 [Query DR] SELECT MAX( FRPT_BP_Customer_Acct_ID) FROM FRPT_BP_Customer_Acct
===========>     (SEVERE)   DB.GetSQLValue: [45]SELECT MAX( FRPT_BP_Customer_Acct_ID) FROM FRPT_BP_Customer_Acct => 42P01: relation "frpt_bp_customer_acct" does not exist

POSITION: 44
===========>     (SEVERE)   DB.ExecuteQuery: [45] => 42P01: sequence "frpt_bp_customer_acct_seq" does not exist
----------->     (WARNING)  DB.ExecuteQuery: [45]DBExecuteError - 42P01: sequence "frpt_bp_customer_acct_seq" does not exist
===========>     (SEVERE)   PostgreHelper.ExecuteReader: [45]42P01: relation "frpt_bp_vendor_acct" does not exist

POSITION: 42 [Query DR] SELECT MAX( FRPT_BP_Vendor_Acct_ID) FROM FRPT_BP_Vendor_Acct
===========>     (SEVERE)   PostgreHelper.ExecuteReader: [45]42P01: relation "frpt_bp_vendor_acct" does not exist

POSITION: 42 [Query DR] SELECT MAX( FRPT_BP_Vendor_Acct_ID) FROM FRPT_BP_Vendor_Acct
===========>     (SEVERE)   DB.GetSQLValue: [45]SELECT MAX( FRPT_BP_Vendor_Acct_ID) FROM FRPT_BP_Vendor_Acct => 42P01: relation "frpt_bp_vendor_acct" does not exist

POSITION: 42
===========>     (SEVERE)   DB.ExecuteQuery: [45] => 42P01: sequence "frpt_bp_vendor_acct_seq" does not exist
----------->     (WARNING)  DB.ExecuteQuery: [45]DBExecuteError - 42P01: sequence "frpt_bp_vendor_acct_seq" does not exist
===========>     (SEVERE)   PostgreHelper.ExecuteReader: [45]42P01: relation "frpt_warehouse_acct" does not exist

POSITION: 42 [Query DR] SELECT MAX( FRPT_Warehouse_Acct_ID) FROM FRPT_Warehouse_Acct
===========>     (SEVERE)   PostgreHelper.ExecuteReader: [45]42P01: relation "frpt_warehouse_acct" does not exist

POSITION: 42 [Query DR] SELECT MAX( FRPT_Warehouse_Acct_ID) FROM FRPT_Warehouse_Acct
===========>     (SEVERE)   DB.GetSQLValue: [45]SELECT MAX( FRPT_Warehouse_Acct_ID) FROM FRPT_Warehouse_Acct => 42P01: relation "frpt_warehouse_acct" does not exist

POSITION: 42
===========>     (SEVERE)   DB.ExecuteQuery: [45] => 42P01: sequence "frpt_warehouse_acct_seq" does not exist
----------->     (WARNING)  DB.ExecuteQuery: [45]DBExecuteError - 42P01: sequence "frpt_warehouse_acct_seq" does not exist
===========>     (SEVERE)   PostgreHelper.ExecuteReader: [45]42P01: relation "frpt_bp_group_acct" does not exist

POSITION: 41 [Query DR] SELECT MAX( FRPT_BP_Group_Acct_ID) FROM FRPT_BP_Group_Acct
===========>     (SEVERE)   PostgreHelper.ExecuteReader: [45]42P01: relation "frpt_bp_group_acct" does not exist

POSITION: 41 [Query DR] SELECT MAX( FRPT_BP_Group_Acct_ID) FROM FRPT_BP_Group_Acct
===========>     (SEVERE)   DB.GetSQLValue: [45]SELECT MAX( FRPT_BP_Group_Acct_ID) FROM FRPT_BP_Group_Acct => 42P01: relation "frpt_bp_group_acct" does not exist

POSITION: 41
===========>     (SEVERE)   DB.ExecuteQuery: [45] => 42P01: sequence "frpt_bp_group_acct_seq" does not exist
----------->     (WARNING)  DB.ExecuteQuery: [45]DBExecuteError - 42P01: sequence "frpt_bp_group_acct_seq" does not exist
===========>     (SEVERE)   PostgreHelper.ExecuteDataset: [45]42703: column a.basedon does not exist

POSITION: 183 [Query D] =>SELECT a.*, r.AD_Table_ID 
                       FROM AD_Alert a
                       INNER JOIN AD_AlertRule r ON (a.AD_Alert_ID = r.AD_Alert_ID)
                       WHERE a.BasedOn='E' AND a.IsActive='Y' AND a.IsValid='Y' 
                         AND r.AD_Table_ID = 197
                       AND a.AD_Client_ID=0 AND COALESCE(a.AD_Org_ID,0)=0 ORDER BY a.AD_Client_ID
===========>     (SEVERE)   PostgreHelper.ExecuteReader: [45]42P01: relation "frpt_parameters" does not exist

POSITION: 38 [Query DR] SELECT MAX( FRPT_Parameters_ID) FROM FRPT_Parameters
===========>     (SEVERE)   PostgreHelper.ExecuteReader: [45]42P01: relation "frpt_parameters" does not exist

POSITION: 38 [Query DR] SELECT MAX( FRPT_Parameters_ID) FROM FRPT_Parameters
===========>     (SEVERE)   DB.GetSQLValue: [45]SELECT MAX( FRPT_Parameters_ID) FROM FRPT_Parameters => 42P01: relation "frpt_parameters" does not exist

POSITION: 38
===========>     (SEVERE)   DB.ExecuteQuery: [45] => 42P01: sequence "frpt_parameters_seq" does not exist
----------->     (WARNING)  DB.ExecuteQuery: [45]DBExecuteError - 42P01: sequence "frpt_parameters_seq" does not exist
===========>     (SEVERE)   PostgreHelper.ExecuteReader: [45]42P01: relation "frpt_documenttype" does not exist

POSITION: 40 [Query DR] SELECT MAX( FRPT_DocumentType_ID) FROM FRPT_DocumentType
===========>     (SEVERE)   PostgreHelper.ExecuteReader: [45]42P01: relation "frpt_documenttype" does not exist

POSITION: 40 [Query DR] SELECT MAX( FRPT_DocumentType_ID) FROM FRPT_DocumentType
===========>     (SEVERE)   DB.GetSQLValue: [45]SELECT MAX( FRPT_DocumentType_ID) FROM FRPT_DocumentType => 42P01: relation "frpt_documenttype" does not exist

POSITION: 40
===========>     (SEVERE)   DB.ExecuteQuery: [45] => 42P01: sequence "frpt_documenttype_seq" does not exist
----------->     (WARNING)  DB.ExecuteQuery: [45]DBExecuteError - 42P01: sequence "frpt_documenttype_seq" does not exist
===========>     (SEVERE)   PostgreHelper.ExecuteReader: [45]42P01: relation "frpt_charge_acct" does not exist

POSITION: 39 [Query DR] SELECT MAX( FRPT_Charge_Acct_ID) FROM FRPT_Charge_Acct
===========>     (SEVERE)   PostgreHelper.ExecuteReader: [45]42P01: relation "frpt_charge_acct" does not exist

POSITION: 39 [Query DR] SELECT MAX( FRPT_Charge_Acct_ID) FROM FRPT_Charge_Acct
===========>     (SEVERE)   DB.GetSQLValue: [45]SELECT MAX( FRPT_Charge_Acct_ID) FROM FRPT_Charge_Acct => 42P01: relation "frpt_charge_acct" does not exist

POSITION: 39
===========>     (SEVERE)   DB.ExecuteQuery: [45] => 42P01: sequence "frpt_charge_acct_seq" does not exist
----------->     (WARNING)  DB.ExecuteQuery: [45]DBExecuteError - 42P01: sequence "frpt_charge_acct_seq" does not exist
===========>     (SEVERE)   PostgreHelper.ExecuteReader: [45]42P01: relation "frpt_withholding_acct" does not exist

POSITION: 44 [Query DR] SELECT MAX( FRPT_Withholding_Acct_ID) FROM FRPT_Withholding_Acct
===========>     (SEVERE)   PostgreHelper.ExecuteReader: [45]42P01: relation "frpt_withholding_acct" does not exist

POSITION: 44 [Query DR] SELECT MAX( FRPT_Withholding_Acct_ID) FROM FRPT_Withholding_Acct
===========>     (SEVERE)   DB.GetSQLValue: [45]SELECT MAX( FRPT_Withholding_Acct_ID) FROM FRPT_Withholding_Acct => 42P01: relation "frpt_withholding_acct" does not exist

POSITION: 44
===========>     (SEVERE)   DB.ExecuteQuery: [45] => 42P01: sequence "frpt_withholding_acct_seq" does not exist
----------->     (WARNING)  DB.ExecuteQuery: [45]DBExecuteError - 42P01: sequence "frpt_withholding_acct_seq" does not exist
===========>     (SEVERE)   PostgreHelper.ExecuteReader: [45]42P01: relation "frpt_bp_employee_acct" does not exist

POSITION: 44 [Query DR] SELECT MAX( FRPT_BP_Employee_Acct_ID) FROM FRPT_BP_Employee_Acct
===========>     (SEVERE)   PostgreHelper.ExecuteReader: [45]42P01: relation "frpt_bp_employee_acct" does not exist

POSITION: 44 [Query DR] SELECT MAX( FRPT_BP_Employee_Acct_ID) FROM FRPT_BP_Employee_Acct
===========>     (SEVERE)   DB.GetSQLValue: [45]SELECT MAX( FRPT_BP_Employee_Acct_ID) FROM FRPT_BP_Employee_Acct => 42P01: relation "frpt_bp_employee_acct" does not exist

POSITION: 44
===========>     (SEVERE)   DB.ExecuteQuery: [45] => 42P01: sequence "frpt_bp_employee_acct_seq" does not exist
----------->     (WARNING)  DB.ExecuteQuery: [45]DBExecuteError - 42P01: sequence "frpt_bp_employee_acct_seq" does not exist
===========>     (SEVERE)   PostgreHelper.ExecuteReader: [45]42P01: relation "frpt_project_acct" does not exist

POSITION: 40 [Query DR] SELECT MAX( FRPT_Project_Acct_ID) FROM FRPT_Project_Acct
===========>     (SEVERE)   PostgreHelper.ExecuteReader: [45]42P01: relation "frpt_project_acct" does not exist

POSITION: 40 [Query DR] SELECT MAX( FRPT_Project_Acct_ID) FROM FRPT_Project_Acct
===========>     (SEVERE)   DB.GetSQLValue: [45]SELECT MAX( FRPT_Project_Acct_ID) FROM FRPT_Project_Acct => 42P01: relation "frpt_project_acct" does not exist

POSITION: 40
===========>     (SEVERE)   DB.ExecuteQuery: [45] => 42P01: sequence "frpt_project_acct_seq" does not exist
----------->     (WARNING)  DB.ExecuteQuery: [45]DBExecuteError - 42P01: sequence "frpt_project_acct_seq" does not exist
===========>     (SEVERE)   PostgreHelper.ExecuteReader: [45]42P01: relation "frpt_product_acct" does not exist

POSITION: 40 [Query DR] SELECT MAX( FRPT_Product_Acct_ID) FROM FRPT_Product_Acct
===========>     (SEVERE)   PostgreHelper.ExecuteReader: [45]42P01: relation "frpt_product_acct" does not exist

POSITION: 40 [Query DR] SELECT MAX( FRPT_Product_Acct_ID) FROM FRPT_Product_Acct
===========>     (SEVERE)   DB.GetSQLValue: [45]SELECT MAX( FRPT_Product_Acct_ID) FROM FRPT_Product_Acct => 42P01: relation "frpt_product_acct" does not exist

POSITION: 40
===========>     (SEVERE)   DB.ExecuteQuery: [45] => 42P01: sequence "frpt_product_acct_seq" does not exist
----------->     (WARNING)  DB.ExecuteQuery: [45]DBExecuteError - 42P01: sequence "frpt_product_acct_seq" does not exist
===========>     (SEVERE)   PostgreHelper.ExecuteReader: [45]42P01: relation "frpt_acctschema_default" does not exist

POSITION: 46 [Query DR] SELECT MAX( FRPT_AcctSchema_Default_ID) FROM FRPT_AcctSchema_Default
===========>     (SEVERE)   PostgreHelper.ExecuteReader: [45]42P01: relation "frpt_acctschema_default" does not exist

POSITION: 46 [Query DR] SELECT MAX( FRPT_AcctSchema_Default_ID) FROM FRPT_AcctSchema_Default
===========>     (SEVERE)   DB.GetSQLValue: [45]SELECT MAX( FRPT_AcctSchema_Default_ID) FROM FRPT_AcctSchema_Default => 42P01: relation "frpt_acctschema_default" does not exist

POSITION: 46
===========>     (SEVERE)   DB.ExecuteQuery: [45] => 42P01: sequence "frpt_acctschema_default_seq" does not exist
----------->     (WARNING)  DB.ExecuteQuery: [45]DBExecuteError - 42P01: sequence "frpt_acctschema_default_seq" does not exist
===========>     (SEVERE)   PostgreHelper.ExecuteReader: [45]42P01: relation "frpt_assignedorg" does not exist

POSITION: 39 [Query DR] SELECT MAX( FRPT_AssignedOrg_ID) FROM FRPT_AssignedOrg
===========>     (SEVERE)   PostgreHelper.ExecuteReader: [45]42P01: relation "frpt_assignedorg" does not exist

POSITION: 39 [Query DR] SELECT MAX( FRPT_AssignedOrg_ID) FROM FRPT_AssignedOrg
===========>     (SEVERE)   DB.GetSQLValue: [45]SELECT MAX( FRPT_AssignedOrg_ID) FROM FRPT_AssignedOrg => 42P01: relation "frpt_assignedorg" does not exist

POSITION: 39
===========>     (SEVERE)   DB.ExecuteQuery: [45] => 42P01: sequence "frpt_assignedorg_seq" does not exist
----------->     (WARNING)  DB.ExecuteQuery: [45]DBExecuteError - 42P01: sequence "frpt_assignedorg_seq" does not exist
===========>     (SEVERE)   PostgreHelper.ExecuteReader: [45]42P01: relation "frpt_defaultaccreports" does not exist

POSITION: 45 [Query DR] SELECT MAX( FRPT_DefaultAccReports_ID) FROM FRPT_DefaultAccReports
===========>     (SEVERE)   PostgreHelper.ExecuteReader: [45]42P01: relation "frpt_defaultaccreports" does not exist

POSITION: 45 [Query DR] SELECT MAX( FRPT_DefaultAccReports_ID) FROM FRPT_DefaultAccReports
===========>     (SEVERE)   DB.GetSQLValue: [45]SELECT MAX( FRPT_DefaultAccReports_ID) FROM FRPT_DefaultAccReports => 42P01: relation "frpt_defaultaccreports" does not exist

POSITION: 45
===========>     (SEVERE)   DB.ExecuteQuery: [45] => 42P01: sequence "frpt_defaultaccreports_seq" does not exist
----------->     (WARNING)  DB.ExecuteQuery: [45]DBExecuteError - 42P01: sequence "frpt_defaultaccreports_seq" does not exist
===========>     (SEVERE)   PostgreHelper.ExecuteReader: [45]42P01: relation "frpt_report" does not exist

POSITION: 34 [Query DR] SELECT MAX( FRPT_Report_ID) FROM FRPT_Report
===========>     (SEVERE)   PostgreHelper.ExecuteReader: [45]42P01: relation "frpt_report" does not exist

POSITION: 34 [Query DR] SELECT MAX( FRPT_Report_ID) FROM FRPT_Report
===========>     (SEVERE)   DB.GetSQLValue: [45]SELECT MAX( FRPT_Report_ID) FROM FRPT_Report => 42P01: relation "frpt_report" does not exist

POSITION: 34
===========>     (SEVERE)   DB.ExecuteQuery: [45] => 42P01: sequence "frpt_report_seq" does not exist
----------->     (WARNING)  DB.ExecuteQuery: [45]DBExecuteError - 42P01: sequence "frpt_report_seq" does not exist
===========>     (SEVERE)   PostgreHelper.ExecuteReader: [45]42P01: relation "frpt_intercompanysetup" does not exist

POSITION: 45 [Query DR] SELECT MAX( FRPT_IntercompanySetup_ID) FROM FRPT_IntercompanySetup
===========>     (SEVERE)   PostgreHelper.ExecuteReader: [45]42P01: relation "frpt_intercompanysetup" does not exist

POSITION: 45 [Query DR] SELECT MAX( FRPT_IntercompanySetup_ID) FROM FRPT_IntercompanySetup
===========>     (SEVERE)   DB.GetSQLValue: [45]SELECT MAX( FRPT_IntercompanySetup_ID) FROM FRPT_IntercompanySetup => 42P01: relation "frpt_intercompanysetup" does not exist

POSITION: 45
===========>     (SEVERE)   DB.ExecuteQuery: [45] => 42P01: sequence "frpt_intercompanysetup_seq" does not exist
----------->     (WARNING)  DB.ExecuteQuery: [45]DBExecuteError - 42P01: sequence "frpt_intercompanysetup_seq" does not exist
===========>     (SEVERE)   PostgreHelper.ExecuteReader: [45]42P01: relation "frpt_periodgroup" does not exist

POSITION: 39 [Query DR] SELECT MAX( FRPT_PeriodGroup_ID) FROM FRPT_PeriodGroup
===========>     (SEVERE)   PostgreHelper.ExecuteReader: [45]42P01: relation "frpt_periodgroup" does not exist

POSITION: 39 [Query DR] SELECT MAX( FRPT_PeriodGroup_ID) FROM FRPT_PeriodGroup
===========>     (SEVERE)   DB.GetSQLValue: [45]SELECT MAX( FRPT_PeriodGroup_ID) FROM FRPT_PeriodGroup => 42P01: relation "frpt_periodgroup" does not exist

POSITION: 39
===========>     (SEVERE)   DB.ExecuteQuery: [45] => 42P01: sequence "frpt_periodgroup_seq" does not exist
----------->     (WARNING)  DB.ExecuteQuery: [45]DBExecuteError - 42P01: sequence "frpt_periodgroup_seq" does not exist
===========>     (SEVERE)   PostgreHelper.ExecuteReader: [45]42P01: relation "frpt_periodtype" does not exist

POSITION: 38 [Query DR] SELECT MAX( FRPT_PeriodType_ID) FROM FRPT_PeriodType
===========>     (SEVERE)   PostgreHelper.ExecuteReader: [45]42P01: relation "frpt_periodtype" does not exist

POSITION: 38 [Query DR] SELECT MAX( FRPT_PeriodType_ID) FROM FRPT_PeriodType
===========>     (SEVERE)   DB.GetSQLValue: [45]SELECT MAX( FRPT_PeriodType_ID) FROM FRPT_PeriodType => 42P01: relation "frpt_periodtype" does not exist

POSITION: 38
===========>     (SEVERE)   DB.ExecuteQuery: [45] => 42P01: sequence "frpt_periodtype_seq" does not exist
----------->     (WARNING)  DB.ExecuteQuery: [45]DBExecuteError - 42P01: sequence "frpt_periodtype_seq" does not exist
===========>     (SEVERE)   PostgreHelper.ExecuteReader: [45]42P01: relation "frpt_acctdefault" does not exist

POSITION: 39 [Query DR] SELECT MAX( FRPT_AcctDefault_ID) FROM FRPT_AcctDefault
===========>     (SEVERE)   PostgreHelper.ExecuteReader: [45]42P01: relation "frpt_acctdefault" does not exist

POSITION: 39 [Query DR] SELECT MAX( FRPT_AcctDefault_ID) FROM FRPT_AcctDefault
===========>     (SEVERE)   DB.GetSQLValue: [45]SELECT MAX( FRPT_AcctDefault_ID) FROM FRPT_AcctDefault => 42P01: relation "frpt_acctdefault" does not exist

POSITION: 39
===========>     (SEVERE)   DB.ExecuteQuery: [45] => 42P01: sequence "frpt_acctdefault_seq" does not exist
----------->     (WARNING)  DB.ExecuteQuery: [45]DBExecuteError - 42P01: sequence "frpt_acctdefault_seq" does not exist
===========>     (SEVERE)   PostgreHelper.ExecuteReader: [45]42P01: relation "frpt_locentity_postcon" does not exist

POSITION: 45 [Query DR] SELECT MAX( FRPT_LocEntity_PostCon_ID) FROM FRPT_LocEntity_PostCon
===========>     (SEVERE)   PostgreHelper.ExecuteReader: [45]42P01: relation "frpt_locentity_postcon" does not exist

POSITION: 45 [Query DR] SELECT MAX( FRPT_LocEntity_PostCon_ID) FROM FRPT_LocEntity_PostCon
===========>     (SEVERE)   DB.GetSQLValue: [45]SELECT MAX( FRPT_LocEntity_PostCon_ID) FROM FRPT_LocEntity_PostCon => 42P01: relation "frpt_locentity_postcon" does not exist

POSITION: 45
===========>     (SEVERE)   DB.ExecuteQuery: [45] => 42P01: sequence "frpt_locentity_postcon_seq" does not exist
----------->     (WARNING)  DB.ExecuteQuery: [45]DBExecuteError - 42P01: sequence "frpt_locentity_postcon_seq" does not exist
===========>     (SEVERE)   PostgreHelper.ExecuteReader: [45]42P01: relation "frpt_locposting_rule" does not exist

POSITION: 43 [Query DR] SELECT MAX( FRPT_LocPosting_Rule_ID) FROM FRPT_LocPosting_Rule
===========>     (SEVERE)   PostgreHelper.ExecuteReader: [45]42P01: relation "frpt_locposting_rule" does not exist

POSITION: 43 [Query DR] SELECT MAX( FRPT_LocPosting_Rule_ID) FROM FRPT_LocPosting_Rule
===========>     (SEVERE)   DB.GetSQLValue: [45]SELECT MAX( FRPT_LocPosting_Rule_ID) FROM FRPT_LocPosting_Rule => 42P01: relation "frpt_locposting_rule" does not exist

POSITION: 43
===========>     (SEVERE)   DB.ExecuteQuery: [45] => 42P01: sequence "frpt_locposting_rule_seq" does not exist
----------->     (WARNING)  DB.ExecuteQuery: [45]DBExecuteError - 42P01: sequence "frpt_locposting_rule_seq" does not exist
===========>     (SEVERE)   PostgreHelper.ExecuteReader: [45]42P01: relation "frpt_locposting_entity" does not exist

POSITION: 45 [Query DR] SELECT MAX( FRPT_LocPosting_Entity_ID) FROM FRPT_LocPosting_Entity
===========>     (SEVERE)   PostgreHelper.ExecuteReader: [45]42P01: relation "frpt_locposting_entity" does not exist

POSITION: 45 [Query DR] SELECT MAX( FRPT_LocPosting_Entity_ID) FROM FRPT_LocPosting_Entity
===========>     (SEVERE)   DB.GetSQLValue: [45]SELECT MAX( FRPT_LocPosting_Entity_ID) FROM FRPT_LocPosting_Entity => 42P01: relation "frpt_locposting_entity" does not exist

POSITION: 45
===========>     (SEVERE)   DB.ExecuteQuery: [45] => 42P01: sequence "frpt_locposting_entity_seq" does not exist
----------->     (WARNING)  DB.ExecuteQuery: [45]DBExecuteError - 42P01: sequence "frpt_locposting_entity_seq" does not exist
===========>     (SEVERE)   PostgreHelper.ExecuteReader: [45]42P01: relation "frpt_locentity_postinglogic" does not exist

POSITION: 50 [Query DR] SELECT MAX( FRPT_LocEntity_PostingLogic_ID) FROM FRPT_LocEntity_PostingLogic
===========>     (SEVERE)   PostgreHelper.ExecuteReader: [45]42P01: relation "frpt_locentity_postinglogic" does not exist

POSITION: 50 [Query DR] SELECT MAX( FRPT_LocEntity_PostingLogic_ID) FROM FRPT_LocEntity_PostingLogic
===========>     (SEVERE)   DB.GetSQLValue: [45]SELECT MAX( FRPT_LocEntity_PostingLogic_ID) FROM FRPT_LocEntity_PostingLogic => 42P01: relation "frpt_locentity_postinglogic" does not exist

POSITION: 50
===========>     (SEVERE)   DB.ExecuteQuery: [45] => 42P01: sequence "frpt_locentity_postinglogic_seq" does not exist
----------->     (WARNING)  DB.ExecuteQuery: [45]DBExecuteError - 42P01: sequence "frpt_locentity_postinglogic_seq" does not exist
===========>     (SEVERE)   PostgreHelper.ExecuteReader: [45]42P01: relation "frpt_post_acctfilter" does not exist

POSITION: 43 [Query DR] SELECT MAX( FRPT_Post_AcctFilter_ID) FROM FRPT_Post_AcctFilter
===========>     (SEVERE)   PostgreHelper.ExecuteReader: [45]42P01: relation "frpt_post_acctfilter" does not exist

POSITION: 43 [Query DR] SELECT MAX( FRPT_Post_AcctFilter_ID) FROM FRPT_Post_AcctFilter
===========>     (SEVERE)   DB.GetSQLValue: [45]SELECT MAX( FRPT_Post_AcctFilter_ID) FROM FRPT_Post_AcctFilter => 42P01: relation "frpt_post_acctfilter" does not exist

POSITION: 43
===========>     (SEVERE)   DB.ExecuteQuery: [45] => 42P01: sequence "frpt_post_acctfilter_seq" does not exist
----------->     (WARNING)  DB.ExecuteQuery: [45]DBExecuteError - 42P01: sequence "frpt_post_acctfilter_seq" does not exist
===========>     (SEVERE)   PostgreHelper.ExecuteReader: [45]42P01: relation "frpt_locacct" does not exist

POSITION: 35 [Query DR] SELECT MAX( FRPT_LocAcct_ID) FROM FRPT_LocAcct
===========>     (SEVERE)   PostgreHelper.ExecuteReader: [45]42P01: relation "frpt_locacct" does not exist

POSITION: 35 [Query DR] SELECT MAX( FRPT_LocAcct_ID) FROM FRPT_LocAcct
===========>     (SEVERE)   DB.GetSQLValue: [45]SELECT MAX( FRPT_LocAcct_ID) FROM FRPT_LocAcct => 42P01: relation "frpt_locacct" does not exist

POSITION: 35
===========>     (SEVERE)   DB.ExecuteQuery: [45] => 42P01: sequence "frpt_locacct_seq" does not exist
----------->     (WARNING)  DB.ExecuteQuery: [45]DBExecuteError - 42P01: sequence "frpt_locacct_seq" does not exist
===========>     (SEVERE)   PostgreHelper.ExecuteReader: [45]42P01: relation "frpt_locposting_tab" does not exist

POSITION: 42 [Query DR] SELECT MAX( FRPT_LocPosting_Tab_ID) FROM FRPT_LocPosting_Tab
===========>     (SEVERE)   PostgreHelper.ExecuteReader: [45]42P01: relation "frpt_locposting_tab" does not exist

POSITION: 42 [Query DR] SELECT MAX( FRPT_LocPosting_Tab_ID) FROM FRPT_LocPosting_Tab
===========>     (SEVERE)   DB.GetSQLValue: [45]SELECT MAX( FRPT_LocPosting_Tab_ID) FROM FRPT_LocPosting_Tab => 42P01: relation "frpt_locposting_tab" does not exist

POSITION: 42
===========>     (SEVERE)   DB.ExecuteQuery: [45] => 42P01: sequence "frpt_locposting_tab_seq" does not exist
----------->     (WARNING)  DB.ExecuteQuery: [45]DBExecuteError - 42P01: sequence "frpt_locposting_tab_seq" does not exist
===========>     (SEVERE)   PostgreHelper.ExecuteReader: [45]42P01: relation "frpt_postinglogic_element" does not exist

POSITION: 48 [Query DR] SELECT MAX( FRPT_PostingLogic_Element_ID) FROM FRPT_PostingLogic_Element
===========>     (SEVERE)   PostgreHelper.ExecuteReader: [45]42P01: relation "frpt_postinglogic_element" does not exist

POSITION: 48 [Query DR] SELECT MAX( FRPT_PostingLogic_Element_ID) FROM FRPT_PostingLogic_Element
===========>     (SEVERE)   DB.GetSQLValue: [45]SELECT MAX( FRPT_PostingLogic_Element_ID) FROM FRPT_PostingLogic_Element => 42P01: relation "frpt_postinglogic_element" does not exist

POSITION: 48
===========>     (SEVERE)   DB.ExecuteQuery: [45] => 42P01: sequence "frpt_postinglogic_element_seq" does not exist
----------->     (WARNING)  DB.ExecuteQuery: [45]DBExecuteError - 42P01: sequence "frpt_postinglogic_element_seq" does not exist
===========>     (SEVERE)   PostgreHelper.ExecuteReader: [45]42P01: relation "frpt_taxrate_acct" does not exist

POSITION: 40 [Query DR] SELECT MAX( FRPT_TaxRate_Acct_ID) FROM FRPT_TaxRate_Acct
===========>     (SEVERE)   PostgreHelper.ExecuteReader: [45]42P01: relation "frpt_taxrate_acct" does not exist

POSITION: 40 [Query DR] SELECT MAX( FRPT_TaxRate_Acct_ID) FROM FRPT_TaxRate_Acct
===========>     (SEVERE)   DB.GetSQLValue: [45]SELECT MAX( FRPT_TaxRate_Acct_ID) FROM FRPT_TaxRate_Acct => 42P01: relation "frpt_taxrate_acct" does not exist

POSITION: 40
===========>     (SEVERE)   DB.ExecuteQuery: [45] => 42P01: sequence "frpt_taxrate_acct_seq" does not exist
----------->     (WARNING)  DB.ExecuteQuery: [45]DBExecuteError - 42P01: sequence "frpt_taxrate_acct_seq" does not exist
===========>     (SEVERE)   PostgreHelper.ExecuteReader: [45]42P01: relation "frpt_cashbook_acct" does not exist

POSITION: 41 [Query DR] SELECT MAX( FRPT_Cashbook_Acct_ID) FROM FRPT_Cashbook_Acct
===========>     (SEVERE)   PostgreHelper.ExecuteReader: [45]42P01: relation "frpt_cashbook_acct" does not exist

POSITION: 41 [Query DR] SELECT MAX( FRPT_Cashbook_Acct_ID) FROM FRPT_Cashbook_Acct
===========>     (SEVERE)   DB.GetSQLValue: [45]SELECT MAX( FRPT_Cashbook_Acct_ID) FROM FRPT_Cashbook_Acct => 42P01: relation "frpt_cashbook_acct" does not exist

POSITION: 41
===========>     (SEVERE)   DB.ExecuteQuery: [45] => 42P01: sequence "frpt_cashbook_acct_seq" does not exist
----------->     (WARNING)  DB.ExecuteQuery: [45]DBExecuteError - 42P01: sequence "frpt_cashbook_acct_seq" does not exist
===========>     (SEVERE)   PostgreHelper.ExecuteReader: [45]42P01: relation "frpt_product_category_acct" does not exist

POSITION: 49 [Query DR] SELECT MAX( FRPT_Product_Category_Acct_ID) FROM FRPT_Product_Category_Acct
===========>     (SEVERE)   PostgreHelper.ExecuteReader: [45]42P01: relation "frpt_product_category_acct" does not exist

POSITION: 49 [Query DR] SELECT MAX( FRPT_Product_Category_Acct_ID) FROM FRPT_Product_Category_Acct
===========>     (SEVERE)   DB.GetSQLValue: [45]SELECT MAX( FRPT_Product_Category_Acct_ID) FROM FRPT_Product_Category_Acct => 42P01: relation "frpt_product_category_acct" does not exist

POSITION: 49
===========>     (SEVERE)   DB.ExecuteQuery: [45] => 42P01: sequence "frpt_product_category_acct_seq" does not exist
----------->     (WARNING)  DB.ExecuteQuery: [45]DBExecuteError - 42P01: sequence "frpt_product_category_acct_seq" does not exist
===========>     (SEVERE)   PostgreHelper.ExecuteReader: [45]42P01: relation "frpt_bankaccount_acct" does not exist

POSITION: 44 [Query DR] SELECT MAX( FRPT_BankAccount_Acct_ID) FROM FRPT_BankAccount_Acct
===========>     (SEVERE)   PostgreHelper.ExecuteReader: [45]42P01: relation "frpt_bankaccount_acct" does not exist

POSITION: 44 [Query DR] SELECT MAX( FRPT_BankAccount_Acct_ID) FROM FRPT_BankAccount_Acct
===========>     (SEVERE)   DB.GetSQLValue: [45]SELECT MAX( FRPT_BankAccount_Acct_ID) FROM FRPT_BankAccount_Acct => 42P01: relation "frpt_bankaccount_acct" does not exist

POSITION: 44
===========>     (SEVERE)   DB.ExecuteQuery: [45] => 42P01: sequence "frpt_bankaccount_acct_seq" does not exist
----------->     (WARNING)  DB.ExecuteQuery: [45]DBExecuteError - 42P01: sequence "frpt_bankaccount_acct_seq" does not exist
===========>     (SEVERE)   PostgreHelper.ExecuteReader: [45]42P01: relation "vamfg_m_workcenter_acct" does not exist

POSITION: 46 [Query DR] SELECT MAX( VAMFG_M_WorkCenter_Acct_ID) FROM VAMFG_M_WorkCenter_Acct
===========>     (SEVERE)   PostgreHelper.ExecuteReader: [45]42P01: relation "vamfg_m_workcenter_acct" does not exist

POSITION: 46 [Query DR] SELECT MAX( VAMFG_M_WorkCenter_Acct_ID) FROM VAMFG_M_WorkCenter_Acct
===========>     (SEVERE)   DB.GetSQLValue: [45]SELECT MAX( VAMFG_M_WorkCenter_Acct_ID) FROM VAMFG_M_WorkCenter_Acct => 42P01: relation "vamfg_m_workcenter_acct" does not exist

POSITION: 46
===========>     (SEVERE)   DB.ExecuteQuery: [45] => 42P01: sequence "vamfg_m_workcenter_acct_seq" does not exist
----------->     (WARNING)  DB.ExecuteQuery: [45]DBExecuteError - 42P01: sequence "vamfg_m_workcenter_acct_seq" does not exist
===========>     (SEVERE)   PostgreHelper.ExecuteReader: [45]42P01: relation "frpt_workcenter_acct" does not exist

POSITION: 43 [Query DR] SELECT MAX( FRPT_WorkCenter_Acct_ID) FROM FRPT_WorkCenter_Acct
===========>     (SEVERE)   PostgreHelper.ExecuteReader: [45]42P01: relation "frpt_workcenter_acct" does not exist

POSITION: 43 [Query DR] SELECT MAX( FRPT_WorkCenter_Acct_ID) FROM FRPT_WorkCenter_Acct
===========>     (SEVERE)   DB.GetSQLValue: [45]SELECT MAX( FRPT_WorkCenter_Acct_ID) FROM FRPT_WorkCenter_Acct => 42P01: relation "frpt_workcenter_acct" does not exist

POSITION: 43
===========>     (SEVERE)   DB.ExecuteQuery: [45] => 42P01: sequence "frpt_workcenter_acct_seq" does not exist
----------->     (WARNING)  DB.ExecuteQuery: [45]DBExecuteError - 42P01: sequence "frpt_workcenter_acct_seq" does not exist
===========>     (SEVERE)   PostgreHelper.ExecuteReader: [45]42P01: relation "frpt_workorderclass_acct" does not exist

POSITION: 47 [Query DR] SELECT MAX( FRPT_WorkOrderClass_Acct_ID) FROM FRPT_WorkOrderClass_Acct
===========>     (SEVERE)   PostgreHelper.ExecuteReader: [45]42P01: relation "frpt_workorderclass_acct" does not exist

POSITION: 47 [Query DR] SELECT MAX( FRPT_WorkOrderClass_Acct_ID) FROM FRPT_WorkOrderClass_Acct
===========>     (SEVERE)   DB.GetSQLValue: [45]SELECT MAX( FRPT_WorkOrderClass_Acct_ID) FROM FRPT_WorkOrderClass_Acct => 42P01: relation "frpt_workorderclass_acct" does not exist

POSITION: 47
===========>     (SEVERE)   DB.ExecuteQuery: [45] => 42P01: sequence "frpt_workorderclass_acct_seq" does not exist
----------->     (WARNING)  DB.ExecuteQuery: [45]DBExecuteError - 42P01: sequence "frpt_workorderclass_acct_seq" does not exist
===========>     (SEVERE)   PostgreHelper.ExecuteReader: [45]42P01: relation "vamfg_m_workorderclass_acct" does not exist

POSITION: 50 [Query DR] SELECT MAX( VAMFG_M_WorkOrderClass_Acct_ID) FROM VAMFG_M_WorkOrderClass_Acct
===========>     (SEVERE)   PostgreHelper.ExecuteReader: [45]42P01: relation "vamfg_m_workorderclass_acct" does not exist

POSITION: 50 [Query DR] SELECT MAX( VAMFG_M_WorkOrderClass_Acct_ID) FROM VAMFG_M_WorkOrderClass_Acct
===========>     (SEVERE)   DB.GetSQLValue: [45]SELECT MAX( VAMFG_M_WorkOrderClass_Acct_ID) FROM VAMFG_M_WorkOrderClass_Acct => 42P01: relation "vamfg_m_workorderclass_acct" does not exist

POSITION: 50
===========>     (SEVERE)   DB.ExecuteQuery: [45] => 42P01: sequence "vamfg_m_workorderclass_acct_seq" does not exist
----------->     (WARNING)  DB.ExecuteQuery: [45]DBExecuteError - 42P01: sequence "vamfg_m_workorderclass_acct_seq" does not exist
===========>     (SEVERE)   DB.ExecuteQuery: [45] => 22001: value too long for type character varying(50)
----------->     (WARNING)  DB.ExecuteQuery: [45]DBExecuteError - 22001: value too long for type character varying(50)
===========>     (SEVERE)   DB.ExecuteQuery: [45] => VISDBERRORCOLUMN: AD_TABLE_ID,COLUMNNAME
----------->     (WARNING)  DB.ExecuteQuery: [45]DBExecuteError - VISDBERRORCOLUMN: AD_TABLE_ID,COLUMNNAME
===========>     (SEVERE)   DB.ExecuteQuery: [45] => VISDBERRORCOLUMN: AD_TABLE_ID,COLUMNNAME
----------->     (WARNING)  DB.ExecuteQuery: [45]DBExecuteError - VISDBERRORCOLUMN: AD_TABLE_ID,COLUMNNAME
===========>     (SEVERE)   DB.ExecuteQuery: [45] => VISDBERRORCOLUMN: AD_TABLE_ID,COLUMNNAME
----------->     (WARNING)  DB.ExecuteQuery: [45]DBExecuteError - VISDBERRORCOLUMN: AD_TABLE_ID,COLUMNNAME
===========>     (SEVERE)   DB.ExecuteQuery: [45] => VISDBERRORCOLUMN: AD_TABLE_ID,COLUMNNAME
----------->     (WARNING)  DB.ExecuteQuery: [45]DBExecuteError - VISDBERRORCOLUMN: AD_TABLE_ID,COLUMNNAME
===========>     (SEVERE)   DB.ExecuteQuery: [45] => VISDBERRORCOLUMN: AD_TABLE_ID,COLUMNNAME
----------->     (WARNING)  DB.ExecuteQuery: [45]DBExecuteError - VISDBERRORCOLUMN: AD_TABLE_ID,COLUMNNAME
===========>     (SEVERE)   DB.ExecuteQuery: [45] => VISDBERRORCOLUMN: AD_TABLE_ID,COLUMNNAME
----------->     (WARNING)  DB.ExecuteQuery: [45]DBExecuteError - VISDBERRORCOLUMN: AD_TABLE_ID,COLUMNNAME
===========>     (SEVERE)   DB.ExecuteQuery: [45] => VISDBERRORCOLUMN: AD_TABLE_ID,COLUMNNAME
----------->     (WARNING)  DB.ExecuteQuery: [45]DBExecuteError - VISDBERRORCOLUMN: AD_TABLE_ID,COLUMNNAME
===========>     (SEVERE)   DB.ExecuteQuery: [45] => VISDBERRORCOLUMN: AD_TABLE_ID,COLUMNNAME
----------->     (WARNING)  DB.ExecuteQuery: [45]DBExecuteError - VISDBERRORCOLUMN: AD_TABLE_ID,COLUMNNAME
===========>     (SEVERE)   DB.ExecuteQuery: [45] => VISDBERRORCOLUMN: AD_TABLE_ID,COLUMNNAME
----------->     (WARNING)  DB.ExecuteQuery: [45]DBExecuteError - VISDBERRORCOLUMN: AD_TABLE_ID,COLUMNNAME
===========>     (SEVERE)   PostgreHelper.ExecuteReader: [45]42P01: relation "frpt_revenuerecognition_acct" does not exist

POSITION: 51 [Query DR] SELECT MAX( FRPT_RevenueRecognition_Acct_ID) FROM FRPT_RevenueRecognition_Acct
===========>     (SEVERE)   PostgreHelper.ExecuteReader: [45]42P01: relation "frpt_revenuerecognition_acct" does not exist

POSITION: 51 [Query DR] SELECT MAX( FRPT_RevenueRecognition_Acct_ID) FROM FRPT_RevenueRecognition_Acct
===========>     (SEVERE)   DB.GetSQLValue: [45]SELECT MAX( FRPT_RevenueRecognition_Acct_ID) FROM FRPT_RevenueRecognition_Acct => 42P01: relation "frpt_revenuerecognition_acct" does not exist

POSITION: 51
===========>     (SEVERE)   DB.ExecuteQuery: [45] => 42P01: sequence "frpt_revenuerecognition_acct_seq" does not exist
----------->     (WARNING)  DB.ExecuteQuery: [45]DBExecuteError - 42P01: sequence "frpt_revenuerecognition_acct_seq" does not exist
===========>     (SEVERE)   PostgreHelper.ExecuteReader: [45]42P01: relation "frpt_formula" does not exist

POSITION: 35 [Query DR] SELECT MAX( FRPT_Formula_ID) FROM FRPT_Formula
===========>     (SEVERE)   PostgreHelper.ExecuteReader: [45]42P01: relation "frpt_formula" does not exist

POSITION: 35 [Query DR] SELECT MAX( FRPT_Formula_ID) FROM FRPT_Formula
===========>     (SEVERE)   DB.GetSQLValue: [45]SELECT MAX( FRPT_Formula_ID) FROM FRPT_Formula => 42P01: relation "frpt_formula" does not exist

POSITION: 35
===========>     (SEVERE)   DB.ExecuteQuery: [45] => 42P01: sequence "frpt_formula_seq" does not exist
----------->     (WARNING)  DB.ExecuteQuery: [45]DBExecuteError - 42P01: sequence "frpt_formula_seq" does not exist
===========>     (SEVERE)   PostgreHelper.ExecuteReader: [45]42P01: relation "frpt_reportsubgroup" does not exist

POSITION: 42 [Query DR] SELECT MAX( FRPT_ReportSubGroup_ID) FROM FRPT_ReportSubGroup
===========>     (SEVERE)   PostgreHelper.ExecuteReader: [45]42P01: relation "frpt_reportsubgroup" does not exist

POSITION: 42 [Query DR] SELECT MAX( FRPT_ReportSubGroup_ID) FROM FRPT_ReportSubGroup
===========>     (SEVERE)   DB.GetSQLValue: [45]SELECT MAX( FRPT_ReportSubGroup_ID) FROM FRPT_ReportSubGroup => 42P01: relation "frpt_reportsubgroup" does not exist

POSITION: 42
===========>     (SEVERE)   DB.ExecuteQuery: [45] => 42P01: sequence "frpt_reportsubgroup_seq" does not exist
----------->     (WARNING)  DB.ExecuteQuery: [45]DBExecuteError - 42P01: sequence "frpt_reportsubgroup_seq" does not exist
===========>     (SEVERE)   PostgreHelper.ExecuteReader: [45]42P01: relation "frpt_reportheader" does not exist

POSITION: 40 [Query DR] SELECT MAX( FRPT_ReportHeader_ID) FROM FRPT_ReportHeader
===========>     (SEVERE)   PostgreHelper.ExecuteReader: [45]42P01: relation "frpt_reportheader" does not exist

POSITION: 40 [Query DR] SELECT MAX( FRPT_ReportHeader_ID) FROM FRPT_ReportHeader
===========>     (SEVERE)   DB.GetSQLValue: [45]SELECT MAX( FRPT_ReportHeader_ID) FROM FRPT_ReportHeader => 42P01: relation "frpt_reportheader" does not exist

POSITION: 40
===========>     (SEVERE)   DB.ExecuteQuery: [45] => 42P01: sequence "frpt_reportheader_seq" does not exist
----------->     (WARNING)  DB.ExecuteQuery: [45]DBExecuteError - 42P01: sequence "frpt_reportheader_seq" does not exist
===========>     (SEVERE)   PostgreHelper.ExecuteReader: [45]42P01: relation "frpt_reportline" does not exist

POSITION: 38 [Query DR] SELECT MAX( FRPT_ReportLine_ID) FROM FRPT_ReportLine
===========>     (SEVERE)   PostgreHelper.ExecuteReader: [45]42P01: relation "frpt_reportline" does not exist

POSITION: 38 [Query DR] SELECT MAX( FRPT_ReportLine_ID) FROM FRPT_ReportLine
===========>     (SEVERE)   DB.GetSQLValue: [45]SELECT MAX( FRPT_ReportLine_ID) FROM FRPT_ReportLine => 42P01: relation "frpt_reportline" does not exist

POSITION: 38
===========>     (SEVERE)   DB.ExecuteQuery: [45] => 42P01: sequence "frpt_reportline_seq" does not exist
----------->     (WARNING)  DB.ExecuteQuery: [45]DBExecuteError - 42P01: sequence "frpt_reportline_seq" does not exist
===========>     (SEVERE)   PostgreHelper.ExecuteReader: [45]42P01: relation "frpt_asset_group_acct" does not exist

POSITION: 44 [Query DR] SELECT MAX( FRPT_Asset_Group_Acct_ID) FROM FRPT_Asset_Group_Acct
===========>     (SEVERE)   PostgreHelper.ExecuteReader: [45]42P01: relation "frpt_asset_group_acct" does not exist

POSITION: 44 [Query DR] SELECT MAX( FRPT_Asset_Group_Acct_ID) FROM FRPT_Asset_Group_Acct
===========>     (SEVERE)   DB.GetSQLValue: [45]SELECT MAX( FRPT_Asset_Group_Acct_ID) FROM FRPT_Asset_Group_Acct => 42P01: relation "frpt_asset_group_acct" does not exist

POSITION: 44
===========>     (SEVERE)   DB.ExecuteQuery: [45] => 42P01: sequence "frpt_asset_group_acct_seq" does not exist
----------->     (WARNING)  DB.ExecuteQuery: [45]DBExecuteError - 42P01: sequence "frpt_asset_group_acct_seq" does not exist
===========>     (SEVERE)   PostgreHelper.ExecuteReader: [45]42P01: relation "va028_journal_v" does not exist

POSITION: 38 [Query DR] SELECT MAX( VA028_Journal_V_ID) FROM VA028_Journal_V
===========>     (SEVERE)   PostgreHelper.ExecuteReader: [45]42P01: relation "va028_journal_v" does not exist

POSITION: 38 [Query DR] SELECT MAX( VA028_Journal_V_ID) FROM VA028_Journal_V
===========>     (SEVERE)   DB.GetSQLValue: [45]SELECT MAX( VA028_Journal_V_ID) FROM VA028_Journal_V => 42P01: relation "va028_journal_v" does not exist

POSITION: 38
===========>     (SEVERE)   DB.ExecuteQuery: [45] => 42P01: sequence "va028_journal_v_seq" does not exist
----------->     (WARNING)  DB.ExecuteQuery: [45]DBExecuteError - 42P01: sequence "va028_journal_v_seq" does not exist
===========>     (SEVERE)   PostgreHelper.ExecuteReader: [45]42P01: relation "va028_journalline_v" does not exist

POSITION: 42 [Query DR] SELECT MAX( VA028_JournalLine_V_ID) FROM VA028_JournalLine_V
===========>     (SEVERE)   PostgreHelper.ExecuteReader: [45]42P01: relation "va028_journalline_v" does not exist

POSITION: 42 [Query DR] SELECT MAX( VA028_JournalLine_V_ID) FROM VA028_JournalLine_V
===========>     (SEVERE)   DB.GetSQLValue: [45]SELECT MAX( VA028_JournalLine_V_ID) FROM VA028_JournalLine_V => 42P01: relation "va028_journalline_v" does not exist

POSITION: 42
===========>     (SEVERE)   DB.ExecuteQuery: [45] => 42P01: sequence "va028_journalline_v_seq" does not exist
----------->     (WARNING)  DB.ExecuteQuery: [45]DBExecuteError - 42P01: sequence "va028_journalline_v_seq" does not exist
===========>     (SEVERE)   PostgreHelper.ExecuteReader: [45]42P01: relation "frpt_asset_acct" does not exist

POSITION: 38 [Query DR] SELECT MAX( FRPT_Asset_Acct_ID) FROM FRPT_Asset_Acct
===========>     (SEVERE)   PostgreHelper.ExecuteReader: [45]42P01: relation "frpt_asset_acct" does not exist

POSITION: 38 [Query DR] SELECT MAX( FRPT_Asset_Acct_ID) FROM FRPT_Asset_Acct
===========>     (SEVERE)   DB.GetSQLValue: [45]SELECT MAX( FRPT_Asset_Acct_ID) FROM FRPT_Asset_Acct => 42P01: relation "frpt_asset_acct" does not exist

POSITION: 38
===========>     (SEVERE)   DB.ExecuteQuery: [45] => 42P01: sequence "frpt_asset_acct_seq" does not exist
----------->     (WARNING)  DB.ExecuteQuery: [45]DBExecuteError - 42P01: sequence "frpt_asset_acct_seq" does not exist
===========>     (SEVERE)   PostgreHelper.ExecuteReader: [45]42P01: relation "frpt_rlpostingtype" does not exist

POSITION: 41 [Query DR] SELECT MAX( FRPT_RLPostingType_ID) FROM FRPT_RLPostingType
===========>     (SEVERE)   PostgreHelper.ExecuteReader: [45]42P01: relation "frpt_rlpostingtype" does not exist

POSITION: 41 [Query DR] SELECT MAX( FRPT_RLPostingType_ID) FROM FRPT_RLPostingType
===========>     (SEVERE)   DB.GetSQLValue: [45]SELECT MAX( FRPT_RLPostingType_ID) FROM FRPT_RLPostingType => 42P01: relation "frpt_rlpostingtype" does not exist

POSITION: 41
===========>     (SEVERE)   DB.ExecuteQuery: [45] => 42P01: sequence "frpt_rlpostingtype_seq" does not exist
----------->     (WARNING)  DB.ExecuteQuery: [45]DBExecuteError - 42P01: sequence "frpt_rlpostingtype_seq" does not exist
===========>     (SEVERE)   DB.ExecuteQuery: [45] => 23503: insert or update on table "ad_cardview" violates foreign key constraint "fk1000565_1014191"

DETAIL: Detail redacted as it may contain sensitive data. Specify 'Include Error Detail' in the connection string to include this information.
----------->     (WARNING)  DB.ExecuteQuery: [45]DBExecuteError - 23503: insert or update on table "ad_cardview" violates foreign key constraint "fk1000565_1014191"

DETAIL: Detail redacted as it may contain sensitive data. Specify 'Include Error Detail' in the connection string to include this information.
===========>     (SEVERE)   DB.ExecuteQuery: [45] => 23503: insert or update on table "ad_cardview" violates foreign key constraint "fk1000565_1014191"

DETAIL: Detail redacted as it may contain sensitive data. Specify 'Include Error Detail' in the connection string to include this information.
----------->     (WARNING)  DB.ExecuteQuery: [45]DBExecuteError - 23503: insert or update on table "ad_cardview" violates foreign key constraint "fk1000565_1014191"

DETAIL: Detail redacted as it may contain sensitive data. Specify 'Include Error Detail' in the connection string to include this information.
===========>     (SEVERE)   DB.ExecuteQuery: [45] => 23503: insert or update on table "ad_cardview" violates foreign key constraint "fk1000565_1014191"

DETAIL: Detail redacted as it may contain sensitive data. Specify 'Include Error Detail' in the connection string to include this information.
----------->     (WARNING)  DB.ExecuteQuery: [45]DBExecuteError - 23503: insert or update on table "ad_cardview" violates foreign key constraint "fk1000565_1014191"

DETAIL: Detail redacted as it may contain sensitive data. Specify 'Include Error Detail' in the connection string to include this information.
===========>     (SEVERE)   DB.ExecuteQuery: [45] => 23503: insert or update on table "ad_cardview" violates foreign key constraint "fk1000565_1014191"

DETAIL: Detail redacted as it may contain sensitive data. Specify 'Include Error Detail' in the connection string to include this information.
----------->     (WARNING)  DB.ExecuteQuery: [45]DBExecuteError - 23503: insert or update on table "ad_cardview" violates foreign key constraint "fk1000565_1014191"

DETAIL: Detail redacted as it may contain sensitive data. Specify 'Include Error Detail' in the connection string to include this information.
===========>     (SEVERE)   DB.ExecuteQuery: [45] => 23505: duplicate key value violates unique constraint "gridlayout_unique"

DETAIL: Detail redacted as it may contain sensitive data. Specify 'Include Error Detail' in the connection string to include this information.
----------->     (WARNING)  DB.ExecuteQuery: [45]DBExecuteError - 23505: duplicate key value violates unique constraint "gridlayout_unique"

DETAIL: Detail redacted as it may contain sensitive data. Specify 'Include Error Detail' in the connection string to include this information.
===========>     (SEVERE)   DB.ExecuteQuery: [45] => 23503: insert or update on table "ad_gridlayoutitems" violates foreign key constraint "fk1000753_1018761"

DETAIL: Detail redacted as it may contain sensitive data. Specify 'Include Error Detail' in the connection string to include this information.
----------->     (WARNING)  DB.ExecuteQuery: [45]DBExecuteError - 23503: insert or update on table "ad_gridlayoutitems" violates foreign key constraint "fk1000753_1018761"

DETAIL: Detail redacted as it may contain sensitive data. Specify 'Include Error Detail' in the connection string to include this information.
===========>     (SEVERE)   DB.ExecuteQuery: [45] => 23503: insert or update on table "ad_gridlayoutitems" violates foreign key constraint "fk1000753_1018761"

DETAIL: Detail redacted as it may contain sensitive data. Specify 'Include Error Detail' in the connection string to include this information.
----------->     (WARNING)  DB.ExecuteQuery: [45]DBExecuteError - 23503: insert or update on table "ad_gridlayoutitems" violates foreign key constraint "fk1000753_1018761"

DETAIL: Detail redacted as it may contain sensitive data. Specify 'Include Error Detail' in the connection string to include this information.
===========>     (SEVERE)   DB.ExecuteQuery: [45] => 23505: duplicate key value violates unique constraint "gridlayout_unique"

DETAIL: Detail redacted as it may contain sensitive data. Specify 'Include Error Detail' in the connection string to include this information.
----------->     (WARNING)  DB.ExecuteQuery: [45]DBExecuteError - 23505: duplicate key value violates unique constraint "gridlayout_unique"

DETAIL: Detail redacted as it may contain sensitive data. Specify 'Include Error Detail' in the connection string to include this information.
===========>     (SEVERE)   DB.ExecuteQuery: [45] => 23503: insert or update on table "ad_gridlayoutitems" violates foreign key constraint "fk1000753_1018761"

DETAIL: Detail redacted as it may contain sensitive data. Specify 'Include Error Detail' in the connection string to include this information.
----------->     (WARNING)  DB.ExecuteQuery: [45]DBExecuteError - 23503: insert or update on table "ad_gridlayoutitems" violates foreign key constraint "fk1000753_1018761"

DETAIL: Detail redacted as it may contain sensitive data. Specify 'Include Error Detail' in the connection string to include this information.
===========>     (SEVERE)   DB.ExecuteQuery: [45] => 23503: insert or update on table "ad_gridlayoutitems" violates foreign key constraint "fk1000753_1018761"

DETAIL: Detail redacted as it may contain sensitive data. Specify 'Include Error Detail' in the connection string to include this information.
----------->     (WARNING)  DB.ExecuteQuery: [45]DBExecuteError - 23503: insert or update on table "ad_gridlayoutitems" violates foreign key constraint "fk1000753_1018761"

DETAIL: Detail redacted as it may contain sensitive data. Specify 'Include Error Detail' in the connection string to include this information.
===========>     (SEVERE)   PostgreHelper.ExecuteReader: [45]42P01: relation "vamfg_m_workorderclass" does not exist

POSITION: 45 [Query DR] SELECT MAX( VAMFG_M_WorkOrderClass_ID) FROM VAMFG_M_WorkOrderClass
===========>     (SEVERE)   PostgreHelper.ExecuteReader: [45]42P01: relation "vamfg_m_workorderclass" does not exist

POSITION: 45 [Query DR] SELECT MAX( VAMFG_M_WorkOrderClass_ID) FROM VAMFG_M_WorkOrderClass
===========>     (SEVERE)   DB.GetSQLValue: [45]SELECT MAX( VAMFG_M_WorkOrderClass_ID) FROM VAMFG_M_WorkOrderClass => 42P01: relation "vamfg_m_workorderclass" does not exist

POSITION: 45
===========>     (SEVERE)   DB.ExecuteQuery: [45] => 42P01: sequence "vamfg_m_workorderclass_seq" does not exist
----------->     (WARNING)  DB.ExecuteQuery: [45]DBExecuteError - 42P01: sequence "vamfg_m_workorderclass_seq" does not exist
===========>     (SEVERE)   DB.ExecuteQuery: [45] => 23505: duplicate key value violates unique constraint "ad_process_access_pkey"

DETAIL: Detail redacted as it may contain sensitive data. Specify 'Include Error Detail' in the connection string to include this information.
----------->     (WARNING)  DB.ExecuteQuery: [45]DBExecuteError - 23505: duplicate key value violates unique constraint "ad_process_access_pkey"

DETAIL: Detail redacted as it may contain sensitive data. Specify 'Include Error Detail' in the connection string to include this information.
----------->     (WARNING)  X_AD_Process_Access.AddWindowToMenu: [45]Not insertedAD_Process_Access
===========>     (SEVERE)   DB.ExecuteQuery: [45] => 23505: duplicate key value violates unique constraint "ad_process_access_pkey"

DETAIL: Detail redacted as it may contain sensitive data. Specify 'Include Error Detail' in the connection string to include this information.
----------->     (WARNING)  DB.ExecuteQuery: [45]DBExecuteError - 23505: duplicate key value violates unique constraint "ad_process_access_pkey"

DETAIL: Detail redacted as it may contain sensitive data. Specify 'Include Error Detail' in the connection string to include this information.
----------->     (WARNING)  X_AD_Process_Access.AddWindowToMenu: [45]Not insertedAD_Process_Access
===========>     (SEVERE)   DB.ExecuteQuery: [45] => 23505: duplicate key value violates unique constraint "ad_process_access_pkey"

DETAIL: Detail redacted as it may contain sensitive data. Specify 'Include Error Detail' in the connection string to include this information.
----------->     (WARNING)  DB.ExecuteQuery: [45]DBExecuteError - 23505: duplicate key value violates unique constraint "ad_process_access_pkey"

DETAIL: Detail redacted as it may contain sensitive data. Specify 'Include Error Detail' in the connection string to include this information.
----------->     (WARNING)  X_AD_Process_Access.AddWindowToMenu: [45]Not insertedAD_Process_Access
===========>     (SEVERE)   DB.ExecuteQuery: [45] => 23505: duplicate key value violates unique constraint "ad_process_access_pkey"

DETAIL: Detail redacted as it may contain sensitive data. Specify 'Include Error Detail' in the connection string to include this information.
----------->     (WARNING)  DB.ExecuteQuery: [45]DBExecuteError - 23505: duplicate key value violates unique constraint "ad_process_access_pkey"

DETAIL: Detail redacted as it may contain sensitive data. Specify 'Include Error Detail' in the connection string to include this information.
----------->     (WARNING)  X_AD_Process_Access.AddWindowToMenu: [45]Not insertedAD_Process_Access
===========>     (SEVERE)   DB.ExecuteQuery: [45] => 23505: duplicate key value violates unique constraint "ad_process_access_pkey"

DETAIL: Detail redacted as it may contain sensitive data. Specify 'Include Error Detail' in the connection string to include this information.
----------->     (WARNING)  DB.ExecuteQuery: [45]DBExecuteError - 23505: duplicate key value violates unique constraint "ad_process_access_pkey"

DETAIL: Detail redacted as it may contain sensitive data. Specify 'Include Error Detail' in the connection string to include this information.
----------->     (WARNING)  X_AD_Process_Access.AddWindowToMenu: [45]Not insertedAD_Process_Access
===========>     (SEVERE)   DB.ExecuteQuery: [45] => 23505: duplicate key value violates unique constraint "ad_process_access_pkey"

DETAIL: Detail redacted as it may contain sensitive data. Specify 'Include Error Detail' in the connection string to include this information.
----------->     (WARNING)  DB.ExecuteQuery: [45]DBExecuteError - 23505: duplicate key value violates unique constraint "ad_process_access_pkey"

DETAIL: Detail redacted as it may contain sensitive data. Specify 'Include Error Detail' in the connection string to include this information.
----------->     (WARNING)  X_AD_Process_Access.AddWindowToMenu: [45]Not insertedAD_Process_Access
===========>     (SEVERE)   PostgreHelper.ExecuteReader: [45]42P01: relation "frpt_outstandingamt_v" does not exist

POSITION: 44 [Query DR] SELECT MAX( FRPT_OUTSTANDINGAMT_V_ID) FROM FRPT_OUTSTANDINGAMT_V
===========>     (SEVERE)   PostgreHelper.ExecuteReader: [45]42P01: relation "frpt_outstandingamt_v" does not exist

POSITION: 44 [Query DR] SELECT MAX( FRPT_OUTSTANDINGAMT_V_ID) FROM FRPT_OUTSTANDINGAMT_V
===========>     (SEVERE)   DB.GetSQLValue: [45]SELECT MAX( FRPT_OUTSTANDINGAMT_V_ID) FROM FRPT_OUTSTANDINGAMT_V => 42P01: relation "frpt_outstandingamt_v" does not exist

POSITION: 44
===========>     (SEVERE)   DB.ExecuteQuery: [45] => 42P01: sequence "frpt_outstandingamt_v_seq" does not exist
----------->     (WARNING)  DB.ExecuteQuery: [45]DBExecuteError - 42P01: sequence "frpt_outstandingamt_v_seq" does not exist
===========>     (SEVERE)   PostgreHelper.ExecuteReader: [45]42P01: relation "frpt_acctstmt_v" does not exist

POSITION: 38 [Query DR] SELECT MAX( FRPT_ACCTSTMT_V_ID) FROM FRPT_ACCTSTMT_V
===========>     (SEVERE)   PostgreHelper.ExecuteReader: [45]42P01: relation "frpt_acctstmt_v" does not exist

POSITION: 38 [Query DR] SELECT MAX( FRPT_ACCTSTMT_V_ID) FROM FRPT_ACCTSTMT_V
===========>     (SEVERE)   DB.GetSQLValue: [45]SELECT MAX( FRPT_ACCTSTMT_V_ID) FROM FRPT_ACCTSTMT_V => 42P01: relation "frpt_acctstmt_v" does not exist

POSITION: 38
===========>     (SEVERE)   DB.ExecuteQuery: [45] => 42P01: sequence "frpt_acctstmt_v_seq" does not exist
----------->     (WARNING)  DB.ExecuteQuery: [45]DBExecuteError - 42P01: sequence "frpt_acctstmt_v_seq" does not exist
===========>     (SEVERE)   DB.ExecuteQuery: [45] => 23505: duplicate key value violates unique constraint "ad_process_access_pkey"

DETAIL: Detail redacted as it may contain sensitive data. Specify 'Include Error Detail' in the connection string to include this information.
----------->     (WARNING)  DB.ExecuteQuery: [45]DBExecuteError - 23505: duplicate key value violates unique constraint "ad_process_access_pkey"

DETAIL: Detail redacted as it may contain sensitive data. Specify 'Include Error Detail' in the connection string to include this information.
----------->     (WARNING)  X_AD_Process_Access.AddWindowToMenu: [45]Not insertedAD_Process_Access
===========>     (SEVERE)   DB.ExecuteQuery: [45] => 23505: duplicate key value violates unique constraint "ad_process_access_pkey"

DETAIL: Detail redacted as it may contain sensitive data. Specify 'Include Error Detail' in the connection string to include this information.
----------->     (WARNING)  DB.ExecuteQuery: [45]DBExecuteError - 23505: duplicate key value violates unique constraint "ad_process_access_pkey"

DETAIL: Detail redacted as it may contain sensitive data. Specify 'Include Error Detail' in the connection string to include this information.
----------->     (WARNING)  X_AD_Process_Access.AddWindowToMenu: [45]Not insertedAD_Process_Access
===========>     (SEVERE)   PostgreHelper.ExecuteReader: [45]42P01: relation "frpt_chartofaccount_v" does not exist

POSITION: 44 [Query DR] SELECT MAX( FRPT_ChartOfAccount_V_ID) FROM FRPT_ChartOfAccount_V
===========>     (SEVERE)   PostgreHelper.ExecuteReader: [45]42P01: relation "frpt_chartofaccount_v" does not exist

POSITION: 44 [Query DR] SELECT MAX( FRPT_ChartOfAccount_V_ID) FROM FRPT_ChartOfAccount_V
===========>     (SEVERE)   DB.GetSQLValue: [45]SELECT MAX( FRPT_ChartOfAccount_V_ID) FROM FRPT_ChartOfAccount_V => 42P01: relation "frpt_chartofaccount_v" does not exist

POSITION: 44
===========>     (SEVERE)   DB.ExecuteQuery: [45] => 42P01: sequence "frpt_chartofaccount_v_seq" does not exist
----------->     (WARNING)  DB.ExecuteQuery: [45]DBExecuteError - 42P01: sequence "frpt_chartofaccount_v_seq" does not exist
===========>     (SEVERE)   DB.ExecuteQuery: [45] => 23505: duplicate key value violates unique constraint "ad_process_access_pkey"

DETAIL: Detail redacted as it may contain sensitive data. Specify 'Include Error Detail' in the connection string to include this information.
----------->     (WARNING)  DB.ExecuteQuery: [45]DBExecuteError - 23505: duplicate key value violates unique constraint "ad_process_access_pkey"

DETAIL: Detail redacted as it may contain sensitive data. Specify 'Include Error Detail' in the connection string to include this information.
----------->     (WARNING)  X_AD_Process_Access.AddWindowToMenu: [45]Not insertedAD_Process_Access
===========>     (SEVERE)   DB.ExecuteQuery: [45] => 23505: duplicate key value violates unique constraint "ad_process_access_pkey"

DETAIL: Detail redacted as it may contain sensitive data. Specify 'Include Error Detail' in the connection string to include this information.
----------->     (WARNING)  DB.ExecuteQuery: [45]DBExecuteError - 23505: duplicate key value violates unique constraint "ad_process_access_pkey"

DETAIL: Detail redacted as it may contain sensitive data. Specify 'Include Error Detail' in the connection string to include this information.
----------->     (WARNING)  X_AD_Process_Access.AddWindowToMenu: [45]Not insertedAD_Process_Access
===========>     (SEVERE)   DB.ExecuteQuery: [45] => 23505: duplicate key value violates unique constraint "ad_process_access_pkey"

DETAIL: Detail redacted as it may contain sensitive data. Specify 'Include Error Detail' in the connection string to include this information.
----------->     (WARNING)  DB.ExecuteQuery: [45]DBExecuteError - 23505: duplicate key value violates unique constraint "ad_process_access_pkey"

DETAIL: Detail redacted as it may contain sensitive data. Specify 'Include Error Detail' in the connection string to include this information.
----------->     (WARNING)  X_AD_Process_Access.AddWindowToMenu: [45]Not insertedAD_Process_Access
===========>     (SEVERE)   DB.ExecuteQuery: [45] => 23505: duplicate key value violates unique constraint "ad_process_access_pkey"

DETAIL: Detail redacted as it may contain sensitive data. Specify 'Include Error Detail' in the connection string to include this information.
----------->     (WARNING)  DB.ExecuteQuery: [45]DBExecuteError - 23505: duplicate key value violates unique constraint "ad_process_access_pkey"

DETAIL: Detail redacted as it may contain sensitive data. Specify 'Include Error Detail' in the connection string to include this information.
----------->     (WARNING)  X_AD_Process_Access.AddWindowToMenu: [45]Not insertedAD_Process_Access
===========>     (SEVERE)   DB.ExecuteQuery: [45] => 23505: duplicate key value violates unique constraint "ad_process_access_pkey"

DETAIL: Detail redacted as it may contain sensitive data. Specify 'Include Error Detail' in the connection string to include this information.
----------->     (WARNING)  DB.ExecuteQuery: [45]DBExecuteError - 23505: duplicate key value violates unique constraint "ad_process_access_pkey"

DETAIL: Detail redacted as it may contain sensitive data. Specify 'Include Error Detail' in the connection string to include this information.
----------->     (WARNING)  X_AD_Process_Access.AddWindowToMenu: [45]Not insertedAD_Process_Access
===========>     (SEVERE)   DB.ExecuteQuery: [45] => 23505: duplicate key value violates unique constraint "ad_process_access_pkey"

DETAIL: Detail redacted as it may contain sensitive data. Specify 'Include Error Detail' in the connection string to include this information.
----------->     (WARNING)  DB.ExecuteQuery: [45]DBExecuteError - 23505: duplicate key value violates unique constraint "ad_process_access_pkey"

DETAIL: Detail redacted as it may contain sensitive data. Specify 'Include Error Detail' in the connection string to include this information.
----------->     (WARNING)  X_AD_Process_Access.AddWindowToMenu: [45]Not insertedAD_Process_Access
===========>     (SEVERE)   PostgreHelper.ExecuteReader: [45]42P01: relation "temp_acctstatement" does not exist

POSITION: 41 [Query DR] SELECT MAX( TEMP_AcctStatement_ID) FROM TEMP_AcctStatement
===========>     (SEVERE)   PostgreHelper.ExecuteReader: [45]42P01: relation "temp_acctstatement" does not exist

POSITION: 41 [Query DR] SELECT MAX( TEMP_AcctStatement_ID) FROM TEMP_AcctStatement
===========>     (SEVERE)   DB.GetSQLValue: [45]SELECT MAX( TEMP_AcctStatement_ID) FROM TEMP_AcctStatement => 42P01: relation "temp_acctstatement" does not exist

POSITION: 41
===========>     (SEVERE)   DB.ExecuteQuery: [45] => 42P01: sequence "temp_acctstatement_seq" does not exist
----------->     (WARNING)  DB.ExecuteQuery: [45]DBExecuteError - 42P01: sequence "temp_acctstatement_seq" does not exist
===========>     (SEVERE)   PostgreHelper.ExecuteReader: [45]42P01: relation "temp_outsndingamt" does not exist

POSITION: 40 [Query DR] SELECT MAX( Temp_OutsndingAmt_ID) FROM Temp_OutsndingAmt
===========>     (SEVERE)   PostgreHelper.ExecuteReader: [45]42P01: relation "temp_outsndingamt" does not exist

POSITION: 40 [Query DR] SELECT MAX( Temp_OutsndingAmt_ID) FROM Temp_OutsndingAmt
===========>     (SEVERE)   DB.GetSQLValue: [45]SELECT MAX( Temp_OutsndingAmt_ID) FROM Temp_OutsndingAmt => 42P01: relation "temp_outsndingamt" does not exist

POSITION: 40
===========>     (SEVERE)   DB.ExecuteQuery: [45] => 42P01: sequence "temp_outsndingamt_seq" does not exist
----------->     (WARNING)  DB.ExecuteQuery: [45]DBExecuteError - 42P01: sequence "temp_outsndingamt_seq" does not exist
===========>     (SEVERE)   PostgreHelper.ExecuteReader: [45]42P01: relation "frpt_reportparameter" does not exist

POSITION: 43 [Query DR] SELECT MAX( FRPT_ReportParameter_ID) FROM FRPT_ReportParameter
===========>     (SEVERE)   PostgreHelper.ExecuteReader: [45]42P01: relation "frpt_reportparameter" does not exist

POSITION: 43 [Query DR] SELECT MAX( FRPT_ReportParameter_ID) FROM FRPT_ReportParameter
===========>     (SEVERE)   DB.GetSQLValue: [45]SELECT MAX( FRPT_ReportParameter_ID) FROM FRPT_ReportParameter => 42P01: relation "frpt_reportparameter" does not exist

POSITION: 43
===========>     (SEVERE)   DB.ExecuteQuery: [45] => 42P01: sequence "frpt_reportparameter_seq" does not exist
----------->     (WARNING)  DB.ExecuteQuery: [45]DBExecuteError - 42P01: sequence "frpt_reportparameter_seq" does not exist
===========>     (SEVERE)   PostgreHelper.ExecuteReader: [45]42P01: relation "frpt_columnformula" does not exist

POSITION: 41 [Query DR] SELECT MAX( FRPT_ColumnFormula_ID) FROM FRPT_ColumnFormula
===========>     (SEVERE)   PostgreHelper.ExecuteReader: [45]42P01: relation "frpt_columnformula" does not exist

POSITION: 41 [Query DR] SELECT MAX( FRPT_ColumnFormula_ID) FROM FRPT_ColumnFormula
===========>     (SEVERE)   DB.GetSQLValue: [45]SELECT MAX( FRPT_ColumnFormula_ID) FROM FRPT_ColumnFormula => 42P01: relation "frpt_columnformula" does not exist

POSITION: 41
===========>     (SEVERE)   DB.ExecuteQuery: [45] => 42P01: sequence "frpt_columnformula_seq" does not exist
----------->     (WARNING)  DB.ExecuteQuery: [45]DBExecuteError - 42P01: sequence "frpt_columnformula_seq" does not exist
===========>     (SEVERE)   PostgreHelper.ExecuteReader: [45]42P01: relation "frpt_reportlinelinkedgroup" does not exist

POSITION: 49 [Query DR] SELECT MAX( FRPT_ReportLineLinkedGroup_ID) FROM FRPT_ReportLineLinkedGroup
===========>     (SEVERE)   PostgreHelper.ExecuteReader: [45]42P01: relation "frpt_reportlinelinkedgroup" does not exist

POSITION: 49 [Query DR] SELECT MAX( FRPT_ReportLineLinkedGroup_ID) FROM FRPT_ReportLineLinkedGroup
===========>     (SEVERE)   DB.GetSQLValue: [45]SELECT MAX( FRPT_ReportLineLinkedGroup_ID) FROM FRPT_ReportLineLinkedGroup => 42P01: relation "frpt_reportlinelinkedgroup" does not exist

POSITION: 49
===========>     (SEVERE)   DB.ExecuteQuery: [45] => 42P01: sequence "frpt_reportlinelinkedgroup_seq" does not exist
----------->     (WARNING)  DB.ExecuteQuery: [45]DBExecuteError - 42P01: sequence "frpt_reportlinelinkedgroup_seq" does not exist
===========>     (SEVERE)   PostgreHelper.ExecuteReader: [45]42P01: relation "frpt_conditionalformatting" does not exist

POSITION: 49 [Query DR] SELECT MAX( FRPT_ConditionalFormatting_ID) FROM FRPT_ConditionalFormatting
===========>     (SEVERE)   PostgreHelper.ExecuteReader: [45]42P01: relation "frpt_conditionalformatting" does not exist

POSITION: 49 [Query DR] SELECT MAX( FRPT_ConditionalFormatting_ID) FROM FRPT_ConditionalFormatting
===========>     (SEVERE)   DB.GetSQLValue: [45]SELECT MAX( FRPT_ConditionalFormatting_ID) FROM FRPT_ConditionalFormatting => 42P01: relation "frpt_conditionalformatting" does not exist

POSITION: 49
===========>     (SEVERE)   DB.ExecuteQuery: [45] => 42P01: sequence "frpt_conditionalformatting_seq" does not exist
----------->     (WARNING)  DB.ExecuteQuery: [45]DBExecuteError - 42P01: sequence "frpt_conditionalformatting_seq" does not exist
===========>     (SEVERE)   PostgreHelper.ExecuteReader: [45]42P01: relation "frpt_foreignrevaluation_v" does not exist

POSITION: 48 [Query DR] SELECT MAX( FRPT_ForeignRevaluation_v_ID) FROM FRPT_ForeignRevaluation_v
===========>     (SEVERE)   PostgreHelper.ExecuteReader: [45]42P01: relation "frpt_foreignrevaluation_v" does not exist

POSITION: 48 [Query DR] SELECT MAX( FRPT_ForeignRevaluation_v_ID) FROM FRPT_ForeignRevaluation_v
===========>     (SEVERE)   DB.GetSQLValue: [45]SELECT MAX( FRPT_ForeignRevaluation_v_ID) FROM FRPT_ForeignRevaluation_v => 42P01: relation "frpt_foreignrevaluation_v" does not exist

POSITION: 48
===========>     (SEVERE)   DB.ExecuteQuery: [45] => 42P01: sequence "frpt_foreignrevaluation_v_seq" does not exist
----------->     (WARNING)  DB.ExecuteQuery: [45]DBExecuteError - 42P01: sequence "frpt_foreignrevaluation_v_seq" does not exist
===========>     (SEVERE)   PostgreHelper.ExecuteReader: [45]42P01: relation "t_frpt_foreignrevaluation" does not exist

POSITION: 48 [Query DR] SELECT MAX( T_FRPT_ForeignRevaluation_ID) FROM T_FRPT_ForeignRevaluation
===========>     (SEVERE)   PostgreHelper.ExecuteReader: [45]42P01: relation "t_frpt_foreignrevaluation" does not exist

POSITION: 48 [Query DR] SELECT MAX( T_FRPT_ForeignRevaluation_ID) FROM T_FRPT_ForeignRevaluation
===========>     (SEVERE)   DB.GetSQLValue: [45]SELECT MAX( T_FRPT_ForeignRevaluation_ID) FROM T_FRPT_ForeignRevaluation => 42P01: relation "t_frpt_foreignrevaluation" does not exist

POSITION: 48
===========>     (SEVERE)   DB.ExecuteQuery: [45] => 42P01: sequence "t_frpt_foreignrevaluation_seq" does not exist
----------->     (WARNING)  DB.ExecuteQuery: [45]DBExecuteError - 42P01: sequence "t_frpt_foreignrevaluation_seq" does not exist
===========>     (SEVERE)   DB.ExecuteQuery: [45] => 22001: value too long for type character varying(50)
----------->     (WARNING)  DB.ExecuteQuery: [45]DBExecuteError - 22001: value too long for type character varying(50)
===========>     (SEVERE)   PostgreHelper.ExecuteDataset: [45]42703: column a.basedon does not exist

POSITION: 183 [Query D] =>SELECT a.*, r.AD_Table_ID 
                       FROM AD_Alert a
                       INNER JOIN AD_AlertRule r ON (a.AD_Alert_ID = r.AD_Alert_ID)
                       WHERE a.BasedOn='E' AND a.IsActive='Y' AND a.IsValid='Y' 
                         AND r.AD_Table_ID = 103
                       AND a.AD_Client_ID=0 AND COALESCE(a.AD_Org_ID,0)=0 ORDER BY a.AD_Client_ID
08:53:37.533    (INFO)     CacheMgt.Reset: [45]AD_Ref_Table: #1 (0)
===========>     (SEVERE)   DB.ExecuteQuery: [45] => 23505: duplicate key value violates unique constraint "ad_ref_table_pkey"

DETAIL: Detail redacted as it may contain sensitive data. Specify 'Include Error Detail' in the connection string to include this information.
----------->     (WARNING)  DB.ExecuteQuery: [45]DBExecuteError - 23505: duplicate key value violates unique constraint "ad_ref_table_pkey"

DETAIL: Detail redacted as it may contain sensitive data. Specify 'Include Error Detail' in the connection string to include this information.
----------->     (WARNING)  X_AD_Ref_Table.Add_AD_Ref_Tables: [45]Not insertedAD_Ref_Table
08:53:37.533    (INFO)     CacheMgt.Reset: [45]AD_Ref_Table: #1 (0)
08:53:37.533    (INFO)     CacheMgt.Reset: [45]AD_Ref_Table: #1 (0)
===========>     (SEVERE)   DB.ExecuteQuery: [45] => 23505: duplicate key value violates unique constraint "ad_ref_table_pkey"

DETAIL: Detail redacted as it may contain sensitive data. Specify 'Include Error Detail' in the connection string to include this information.
----------->     (WARNING)  DB.ExecuteQuery: [45]DBExecuteError - 23505: duplicate key value violates unique constraint "ad_ref_table_pkey"

DETAIL: Detail redacted as it may contain sensitive data. Specify 'Include Error Detail' in the connection string to include this information.
----------->     (WARNING)  X_AD_Ref_Table.Add_AD_Ref_Tables: [45]Not insertedAD_Ref_Table
08:53:37.533    (INFO)     CacheMgt.Reset: [45]AD_Ref_Table: #1 (0)
08:53:37.533    (INFO)     CacheMgt.Reset: [45]AD_Ref_Table: #1 (0)
08:53:37.533    (INFO)     CacheMgt.Reset: [45]AD_Ref_Table: #1 (0)
08:53:37.533    (INFO)     CacheMgt.Reset: [45]AD_Ref_Table: #1 (0)
08:53:37.533    (INFO)     CacheMgt.Reset: [45]AD_Ref_Table: #1 (0)
08:53:37.533    (INFO)     CacheMgt.Reset: [45]AD_Ref_Table: #1 (0)
08:53:37.533    (INFO)     CacheMgt.Reset: [45]AD_Ref_Table: #1 (0)
08:53:37.533    (INFO)     CacheMgt.Reset: [45]AD_Ref_Table: #1 (0)
===========>     (SEVERE)   DB.ExecuteQuery: [45] => 42601: syntax error at or near "=@"

POSITION: 37
----------->     (WARNING)  DB.ExecuteQuery: [45]DBExecuteError - 42601: syntax error at or near "=@"

POSITION: 37
===========>     (SEVERE)   DB.ExecuteQuery: [45] => 0A000: cannot alter type of a column used by a view or rule

DETAIL: Detail redacted as it may contain sensitive data. Specify 'Include Error Detail' in the connection string to include this information.
----------->     (WARNING)  DB.ExecuteQuery: [45]DBExecuteError - 0A000: cannot alter type of a column used by a view or rule

DETAIL: Detail redacted as it may contain sensitive data. Specify 'Include Error Detail' in the connection string to include this information.
===========>     (SEVERE)   DB.ExecuteQuery: [45] => 42703: column "y" does not exist

POSITION: 38
----------->     (WARNING)  DB.ExecuteQuery: [45]DBExecuteError - 42703: column "y" does not exist

POSITION: 38
===========>     (SEVERE)   DB.ExecuteQuery: [45] => 0A000: cannot alter type of a column used by a view or rule

DETAIL: Detail redacted as it may contain sensitive data. Specify 'Include Error Detail' in the connection string to include this information.
----------->     (WARNING)  DB.ExecuteQuery: [45]DBExecuteError - 0A000: cannot alter type of a column used by a view or rule

DETAIL: Detail redacted as it may contain sensitive data. Specify 'Include Error Detail' in the connection string to include this information.
===========>     (SEVERE)   DB.ExecuteQuery: [45] => 42703: column "y" does not exist

POSITION: 32
----------->     (WARNING)  DB.ExecuteQuery: [45]DBExecuteError - 42703: column "y" does not exist

POSITION: 32
===========>     (SEVERE)   DB.ExecuteQuery: [45] => 42601: syntax error at or near "=@#"

POSITION: 38
----------->     (WARNING)  DB.ExecuteQuery: [45]DBExecuteError - 42601: syntax error at or near "=@#"

POSITION: 38
===========>     (SEVERE)   DB.ExecuteQuery: [45] => 0A000: cannot alter type of a column used by a view or rule

DETAIL: Detail redacted as it may contain sensitive data. Specify 'Include Error Detail' in the connection string to include this information.
----------->     (WARNING)  DB.ExecuteQuery: [45]DBExecuteError - 0A000: cannot alter type of a column used by a view or rule

DETAIL: Detail redacted as it may contain sensitive data. Specify 'Include Error Detail' in the connection string to include this information.
===========>     (SEVERE)   DB.ExecuteQuery: [45] => 42703: column "y" does not exist

POSITION: 37
----------->     (WARNING)  DB.ExecuteQuery: [45]DBExecuteError - 42703: column "y" does not exist

POSITION: 37
===========>     (SEVERE)   DB.ExecuteQuery: [45] => 0A000: cannot alter type of a column used by a view or rule

DETAIL: Detail redacted as it may contain sensitive data. Specify 'Include Error Detail' in the connection string to include this information.
----------->     (WARNING)  DB.ExecuteQuery: [45]DBExecuteError - 0A000: cannot alter type of a column used by a view or rule

DETAIL: Detail redacted as it may contain sensitive data. Specify 'Include Error Detail' in the connection string to include this information.
===========>     (SEVERE)   DB.ExecuteQuery: [45] => 0A000: cannot alter type of a column used by a view or rule

DETAIL: Detail redacted as it may contain sensitive data. Specify 'Include Error Detail' in the connection string to include this information.
----------->     (WARNING)  DB.ExecuteQuery: [45]DBExecuteError - 0A000: cannot alter type of a column used by a view or rule

DETAIL: Detail redacted as it may contain sensitive data. Specify 'Include Error Detail' in the connection string to include this information.
===========>     (SEVERE)   DB.ExecuteQuery: [45] => 42601: syntax error at or near "=@#"

POSITION: 35
----------->     (WARNING)  DB.ExecuteQuery: [45]DBExecuteError - 42601: syntax error at or near "=@#"

POSITION: 35
===========>     (SEVERE)   DB.ExecuteQuery: [45] => 42601: syntax error at or near "=@#"

POSITION: 32
----------->     (WARNING)  DB.ExecuteQuery: [45]DBExecuteError - 42601: syntax error at or near "=@#"

POSITION: 32
===========>     (SEVERE)   DB.ExecuteQuery: [45] => 42703: column "n" does not exist

POSITION: 42
----------->     (WARNING)  DB.ExecuteQuery: [45]DBExecuteError - 42703: column "n" does not exist

POSITION: 42
===========>     (SEVERE)   DB.ExecuteQuery: [45] => 42601: syntax error at or near "=@"

POSITION: 38
----------->     (WARNING)  DB.ExecuteQuery: [45]DBExecuteError - 42601: syntax error at or near "=@"

POSITION: 38
===========>     (SEVERE)   DB.ExecuteQuery: [45] => 42601: syntax error at or near "=@"

POSITION: 38
----------->     (WARNING)  DB.ExecuteQuery: [45]DBExecuteError - 42601: syntax error at or near "=@"

POSITION: 38
===========>     (SEVERE)   DB.ExecuteQuery: [45] => 42601: syntax error at or near "=@#"

POSITION: 35
----------->     (WARNING)  DB.ExecuteQuery: [45]DBExecuteError - 42601: syntax error at or near "=@#"

POSITION: 35
===========>     (SEVERE)   DB.ExecuteQuery: [45] => 42601: syntax error at or near "=@"

POSITION: 40
----------->     (WARNING)  DB.ExecuteQuery: [45]DBExecuteError - 42601: syntax error at or near "=@"

POSITION: 40
===========>     (SEVERE)   DB.ExecuteQuery: [45] => 0A000: cannot alter type of a column used by a view or rule

DETAIL: Detail redacted as it may contain sensitive data. Specify 'Include Error Detail' in the connection string to include this information.
----------->     (WARNING)  DB.ExecuteQuery: [45]DBExecuteError - 0A000: cannot alter type of a column used by a view or rule

DETAIL: Detail redacted as it may contain sensitive data. Specify 'Include Error Detail' in the connection string to include this information.
===========>     (SEVERE)   DB.ExecuteQuery: [45] => 0A000: cannot alter type of a column used by a view or rule

DETAIL: Detail redacted as it may contain sensitive data. Specify 'Include Error Detail' in the connection string to include this information.
----------->     (WARNING)  DB.ExecuteQuery: [45]DBExecuteError - 0A000: cannot alter type of a column used by a view or rule

DETAIL: Detail redacted as it may contain sensitive data. Specify 'Include Error Detail' in the connection string to include this information.
===========>     (SEVERE)   DB.ExecuteQuery: [45] => 42601: syntax error at or near "=@#"

POSITION: 32
----------->     (WARNING)  DB.ExecuteQuery: [45]DBExecuteError - 42601: syntax error at or near "=@#"

POSITION: 32
===========>     (SEVERE)   DB.ExecuteQuery: [45] => 0A000: cannot alter type of a column used by a view or rule

DETAIL: Detail redacted as it may contain sensitive data. Specify 'Include Error Detail' in the connection string to include this information.
----------->     (WARNING)  DB.ExecuteQuery: [45]DBExecuteError - 0A000: cannot alter type of a column used by a view or rule

DETAIL: Detail redacted as it may contain sensitive data. Specify 'Include Error Detail' in the connection string to include this information.
===========>     (SEVERE)   DB.ExecuteQuery: [45] => 42601: syntax error at or near "=@#"

POSITION: 32
----------->     (WARNING)  DB.ExecuteQuery: [45]DBExecuteError - 42601: syntax error at or near "=@#"

POSITION: 32
===========>     (SEVERE)   DB.ExecuteQuery: [45] => 42601: syntax error at or near "=@"

POSITION: 40
----------->     (WARNING)  DB.ExecuteQuery: [45]DBExecuteError - 42601: syntax error at or near "=@"

POSITION: 40
===========>     (SEVERE)   DB.ExecuteQuery: [45] => 0A000: cannot alter type of a column used by a view or rule

DETAIL: Detail redacted as it may contain sensitive data. Specify 'Include Error Detail' in the connection string to include this information.
----------->     (WARNING)  DB.ExecuteQuery: [45]DBExecuteError - 0A000: cannot alter type of a column used by a view or rule

DETAIL: Detail redacted as it may contain sensitive data. Specify 'Include Error Detail' in the connection string to include this information.
===========>     (SEVERE)   DB.ExecuteQuery: [45] => 42703: column "y" does not exist

POSITION: 38
----------->     (WARNING)  DB.ExecuteQuery: [45]DBExecuteError - 42703: column "y" does not exist

POSITION: 38
===========>     (SEVERE)   DB.ExecuteQuery: [45] => 0A000: cannot alter type of a column used by a view or rule

DETAIL: Detail redacted as it may contain sensitive data. Specify 'Include Error Detail' in the connection string to include this information.
----------->     (WARNING)  DB.ExecuteQuery: [45]DBExecuteError - 0A000: cannot alter type of a column used by a view or rule

DETAIL: Detail redacted as it may contain sensitive data. Specify 'Include Error Detail' in the connection string to include this information.
===========>     (SEVERE)   DB.ExecuteQuery: [45] => 42601: syntax error at or near "=@#"

POSITION: 41
----------->     (WARNING)  DB.ExecuteQuery: [45]DBExecuteError - 42601: syntax error at or near "=@#"

POSITION: 41
===========>     (SEVERE)   DB.ExecuteQuery: [45] => 42601: syntax error at or near "=@"

POSITION: 43
----------->     (WARNING)  DB.ExecuteQuery: [45]DBExecuteError - 42601: syntax error at or near "=@"

POSITION: 43
===========>     (SEVERE)   DB.ExecuteQuery: [45] => 42703: column "y" does not exist

POSITION: 35
----------->     (WARNING)  DB.ExecuteQuery: [45]DBExecuteError - 42703: column "y" does not exist

POSITION: 35
===========>     (SEVERE)   DB.ExecuteQuery: [45] => 42601: syntax error at or near "=@#"

POSITION: 34
----------->     (WARNING)  DB.ExecuteQuery: [45]DBExecuteError - 42601: syntax error at or near "=@#"

POSITION: 34
===========>     (SEVERE)   DB.ExecuteQuery: [45] => 42703: column "y" does not exist

POSITION: 40
----------->     (WARNING)  DB.ExecuteQuery: [45]DBExecuteError - 42703: column "y" does not exist

POSITION: 40
===========>     (SEVERE)   DB.ExecuteQuery: [45] => 0A000: cannot alter type of a column used by a view or rule

DETAIL: Detail redacted as it may contain sensitive data. Specify 'Include Error Detail' in the connection string to include this information.
----------->     (WARNING)  DB.ExecuteQuery: [45]DBExecuteError - 0A000: cannot alter type of a column used by a view or rule

DETAIL: Detail redacted as it may contain sensitive data. Specify 'Include Error Detail' in the connection string to include this information.
===========>     (SEVERE)   DB.ExecuteQuery: [45] => 0A000: cannot alter type of a column used by a view or rule

DETAIL: Detail redacted as it may contain sensitive data. Specify 'Include Error Detail' in the connection string to include this information.
----------->     (WARNING)  DB.ExecuteQuery: [45]DBExecuteError - 0A000: cannot alter type of a column used by a view or rule

DETAIL: Detail redacted as it may contain sensitive data. Specify 'Include Error Detail' in the connection string to include this information.
===========>     (SEVERE)   DB.ExecuteQuery: [45] => 42703: column "n" does not exist

POSITION: 40
----------->     (WARNING)  DB.ExecuteQuery: [45]DBExecuteError - 42703: column "n" does not exist

POSITION: 40
===========>     (SEVERE)   DB.ExecuteQuery: [45] => 42601: syntax error at or near "=@#"

POSITION: 32
----------->     (WARNING)  DB.ExecuteQuery: [45]DBExecuteError - 42601: syntax error at or near "=@#"

POSITION: 32
===========>     (SEVERE)   DB.ExecuteQuery: [45] => 0A000: cannot alter type of a column used by a view or rule

DETAIL: Detail redacted as it may contain sensitive data. Specify 'Include Error Detail' in the connection string to include this information.
----------->     (WARNING)  DB.ExecuteQuery: [45]DBExecuteError - 0A000: cannot alter type of a column used by a view or rule

DETAIL: Detail redacted as it may contain sensitive data. Specify 'Include Error Detail' in the connection string to include this information.
===========>     (SEVERE)   DB.ExecuteQuery: [45] => 42601: syntax error at or near "=@"

POSITION: 40
----------->     (WARNING)  DB.ExecuteQuery: [45]DBExecuteError - 42601: syntax error at or near "=@"

POSITION: 40
===========>     (SEVERE)   DB.ExecuteQuery: [45] => 42703: column "y" does not exist

POSITION: 31
----------->     (WARNING)  DB.ExecuteQuery: [45]DBExecuteError - 42703: column "y" does not exist

POSITION: 31
===========>     (SEVERE)   DB.ExecuteQuery: [45] => 42703: column "y" does not exist

POSITION: 37
----------->     (WARNING)  DB.ExecuteQuery: [45]DBExecuteError - 42703: column "y" does not exist

POSITION: 37
===========>     (SEVERE)   DB.ExecuteQuery: [45] => 42703: column "y" does not exist

POSITION: 32
----------->     (WARNING)  DB.ExecuteQuery: [45]DBExecuteError - 42703: column "y" does not exist

POSITION: 32
===========>     (SEVERE)   DB.ExecuteQuery: [45] => 42601: syntax error at or near "=@#"

POSITION: 32
----------->     (WARNING)  DB.ExecuteQuery: [45]DBExecuteError - 42601: syntax error at or near "=@#"

POSITION: 32
===========>     (SEVERE)   DB.ExecuteQuery: [45] => 42703: column "y" does not exist

POSITION: 37
----------->     (WARNING)  DB.ExecuteQuery: [45]DBExecuteError - 42703: column "y" does not exist

POSITION: 37
===========>     (SEVERE)   DB.ExecuteQuery: [45] => 0A000: cannot alter type of a column used by a view or rule

DETAIL: Detail redacted as it may contain sensitive data. Specify 'Include Error Detail' in the connection string to include this information.
----------->     (WARNING)  DB.ExecuteQuery: [45]DBExecuteError - 0A000: cannot alter type of a column used by a view or rule

DETAIL: Detail redacted as it may contain sensitive data. Specify 'Include Error Detail' in the connection string to include this information.
===========>     (SEVERE)   DB.ExecuteQuery: [45] => 42703: column "y" does not exist

POSITION: 37
----------->     (WARNING)  DB.ExecuteQuery: [45]DBExecuteError - 42703: column "y" does not exist

POSITION: 37
===========>     (SEVERE)   DB.ExecuteQuery: [45] => 42703: column "y" does not exist

POSITION: 45
----------->     (WARNING)  DB.ExecuteQuery: [45]DBExecuteError - 42703: column "y" does not exist

POSITION: 45
===========>     (SEVERE)   DB.ExecuteQuery: [45] => 42601: syntax error at or near "=@#"

POSITION: 41
----------->     (WARNING)  DB.ExecuteQuery: [45]DBExecuteError - 42601: syntax error at or near "=@#"

POSITION: 41
===========>     (SEVERE)   DB.ExecuteQuery: [45] => 0A000: cannot alter type of a column used by a view or rule

DETAIL: Detail redacted as it may contain sensitive data. Specify 'Include Error Detail' in the connection string to include this information.
----------->     (WARNING)  DB.ExecuteQuery: [45]DBExecuteError - 0A000: cannot alter type of a column used by a view or rule

DETAIL: Detail redacted as it may contain sensitive data. Specify 'Include Error Detail' in the connection string to include this information.
===========>     (SEVERE)   DB.ExecuteQuery: [45] => 42601: syntax error at or near "=@#"

POSITION: 34
----------->     (WARNING)  DB.ExecuteQuery: [45]DBExecuteError - 42601: syntax error at or near "=@#"

POSITION: 34
===========>     (SEVERE)   DB.ExecuteQuery: [45] => 42601: syntax error at or near "=@"

POSITION: 41
----------->     (WARNING)  DB.ExecuteQuery: [45]DBExecuteError - 42601: syntax error at or near "=@"

POSITION: 41
===========>     (SEVERE)   DB.ExecuteQuery: [45] => 0A000: cannot alter type of a column used by a view or rule

DETAIL: Detail redacted as it may contain sensitive data. Specify 'Include Error Detail' in the connection string to include this information.
----------->     (WARNING)  DB.ExecuteQuery: [45]DBExecuteError - 0A000: cannot alter type of a column used by a view or rule

DETAIL: Detail redacted as it may contain sensitive data. Specify 'Include Error Detail' in the connection string to include this information.
===========>     (SEVERE)   DB.ExecuteQuery: [45] => 42601: syntax error at or near "=@#"

POSITION: 37
----------->     (WARNING)  DB.ExecuteQuery: [45]DBExecuteError - 42601: syntax error at or near "=@#"

POSITION: 37
===========>     (SEVERE)   DB.ExecuteQuery: [45] => 42703: column "y" does not exist

POSITION: 40
----------->     (WARNING)  DB.ExecuteQuery: [45]DBExecuteError - 42703: column "y" does not exist

POSITION: 40
===========>     (SEVERE)   DB.ExecuteQuery: [45] => 42703: column "y" does not exist

POSITION: 40
----------->     (WARNING)  DB.ExecuteQuery: [45]DBExecuteError - 42703: column "y" does not exist

POSITION: 40
===========>     (SEVERE)   DB.ExecuteQuery: [45] => 42601: syntax error at or near "=@"

POSITION: 43
----------->     (WARNING)  DB.ExecuteQuery: [45]DBExecuteError - 42601: syntax error at or near "=@"

POSITION: 43
===========>     (SEVERE)   DB.ExecuteQuery: [45] => 42601: syntax error at or near "=@"

POSITION: 40
----------->     (WARNING)  DB.ExecuteQuery: [45]DBExecuteError - 42601: syntax error at or near "=@"

POSITION: 40
===========>     (SEVERE)   DB.ExecuteQuery: [45] => 42703: column "y" does not exist

POSITION: 32
----------->     (WARNING)  DB.ExecuteQuery: [45]DBExecuteError - 42703: column "y" does not exist

POSITION: 32
===========>     (SEVERE)   DB.ExecuteQuery: [45] => 42601: syntax error at or near "=@#"

POSITION: 35
----------->     (WARNING)  DB.ExecuteQuery: [45]DBExecuteError - 42601: syntax error at or near "=@#"

POSITION: 35
===========>     (SEVERE)   DB.ExecuteQuery: [45] => 42601: syntax error at or near "=@"

POSITION: 40
----------->     (WARNING)  DB.ExecuteQuery: [45]DBExecuteError - 42601: syntax error at or near "=@"

POSITION: 40
===========>     (SEVERE)   DB.ExecuteQuery: [45] => 42601: syntax error at or near "=@"

POSITION: 37
----------->     (WARNING)  DB.ExecuteQuery: [45]DBExecuteError - 42601: syntax error at or near "=@"

POSITION: 37
===========>     (SEVERE)   DB.ExecuteQuery: [45] => 42601: syntax error at or near "=@#"

POSITION: 31
----------->     (WARNING)  DB.ExecuteQuery: [45]DBExecuteError - 42601: syntax error at or near "=@#"

POSITION: 31
===========>     (SEVERE)   DB.ExecuteQuery: [45] => 42601: syntax error at or near "=@#"

POSITION: 38
----------->     (WARNING)  DB.ExecuteQuery: [45]DBExecuteError - 42601: syntax error at or near "=@#"

POSITION: 38
===========>     (SEVERE)   DB.ExecuteQuery: [45] => 42601: syntax error at or near "=@"

POSITION: 34
----------->     (WARNING)  DB.ExecuteQuery: [45]DBExecuteError - 42601: syntax error at or near "=@"

POSITION: 34
===========>     (SEVERE)   DB.ExecuteQuery: [45] => 0A000: cannot alter type of a column used by a view or rule

DETAIL: Detail redacted as it may contain sensitive data. Specify 'Include Error Detail' in the connection string to include this information.
----------->     (WARNING)  DB.ExecuteQuery: [45]DBExecuteError - 0A000: cannot alter type of a column used by a view or rule

DETAIL: Detail redacted as it may contain sensitive data. Specify 'Include Error Detail' in the connection string to include this information.
===========>     (SEVERE)   DB.ExecuteQuery: [45] => 42703: column "y" does not exist

POSITION: 34
----------->     (WARNING)  DB.ExecuteQuery: [45]DBExecuteError - 42703: column "y" does not exist

POSITION: 34
===========>     (SEVERE)   DB.ExecuteQuery: [45] => 0A000: cannot alter type of a column used by a view or rule

DETAIL: Detail redacted as it may contain sensitive data. Specify 'Include Error Detail' in the connection string to include this information.
----------->     (WARNING)  DB.ExecuteQuery: [45]DBExecuteError - 0A000: cannot alter type of a column used by a view or rule

DETAIL: Detail redacted as it may contain sensitive data. Specify 'Include Error Detail' in the connection string to include this information.
===========>     (SEVERE)   DB.ExecuteQuery: [45] => 0A000: cannot alter type of a column used by a view or rule

DETAIL: Detail redacted as it may contain sensitive data. Specify 'Include Error Detail' in the connection string to include this information.
----------->     (WARNING)  DB.ExecuteQuery: [45]DBExecuteError - 0A000: cannot alter type of a column used by a view or rule

DETAIL: Detail redacted as it may contain sensitive data. Specify 'Include Error Detail' in the connection string to include this information.
===========>     (SEVERE)   DB.ExecuteQuery: [45] => 0A000: cannot alter type of a column used by a view or rule

DETAIL: Detail redacted as it may contain sensitive data. Specify 'Include Error Detail' in the connection string to include this information.
----------->     (WARNING)  DB.ExecuteQuery: [45]DBExecuteError - 0A000: cannot alter type of a column used by a view or rule

DETAIL: Detail redacted as it may contain sensitive data. Specify 'Include Error Detail' in the connection string to include this information.
===========>     (SEVERE)   DB.ExecuteQuery: [45] => 42601: syntax error at or near "=@#"

POSITION: 33
----------->     (WARNING)  DB.ExecuteQuery: [45]DBExecuteError - 42601: syntax error at or near "=@#"

POSITION: 33
===========>     (SEVERE)   DB.ExecuteQuery: [45] => 42703: column "y" does not exist

POSITION: 31
----------->     (WARNING)  DB.ExecuteQuery: [45]DBExecuteError - 42703: column "y" does not exist

POSITION: 31
===========>     (SEVERE)   DB.ExecuteQuery: [45] => 42703: column "y" does not exist

POSITION: 37
----------->     (WARNING)  DB.ExecuteQuery: [45]DBExecuteError - 42703: column "y" does not exist

POSITION: 37
===========>     (SEVERE)   DB.ExecuteQuery: [45] => 42601: syntax error at or near "=@#"

POSITION: 36
----------->     (WARNING)  DB.ExecuteQuery: [45]DBExecuteError - 42601: syntax error at or near "=@#"

POSITION: 36
===========>     (SEVERE)   DB.ExecuteQuery: [45] => 0A000: cannot alter type of a column used by a view or rule

DETAIL: Detail redacted as it may contain sensitive data. Specify 'Include Error Detail' in the connection string to include this information.
----------->     (WARNING)  DB.ExecuteQuery: [45]DBExecuteError - 0A000: cannot alter type of a column used by a view or rule

DETAIL: Detail redacted as it may contain sensitive data. Specify 'Include Error Detail' in the connection string to include this information.
===========>     (SEVERE)   DB.ExecuteQuery: [45] => 42601: syntax error at or near "=@#"

POSITION: 35
----------->     (WARNING)  DB.ExecuteQuery: [45]DBExecuteError - 42601: syntax error at or near "=@#"

POSITION: 35
===========>     (SEVERE)   DB.ExecuteQuery: [45] => 0A000: cannot alter type of a column used by a view or rule

DETAIL: Detail redacted as it may contain sensitive data. Specify 'Include Error Detail' in the connection string to include this information.
----------->     (WARNING)  DB.ExecuteQuery: [45]DBExecuteError - 0A000: cannot alter type of a column used by a view or rule

DETAIL: Detail redacted as it may contain sensitive data. Specify 'Include Error Detail' in the connection string to include this information.
===========>     (SEVERE)   DB.ExecuteQuery: [45] => 42601: syntax error at or near "=@#"

POSITION: 34
----------->     (WARNING)  DB.ExecuteQuery: [45]DBExecuteError - 42601: syntax error at or near "=@#"

POSITION: 34
===========>     (SEVERE)   DB.ExecuteQuery: [45] => 42703: column "y" does not exist

POSITION: 40
----------->     (WARNING)  DB.ExecuteQuery: [45]DBExecuteError - 42703: column "y" does not exist

POSITION: 40
===========>     (SEVERE)   DB.ExecuteQuery: [45] => 42601: syntax error at or near "=@"

POSITION: 31
----------->     (WARNING)  DB.ExecuteQuery: [45]DBExecuteError - 42601: syntax error at or near "=@"

POSITION: 31
===========>     (SEVERE)   DB.ExecuteQuery: [45] => 0A000: cannot alter type of a column used by a view or rule

DETAIL: Detail redacted as it may contain sensitive data. Specify 'Include Error Detail' in the connection string to include this information.
----------->     (WARNING)  DB.ExecuteQuery: [45]DBExecuteError - 0A000: cannot alter type of a column used by a view or rule

DETAIL: Detail redacted as it may contain sensitive data. Specify 'Include Error Detail' in the connection string to include this information.
===========>     (SEVERE)   DB.ExecuteQuery: [45] => 42703: column "y" does not exist

POSITION: 31
----------->     (WARNING)  DB.ExecuteQuery: [45]DBExecuteError - 42703: column "y" does not exist

POSITION: 31
===========>     (SEVERE)   DB.ExecuteQuery: [45] => 0A000: cannot alter type of a column used by a view or rule

DETAIL: Detail redacted as it may contain sensitive data. Specify 'Include Error Detail' in the connection string to include this information.
----------->     (WARNING)  DB.ExecuteQuery: [45]DBExecuteError - 0A000: cannot alter type of a column used by a view or rule

DETAIL: Detail redacted as it may contain sensitive data. Specify 'Include Error Detail' in the connection string to include this information.
===========>     (SEVERE)   DB.ExecuteQuery: [45] => 42703: column "y" does not exist

POSITION: 38
----------->     (WARNING)  DB.ExecuteQuery: [45]DBExecuteError - 42703: column "y" does not exist

POSITION: 38
===========>     (SEVERE)   DB.ExecuteQuery: [45] => 0A000: cannot alter type of a column used by a view or rule

DETAIL: Detail redacted as it may contain sensitive data. Specify 'Include Error Detail' in the connection string to include this information.
----------->     (WARNING)  DB.ExecuteQuery: [45]DBExecuteError - 0A000: cannot alter type of a column used by a view or rule

DETAIL: Detail redacted as it may contain sensitive data. Specify 'Include Error Detail' in the connection string to include this information.
===========>     (SEVERE)   DB.ExecuteQuery: [45] => 42703: column "n" does not exist

POSITION: 44
----------->     (WARNING)  DB.ExecuteQuery: [45]DBExecuteError - 42703: column "n" does not exist

POSITION: 44
===========>     (SEVERE)   DB.ExecuteQuery: [45] => 0A000: cannot alter type of a column used by a view or rule

DETAIL: Detail redacted as it may contain sensitive data. Specify 'Include Error Detail' in the connection string to include this information.
----------->     (WARNING)  DB.ExecuteQuery: [45]DBExecuteError - 0A000: cannot alter type of a column used by a view or rule

DETAIL: Detail redacted as it may contain sensitive data. Specify 'Include Error Detail' in the connection string to include this information.
===========>     (SEVERE)   DB.ExecuteQuery: [45] => 42703: column "y" does not exist

POSITION: 37
----------->     (WARNING)  DB.ExecuteQuery: [45]DBExecuteError - 42703: column "y" does not exist

POSITION: 37
===========>     (SEVERE)   DB.ExecuteQuery: [45] => 0A000: cannot alter type of a column used by a view or rule

DETAIL: Detail redacted as it may contain sensitive data. Specify 'Include Error Detail' in the connection string to include this information.
----------->     (WARNING)  DB.ExecuteQuery: [45]DBExecuteError - 0A000: cannot alter type of a column used by a view or rule

DETAIL: Detail redacted as it may contain sensitive data. Specify 'Include Error Detail' in the connection string to include this information.
===========>     (SEVERE)   DB.ExecuteQuery: [45] => 0A000: cannot alter type of a column used by a view or rule

DETAIL: Detail redacted as it may contain sensitive data. Specify 'Include Error Detail' in the connection string to include this information.
----------->     (WARNING)  DB.ExecuteQuery: [45]DBExecuteError - 0A000: cannot alter type of a column used by a view or rule

DETAIL: Detail redacted as it may contain sensitive data. Specify 'Include Error Detail' in the connection string to include this information.
===========>     (SEVERE)   DB.ExecuteQuery: [45] => 42601: syntax error at or near "=@#"

POSITION: 38
----------->     (WARNING)  DB.ExecuteQuery: [45]DBExecuteError - 42601: syntax error at or near "=@#"

POSITION: 38
===========>     (SEVERE)   DB.ExecuteQuery: [45] => 42703: column "xxx" does not exist

POSITION: 38
----------->     (WARNING)  DB.ExecuteQuery: [45]DBExecuteError - 42703: column "xxx" does not exist

POSITION: 38
===========>     (SEVERE)   DB.ExecuteQuery: [45] => 0A000: cannot alter type of a column used by a view or rule

DETAIL: Detail redacted as it may contain sensitive data. Specify 'Include Error Detail' in the connection string to include this information.
----------->     (WARNING)  DB.ExecuteQuery: [45]DBExecuteError - 0A000: cannot alter type of a column used by a view or rule

DETAIL: Detail redacted as it may contain sensitive data. Specify 'Include Error Detail' in the connection string to include this information.
===========>     (SEVERE)   DB.ExecuteQuery: [45] => 0A000: cannot alter type of a column used by a view or rule

DETAIL: Detail redacted as it may contain sensitive data. Specify 'Include Error Detail' in the connection string to include this information.
----------->     (WARNING)  DB.ExecuteQuery: [45]DBExecuteError - 0A000: cannot alter type of a column used by a view or rule

DETAIL: Detail redacted as it may contain sensitive data. Specify 'Include Error Detail' in the connection string to include this information.
===========>     (SEVERE)   DB.ExecuteQuery: [45] => 0A000: cannot alter type of a column used by a view or rule

DETAIL: Detail redacted as it may contain sensitive data. Specify 'Include Error Detail' in the connection string to include this information.
----------->     (WARNING)  DB.ExecuteQuery: [45]DBExecuteError - 0A000: cannot alter type of a column used by a view or rule

DETAIL: Detail redacted as it may contain sensitive data. Specify 'Include Error Detail' in the connection string to include this information.
===========>     (SEVERE)   DB.ExecuteQuery: [45] => 42601: syntax error at or near "=@"

POSITION: 37
----------->     (WARNING)  DB.ExecuteQuery: [45]DBExecuteError - 42601: syntax error at or near "=@"

POSITION: 37
===========>     (SEVERE)   DB.ExecuteQuery: [45] => 0A000: cannot alter type of a column used by a view or rule

DETAIL: Detail redacted as it may contain sensitive data. Specify 'Include Error Detail' in the connection string to include this information.
----------->     (WARNING)  DB.ExecuteQuery: [45]DBExecuteError - 0A000: cannot alter type of a column used by a view or rule

DETAIL: Detail redacted as it may contain sensitive data. Specify 'Include Error Detail' in the connection string to include this information.
===========>     (SEVERE)   DB.ExecuteQuery: [45] => 0A000: cannot alter type of a column used by a view or rule

DETAIL: Detail redacted as it may contain sensitive data. Specify 'Include Error Detail' in the connection string to include this information.
----------->     (WARNING)  DB.ExecuteQuery: [45]DBExecuteError - 0A000: cannot alter type of a column used by a view or rule

DETAIL: Detail redacted as it may contain sensitive data. Specify 'Include Error Detail' in the connection string to include this information.
===========>     (SEVERE)   DB.ExecuteQuery: [45] => 42601: syntax error at or near "=@#"

POSITION: 40
----------->     (WARNING)  DB.ExecuteQuery: [45]DBExecuteError - 42601: syntax error at or near "=@#"

POSITION: 40
===========>     (SEVERE)   DB.ExecuteQuery: [45] => 0A000: cannot alter type of a column used by a view or rule

DETAIL: Detail redacted as it may contain sensitive data. Specify 'Include Error Detail' in the connection string to include this information.
----------->     (WARNING)  DB.ExecuteQuery: [45]DBExecuteError - 0A000: cannot alter type of a column used by a view or rule

DETAIL: Detail redacted as it may contain sensitive data. Specify 'Include Error Detail' in the connection string to include this information.
===========>     (SEVERE)   DB.ExecuteQuery: [45] => 42601: syntax error at or near "=@#"

POSITION: 37
----------->     (WARNING)  DB.ExecuteQuery: [45]DBExecuteError - 42601: syntax error at or near "=@#"

POSITION: 37
===========>     (SEVERE)   DB.ExecuteQuery: [45] => 42601: syntax error at or near "=@"

POSITION: 40
----------->     (WARNING)  DB.ExecuteQuery: [45]DBExecuteError - 42601: syntax error at or near "=@"

POSITION: 40
===========>     (SEVERE)   DB.ExecuteQuery: [45] => 42703: column "y" does not exist

POSITION: 35
----------->     (WARNING)  DB.ExecuteQuery: [45]DBExecuteError - 42703: column "y" does not exist

POSITION: 35
===========>     (SEVERE)   DB.ExecuteQuery: [45] => 0A000: cannot alter type of a column used by a view or rule

DETAIL: Detail redacted as it may contain sensitive data. Specify 'Include Error Detail' in the connection string to include this information.
----------->     (WARNING)  DB.ExecuteQuery: [45]DBExecuteError - 0A000: cannot alter type of a column used by a view or rule

DETAIL: Detail redacted as it may contain sensitive data. Specify 'Include Error Detail' in the connection string to include this information.
===========>     (SEVERE)   DB.ExecuteQuery: [45] => 42601: syntax error at or near "=@#"

POSITION: 38
----------->     (WARNING)  DB.ExecuteQuery: [45]DBExecuteError - 42601: syntax error at or near "=@#"

POSITION: 38
===========>     (SEVERE)   DB.ExecuteQuery: [45] => 0A000: cannot alter type of a column used by a view or rule

DETAIL: Detail redacted as it may contain sensitive data. Specify 'Include Error Detail' in the connection string to include this information.
----------->     (WARNING)  DB.ExecuteQuery: [45]DBExecuteError - 0A000: cannot alter type of a column used by a view or rule

DETAIL: Detail redacted as it may contain sensitive data. Specify 'Include Error Detail' in the connection string to include this information.
===========>     (SEVERE)   DB.ExecuteQuery: [45] => 42601: syntax error at or near "=@#"

POSITION: 43
----------->     (WARNING)  DB.ExecuteQuery: [45]DBExecuteError - 42601: syntax error at or near "=@#"

POSITION: 43
===========>     (SEVERE)   DB.ExecuteQuery: [45] => 42601: syntax error at or near "=@#"

POSITION: 40
----------->     (WARNING)  DB.ExecuteQuery: [45]DBExecuteError - 42601: syntax error at or near "=@#"

POSITION: 40
===========>     (SEVERE)   DB.ExecuteQuery: [45] => 0A000: cannot alter type of a column used by a view or rule

DETAIL: Detail redacted as it may contain sensitive data. Specify 'Include Error Detail' in the connection string to include this information.
----------->     (WARNING)  DB.ExecuteQuery: [45]DBExecuteError - 0A000: cannot alter type of a column used by a view or rule

DETAIL: Detail redacted as it may contain sensitive data. Specify 'Include Error Detail' in the connection string to include this information.
===========>     (SEVERE)   DB.ExecuteQuery: [45] => 42601: syntax error at or near "=@#"

POSITION: 29
----------->     (WARNING)  DB.ExecuteQuery: [45]DBExecuteError - 42601: syntax error at or near "=@#"

POSITION: 29
===========>     (SEVERE)   DB.ExecuteQuery: [45] => 42703: column "n" does not exist

POSITION: 34
----------->     (WARNING)  DB.ExecuteQuery: [45]DBExecuteError - 42703: column "n" does not exist

POSITION: 34
===========>     (SEVERE)   DB.ExecuteQuery: [45] => 0A000: cannot alter type of a column used by a view or rule

DETAIL: Detail redacted as it may contain sensitive data. Specify 'Include Error Detail' in the connection string to include this information.
----------->     (WARNING)  DB.ExecuteQuery: [45]DBExecuteError - 0A000: cannot alter type of a column used by a view or rule

DETAIL: Detail redacted as it may contain sensitive data. Specify 'Include Error Detail' in the connection string to include this information.
===========>     (SEVERE)   DB.ExecuteQuery: [45] => 42703: column "y" does not exist

POSITION: 29
----------->     (WARNING)  DB.ExecuteQuery: [45]DBExecuteError - 42703: column "y" does not exist

POSITION: 29
===========>     (SEVERE)   DB.ExecuteQuery: [45] => 42601: syntax error at or near "=@#"

POSITION: 35
----------->     (WARNING)  DB.ExecuteQuery: [45]DBExecuteError - 42601: syntax error at or near "=@#"

POSITION: 35
===========>     (SEVERE)   DB.ExecuteQuery: [45] => 0A000: cannot alter type of a column used by a view or rule

DETAIL: Detail redacted as it may contain sensitive data. Specify 'Include Error Detail' in the connection string to include this information.
----------->     (WARNING)  DB.ExecuteQuery: [45]DBExecuteError - 0A000: cannot alter type of a column used by a view or rule

DETAIL: Detail redacted as it may contain sensitive data. Specify 'Include Error Detail' in the connection string to include this information.
===========>     (SEVERE)   DB.ExecuteQuery: [45] => 0A000: cannot alter type of a column used by a view or rule

DETAIL: Detail redacted as it may contain sensitive data. Specify 'Include Error Detail' in the connection string to include this information.
----------->     (WARNING)  DB.ExecuteQuery: [45]DBExecuteError - 0A000: cannot alter type of a column used by a view or rule

DETAIL: Detail redacted as it may contain sensitive data. Specify 'Include Error Detail' in the connection string to include this information.
===========>     (SEVERE)   DB.ExecuteQuery: [45] => 42601: syntax error at or near "=@#"

POSITION: 35
----------->     (WARNING)  DB.ExecuteQuery: [45]DBExecuteError - 42601: syntax error at or near "=@#"

POSITION: 35
===========>     (SEVERE)   DB.ExecuteQuery: [45] => 42601: syntax error at or near "=@"

POSITION: 35
----------->     (WARNING)  DB.ExecuteQuery: [45]DBExecuteError - 42601: syntax error at or near "=@"

POSITION: 35
===========>     (SEVERE)   DB.ExecuteQuery: [45] => 0A000: cannot alter type of a column used by a view or rule

DETAIL: Detail redacted as it may contain sensitive data. Specify 'Include Error Detail' in the connection string to include this information.
----------->     (WARNING)  DB.ExecuteQuery: [45]DBExecuteError - 0A000: cannot alter type of a column used by a view or rule

DETAIL: Detail redacted as it may contain sensitive data. Specify 'Include Error Detail' in the connection string to include this information.
===========>     (SEVERE)   DB.ExecuteQuery: [45] => 42601: syntax error at or near "=@#"

POSITION: 37
----------->     (WARNING)  DB.ExecuteQuery: [45]DBExecuteError - 42601: syntax error at or near "=@#"

POSITION: 37
===========>     (SEVERE)   DB.ExecuteQuery: [45] => 0A000: cannot alter type of a column used by a view or rule

DETAIL: Detail redacted as it may contain sensitive data. Specify 'Include Error Detail' in the connection string to include this information.
----------->     (WARNING)  DB.ExecuteQuery: [45]DBExecuteError - 0A000: cannot alter type of a column used by a view or rule

DETAIL: Detail redacted as it may contain sensitive data. Specify 'Include Error Detail' in the connection string to include this information.
===========>     (SEVERE)   DB.ExecuteQuery: [45] => 0A000: cannot alter type of a column used by a view or rule

DETAIL: Detail redacted as it may contain sensitive data. Specify 'Include Error Detail' in the connection string to include this information.
----------->     (WARNING)  DB.ExecuteQuery: [45]DBExecuteError - 0A000: cannot alter type of a column used by a view or rule

DETAIL: Detail redacted as it may contain sensitive data. Specify 'Include Error Detail' in the connection string to include this information.
===========>     (SEVERE)   DB.ExecuteQuery: [45] => 0A000: cannot alter type of a column used by a view or rule

DETAIL: Detail redacted as it may contain sensitive data. Specify 'Include Error Detail' in the connection string to include this information.
----------->     (WARNING)  DB.ExecuteQuery: [45]DBExecuteError - 0A000: cannot alter type of a column used by a view or rule

DETAIL: Detail redacted as it may contain sensitive data. Specify 'Include Error Detail' in the connection string to include this information.
===========>     (SEVERE)   DB.ExecuteQuery: [45] => 42601: syntax error at or near "=@#"

POSITION: 31
----------->     (WARNING)  DB.ExecuteQuery: [45]DBExecuteError - 42601: syntax error at or near "=@#"

POSITION: 31
===========>     (SEVERE)   DB.ExecuteQuery: [45] => 42601: syntax error at or near "=@"

POSITION: 37
----------->     (WARNING)  DB.ExecuteQuery: [45]DBExecuteError - 42601: syntax error at or near "=@"

POSITION: 37
===========>     (SEVERE)   DB.ExecuteQuery: [45] => 0A000: cannot alter type of a column used by a view or rule

DETAIL: Detail redacted as it may contain sensitive data. Specify 'Include Error Detail' in the connection string to include this information.
----------->     (WARNING)  DB.ExecuteQuery: [45]DBExecuteError - 0A000: cannot alter type of a column used by a view or rule

DETAIL: Detail redacted as it may contain sensitive data. Specify 'Include Error Detail' in the connection string to include this information.
===========>     (SEVERE)   DB.ExecuteQuery: [45] => 0A000: cannot alter type of a column used by a view or rule

DETAIL: Detail redacted as it may contain sensitive data. Specify 'Include Error Detail' in the connection string to include this information.
----------->     (WARNING)  DB.ExecuteQuery: [45]DBExecuteError - 0A000: cannot alter type of a column used by a view or rule

DETAIL: Detail redacted as it may contain sensitive data. Specify 'Include Error Detail' in the connection string to include this information.
===========>     (SEVERE)   DB.ExecuteQuery: [45] => 0A000: cannot alter type of a column used by a view or rule

DETAIL: Detail redacted as it may contain sensitive data. Specify 'Include Error Detail' in the connection string to include this information.
----------->     (WARNING)  DB.ExecuteQuery: [45]DBExecuteError - 0A000: cannot alter type of a column used by a view or rule

DETAIL: Detail redacted as it may contain sensitive data. Specify 'Include Error Detail' in the connection string to include this information.
===========>     (SEVERE)   DB.ExecuteQuery: [45] => 42601: syntax error at or near "=@#"

POSITION: 35
----------->     (WARNING)  DB.ExecuteQuery: [45]DBExecuteError - 42601: syntax error at or near "=@#"

POSITION: 35
===========>     (SEVERE)   DB.ExecuteQuery: [45] => 0A000: cannot alter type of a column used by a view or rule

DETAIL: Detail redacted as it may contain sensitive data. Specify 'Include Error Detail' in the connection string to include this information.
----------->     (WARNING)  DB.ExecuteQuery: [45]DBExecuteError - 0A000: cannot alter type of a column used by a view or rule

DETAIL: Detail redacted as it may contain sensitive data. Specify 'Include Error Detail' in the connection string to include this information.
===========>     (SEVERE)   DB.ExecuteQuery: [45] => 0A000: cannot alter type of a column used by a view or rule

DETAIL: Detail redacted as it may contain sensitive data. Specify 'Include Error Detail' in the connection string to include this information.
----------->     (WARNING)  DB.ExecuteQuery: [45]DBExecuteError - 0A000: cannot alter type of a column used by a view or rule

DETAIL: Detail redacted as it may contain sensitive data. Specify 'Include Error Detail' in the connection string to include this information.
===========>     (SEVERE)   DB.ExecuteQuery: [45] => 42703: column "y" does not exist

POSITION: 32
----------->     (WARNING)  DB.ExecuteQuery: [45]DBExecuteError - 42703: column "y" does not exist

POSITION: 32
===========>     (SEVERE)   DB.ExecuteQuery: [45] => 42703: column "y" does not exist

POSITION: 35
----------->     (WARNING)  DB.ExecuteQuery: [45]DBExecuteError - 42703: column "y" does not exist

POSITION: 35
===========>     (SEVERE)   DB.ExecuteQuery: [45] => 42703: column "y" does not exist

POSITION: 38
----------->     (WARNING)  DB.ExecuteQuery: [45]DBExecuteError - 42703: column "y" does not exist

POSITION: 38
===========>     (SEVERE)   DB.ExecuteQuery: [45] => 42601: syntax error at or near "=@#"

POSITION: 38
----------->     (WARNING)  DB.ExecuteQuery: [45]DBExecuteError - 42601: syntax error at or near "=@#"

POSITION: 38
===========>     (SEVERE)   DB.ExecuteQuery: [45] => 42703: column "n" does not exist

POSITION: 33
----------->     (WARNING)  DB.ExecuteQuery: [45]DBExecuteError - 42703: column "n" does not exist

POSITION: 33
===========>     (SEVERE)   DB.ExecuteQuery: [45] => 0A000: cannot alter type of a column used by a view or rule

DETAIL: Detail redacted as it may contain sensitive data. Specify 'Include Error Detail' in the connection string to include this information.
----------->     (WARNING)  DB.ExecuteQuery: [45]DBExecuteError - 0A000: cannot alter type of a column used by a view or rule

DETAIL: Detail redacted as it may contain sensitive data. Specify 'Include Error Detail' in the connection string to include this information.
===========>     (SEVERE)   DB.ExecuteQuery: [45] => 0A000: cannot alter type of a column used by a view or rule

DETAIL: Detail redacted as it may contain sensitive data. Specify 'Include Error Detail' in the connection string to include this information.
----------->     (WARNING)  DB.ExecuteQuery: [45]DBExecuteError - 0A000: cannot alter type of a column used by a view or rule

DETAIL: Detail redacted as it may contain sensitive data. Specify 'Include Error Detail' in the connection string to include this information.
===========>     (SEVERE)   DB.ExecuteQuery: [45] => 0A000: cannot alter type of a column used by a view or rule

DETAIL: Detail redacted as it may contain sensitive data. Specify 'Include Error Detail' in the connection string to include this information.
----------->     (WARNING)  DB.ExecuteQuery: [45]DBExecuteError - 0A000: cannot alter type of a column used by a view or rule

DETAIL: Detail redacted as it may contain sensitive data. Specify 'Include Error Detail' in the connection string to include this information.
===========>     (SEVERE)   DB.ExecuteQuery: [45] => 0A000: cannot alter type of a column used by a view or rule

DETAIL: Detail redacted as it may contain sensitive data. Specify 'Include Error Detail' in the connection string to include this information.
----------->     (WARNING)  DB.ExecuteQuery: [45]DBExecuteError - 0A000: cannot alter type of a column used by a view or rule

DETAIL: Detail redacted as it may contain sensitive data. Specify 'Include Error Detail' in the connection string to include this information.
===========>     (SEVERE)   DB.ExecuteQuery: [45] => 0A000: cannot alter type of a column used by a view or rule

DETAIL: Detail redacted as it may contain sensitive data. Specify 'Include Error Detail' in the connection string to include this information.
----------->     (WARNING)  DB.ExecuteQuery: [45]DBExecuteError - 0A000: cannot alter type of a column used by a view or rule

DETAIL: Detail redacted as it may contain sensitive data. Specify 'Include Error Detail' in the connection string to include this information.
===========>     (SEVERE)   DB.ExecuteQuery: [45] => 42703: column "n" does not exist

POSITION: 34
----------->     (WARNING)  DB.ExecuteQuery: [45]DBExecuteError - 42703: column "n" does not exist

POSITION: 34
===========>     (SEVERE)   DB.ExecuteQuery: [45] => 0A000: cannot alter type of a column used by a view or rule

DETAIL: Detail redacted as it may contain sensitive data. Specify 'Include Error Detail' in the connection string to include this information.
----------->     (WARNING)  DB.ExecuteQuery: [45]DBExecuteError - 0A000: cannot alter type of a column used by a view or rule

DETAIL: Detail redacted as it may contain sensitive data. Specify 'Include Error Detail' in the connection string to include this information.
===========>     (SEVERE)   DB.ExecuteQuery: [45] => 42601: syntax error at or near "=@#"

POSITION: 40
----------->     (WARNING)  DB.ExecuteQuery: [45]DBExecuteError - 42601: syntax error at or near "=@#"

POSITION: 40
===========>     (SEVERE)   DB.ExecuteQuery: [45] => 42601: syntax error at or near "=@#"

POSITION: 51
----------->     (WARNING)  DB.ExecuteQuery: [45]DBExecuteError - 42601: syntax error at or near "=@#"

POSITION: 51
===========>     (SEVERE)   DB.ExecuteQuery: [45] => 42601: syntax error at or near "=@#"

POSITION: 50
----------->     (WARNING)  DB.ExecuteQuery: [45]DBExecuteError - 42601: syntax error at or near "=@#"

POSITION: 50
===========>     (SEVERE)   DB.ExecuteQuery: [45] => 42601: syntax error at or near "=@#"

POSITION: 47
----------->     (WARNING)  DB.ExecuteQuery: [45]DBExecuteError - 42601: syntax error at or near "=@#"

POSITION: 47
----------->     (WARNING)  MColumn.GetSQLDefaultValue: [45]Get sql default: @SQL=SELECT COALESCE(MAX(FRPT_SeqNo),0)+10 AS DefaultValue FROM FRPT_Post_AcctFilter WHERE FRPT_Post_AcctFilter_ID=@FRPT_Post_AcctFilter_ID@
===========>     (SEVERE)   DB.ExecuteQuery: [45] => 42601: syntax error at or near "=@#"

POSITION: 42
----------->     (WARNING)  DB.ExecuteQuery: [45]DBExecuteError - 42601: syntax error at or near "=@#"

POSITION: 42
----------->     (WARNING)  MColumn.GetSQLDefaultValue: [45]Get sql default: @SQL=SELECT NVL(MAX(SeqNo),0)+10 AS DefaultValue FROM FRPT_BP_Employee_Acct WHERE C_BPartner_ID=@C_BPartner_ID@
----------->     (WARNING)  MColumn.GetSQLDefaultValue: [45]Get sql default: @SQL=SELECT NVL(MAX(SeqNo),0)+10 AS DefaultValue FROM FRPT_BankAccount_Acct WHERE C_BankAccount_ID=@C_BankAccount_ID@
===========>     (SEVERE)   DB.ExecuteQuery: [45] => 42601: syntax error at or near "=@#"

POSITION: 42
----------->     (WARNING)  DB.ExecuteQuery: [45]DBExecuteError - 42601: syntax error at or near "=@#"

POSITION: 42
===========>     (SEVERE)   DB.ExecuteQuery: [45] => 42601: syntax error at or near "=@#"

POSITION: 42
----------->     (WARNING)  DB.ExecuteQuery: [45]DBExecuteError - 42601: syntax error at or near "=@#"

POSITION: 42
===========>     (SEVERE)   DB.ExecuteQuery: [45] => 42601: syntax error at or near "=@"

POSITION: 39
----------->     (WARNING)  DB.ExecuteQuery: [45]DBExecuteError - 42601: syntax error at or near "=@"

POSITION: 39
----------->     (WARNING)  MColumn.GetSQLDefaultValue: [45]Get sql default: @SQL=SELECT COALESCE(MAX(FRPT_SeqNo),0)+10 AS DefaultValue FROM FRPT_LocEntity_PostCon WHERE FRPT_LocEntity_PostingLogic_ID=@FRPT_LocEntity_PostingLogic_ID@
===========>     (SEVERE)   DB.ExecuteQuery: [45] => 42601: syntax error at or near "=@#"

POSITION: 43
----------->     (WARNING)  DB.ExecuteQuery: [45]DBExecuteError - 42601: syntax error at or near "=@#"

POSITION: 43
----------->     (WARNING)  MColumn.GetSQLDefaultValue: [45]Get sql default: @SQL=SELECT COALESCE(MAX(FRPT_SeqNo),0)+10 AS DefaultValue FROM FRPT_LocEntity_PostingLogic WHERE FRPT_LocPosting_Rule_ID=@FRPT_LocPosting_Rule_ID@
----------->     (WARNING)  MColumn.GetSQLDefaultValue: [45]Get sql default: @SQL=SELECT FRPT_TrxDateColumn As DefaultValue From Frpt_LocPosting_Rule Where Frpt_LocPosting_Rule_Id=@FRPT_LocPosting_Rule_ID@
----------->     (WARNING)  MColumn.GetSQLDefaultValue: [45]Get sql default: @SQL=SELECT FRPT_TrxDateTable As DefaultValue From Frpt_LocPosting_Rule Where Frpt_LocPosting_Rule_Id=@FRPT_LocPosting_Rule_ID@
----------->     (WARNING)  MColumn.GetSQLDefaultValue: [45]Get sql default: @SQL=SELECT NVL(MAX(SeqNo),0)+10 AS DefaultValue FROM FRPT_PeriodType
===========>     (SEVERE)   DB.ExecuteQuery: [45] => 42601: syntax error at or near "=@#"

POSITION: 40
----------->     (WARNING)  DB.ExecuteQuery: [45]DBExecuteError - 42601: syntax error at or near "=@#"

POSITION: 40
===========>     (SEVERE)   DB.ExecuteQuery: [45] => 42601: syntax error at or near "=@#"

POSITION: 37
----------->     (WARNING)  DB.ExecuteQuery: [45]DBExecuteError - 42601: syntax error at or near "=@#"

POSITION: 37
===========>     (SEVERE)   DB.ExecuteQuery: [45] => 42703: column "y" does not exist

POSITION: 49
----------->     (WARNING)  DB.ExecuteQuery: [45]DBExecuteError - 42703: column "y" does not exist

POSITION: 49
===========>     (SEVERE)   DB.ExecuteQuery: [45] => 42601: syntax error at or near "=@#"

POSITION: 39
----------->     (WARNING)  DB.ExecuteQuery: [45]DBExecuteError - 42601: syntax error at or near "=@#"

POSITION: 39
===========>     (SEVERE)   DB.ExecuteQuery: [45] => 42703: column "y" does not exist

POSITION: 39
----------->     (WARNING)  DB.ExecuteQuery: [45]DBExecuteError - 42703: column "y" does not exist

POSITION: 39
----------->     (WARNING)  MColumn.GetSQLDefaultValue: [45]Get sql default: @SQL=SELECT NVL(MAX(SeqNo),0)+10 AS DefaultValue FROM FRPT_Warehouse_Acct WHERE M_Warehouse_ID=@M_Warehouse_ID@
----------->     (WARNING)  MColumn.GetSQLDefaultValue: [45]Get sql default: @SQL=SELECT NVL(MAX(SeqNo),0)+10 AS DefaultValue FROM FRPT_BP_Group_Acct WHERE C_BP_Group_ID=@C_BP_Group_ID@
===========>     (SEVERE)   DB.ExecuteQuery: [45] => 42703: column "y" does not exist

POSITION: 41
----------->     (WARNING)  DB.ExecuteQuery: [45]DBExecuteError - 42703: column "y" does not exist

POSITION: 41
----------->     (WARNING)  MColumn.GetSQLDefaultValue: [45]Get sql default: @SQL=SELECT NVL(MAX(SeqNo),0)+10 AS DefaultValue FROM FRPT_Warehouse_Acct WHERE M_Warehouse_ID=@M_Warehouse_ID@
----------->     (WARNING)  MColumn.GetSQLDefaultValue: [45]Get sql default: @SQL=SELECT COALESCE(MAX(Line),0)+10 AS DefaultValue FROM FRPT_SubGroup WHERE FRPT_Group_ID=@FRPT_Group_ID@
----------->     (WARNING)  MColumn.GetSQLDefaultValue: [45]Get sql default: @SQL=SELECT NVL(MAX(SeqNo),0)+10 AS DefaultValue FROM FRPT_ColumnFormula
===========>     (SEVERE)   DB.ExecuteQuery: [45] => 42601: syntax error at or near "=@#"

POSITION: 40
----------->     (WARNING)  DB.ExecuteQuery: [45]DBExecuteError - 42601: syntax error at or near "=@#"

POSITION: 40
===========>     (SEVERE)   DB.ExecuteQuery: [45] => 42601: syntax error at or near "=@#"

POSITION: 35
----------->     (WARNING)  DB.ExecuteQuery: [45]DBExecuteError - 42601: syntax error at or near "=@#"

POSITION: 35
----------->     (WARNING)  MColumn.GetSQLDefaultValue: [45]Get sql default: @SQL=SELECT NVL(MAX(SeqNo),0)+10 AS DefaultValue FROM FRPT_Charge_Acct WHERE C_Charge_ID=@C_Charge_ID@
===========>     (SEVERE)   DB.ExecuteQuery: [45] => 42601: syntax error at or near "=@"

POSITION: 43
----------->     (WARNING)  DB.ExecuteQuery: [45]DBExecuteError - 42601: syntax error at or near "=@"

POSITION: 43
===========>     (SEVERE)   DB.ExecuteQuery: [45] => 42703: column "y" does not exist

POSITION: 35
----------->     (WARNING)  DB.ExecuteQuery: [45]DBExecuteError - 42703: column "y" does not exist

POSITION: 35
----------->     (WARNING)  MColumn.GetSQLDefaultValue: [45]Get sql default: @SQL=SELECT COALESCE(MAX(SeqNo),0)+10 AS DefaultValue FROM FRPT_Product_Category_Acct WHERE M_Product_Category_ID=@M_Product_Category_ID@
----------->     (WARNING)  MColumn.GetSQLDefaultValue: [45]Get sql default: @SQL=SELECT NVL(MAX(SeqNo),0)+10 AS DefaultValue FROM FRPT_BP_Vendor_Acct WHERE C_BPartner_ID=@C_BPartner_ID@
===========>     (SEVERE)   DB.ExecuteQuery: [45] => 0A000: cannot alter type of a column used by a view or rule

DETAIL: Detail redacted as it may contain sensitive data. Specify 'Include Error Detail' in the connection string to include this information.
----------->     (WARNING)  DB.ExecuteQuery: [45]DBExecuteError - 0A000: cannot alter type of a column used by a view or rule

DETAIL: Detail redacted as it may contain sensitive data. Specify 'Include Error Detail' in the connection string to include this information.
===========>     (SEVERE)   DB.ExecuteQuery: [45] => 0A000: cannot alter type of a column used by a view or rule

DETAIL: Detail redacted as it may contain sensitive data. Specify 'Include Error Detail' in the connection string to include this information.
----------->     (WARNING)  DB.ExecuteQuery: [45]DBExecuteError - 0A000: cannot alter type of a column used by a view or rule

DETAIL: Detail redacted as it may contain sensitive data. Specify 'Include Error Detail' in the connection string to include this information.
===========>     (SEVERE)   DB.ExecuteQuery: [45] => 42601: syntax error at or near "=@#"

POSITION: 35
----------->     (WARNING)  DB.ExecuteQuery: [45]DBExecuteError - 42601: syntax error at or near "=@#"

POSITION: 35
===========>     (SEVERE)   DB.ExecuteQuery: [45] => 42601: syntax error at or near "=@#"

POSITION: 32
----------->     (WARNING)  DB.ExecuteQuery: [45]DBExecuteError - 42601: syntax error at or near "=@#"

POSITION: 32
----------->     (WARNING)  MColumn.GetSQLDefaultValue: [45]Get sql default: @SQL=SELECT NVL(MAX(SeqNo),0)+10 AS DefaultValue FROM FRPT_TaxRate_Acct WHERE C_Tax_ID=@C_Tax_ID@
===========>     (SEVERE)   DB.ExecuteQuery: [45] => 42601: syntax error at or near "=@"

POSITION: 48
----------->     (WARNING)  DB.ExecuteQuery: [45]DBExecuteError - 42601: syntax error at or near "=@"

POSITION: 48
===========>     (SEVERE)   DB.ExecuteQuery: [45] => 42703: column "y" does not exist

POSITION: 33
----------->     (WARNING)  DB.ExecuteQuery: [45]DBExecuteError - 42703: column "y" does not exist

POSITION: 33
===========>     (SEVERE)   DB.ExecuteQuery: [45] => 42703: column "y" does not exist

POSITION: 43
----------->     (WARNING)  DB.ExecuteQuery: [45]DBExecuteError - 42703: column "y" does not exist

POSITION: 43
----------->     (WARNING)  MColumn.GetSQLDefaultValue: [45]Get sql default: @SQL=SELECT NVL(MAX(SeqNo),0)+10 AS DefaultValue FROM FRPT_BP_Employee_Acct WHERE C_BPartner_ID=@C_BPartner_ID@
===========>     (SEVERE)   DB.ExecuteQuery: [45] => 42601: syntax error at or near "=@#"

POSITION: 41
----------->     (WARNING)  DB.ExecuteQuery: [45]DBExecuteError - 42601: syntax error at or near "=@#"

POSITION: 41
===========>     (SEVERE)   DB.ExecuteQuery: [45] => 42601: syntax error at or near "=@"

POSITION: 38
----------->     (WARNING)  DB.ExecuteQuery: [45]DBExecuteError - 42601: syntax error at or near "=@"

POSITION: 38
===========>     (SEVERE)   DB.ExecuteQuery: [45] => 42601: syntax error at or near "=@#"

POSITION: 49
----------->     (WARNING)  DB.ExecuteQuery: [45]DBExecuteError - 42601: syntax error at or near "=@#"

POSITION: 49
===========>     (SEVERE)   DB.ExecuteQuery: [45] => 42703: column "y" does not exist

POSITION: 49
----------->     (WARNING)  DB.ExecuteQuery: [45]DBExecuteError - 42703: column "y" does not exist

POSITION: 49
===========>     (SEVERE)   DB.ExecuteQuery: [45] => 42703: column "y" does not exist

POSITION: 43
----------->     (WARNING)  DB.ExecuteQuery: [45]DBExecuteError - 42703: column "y" does not exist

POSITION: 43
----------->     (WARNING)  MColumn.GetSQLDefaultValue: [45]Get sql default: @SQL=SELECT NVL(MAX(SeqNo),0)+10 AS DefaultValue FROM FRPT_BankAccount_Acct WHERE C_BankAccount_ID=@C_BankAccount_ID@
===========>     (SEVERE)   DB.ExecuteQuery: [45] => 42601: syntax error at or near "=@#"

POSITION: 42
----------->     (WARNING)  DB.ExecuteQuery: [45]DBExecuteError - 42601: syntax error at or near "=@#"

POSITION: 42
===========>     (SEVERE)   DB.ExecuteQuery: [45] => 42601: syntax error at or near "=@"

POSITION: 39
----------->     (WARNING)  DB.ExecuteQuery: [45]DBExecuteError - 42601: syntax error at or near "=@"

POSITION: 39
----------->     (WARNING)  MColumn.GetSQLDefaultValue: [45]Get sql default: @SQL=SELECT NVL(MAX(SeqNo),0)+10 AS DefaultValue FROM FRPT_Withholding_Acct WHERE C_Withholding_ID=@C_Withholding_ID@
===========>     (SEVERE)   DB.ExecuteQuery: [45] => 42601: syntax error at or near "=@#"

POSITION: 39
----------->     (WARNING)  DB.ExecuteQuery: [45]DBExecuteError - 42601: syntax error at or near "=@#"

POSITION: 39
===========>     (SEVERE)   DB.ExecuteQuery: [45] => 42703: column "y" does not exist

POSITION: 39
----------->     (WARNING)  DB.ExecuteQuery: [45]DBExecuteError - 42703: column "y" does not exist

POSITION: 39
===========>     (SEVERE)   DB.ExecuteQuery: [45] => 42703: column "y" does not exist

POSITION: 42
----------->     (WARNING)  DB.ExecuteQuery: [45]DBExecuteError - 42703: column "y" does not exist

POSITION: 42
===========>     (SEVERE)   DB.ExecuteQuery: [45] => 42703: column "y" does not exist

POSITION: 38
----------->     (WARNING)  DB.ExecuteQuery: [45]DBExecuteError - 42703: column "y" does not exist

POSITION: 38
===========>     (SEVERE)   DB.ExecuteQuery: [45] => 22001: value too long for type character varying(50)
----------->     (WARNING)  DB.ExecuteQuery: [45]DBExecuteError - 22001: value too long for type character varying(50)
===========>     (SEVERE)   DB.ExecuteQuery: [45] => 42601: syntax error at or near "=@#"

POSITION: 45
----------->     (WARNING)  DB.ExecuteQuery: [45]DBExecuteError - 42601: syntax error at or near "=@#"

POSITION: 45
----------->     (WARNING)  MColumn.GetSQLDefaultValue: [45]Get sql default: @SQL=SELECT NVL(MAX(SeqNo),0)+10 AS DefaultValue FROM FRPT_BP_Customer_Acct WHERE C_BPartner_ID=@C_BPartner_ID@
===========>     (SEVERE)   DB.ExecuteQuery: [45] => 42703: column "y" does not exist

POSITION: 33
----------->     (WARNING)  DB.ExecuteQuery: [45]DBExecuteError - 42703: column "y" does not exist

POSITION: 33
----------->     (WARNING)  MColumn.GetSQLDefaultValue: [45]Get sql default: @SQL=SELECT COALESCE(MAX(Line),0)+10 AS DefaultValue FROM FRPT_ReportLine WHERE FRPT_ReportHeader_ID=@FRPT_ReportHeader_ID@
===========>     (SEVERE)   DB.ExecuteQuery: [45] => 42601: syntax error at or near "=@#"

POSITION: 47
----------->     (WARNING)  DB.ExecuteQuery: [45]DBExecuteError - 42601: syntax error at or near "=@#"

POSITION: 47
===========>     (SEVERE)   DB.ExecuteQuery: [45] => 42601: syntax error at or near "=@"

POSITION: 40
----------->     (WARNING)  DB.ExecuteQuery: [45]DBExecuteError - 42601: syntax error at or near "=@"

POSITION: 40
===========>     (SEVERE)   DB.ExecuteQuery: [45] => 42601: syntax error at or near "=@"

POSITION: 37
----------->     (WARNING)  DB.ExecuteQuery: [45]DBExecuteError - 42601: syntax error at or near "=@"

POSITION: 37
===========>     (SEVERE)   DB.ExecuteQuery: [45] => 42703: column "y" does not exist

POSITION: 37
----------->     (WARNING)  DB.ExecuteQuery: [45]DBExecuteError - 42703: column "y" does not exist

POSITION: 37
----------->     (WARNING)  MColumn.GetSQLDefaultValue: [45]Get sql default: @SQL=SELECT COALESCE(MAX(Line),0)+10 AS DefaultValue FROM FRPT_ReportHeader WHERE FRPT_Report_ID=@FRPT_Report_ID@
===========>     (SEVERE)   DB.ExecuteQuery: [45] => 42601: syntax error at or near "=@#"

POSITION: 33
----------->     (WARNING)  DB.ExecuteQuery: [45]DBExecuteError - 42601: syntax error at or near "=@#"

POSITION: 33
===========>     (SEVERE)   DB.ExecuteQuery: [45] => 42601: syntax error at or near "=@#"

POSITION: 48
----------->     (WARNING)  DB.ExecuteQuery: [45]DBExecuteError - 42601: syntax error at or near "=@#"

POSITION: 48
===========>     (SEVERE)   DB.ExecuteQuery: [45] => 42703: column "y" does not exist

POSITION: 44
----------->     (WARNING)  DB.ExecuteQuery: [45]DBExecuteError - 42703: column "y" does not exist

POSITION: 44
===========>     (SEVERE)   DB.ExecuteQuery: [45] => 42601: syntax error at or near "=@#"

POSITION: 42
----------->     (WARNING)  DB.ExecuteQuery: [45]DBExecuteError - 42601: syntax error at or near "=@#"

POSITION: 42
===========>     (SEVERE)   DB.ExecuteQuery: [45] => 42703: column "y" does not exist

POSITION: 44
----------->     (WARNING)  DB.ExecuteQuery: [45]DBExecuteError - 42703: column "y" does not exist

POSITION: 44
===========>     (SEVERE)   DB.ExecuteQuery: [45] => 42703: column "y" does not exist

POSITION: 39
----------->     (WARNING)  DB.ExecuteQuery: [45]DBExecuteError - 42703: column "y" does not exist

POSITION: 39
----------->     (WARNING)  MColumn.GetSQLDefaultValue: [45]Get sql default: @SQL=SELECT COALESCE(MAX(Line),0)+10 AS DefaultValue FROM FRPT_ReportLine WHERE FRPT_ReportHeader_ID=@FRPT_ReportHeader_ID@
===========>     (SEVERE)   DB.ExecuteQuery: [45] => 42703: column "y" does not exist

POSITION: 44
----------->     (WARNING)  DB.ExecuteQuery: [45]DBExecuteError - 42703: column "y" does not exist

POSITION: 44
===========>     (SEVERE)   DB.ExecuteQuery: [45] => 42601: syntax error at or near "=@#"

POSITION: 36
----------->     (WARNING)  DB.ExecuteQuery: [45]DBExecuteError - 42601: syntax error at or near "=@#"

POSITION: 36
===========>     (SEVERE)   DB.ExecuteQuery: [45] => 42601: syntax error at or near "=@"

POSITION: 33
----------->     (WARNING)  DB.ExecuteQuery: [45]DBExecuteError - 42601: syntax error at or near "=@"

POSITION: 33
----------->     (WARNING)  MColumn.GetSQLDefaultValue: [45]Get sql default: @SQL=SELECT NVL(MAX(SeqNo),0)+10 AS DefaultValue FROM FRPT_Charge_Acct WHERE C_Charge_ID=@C_Charge_ID@
===========>     (SEVERE)   DB.ExecuteQuery: [45] => 42601: syntax error at or near "=@#"

POSITION: 44
----------->     (WARNING)  DB.ExecuteQuery: [45]DBExecuteError - 42601: syntax error at or near "=@#"

POSITION: 44
===========>     (SEVERE)   DB.ExecuteQuery: [45] => 42601: syntax error at or near "=@"

POSITION: 41
----------->     (WARNING)  DB.ExecuteQuery: [45]DBExecuteError - 42601: syntax error at or near "=@"

POSITION: 41
----------->     (WARNING)  MColumn.GetSQLDefaultValue: [45]Get sql default: @SQL=SELECT COALESCE(MAX(FRPT_SeqNo),0)+10 AS DefaultValue FROM FRPT_LocEntity_PostingLogic WHERE FRPT_LocPosting_Rule_ID=@FRPT_LocPosting_Rule_ID@
----------->     (WARNING)  MColumn.GetSQLDefaultValue: [45]Get sql default: @SQL=SELECT FRPT_TrxDateColumn As DefaultValue From Frpt_LocPosting_Rule Where Frpt_LocPosting_Rule_Id=@FRPT_LocPosting_Rule_ID@
----------->     (WARNING)  MColumn.GetSQLDefaultValue: [45]Get sql default: @SQL=SELECT FRPT_TrxDateTable As DefaultValue From Frpt_LocPosting_Rule Where Frpt_LocPosting_Rule_Id=@FRPT_LocPosting_Rule_ID@
===========>     (SEVERE)   DB.ExecuteQuery: [45] => 42703: column "y" does not exist

POSITION: 41
----------->     (WARNING)  DB.ExecuteQuery: [45]DBExecuteError - 42703: column "y" does not exist

POSITION: 41
----------->     (WARNING)  MColumn.GetSQLDefaultValue: [45]Get sql default: @SQL=SELECT NVL(MAX(SeqNo),0)+10 AS DefaultValue FROM FRPT_BP_Vendor_Acct WHERE C_BPartner_ID=@C_BPartner_ID@
===========>     (SEVERE)   DB.ExecuteQuery: [45] => 42601: syntax error at or near "=@#"

POSITION: 46
----------->     (WARNING)  DB.ExecuteQuery: [45]DBExecuteError - 42601: syntax error at or near "=@#"

POSITION: 46
===========>     (SEVERE)   DB.ExecuteQuery: [45] => 42703: column "y" does not exist

POSITION: 42
----------->     (WARNING)  DB.ExecuteQuery: [45]DBExecuteError - 42703: column "y" does not exist

POSITION: 42
===========>     (SEVERE)   DB.ExecuteQuery: [45] => 42703: column "y" does not exist

POSITION: 47
----------->     (WARNING)  DB.ExecuteQuery: [45]DBExecuteError - 42703: column "y" does not exist

POSITION: 47
----------->     (WARNING)  MColumn.GetSQLDefaultValue: [45]Get sql default: @SQL=SELECT COALESCE(MAX(FRPT_SeqNo),0)+10 AS DefaultValue FROM FRPT_Post_AcctFilter WHERE FRPT_Post_AcctFilter_ID=@FRPT_Post_AcctFilter_ID@
===========>     (SEVERE)   DB.ExecuteQuery: [45] => 42601: syntax error at or near "=@#"

POSITION: 45
----------->     (WARNING)  DB.ExecuteQuery: [45]DBExecuteError - 42601: syntax error at or near "=@#"

POSITION: 45
===========>     (SEVERE)   DB.ExecuteQuery: [45] => 42601: syntax error at or near "=@#"

POSITION: 48
----------->     (WARNING)  DB.ExecuteQuery: [45]DBExecuteError - 42601: syntax error at or near "=@#"

POSITION: 48
===========>     (SEVERE)   DB.ExecuteQuery: [45] => 42601: syntax error at or near "=@"

POSITION: 48
----------->     (WARNING)  DB.ExecuteQuery: [45]DBExecuteError - 42601: syntax error at or near "=@"

POSITION: 48
===========>     (SEVERE)   DB.ExecuteQuery: [45] => 42601: syntax error at or near "=@"

POSITION: 45
----------->     (WARNING)  DB.ExecuteQuery: [45]DBExecuteError - 42601: syntax error at or near "=@"

POSITION: 45
===========>     (SEVERE)   DB.ExecuteQuery: [45] => 0A000: cannot alter type of a column used by a view or rule

DETAIL: Detail redacted as it may contain sensitive data. Specify 'Include Error Detail' in the connection string to include this information.
----------->     (WARNING)  DB.ExecuteQuery: [45]DBExecuteError - 0A000: cannot alter type of a column used by a view or rule

DETAIL: Detail redacted as it may contain sensitive data. Specify 'Include Error Detail' in the connection string to include this information.
===========>     (SEVERE)   DB.ExecuteQuery: [45] => 42703: column "y" does not exist

POSITION: 42
----------->     (WARNING)  DB.ExecuteQuery: [45]DBExecuteError - 42703: column "y" does not exist

POSITION: 42
===========>     (SEVERE)   DB.ExecuteQuery: [45] => 42601: syntax error at or near "=@#"

POSITION: 47
----------->     (WARNING)  DB.ExecuteQuery: [45]DBExecuteError - 42601: syntax error at or near "=@#"

POSITION: 47
===========>     (SEVERE)   DB.ExecuteQuery: [45] => 42601: syntax error at or near "=@"

POSITION: 44
----------->     (WARNING)  DB.ExecuteQuery: [45]DBExecuteError - 42601: syntax error at or near "=@"

POSITION: 44
===========>     (SEVERE)   DB.ExecuteQuery: [45] => 42703: column "y" does not exist

POSITION: 37
----------->     (WARNING)  DB.ExecuteQuery: [45]DBExecuteError - 42703: column "y" does not exist

POSITION: 37
===========>     (SEVERE)   DB.ExecuteQuery: [45] => 42601: syntax error at or near "=@"

POSITION: 44
----------->     (WARNING)  DB.ExecuteQuery: [45]DBExecuteError - 42601: syntax error at or near "=@"

POSITION: 44
===========>     (SEVERE)   DB.ExecuteQuery: [45] => 42601: syntax error at or near "=@"

POSITION: 41
----------->     (WARNING)  DB.ExecuteQuery: [45]DBExecuteError - 42601: syntax error at or near "=@"

POSITION: 41
===========>     (SEVERE)   DB.ExecuteQuery: [45] => 42703: column "y" does not exist

POSITION: 41
----------->     (WARNING)  DB.ExecuteQuery: [45]DBExecuteError - 42703: column "y" does not exist

POSITION: 41
----------->     (WARNING)  MColumn.GetSQLDefaultValue: [45]Get sql default: @SQL=SELECT NVL(MAX(SeqNo),0)+10 AS DefaultValue FROM FRPT_Asset_Acct WHERE A_Asset_ID=@A_Asset_ID@
----------->     (WARNING)  MColumn.GetSQLDefaultValue: [45]Get sql default: @SQL=SELECT NVL(MAX(SeqNo),0)+10 AS DefaultValue FROM FRPT_Asset_Group_Acct WHERE A_Asset_Group_ID=@A_Asset_Group_ID@
===========>     (SEVERE)   DB.ExecuteQuery: [45] => 42601: syntax error at or near "=@#"

POSITION: 43
----------->     (WARNING)  DB.ExecuteQuery: [45]DBExecuteError - 42601: syntax error at or near "=@#"

POSITION: 43
===========>     (SEVERE)   DB.ExecuteQuery: [45] => 42703: column "y" does not exist

POSITION: 43
----------->     (WARNING)  DB.ExecuteQuery: [45]DBExecuteError - 42703: column "y" does not exist

POSITION: 43
----------->     (WARNING)  MColumn.GetSQLDefaultValue: [45]Get sql default: @SQL=SELECT NVL(MAX(SeqNo),0)+10 AS DefaultValue FROM FRPT_Asset_Group_Acct WHERE A_Asset_Group_ID=@A_Asset_Group_ID@
----------->     (WARNING)  MColumn.GetSQLDefaultValue: [45]Get sql default: @SQL=SELECT NVL(MAX(SeqNo),0)+10 AS DefaultValue FROM FRPT_RevenueRecognition_Acct WHERE C_RevenueRecognition_ID=@C_RevenueRecognition_ID@
===========>     (SEVERE)   DB.ExecuteQuery: [45] => 42601: syntax error at or near "=@#"

POSITION: 53
----------->     (WARNING)  DB.ExecuteQuery: [45]DBExecuteError - 42601: syntax error at or near "=@#"

POSITION: 53
===========>     (SEVERE)   DB.ExecuteQuery: [45] => 42601: syntax error at or near "=@"

POSITION: 50
----------->     (WARNING)  DB.ExecuteQuery: [45]DBExecuteError - 42601: syntax error at or near "=@"

POSITION: 50
===========>     (SEVERE)   DB.ExecuteQuery: [45] => 42703: column "y" does not exist

POSITION: 50
----------->     (WARNING)  DB.ExecuteQuery: [45]DBExecuteError - 42703: column "y" does not exist

POSITION: 50
===========>     (SEVERE)   DB.ExecuteQuery: [45] => 42601: syntax error at or near "=@#"

POSITION: 50
----------->     (WARNING)  DB.ExecuteQuery: [45]DBExecuteError - 42601: syntax error at or near "=@#"

POSITION: 50
===========>     (SEVERE)   DB.ExecuteQuery: [45] => 42601: syntax error at or near "=@"

POSITION: 47
----------->     (WARNING)  DB.ExecuteQuery: [45]DBExecuteError - 42601: syntax error at or near "=@"

POSITION: 47
===========>     (SEVERE)   DB.ExecuteQuery: [45] => 42703: column "y" does not exist

POSITION: 47
----------->     (WARNING)  DB.ExecuteQuery: [45]DBExecuteError - 42703: column "y" does not exist

POSITION: 47
===========>     (SEVERE)   DB.ExecuteQuery: [45] => 42601: syntax error at or near "=@"

POSITION: 42
----------->     (WARNING)  DB.ExecuteQuery: [45]DBExecuteError - 42601: syntax error at or near "=@"

POSITION: 42
===========>     (SEVERE)   DB.ExecuteQuery: [45] => 42601: syntax error at or near "=@"

POSITION: 39
----------->     (WARNING)  DB.ExecuteQuery: [45]DBExecuteError - 42601: syntax error at or near "=@"

POSITION: 39
===========>     (SEVERE)   DB.ExecuteQuery: [45] => 42703: column "y" does not exist

POSITION: 39
----------->     (WARNING)  DB.ExecuteQuery: [45]DBExecuteError - 42703: column "y" does not exist

POSITION: 39
----------->     (WARNING)  MColumn.GetSQLDefaultValue: [45]Get sql default: @SQL=SELECT NVL(MAX(SeqNo),0)+10 AS DefaultValue FROM FRPT_RevenueRecognition_Acct WHERE C_RevenueRecognition_ID=@C_RevenueRecognition_ID@
===========>     (SEVERE)   DB.ExecuteQuery: [45] => 42703: column "y" does not exist

POSITION: 48
----------->     (WARNING)  DB.ExecuteQuery: [45]DBExecuteError - 42703: column "y" does not exist

POSITION: 48
===========>     (SEVERE)   DB.ExecuteQuery: [45] => 42601: syntax error at or near "=@#"

POSITION: 40
----------->     (WARNING)  DB.ExecuteQuery: [45]DBExecuteError - 42601: syntax error at or near "=@#"

POSITION: 40
===========>     (SEVERE)   DB.ExecuteQuery: [45] => 42601: syntax error at or near "=@#"

POSITION: 39
----------->     (WARNING)  DB.ExecuteQuery: [45]DBExecuteError - 42601: syntax error at or near "=@#"

POSITION: 39
----------->     (WARNING)  MColumn.GetSQLDefaultValue: [45]Get sql default: @SQL=SELECT NVL(MAX(SeqNo),0)+10 AS DefaultValue FROM FRPT_Product_Acct WHERE M_Product_ID=@M_Product_ID@
----------->     (WARNING)  MColumn.GetSQLDefaultValue: [45]Get sql default: @SQL=SELECT NVL(MAX(SeqNo),0)+10 AS DefaultValue FROM FRPT_Product_Acct WHERE M_Product_ID=@M_Product_ID@
===========>     (SEVERE)   DB.ExecuteQuery: [45] => 42601: syntax error at or near "=@#"

POSITION: 51
----------->     (WARNING)  DB.ExecuteQuery: [45]DBExecuteError - 42601: syntax error at or near "=@#"

POSITION: 51
----------->     (WARNING)  MColumn.GetSQLDefaultValue: [45]Get sql default: @SQL=SELECT COALESCE(MAX(Line),0)+10 AS DefaultValue FROM FRPT_ReportHeader WHERE FRPT_Report_ID=@FRPT_Report_ID@
===========>     (SEVERE)   DB.ExecuteQuery: [45] => 0A000: cannot alter type of a column used by a view or rule

DETAIL: Detail redacted as it may contain sensitive data. Specify 'Include Error Detail' in the connection string to include this information.
----------->     (WARNING)  DB.ExecuteQuery: [45]DBExecuteError - 0A000: cannot alter type of a column used by a view or rule

DETAIL: Detail redacted as it may contain sensitive data. Specify 'Include Error Detail' in the connection string to include this information.
===========>     (SEVERE)   DB.ExecuteQuery: [45] => 42703: column "y" does not exist

POSITION: 39
----------->     (WARNING)  DB.ExecuteQuery: [45]DBExecuteError - 42703: column "y" does not exist

POSITION: 39
===========>     (SEVERE)   DB.ExecuteQuery: [45] => 42601: syntax error at or near "=@"

POSITION: 42
----------->     (WARNING)  DB.ExecuteQuery: [45]DBExecuteError - 42601: syntax error at or near "=@"

POSITION: 42
===========>     (SEVERE)   DB.ExecuteQuery: [45] => 42601: syntax error at or near "=@#"

POSITION: 45
----------->     (WARNING)  DB.ExecuteQuery: [45]DBExecuteError - 42601: syntax error at or near "=@#"

POSITION: 45
===========>     (SEVERE)   DB.ExecuteQuery: [45] => 42601: syntax error at or near "=@#"

POSITION: 50
----------->     (WARNING)  DB.ExecuteQuery: [45]DBExecuteError - 42601: syntax error at or near "=@#"

POSITION: 50
===========>     (SEVERE)   DB.ExecuteQuery: [45] => 42601: syntax error at or near "=@#"

POSITION: 47
----------->     (WARNING)  DB.ExecuteQuery: [45]DBExecuteError - 42601: syntax error at or near "=@#"

POSITION: 47
===========>     (SEVERE)   DB.ExecuteQuery: [45] => 42703: column "y" does not exist

POSITION: 47
----------->     (WARNING)  DB.ExecuteQuery: [45]DBExecuteError - 42703: column "y" does not exist

POSITION: 47
===========>     (SEVERE)   DB.ExecuteQuery: [45] => 42601: syntax error at or near "=@#"

POSITION: 37
----------->     (WARNING)  DB.ExecuteQuery: [45]DBExecuteError - 42601: syntax error at or near "=@#"

POSITION: 37
===========>     (SEVERE)   DB.ExecuteQuery: [45] => 42601: syntax error at or near "=@#"

POSITION: 40
----------->     (WARNING)  DB.ExecuteQuery: [45]DBExecuteError - 42601: syntax error at or near "=@#"

POSITION: 40
===========>     (SEVERE)   DB.ExecuteQuery: [45] => 42703: column "y" does not exist

POSITION: 37
----------->     (WARNING)  DB.ExecuteQuery: [45]DBExecuteError - 42703: column "y" does not exist

POSITION: 37
----------->     (WARNING)  MColumn.GetSQLDefaultValue: [45]Get sql default: @SQL=SELECT NVL(MAX(SeqNo),0)+10 AS DefaultValue FROM FRPT_Asset_Acct WHERE A_Asset_ID=@A_Asset_ID@
===========>     (SEVERE)   DB.ExecuteQuery: [45] => 42703: column "y" does not exist

POSITION: 41
----------->     (WARNING)  DB.ExecuteQuery: [45]DBExecuteError - 42703: column "y" does not exist

POSITION: 41
===========>     (SEVERE)   DB.ExecuteQuery: [45] => 42601: syntax error at or near "=@#"

POSITION: 47
----------->     (WARNING)  DB.ExecuteQuery: [45]DBExecuteError - 42601: syntax error at or near "=@#"

POSITION: 47
===========>     (SEVERE)   DB.ExecuteQuery: [45] => 42601: syntax error at or near "=@"

POSITION: 44
----------->     (WARNING)  DB.ExecuteQuery: [45]DBExecuteError - 42601: syntax error at or near "=@"

POSITION: 44
===========>     (SEVERE)   DB.ExecuteQuery: [45] => 42601: syntax error at or near "=@#"

POSITION: 49
----------->     (WARNING)  DB.ExecuteQuery: [45]DBExecuteError - 42601: syntax error at or near "=@#"

POSITION: 49
===========>     (SEVERE)   DB.ExecuteQuery: [45] => 42601: syntax error at or near "=@"

POSITION: 46
----------->     (WARNING)  DB.ExecuteQuery: [45]DBExecuteError - 42601: syntax error at or near "=@"

POSITION: 46
===========>     (SEVERE)   DB.ExecuteQuery: [45] => 42703: column "y" does not exist

POSITION: 46
----------->     (WARNING)  DB.ExecuteQuery: [45]DBExecuteError - 42703: column "y" does not exist

POSITION: 46
----------->     (WARNING)  MColumn.GetSQLDefaultValue: [45]Get sql default: @SQL=SELECT NVL(MAX(SeqNo),0)+10 AS DefaultValue FROM FRPT_Project_Acct WHERE C_Project_ID=@C_Project_ID@
----------->     (WARNING)  MColumn.GetSQLDefaultValue: [45]Get sql default: @SQL=SELECT NVL(MAX(SeqNo),0)+10 AS DefaultValue FROM FRPT_Project_Acct WHERE C_Project_ID=@C_Project_ID@
===========>     (SEVERE)   DB.ExecuteQuery: [45] => 42703: column "y" does not exist

POSITION: 32
----------->     (WARNING)  DB.ExecuteQuery: [45]DBExecuteError - 42703: column "y" does not exist

POSITION: 32
===========>     (SEVERE)   DB.ExecuteQuery: [45] => 42601: syntax error at or near "=@#"

POSITION: 41
----------->     (WARNING)  DB.ExecuteQuery: [45]DBExecuteError - 42601: syntax error at or near "=@#"

POSITION: 41
===========>     (SEVERE)   DB.ExecuteQuery: [45] => 42703: column "y" does not exist

POSITION: 40
----------->     (WARNING)  DB.ExecuteQuery: [45]DBExecuteError - 42703: column "y" does not exist

POSITION: 40
===========>     (SEVERE)   DB.ExecuteQuery: [45] => 42601: syntax error at or near "=@#"

POSITION: 42
----------->     (WARNING)  DB.ExecuteQuery: [45]DBExecuteError - 42601: syntax error at or near "=@#"

POSITION: 42
===========>     (SEVERE)   DB.ExecuteQuery: [45] => 42703: column "e" does not exist

POSITION: 38
----------->     (WARNING)  DB.ExecuteQuery: [45]DBExecuteError - 42703: column "e" does not exist

POSITION: 38
===========>     (SEVERE)   DB.ExecuteQuery: [45] => 42601: syntax error at or near "=@#"

POSITION: 37
----------->     (WARNING)  DB.ExecuteQuery: [45]DBExecuteError - 42601: syntax error at or near "=@#"

POSITION: 37
===========>     (SEVERE)   DB.ExecuteQuery: [45] => 42601: syntax error at or near "=@#"

POSITION: 34
----------->     (WARNING)  DB.ExecuteQuery: [45]DBExecuteError - 42601: syntax error at or near "=@#"

POSITION: 34
===========>     (SEVERE)   DB.ExecuteQuery: [45] => 42601: syntax error at or near "=@#"

POSITION: 42
----------->     (WARNING)  DB.ExecuteQuery: [45]DBExecuteError - 42601: syntax error at or near "=@#"

POSITION: 42
===========>     (SEVERE)   DB.ExecuteQuery: [45] => 42601: syntax error at or near "=@"

POSITION: 39
----------->     (WARNING)  DB.ExecuteQuery: [45]DBExecuteError - 42601: syntax error at or near "=@"

POSITION: 39
----------->     (WARNING)  MColumn.GetSQLDefaultValue: [45]Get sql default: @SQL=SELECT NVL(MAX(SeqNo),0)+10 AS DefaultValue FROM FRPT_Parameters
----------->     (WARNING)  MColumn.GetSQLDefaultValue: [45]Get sql default: @SQL=SELECT NVL(MAX(SeqNo),0)+10 AS DefaultValue FROM FRPT_Parameters
----------->     (WARNING)  MColumn.GetSQLDefaultValue: [45]Get sql default: @SQL=SELECT COALESCE(MAX(Line),0)+10 AS DefaultValue FROM FRPT_SubGroup WHERE FRPT_Group_ID=@FRPT_Group_ID@
===========>     (SEVERE)   DB.ExecuteQuery: [45] => 42703: column "y" does not exist

POSITION: 40
----------->     (WARNING)  DB.ExecuteQuery: [45]DBExecuteError - 42703: column "y" does not exist

POSITION: 40
===========>     (SEVERE)   DB.ExecuteQuery: [45] => 42601: syntax error at or near "=@#"

POSITION: 45
----------->     (WARNING)  DB.ExecuteQuery: [45]DBExecuteError - 42601: syntax error at or near "=@#"

POSITION: 45
===========>     (SEVERE)   DB.ExecuteQuery: [45] => 42601: syntax error at or near "=@#"

POSITION: 47
----------->     (WARNING)  DB.ExecuteQuery: [45]DBExecuteError - 42601: syntax error at or near "=@#"

POSITION: 47
===========>     (SEVERE)   DB.ExecuteQuery: [45] => 42601: syntax error at or near "=@#"

POSITION: 44
----------->     (WARNING)  DB.ExecuteQuery: [45]DBExecuteError - 42601: syntax error at or near "=@#"

POSITION: 44
===========>     (SEVERE)   DB.ExecuteQuery: [45] => 42703: column "y" does not exist

POSITION: 39
----------->     (WARNING)  DB.ExecuteQuery: [45]DBExecuteError - 42703: column "y" does not exist

POSITION: 39
===========>     (SEVERE)   DB.ExecuteQuery: [45] => 42601: syntax error at or near "=@"

POSITION: 42
----------->     (WARNING)  DB.ExecuteQuery: [45]DBExecuteError - 42601: syntax error at or near "=@"

POSITION: 42
===========>     (SEVERE)   DB.ExecuteQuery: [45] => 42703: column "y" does not exist

POSITION: 42
----------->     (WARNING)  DB.ExecuteQuery: [45]DBExecuteError - 42703: column "y" does not exist

POSITION: 42
===========>     (SEVERE)   DB.ExecuteQuery: [45] => 42601: syntax error at or near "=@#"

POSITION: 41
----------->     (WARNING)  DB.ExecuteQuery: [45]DBExecuteError - 42601: syntax error at or near "=@#"

POSITION: 41
----------->     (WARNING)  MColumn.GetSQLDefaultValue: [45]Get sql default: @SQL=SELECT COALESCE(MAX(SeqNo),0)+10 AS DefaultValue FROM FRPT_Product_Category_Acct WHERE M_Product_Category_ID=@M_Product_Category_ID@
===========>     (SEVERE)   DB.ExecuteQuery: [45] => 42601: syntax error at or near "=@#"

POSITION: 43
----------->     (WARNING)  DB.ExecuteQuery: [45]DBExecuteError - 42601: syntax error at or near "=@#"

POSITION: 43
===========>     (SEVERE)   DB.ExecuteQuery: [45] => 42601: syntax error at or near "=@"

POSITION: 40
----------->     (WARNING)  DB.ExecuteQuery: [45]DBExecuteError - 42601: syntax error at or near "=@"

POSITION: 40
===========>     (SEVERE)   DB.ExecuteQuery: [45] => 42703: column "y" does not exist

POSITION: 40
----------->     (WARNING)  DB.ExecuteQuery: [45]DBExecuteError - 42703: column "y" does not exist

POSITION: 40
----------->     (WARNING)  MColumn.GetSQLDefaultValue: [45]Get sql default: @SQL=SELECT NVL(MAX(SeqNo),0)+10 AS DefaultValue FROM FRPT_Cashbook_Acct WHERE C_CashBook_ID=@C_CashBook_ID@
===========>     (SEVERE)   DB.ExecuteQuery: [45] => 42601: syntax error at or near "=@"

POSITION: 40
----------->     (WARNING)  DB.ExecuteQuery: [45]DBExecuteError - 42601: syntax error at or near "=@"

POSITION: 40
===========>     (SEVERE)   DB.ExecuteQuery: [45] => 42601: syntax error at or near "=@"

POSITION: 43
----------->     (WARNING)  DB.ExecuteQuery: [45]DBExecuteError - 42601: syntax error at or near "=@"

POSITION: 43
===========>     (SEVERE)   DB.ExecuteQuery: [45] => 42703: column "y" does not exist

POSITION: 40
----------->     (WARNING)  DB.ExecuteQuery: [45]DBExecuteError - 42703: column "y" does not exist

POSITION: 40
----------->     (WARNING)  MColumn.GetSQLDefaultValue: [45]Get sql default: @SQL=SELECT NVL(MAX(SeqNo),0)+10 AS DefaultValue FROM FRPT_Cashbook_Acct WHERE C_CashBook_ID=@C_CashBook_ID@
===========>     (SEVERE)   DB.ExecuteQuery: [45] => 42601: syntax error at or near "=@"

POSITION: 45
----------->     (WARNING)  DB.ExecuteQuery: [45]DBExecuteError - 42601: syntax error at or near "=@"

POSITION: 45
===========>     (SEVERE)   DB.ExecuteQuery: [45] => 42601: syntax error at or near "=@#"

POSITION: 51
----------->     (WARNING)  DB.ExecuteQuery: [45]DBExecuteError - 42601: syntax error at or near "=@#"

POSITION: 51
===========>     (SEVERE)   DB.ExecuteQuery: [45] => 42601: syntax error at or near "=@#"

POSITION: 48
----------->     (WARNING)  DB.ExecuteQuery: [45]DBExecuteError - 42601: syntax error at or near "=@#"

POSITION: 48
===========>     (SEVERE)   DB.ExecuteQuery: [45] => 42703: column "y" does not exist

POSITION: 48
----------->     (WARNING)  DB.ExecuteQuery: [45]DBExecuteError - 42703: column "y" does not exist

POSITION: 48
===========>     (SEVERE)   DB.ExecuteQuery: [45] => 42703: column "y" does not exist

POSITION: 38
----------->     (WARNING)  DB.ExecuteQuery: [45]DBExecuteError - 42703: column "y" does not exist

POSITION: 38
===========>     (SEVERE)   DB.ExecuteQuery: [45] => 42601: syntax error at or near "=@#"

POSITION: 42
----------->     (WARNING)  DB.ExecuteQuery: [45]DBExecuteError - 42601: syntax error at or near "=@#"

POSITION: 42
===========>     (SEVERE)   DB.ExecuteQuery: [45] => 42601: syntax error at or near "=@#"

POSITION: 46
----------->     (WARNING)  DB.ExecuteQuery: [45]DBExecuteError - 42601: syntax error at or near "=@#"

POSITION: 46
===========>     (SEVERE)   DB.ExecuteQuery: [45] => 42703: column "y" does not exist

POSITION: 43
----------->     (WARNING)  DB.ExecuteQuery: [45]DBExecuteError - 42703: column "y" does not exist

POSITION: 43
----------->     (WARNING)  MColumn.GetSQLDefaultValue: [45]Get sql default: @SQL=SELECT NVL(MAX(SeqNo),0)+10 AS DefaultValue FROM FRPT_BP_Customer_Acct WHERE C_BPartner_ID=@C_BPartner_ID@
===========>     (SEVERE)   DB.ExecuteQuery: [45] => 42601: syntax error at or near "=@#"

POSITION: 44
----------->     (WARNING)  DB.ExecuteQuery: [45]DBExecuteError - 42601: syntax error at or near "=@#"

POSITION: 44
===========>     (SEVERE)   DB.ExecuteQuery: [45] => 42601: syntax error at or near "=@"

POSITION: 41
----------->     (WARNING)  DB.ExecuteQuery: [45]DBExecuteError - 42601: syntax error at or near "=@"

POSITION: 41
===========>     (SEVERE)   DB.ExecuteQuery: [45] => 42601: syntax error at or near "=@"

POSITION: 38
----------->     (WARNING)  DB.ExecuteQuery: [45]DBExecuteError - 42601: syntax error at or near "=@"

POSITION: 38
----------->     (WARNING)  MColumn.GetSQLDefaultValue: [45]Get sql default: @SQL=SELECT NVL(MAX(SeqNo),0)+10 AS DefaultValue FROM FRPT_BP_Group_Acct WHERE C_BP_Group_ID=@C_BP_Group_ID@
===========>     (SEVERE)   DB.ExecuteQuery: [45] => 42601: syntax error at or near "=@#"

POSITION: 40
----------->     (WARNING)  DB.ExecuteQuery: [45]DBExecuteError - 42601: syntax error at or near "=@#"

POSITION: 40
===========>     (SEVERE)   DB.ExecuteQuery: [45] => 42601: syntax error at or near "=@#"

POSITION: 37
----------->     (WARNING)  DB.ExecuteQuery: [45]DBExecuteError - 42601: syntax error at or near "=@#"

POSITION: 37
===========>     (SEVERE)   DB.ExecuteQuery: [45] => 42703: column "y" does not exist

POSITION: 37
----------->     (WARNING)  DB.ExecuteQuery: [45]DBExecuteError - 42703: column "y" does not exist

POSITION: 37
----------->     (WARNING)  MColumn.GetSQLDefaultValue: [45]Get sql default: @SQL=SELECT NVL(MAX(SeqNo),0)+10 AS DefaultValue FROM FRPT_PeriodType
----------->     (WARNING)  MColumn.GetSQLDefaultValue: [45]Get sql default: @SQL=SELECT NVL(MAX(SeqNo),0)+10 AS DefaultValue FROM FRPT_ColumnFormula
===========>     (SEVERE)   DB.ExecuteQuery: [45] => 42703: column "y" does not exist

POSITION: 44
----------->     (WARNING)  DB.ExecuteQuery: [45]DBExecuteError - 42703: column "y" does not exist

POSITION: 44
===========>     (SEVERE)   DB.ExecuteQuery: [45] => 42601: syntax error at or near "=@#"

POSITION: 52
----------->     (WARNING)  DB.ExecuteQuery: [45]DBExecuteError - 42601: syntax error at or near "=@#"

POSITION: 52
===========>     (SEVERE)   DB.ExecuteQuery: [45] => 42601: syntax error at or near "=@"

POSITION: 49
----------->     (WARNING)  DB.ExecuteQuery: [45]DBExecuteError - 42601: syntax error at or near "=@"

POSITION: 49
===========>     (SEVERE)   DB.ExecuteQuery: [45] => 42703: column "y" does not exist

POSITION: 34
----------->     (WARNING)  DB.ExecuteQuery: [45]DBExecuteError - 42703: column "y" does not exist

POSITION: 34
===========>     (SEVERE)   DB.ExecuteQuery: [45] => 42601: syntax error at or near "=@#"

POSITION: 45
----------->     (WARNING)  DB.ExecuteQuery: [45]DBExecuteError - 42601: syntax error at or near "=@#"

POSITION: 45
===========>     (SEVERE)   DB.ExecuteQuery: [45] => 42601: syntax error at or near "=@#"

POSITION: 42
----------->     (WARNING)  DB.ExecuteQuery: [45]DBExecuteError - 42601: syntax error at or near "=@#"

POSITION: 42
===========>     (SEVERE)   DB.ExecuteQuery: [45] => 42703: column "y" does not exist

POSITION: 38
----------->     (WARNING)  DB.ExecuteQuery: [45]DBExecuteError - 42703: column "y" does not exist

POSITION: 38
===========>     (SEVERE)   DB.ExecuteQuery: [45] => 42601: syntax error at or near "=@"

POSITION: 39
----------->     (WARNING)  DB.ExecuteQuery: [45]DBExecuteError - 42601: syntax error at or near "=@"

POSITION: 39
===========>     (SEVERE)   DB.ExecuteQuery: [45] => 42601: syntax error at or near "=@#"

POSITION: 44
----------->     (WARNING)  DB.ExecuteQuery: [45]DBExecuteError - 42601: syntax error at or near "=@#"

POSITION: 44
===========>     (SEVERE)   DB.ExecuteQuery: [45] => 42601: syntax error at or near "=@"

POSITION: 41
----------->     (WARNING)  DB.ExecuteQuery: [45]DBExecuteError - 42601: syntax error at or near "=@"

POSITION: 41
===========>     (SEVERE)   DB.ExecuteQuery: [45] => 42601: syntax error at or near "=@#"

POSITION: 46
----------->     (WARNING)  DB.ExecuteQuery: [45]DBExecuteError - 42601: syntax error at or near "=@#"

POSITION: 46
===========>     (SEVERE)   DB.ExecuteQuery: [45] => 42601: syntax error at or near "=@"

POSITION: 43
----------->     (WARNING)  DB.ExecuteQuery: [45]DBExecuteError - 42601: syntax error at or near "=@"

POSITION: 43
===========>     (SEVERE)   DB.ExecuteQuery: [45] => 42601: syntax error at or near "=@#"

POSITION: 38
----------->     (WARNING)  DB.ExecuteQuery: [45]DBExecuteError - 42601: syntax error at or near "=@#"

POSITION: 38
===========>     (SEVERE)   DB.ExecuteQuery: [45] => 42703: column "y" does not exist

POSITION: 42
----------->     (WARNING)  DB.ExecuteQuery: [45]DBExecuteError - 42703: column "y" does not exist

POSITION: 42
===========>     (SEVERE)   DB.ExecuteQuery: [45] => 42703: column "y" does not exist

POSITION: 45
----------->     (WARNING)  DB.ExecuteQuery: [45]DBExecuteError - 42703: column "y" does not exist

POSITION: 45
===========>     (SEVERE)   DB.ExecuteQuery: [45] => 42601: syntax error at or near "=@#"

POSITION: 46
----------->     (WARNING)  DB.ExecuteQuery: [45]DBExecuteError - 42601: syntax error at or near "=@#"

POSITION: 46
===========>     (SEVERE)   DB.ExecuteQuery: [45] => 42601: syntax error at or near "=@"

POSITION: 43
----------->     (WARNING)  DB.ExecuteQuery: [45]DBExecuteError - 42601: syntax error at or near "=@"

POSITION: 43
===========>     (SEVERE)   DB.ExecuteQuery: [45] => 42703: column "y" does not exist

POSITION: 43
----------->     (WARNING)  DB.ExecuteQuery: [45]DBExecuteError - 42703: column "y" does not exist

POSITION: 43
----------->     (WARNING)  MColumn.GetSQLDefaultValue: [45]Get sql default: @SQL=SELECT NVL(MAX(SeqNo),0)+10 AS DefaultValue FROM FRPT_Withholding_Acct WHERE C_Withholding_ID=@C_Withholding_ID@
===========>     (SEVERE)   DB.ExecuteQuery: [45] => 42601: syntax error at or near "=@#"

POSITION: 41
----------->     (WARNING)  DB.ExecuteQuery: [45]DBExecuteError - 42601: syntax error at or near "=@#"

POSITION: 41
===========>     (SEVERE)   DB.ExecuteQuery: [45] => 42601: syntax error at or near "=@#"

POSITION: 38
----------->     (WARNING)  DB.ExecuteQuery: [45]DBExecuteError - 42601: syntax error at or near "=@#"

POSITION: 38
===========>     (SEVERE)   DB.ExecuteQuery: [45] => 42703: column "y" does not exist

POSITION: 34
----------->     (WARNING)  DB.ExecuteQuery: [45]DBExecuteError - 42703: column "y" does not exist

POSITION: 34
===========>     (SEVERE)   DB.ExecuteQuery: [45] => 42601: syntax error at or near "=@"

POSITION: 42
----------->     (WARNING)  DB.ExecuteQuery: [45]DBExecuteError - 42601: syntax error at or near "=@"

POSITION: 42
===========>     (SEVERE)   DB.ExecuteQuery: [45] => 42601: syntax error at or near "=@"

POSITION: 34
----------->     (WARNING)  DB.ExecuteQuery: [45]DBExecuteError - 42601: syntax error at or near "=@"

POSITION: 34
===========>     (SEVERE)   DB.ExecuteQuery: [45] => 42703: column "y" does not exist

POSITION: 42
----------->     (WARNING)  DB.ExecuteQuery: [45]DBExecuteError - 42703: column "y" does not exist

POSITION: 42
===========>     (SEVERE)   DB.ExecuteQuery: [45] => 42601: syntax error at or near "=@#"

POSITION: 42
----------->     (WARNING)  DB.ExecuteQuery: [45]DBExecuteError - 42601: syntax error at or near "=@#"

POSITION: 42
----------->     (WARNING)  MColumn.GetSQLDefaultValue: [45]Get sql default: @SQL=SELECT COALESCE(MAX(LineNo),0)+10 AS DefaultValue FROM FRPT_IntercompanySetup WHERE C_AcctSchema_ID=@C_AcctSchema_ID@
===========>     (SEVERE)   DB.ExecuteQuery: [45] => 42601: syntax error at or near "=@#"

POSITION: 47
----------->     (WARNING)  DB.ExecuteQuery: [45]DBExecuteError - 42601: syntax error at or near "=@#"

POSITION: 47
===========>     (SEVERE)   DB.ExecuteQuery: [45] => 42601: syntax error at or near "=@"

POSITION: 44
----------->     (WARNING)  DB.ExecuteQuery: [45]DBExecuteError - 42601: syntax error at or near "=@"

POSITION: 44
===========>     (SEVERE)   DB.ExecuteQuery: [45] => 42703: column "y" does not exist

POSITION: 44
----------->     (WARNING)  DB.ExecuteQuery: [45]DBExecuteError - 42703: column "y" does not exist

POSITION: 44
----------->     (WARNING)  MColumn.GetSQLDefaultValue: [45]Get sql default: @SQL=SELECT COALESCE(MAX(LineNo),0)+10 AS DefaultValue FROM FRPT_IntercompanySetup WHERE C_AcctSchema_ID=@C_AcctSchema_ID@
===========>     (SEVERE)   DB.ExecuteQuery: [45] => 42601: syntax error at or near "=@#"

POSITION: 43
----------->     (WARNING)  DB.ExecuteQuery: [45]DBExecuteError - 42601: syntax error at or near "=@#"

POSITION: 43
===========>     (SEVERE)   DB.ExecuteQuery: [45] => 42601: syntax error at or near "=@#"

POSITION: 40
----------->     (WARNING)  DB.ExecuteQuery: [45]DBExecuteError - 42601: syntax error at or near "=@#"

POSITION: 40
===========>     (SEVERE)   DB.ExecuteQuery: [45] => 42703: column "y" does not exist

POSITION: 40
----------->     (WARNING)  DB.ExecuteQuery: [45]DBExecuteError - 42703: column "y" does not exist

POSITION: 40
===========>     (SEVERE)   DB.ExecuteQuery: [45] => 42601: syntax error at or near "=@#"

POSITION: 45
----------->     (WARNING)  DB.ExecuteQuery: [45]DBExecuteError - 42601: syntax error at or near "=@#"

POSITION: 45
===========>     (SEVERE)   DB.ExecuteQuery: [45] => 42703: column "frpt_accounttype_id" of relation "frpt_subgroup" does not exist
----------->     (WARNING)  DB.ExecuteQuery: [45]DBExecuteError - 42703: column "frpt_accounttype_id" of relation "frpt_subgroup" does not exist
===========>     (SEVERE)   DB.ExecuteQuery: [45] => 42601: syntax error at or near "BYTE"

POSITION: 882
----------->     (WARNING)  DB.ExecuteQuery: [45]DBExecuteError - 42601: syntax error at or near "BYTE"

POSITION: 882
===========>     (SEVERE)   DB.ExecuteQuery: [45] => 42704: constraint "pk544" of relation "t_report" does not exist
----------->     (WARNING)  DB.ExecuteQuery: [45]DBExecuteError - 42704: constraint "pk544" of relation "t_report" does not exist
===========>     (SEVERE)   DB.ExecuteQuery: [45] => 42704: index "pk544" does not exist
----------->     (WARNING)  DB.ExecuteQuery: [45]DBExecuteError - 42704: index "pk544" does not exist
===========>     (SEVERE)   DB.ExecuteQuery: [45] => 42703: column "c_doctype_id" of relation "frpt_locposting_rule" does not exist
----------->     (WARNING)  DB.ExecuteQuery: [45]DBExecuteError - 42703: column "c_doctype_id" of relation "frpt_locposting_rule" does not exist
===========>     (SEVERE)   DB.ExecuteQuery: [45] => 42703: column "c_withholding_id" named in key does not exist
----------->     (WARNING)  DB.ExecuteQuery: [45]DBExecuteError - 42703: column "c_withholding_id" named in key does not exist
===========>     (SEVERE)   DB.ExecuteQuery: [45] => 42704: constraint "frpt_cashbook_acct_unique" of relation "frpt_cashbook_acct" does not exist
----------->     (WARNING)  DB.ExecuteQuery: [45]DBExecuteError - 42704: constraint "frpt_cashbook_acct_unique" of relation "frpt_cashbook_acct" does not exist
===========>     (SEVERE)   DB.ExecuteQuery: [45] => 42704: constraint "frpt_bp_customer_acct_unique" of relation "frpt_bp_customer_acct" does not exist
----------->     (WARNING)  DB.ExecuteQuery: [45]DBExecuteError - 42704: constraint "frpt_bp_customer_acct_unique" of relation "frpt_bp_customer_acct" does not exist
===========>     (SEVERE)   DB.ExecuteQuery: [45] => 42704: constraint "frpt_bp_group_acct_unique" of relation "frpt_bp_group_acct" does not exist
----------->     (WARNING)  DB.ExecuteQuery: [45]DBExecuteError - 42704: constraint "frpt_bp_group_acct_unique" of relation "frpt_bp_group_acct" does not exist
===========>     (SEVERE)   DB.ExecuteQuery: [45] => 42704: constraint "frpt_bp_employee_acct_unique" of relation "frpt_bp_employee_acct" does not exist
----------->     (WARNING)  DB.ExecuteQuery: [45]DBExecuteError - 42704: constraint "frpt_bp_employee_acct_unique" of relation "frpt_bp_employee_acct" does not exist
===========>     (SEVERE)   DB.ExecuteQuery: [45] => 42704: constraint "frpt_product_acct_unique" of relation "frpt_product_acct" does not exist
----------->     (WARNING)  DB.ExecuteQuery: [45]DBExecuteError - 42704: constraint "frpt_product_acct_unique" of relation "frpt_product_acct" does not exist
===========>     (SEVERE)   DB.ExecuteQuery: [45] => 42704: constraint "frpt_bp_vendor_acct_unique" of relation "frpt_bp_vendor_acct" does not exist
----------->     (WARNING)  DB.ExecuteQuery: [45]DBExecuteError - 42704: constraint "frpt_bp_vendor_acct_unique" of relation "frpt_bp_vendor_acct" does not exist
===========>     (SEVERE)   DB.ExecuteQuery: [45] => 42704: constraint "frpt_warehouse_acct_unique" of relation "frpt_warehouse_acct" does not exist
----------->     (WARNING)  DB.ExecuteQuery: [45]DBExecuteError - 42704: constraint "frpt_warehouse_acct_unique" of relation "frpt_warehouse_acct" does not exist
===========>     (SEVERE)   DB.ExecuteQuery: [45] => 42704: constraint "frpt_charge_acct_unique" of relation "frpt_charge_acct" does not exist
----------->     (WARNING)  DB.ExecuteQuery: [45]DBExecuteError - 42704: constraint "frpt_charge_acct_unique" of relation "frpt_charge_acct" does not exist
===========>     (SEVERE)   DB.ExecuteQuery: [45] => 42704: constraint "frpt_taxrate_acct_unique" of relation "frpt_taxrate_acct" does not exist
----------->     (WARNING)  DB.ExecuteQuery: [45]DBExecuteError - 42704: constraint "frpt_taxrate_acct_unique" of relation "frpt_taxrate_acct" does not exist
===========>     (SEVERE)   DB.ExecuteQuery: [45] => 42704: constraint "frpt_project_acct_unique" of relation "frpt_project_acct" does not exist
----------->     (WARNING)  DB.ExecuteQuery: [45]DBExecuteError - 42704: constraint "frpt_project_acct_unique" of relation "frpt_project_acct" does not exist
===========>     (SEVERE)   DB.ExecuteQuery: [45] => 42703: column "rownum" does not exist

POSITION: 724
----------->     (WARNING)  DB.ExecuteQuery: [45]DBExecuteError - 42703: column "rownum" does not exist

POSITION: 724
===========>     (SEVERE)   DB.ExecuteQuery: [45] => 42601: syntax error at or near "BYTE"

POSITION: 50
----------->     (WARNING)  DB.ExecuteQuery: [45]DBExecuteError - 42601: syntax error at or near "BYTE"

POSITION: 50
===========>     (SEVERE)   DB.ExecuteQuery: [45] => 42701: column "frpt_recordtype" of relation "t_report" already exists
----------->     (WARNING)  DB.ExecuteQuery: [45]DBExecuteError - 42701: column "frpt_recordtype" of relation "t_report" already exists
===========>     (SEVERE)   DB.ExecuteQuery: [45] => 42601: syntax error at or near "FRPT_AlterReportColSet"

POSITION: 8
----------->     (WARNING)  DB.ExecuteQuery: [45]DBExecuteError - 42601: syntax error at or near "FRPT_AlterReportColSet"

POSITION: 8
===========>     (SEVERE)   DB.ExecuteQuery: [45] => 42702: column reference "fieldlength" is ambiguous

DETAIL: Detail redacted as it may contain sensitive data. Specify 'Include Error Detail' in the connection string to include this information.
----------->     (WARNING)  DB.ExecuteQuery: [45]DBExecuteError - 42702: column reference "fieldlength" is ambiguous

DETAIL: Detail redacted as it may contain sensitive data. Specify 'Include Error Detail' in the connection string to include this information.
===========>     (SEVERE)   DB.ExecuteQuery: [45] => 42P01: relation "va028_journal_v" does not exist
----------->     (WARNING)  DB.ExecuteQuery: [45]DBExecuteError - 42P01: relation "va028_journal_v" does not exist
===========>     (SEVERE)   DB.ExecuteQuery: [45] => 42P01: relation "va028_journalline_v" does not exist
----------->     (WARNING)  DB.ExecuteQuery: [45]DBExecuteError - 42P01: relation "va028_journalline_v" does not exist
===========>     (SEVERE)   DB.ExecuteQuery: [45] => 42P01: relation "frpt_outstandingamt_v" does not exist
----------->     (WARNING)  DB.ExecuteQuery: [45]DBExecuteError - 42P01: relation "frpt_outstandingamt_v" does not exist
===========>     (SEVERE)   DB.ExecuteQuery: [45] => 42809: ALTER action ADD COLUMN cannot be performed on relation "frpt_acctstmt_v"

DETAIL: Detail redacted as it may contain sensitive data. Specify 'Include Error Detail' in the connection string to include this information.
----------->     (WARNING)  DB.ExecuteQuery: [45]DBExecuteError - 42809: ALTER action ADD COLUMN cannot be performed on relation "frpt_acctstmt_v"

DETAIL: Detail redacted as it may contain sensitive data. Specify 'Include Error Detail' in the connection string to include this information.
===========>     (SEVERE)   DB.ExecuteQuery: [45] => 42809: ALTER action ADD COLUMN cannot be performed on relation "frpt_chartofaccount_v"

DETAIL: Detail redacted as it may contain sensitive data. Specify 'Include Error Detail' in the connection string to include this information.
----------->     (WARNING)  DB.ExecuteQuery: [45]DBExecuteError - 42809: ALTER action ADD COLUMN cannot be performed on relation "frpt_chartofaccount_v"

DETAIL: Detail redacted as it may contain sensitive data. Specify 'Include Error Detail' in the connection string to include this information.
===========>     (SEVERE)   DB.ExecuteQuery: [45] => 42809: ALTER action ADD COLUMN cannot be performed on relation "frpt_foreignrevaluation_v"

DETAIL: Detail redacted as it may contain sensitive data. Specify 'Include Error Detail' in the connection string to include this information.
----------->     (WARNING)  DB.ExecuteQuery: [45]DBExecuteError - 42809: ALTER action ADD COLUMN cannot be performed on relation "frpt_foreignrevaluation_v"

DETAIL: Detail redacted as it may contain sensitive data. Specify 'Include Error Detail' in the connection string to include this information.
===========>     (SEVERE)   PostgreHelper.ExecuteReader: [45]42703: column "rv_fact_acct_period_id" does not exist

POSITION: 13 [Query DR] SELECT MAX( RV_Fact_Acct_Period_ID) FROM RV_Fact_Acct_Period
===========>     (SEVERE)   PostgreHelper.ExecuteReader: [45]42703: column "rv_fact_acct_period_id" does not exist

POSITION: 13 [Query DR] SELECT MAX( RV_Fact_Acct_Period_ID) FROM RV_Fact_Acct_Period
===========>     (SEVERE)   DB.GetSQLValue: [45]SELECT MAX( RV_Fact_Acct_Period_ID) FROM RV_Fact_Acct_Period => 42703: column "rv_fact_acct_period_id" does not exist

POSITION: 13
===========>     (SEVERE)   DB.ExecuteQuery: [45] => 42P01: sequence "rv_fact_acct_period_seq" does not exist
----------->     (WARNING)  DB.ExecuteQuery: [45]DBExecuteError - 42P01: sequence "rv_fact_acct_period_seq" does not exist
===========>     (SEVERE)   DB.ExecuteQuery: [45] => 23505: duplicate key value violates unique constraint "ad_process_access_pkey"

DETAIL: Detail redacted as it may contain sensitive data. Specify 'Include Error Detail' in the connection string to include this information.
----------->     (WARNING)  DB.ExecuteQuery: [45]DBExecuteError - 23505: duplicate key value violates unique constraint "ad_process_access_pkey"

DETAIL: Detail redacted as it may contain sensitive data. Specify 'Include Error Detail' in the connection string to include this information.
----------->     (WARNING)  X_AD_Process_Access.ImportNow: [45]Not insertedAD_Process_Access
===========>     (SEVERE)   DB.ExecuteQuery: [45] => 23505: duplicate key value violates unique constraint "ad_process_access_pkey"

DETAIL: Detail redacted as it may contain sensitive data. Specify 'Include Error Detail' in the connection string to include this information.
----------->     (WARNING)  DB.ExecuteQuery: [45]DBExecuteError - 23505: duplicate key value violates unique constraint "ad_process_access_pkey"

DETAIL: Detail redacted as it may contain sensitive data. Specify 'Include Error Detail' in the connection string to include this information.
----------->     (WARNING)  X_AD_Process_Access.ImportNow: [45]Not insertedAD_Process_Access
===========>     (SEVERE)   PostgreHelper.ExecuteReader: [45]42703: column "rv_fact_acct_day_id" does not exist

POSITION: 13 [Query DR] SELECT MAX( RV_Fact_Acct_Day_ID) FROM RV_Fact_Acct_Day
===========>     (SEVERE)   PostgreHelper.ExecuteReader: [45]42703: column "rv_fact_acct_day_id" does not exist

POSITION: 13 [Query DR] SELECT MAX( RV_Fact_Acct_Day_ID) FROM RV_Fact_Acct_Day
===========>     (SEVERE)   DB.GetSQLValue: [45]SELECT MAX( RV_Fact_Acct_Day_ID) FROM RV_Fact_Acct_Day => 42703: column "rv_fact_acct_day_id" does not exist

POSITION: 13
===========>     (SEVERE)   DB.ExecuteQuery: [45] => 42P01: sequence "rv_fact_acct_day_seq" does not exist
----------->     (WARNING)  DB.ExecuteQuery: [45]DBExecuteError - 42P01: sequence "rv_fact_acct_day_seq" does not exist
===========>     (SEVERE)   DB.ExecuteQuery: [45] => 23505: duplicate key value violates unique constraint "ad_process_access_pkey"

DETAIL: Detail redacted as it may contain sensitive data. Specify 'Include Error Detail' in the connection string to include this information.
----------->     (WARNING)  DB.ExecuteQuery: [45]DBExecuteError - 23505: duplicate key value violates unique constraint "ad_process_access_pkey"

DETAIL: Detail redacted as it may contain sensitive data. Specify 'Include Error Detail' in the connection string to include this information.
----------->     (WARNING)  X_AD_Process_Access.ImportNow: [45]Not insertedAD_Process_Access
===========>     (SEVERE)   DB.ExecuteQuery: [45] => 23505: duplicate key value violates unique constraint "ad_process_access_pkey"

DETAIL: Detail redacted as it may contain sensitive data. Specify 'Include Error Detail' in the connection string to include this information.
----------->     (WARNING)  DB.ExecuteQuery: [45]DBExecuteError - 23505: duplicate key value violates unique constraint "ad_process_access_pkey"

DETAIL: Detail redacted as it may contain sensitive data. Specify 'Include Error Detail' in the connection string to include this information.
----------->     (WARNING)  X_AD_Process_Access.ImportNow: [45]Not insertedAD_Process_Access
===========>     (SEVERE)   PostgreHelper.ExecuteReader: [45]42703: column "rv_fact_acct_id" does not exist

POSITION: 13 [Query DR] SELECT MAX( RV_Fact_Acct_ID) FROM RV_Fact_Acct
===========>     (SEVERE)   PostgreHelper.ExecuteReader: [45]42703: column "rv_fact_acct_id" does not exist

POSITION: 13 [Query DR] SELECT MAX( RV_Fact_Acct_ID) FROM RV_Fact_Acct
===========>     (SEVERE)   DB.GetSQLValue: [45]SELECT MAX( RV_Fact_Acct_ID) FROM RV_Fact_Acct => 42703: column "rv_fact_acct_id" does not exist

POSITION: 13
===========>     (SEVERE)   DB.ExecuteQuery: [45] => 42P01: sequence "rv_fact_acct_seq" does not exist
----------->     (WARNING)  DB.ExecuteQuery: [45]DBExecuteError - 42P01: sequence "rv_fact_acct_seq" does not exist
===========>     (SEVERE)   DB.ExecuteQuery: [45] => 23505: duplicate key value violates unique constraint "ad_process_access_pkey"

DETAIL: Detail redacted as it may contain sensitive data. Specify 'Include Error Detail' in the connection string to include this information.
----------->     (WARNING)  DB.ExecuteQuery: [45]DBExecuteError - 23505: duplicate key value violates unique constraint "ad_process_access_pkey"

DETAIL: Detail redacted as it may contain sensitive data. Specify 'Include Error Detail' in the connection string to include this information.
----------->     (WARNING)  X_AD_Process_Access.ImportNow: [45]Not insertedAD_Process_Access
===========>     (SEVERE)   DB.ExecuteQuery: [45] => 23505: duplicate key value violates unique constraint "ad_process_access_pkey"

DETAIL: Detail redacted as it may contain sensitive data. Specify 'Include Error Detail' in the connection string to include this information.
----------->     (WARNING)  DB.ExecuteQuery: [45]DBExecuteError - 23505: duplicate key value violates unique constraint "ad_process_access_pkey"

DETAIL: Detail redacted as it may contain sensitive data. Specify 'Include Error Detail' in the connection string to include this information.
----------->     (WARNING)  X_AD_Process_Access.ImportNow: [45]Not insertedAD_Process_Access
===========>     (SEVERE)   PostgreHelper.ExecuteReader: [45]42P01: relation "frpt_eliminationjournal" does not exist

POSITION: 46 [Query DR] SELECT MAX( FRPT_EliminationJournal_ID) FROM FRPT_EliminationJournal
===========>     (SEVERE)   PostgreHelper.ExecuteReader: [45]42P01: relation "frpt_eliminationjournal" does not exist

POSITION: 46 [Query DR] SELECT MAX( FRPT_EliminationJournal_ID) FROM FRPT_EliminationJournal
===========>     (SEVERE)   DB.GetSQLValue: [45]SELECT MAX( FRPT_EliminationJournal_ID) FROM FRPT_EliminationJournal => 42P01: relation "frpt_eliminationjournal" does not exist

POSITION: 46
===========>     (SEVERE)   DB.ExecuteQuery: [45] => 42P01: sequence "frpt_eliminationjournal_seq" does not exist
----------->     (WARNING)  DB.ExecuteQuery: [45]DBExecuteError - 42P01: sequence "frpt_eliminationjournal_seq" does not exist
===========>     (SEVERE)   DB.ExecuteQuery: [45] => 23505: duplicate key value violates unique constraint "ad_process_access_pkey"

DETAIL: Detail redacted as it may contain sensitive data. Specify 'Include Error Detail' in the connection string to include this information.
----------->     (WARNING)  DB.ExecuteQuery: [45]DBExecuteError - 23505: duplicate key value violates unique constraint "ad_process_access_pkey"

DETAIL: Detail redacted as it may contain sensitive data. Specify 'Include Error Detail' in the connection string to include this information.
----------->     (WARNING)  X_AD_Process_Access.ImportNow: [45]Not insertedAD_Process_Access
===========>     (SEVERE)   DB.ExecuteQuery: [45] => 23505: duplicate key value violates unique constraint "ad_process_access_pkey"

DETAIL: Detail redacted as it may contain sensitive data. Specify 'Include Error Detail' in the connection string to include this information.
----------->     (WARNING)  DB.ExecuteQuery: [45]DBExecuteError - 23505: duplicate key value violates unique constraint "ad_process_access_pkey"

DETAIL: Detail redacted as it may contain sensitive data. Specify 'Include Error Detail' in the connection string to include this information.
----------->     (WARNING)  X_AD_Process_Access.ImportNow: [45]Not insertedAD_Process_Access
===========>     (SEVERE)   DB.ExecuteQuery: [45] => 23505: duplicate key value violates unique constraint "ad_form_access_pkey"

DETAIL: Detail redacted as it may contain sensitive data. Specify 'Include Error Detail' in the connection string to include this information.
----------->     (WARNING)  DB.ExecuteQuery: [45]DBExecuteError - 23505: duplicate key value violates unique constraint "ad_form_access_pkey"

DETAIL: Detail redacted as it may contain sensitive data. Specify 'Include Error Detail' in the connection string to include this information.
----------->     (WARNING)  X_AD_Form_Access.ImportNow: [45]Not insertedAD_Form_Access
===========>     (SEVERE)   DB.ExecuteQuery: [45] => 23505: duplicate key value violates unique constraint "ad_form_access_pkey"

DETAIL: Detail redacted as it may contain sensitive data. Specify 'Include Error Detail' in the connection string to include this information.
----------->     (WARNING)  DB.ExecuteQuery: [45]DBExecuteError - 23505: duplicate key value violates unique constraint "ad_form_access_pkey"

DETAIL: Detail redacted as it may contain sensitive data. Specify 'Include Error Detail' in the connection string to include this information.
----------->     (WARNING)  X_AD_Form_Access.ImportNow: [45]Not insertedAD_Form_Access
===========>     (SEVERE)   DB.ExecuteQuery: [45] => 42P01: relation "frpt_eliminationjournal" does not exist
----------->     (WARNING)  DB.ExecuteQuery: [45]DBExecuteError - 42P01: relation "frpt_eliminationjournal" does not exist
08:55:35.553    (INFO)     Env.Reset: [45]finalCall=False
08:55:35.553    (INFO)     CacheMgt.Reset: [45]#22 (6085)
08:55:35.553    (INFO)     Trx.Start: [45]**** VISPRO_ModIns639085569353477111System.Random
08:55:35.553    (INFO)     Trx.Commit: [45]**C** VISPRO_ModIns639085569353477111System.Random
08:55:40.554    (INFO)     MRole.Get: [45]AD_Role_ID=0, AD_User_ID=100, reload=True
08:55:40.554    (INFO)     MRole.Get: [45]MRole[0,System Administrator,UserLevel=S  ,AD_Client_ID=0,AD_Org_ID=0]
===========>     (SEVERE)   PostgreHelper.ExecuteDataset: [45]42703: column a.basedon does not exist

POSITION: 183 [Query D] =>SELECT a.*, r.AD_Table_ID 
                       FROM AD_Alert a
                       INNER JOIN AD_AlertRule r ON (a.AD_Alert_ID = r.AD_Alert_ID)
                       WHERE a.BasedOn='E' AND a.IsActive='Y' AND a.IsValid='Y' 
                         AND r.AD_Table_ID = 566
                       AND a.AD_Client_ID=0 AND COALESCE(a.AD_Org_ID,0)=0 ORDER BY a.AD_Client_ID
